# Format: src_path|target_path|orig_hash|last_existed_orig_hash|git_commit_hash
# Generated by man-tr-scan.sh. Do not edit manually.
bin/cat/cat.1|man1/cat.1|58b1fc15e7a78e37ac6e2814e97cdf3704af5cdc41b6f547f86101d4ef6c572a|58b1fc15e7a78e37ac6e2814e97cdf3704af5cdc41b6f547f86101d4ef6c572a|d2cfdf4c12a76db3612c83575403150811f5aa9a
bin/chflags/chflags.1|man1/chflags.1|6e206fec665d379d7851b2bb65fb9481da9ddabb2b08b5fe2f294afc50bf49e0|6e206fec665d379d7851b2bb65fb9481da9ddabb2b08b5fe2f294afc50bf49e0|49b4137da6ea1443f9b166cd6204ae03cfe9cbd9
bin/chio/chio.1|man1/chio.1|201cd5177c59025c3976f71865da7f40c62ceff4d90ed8475127d138aa2821a1|201cd5177c59025c3976f71865da7f40c62ceff4d90ed8475127d138aa2821a1|fa9896e082a1046ff4fbc75fcba4d18d1f2efc19
bin/chmod/chmod.1|man1/chmod.1|16b07ab041f93a87ff6886d9543de92a7cf92b3e1fd1cc25475930c62570a29f|16b07ab041f93a87ff6886d9543de92a7cf92b3e1fd1cc25475930c62570a29f|90aea514c6249118e880d75972d063362f4bf492
bin/cp/cp.1|man1/cp.1|52aaeb5317a9a7fdebaf55a093aef2a2b23d7ecddc660ab4cf65fcb651d579bf|52aaeb5317a9a7fdebaf55a093aef2a2b23d7ecddc660ab4cf65fcb651d579bf|5dc400ff452b0259f0c50474255ebe6e5e02edb9
bin/cpuset/cpuset.1|man1/cpuset.1|b9752bcd33438d926fb7f8e738632272ed68e70136efd4c38ae1f0713514d6c6|b9752bcd33438d926fb7f8e738632272ed68e70136efd4c38ae1f0713514d6c6|fa9896e082a1046ff4fbc75fcba4d18d1f2efc19
bin/date/date.1|man1/date.1|9d4e89c12e2ff7d6d75b94d553beab23d942b13ce888e28e4ff54aa8dfd60a7b|9d4e89c12e2ff7d6d75b94d553beab23d942b13ce888e28e4ff54aa8dfd60a7b|38839c872e7af6a1424009bf07d6b4450e9ca61d
bin/dd/dd.1|man1/dd.1|64fc91dccbeaef50e3f011590fcb6341c4c0c9e64e5fcb4dcde848ce0ef7c15a|64fc91dccbeaef50e3f011590fcb6341c4c0c9e64e5fcb4dcde848ce0ef7c15a|90aea514c6249118e880d75972d063362f4bf492
bin/df/df.1|man1/df.1|ff21dc1b1524a353fad453159f45167a66427f7bd05688d9c6e070cd1c2fea4f|ff21dc1b1524a353fad453159f45167a66427f7bd05688d9c6e070cd1c2fea4f|cc61a0793a0e7db8601e5eba1242befb810a5844
bin/domainname/domainname.1|man1/domainname.1|2ed2c94c6b381869ba6573aa1c445b7d990f0558ceec25268b63059393c4d267|2ed2c94c6b381869ba6573aa1c445b7d990f0558ceec25268b63059393c4d267|90405e1d63ff919705422745f19a8b56a37f5ac0
bin/echo/echo.1|man1/echo.1|ffd12085131967b4ace8cfe69a337148497a6943db1fd41582e5c09695a7fdb3|ffd12085131967b4ace8cfe69a337148497a6943db1fd41582e5c09695a7fdb3|7e68976408e4df21e120e2d6440392302cac84f3
bin/ed/ed.1|man1/ed.1|17fc06379b651da1330490dded3c250507dfb8fe06ed5c28182dade910ae87b7|17fc06379b651da1330490dded3c250507dfb8fe06ed5c28182dade910ae87b7|84886bf93ae96ee4d19cd7f31696ba368cabddae
bin/expr/expr.1|man1/expr.1|23d961c0927f87387fef7457adb5e51805aa37aef623af915e70b2ad06f7ce0a|23d961c0927f87387fef7457adb5e51805aa37aef623af915e70b2ad06f7ce0a|fa9896e082a1046ff4fbc75fcba4d18d1f2efc19
bin/freebsd-version/freebsd-version.1|man1/freebsd-version.1|f85823a2852b2613a8ce56205eac329c628b103b5d4801e116e4c2a72af2a894|f85823a2852b2613a8ce56205eac329c628b103b5d4801e116e4c2a72af2a894|fcc3096f004116d8bb8a753bb2f2181f2949a806
bin/getfacl/getfacl.1|man1/getfacl.1|490907499f73d7add81a5c8a54b3835327816001cb9f1a10cbefea4762663db7|490907499f73d7add81a5c8a54b3835327816001cb9f1a10cbefea4762663db7|8bf37c868f45e73345b791f9abc6c5a07a1629db
bin/hostname/hostname.1|man1/hostname.1|7b9bb0cebd93ebe97ec1dcd1ec2cf50569999ba42a68f7ab8d5c4b5fe8d34773|7b9bb0cebd93ebe97ec1dcd1ec2cf50569999ba42a68f7ab8d5c4b5fe8d34773|26cf4a61f693339ca261d3acaf4d01290acc525e
bin/kenv/kenv.1|man1/kenv.1|7ad9870dc86718735906d82d9794f1eb6e7ba029b8bab1f4902ceab1a3b4938a|7ad9870dc86718735906d82d9794f1eb6e7ba029b8bab1f4902ceab1a3b4938a|4fd518fcb2bbee4c8c41215d6993b923ef57a0e5
bin/kill/kill.1|man1/kill.1|bbcddd8edb9c085e9251f6b2a4cd431ac86f9c9a52dfffe5131cc4becf9d1874|bbcddd8edb9c085e9251f6b2a4cd431ac86f9c9a52dfffe5131cc4becf9d1874|d6c2d4fe975c70975bdc6bec76d044408f6dcb8c
bin/ln/ln.1|man1/ln.1|75707f9c251c5f9eeabc523bbaf0850dcf34a98e53d6db3349a1737a99c82fef|75707f9c251c5f9eeabc523bbaf0850dcf34a98e53d6db3349a1737a99c82fef|90aea514c6249118e880d75972d063362f4bf492
bin/ls/ls.1|man1/ls.1|f4a811d5c5de5d42afda3e801d0af515744aba3537f675d947df095d4987f271|f4a811d5c5de5d42afda3e801d0af515744aba3537f675d947df095d4987f271|4ed2448a4f2b32d0c4055c282e4cc2b691d621ed
bin/mkdir/mkdir.1|man1/mkdir.1|af69cb32a64ab0195806cd9716b38749edd39e6d1198ff2aff1d06f4ff0288c5|af69cb32a64ab0195806cd9716b38749edd39e6d1198ff2aff1d06f4ff0288c5|90aea514c6249118e880d75972d063362f4bf492
bin/mv/mv.1|man1/mv.1|2e8eb33de5438eac448ee54f25351d4dd35876590dec2dabff561927fb61d735|2e8eb33de5438eac448ee54f25351d4dd35876590dec2dabff561927fb61d735|90aea514c6249118e880d75972d063362f4bf492
bin/nproc/nproc.1|man1/nproc.1|c4503df6517aa66a7698c62b79a480901f2980548bde7c50f6be437f253ad583|c4503df6517aa66a7698c62b79a480901f2980548bde7c50f6be437f253ad583|1e078fb6021ebb5ccfb092fe9e5befcf4054ac0b
bin/pax/pax.1|man1/pax.1|bd789ca6e50eb0bc8ea656c3070270e7dfbb52d40764831631645277a3212941|bd789ca6e50eb0bc8ea656c3070270e7dfbb52d40764831631645277a3212941|90aea514c6249118e880d75972d063362f4bf492
bin/pkill/pkill.1|man1/pkill.1|c626bea9440df89a280e8ddcb51f2e8f259f83d4a23a9f1c04a9842f953c8b3d|c626bea9440df89a280e8ddcb51f2e8f259f83d4a23a9f1c04a9842f953c8b3d|88a2d48d39d9845e36c8e95a9204001b11e7257e
bin/ps/ps.1|man1/ps.1|36900c14bd8cd408422acbc2b8ee67b41f9501a432c2def37b94e9a8b50b1c03|36900c14bd8cd408422acbc2b8ee67b41f9501a432c2def37b94e9a8b50b1c03|759ce9a2b38e1de70c14c81dee7e245bf0bc6b94
bin/pwait/pwait.1|man1/pwait.1|89338265e9f92adad9391c685c760816b7431565ae3f02b90f01e98a3496ee6b|89338265e9f92adad9391c685c760816b7431565ae3f02b90f01e98a3496ee6b|9d852922f6687ce9a699efe5e09e3634923b2b60
bin/pwd/pwd.1|man1/pwd.1|d5f4021aa589bf8364a08536538c433b238a97cf2d863ce5c02c25949b58101e|d5f4021aa589bf8364a08536538c433b238a97cf2d863ce5c02c25949b58101e|586a5bc03541397c432ce98a1551ebeee7c04ef2
bin/realpath/realpath.1|man1/realpath.1|bb502a2dc91d3253650d694c5b102302e9c285de4f5eff1a393f48128ab05f67|bb502a2dc91d3253650d694c5b102302e9c285de4f5eff1a393f48128ab05f67|90aea514c6249118e880d75972d063362f4bf492
bin/rm/rm.1|man1/rm.1|7a0c01242dd084bfacf8e5a1296b00a72ca4637ee9b441ec4faa567f78afdfe7|7a0c01242dd084bfacf8e5a1296b00a72ca4637ee9b441ec4faa567f78afdfe7|90aea514c6249118e880d75972d063362f4bf492
bin/rmdir/rmdir.1|man1/rmdir.1|2f648f7dc47637088835823c5e9fbcf9784b484aa8254162aee7a56e316e83b1|2f648f7dc47637088835823c5e9fbcf9784b484aa8254162aee7a56e316e83b1|b3dfd5d59c4a776abfa9b48babf08fb56e986dd7
bin/setfacl/setfacl.1|man1/setfacl.1|1a2d2fb9ee3d81621b3b0953d77af982de4de6a69c30a79add5c5743b2d8ecff|1a2d2fb9ee3d81621b3b0953d77af982de4de6a69c30a79add5c5743b2d8ecff|fa9896e082a1046ff4fbc75fcba4d18d1f2efc19
bin/sh/sh.1|man1/sh.1|02c5ff45a57528a599d84eb7480c117779f22680e6e55eef386aefdffe960106|02c5ff45a57528a599d84eb7480c117779f22680e6e55eef386aefdffe960106|35973eceff091275d8692283ae3a1256a6317525
bin/sleep/sleep.1|man1/sleep.1|e84d7fac0ff2372acfc3f87844fd6a108e16c9b36947308097ce00913eee37f5|e84d7fac0ff2372acfc3f87844fd6a108e16c9b36947308097ce00913eee37f5|24983c4e9f9934282e8d81381095da819ad97c63
bin/stty/stty.1|man1/stty.1|e940e79e1b27d1c80ddef4522004df880fb7c8660daaad158612efd695344919|e940e79e1b27d1c80ddef4522004df880fb7c8660daaad158612efd695344919|da8b3e70abecdb038eac87086748899a04b29636
bin/test/test.1|man1/test.1|197cf89768a68cba6513f7bd45263ad9ab3b5beec85964c16108e04e96caeb16|197cf89768a68cba6513f7bd45263ad9ab3b5beec85964c16108e04e96caeb16|90aea514c6249118e880d75972d063362f4bf492
bin/timeout/timeout.1|man1/timeout.1|ec4279b1ad0b0e93fbd0047116a45b80714d2407892fd30b69148c3698902c4d|ec4279b1ad0b0e93fbd0047116a45b80714d2407892fd30b69148c3698902c4d|b1bc748430b5ee79ae103c464dbf5ebc8802f782
bin/uuidgen/uuidgen.1|man1/uuidgen.1|c7b433badb661c7c4eccde34e9271ff57beedb01dd37cde1ce9f0ab793c17a4b|c7b433badb661c7c4eccde34e9271ff57beedb01dd37cde1ce9f0ab793c17a4b|3570b19d74ed94dcc7fac2dcbf42b378bc72362e
cddl/contrib/opensolaris/cmd/dtrace/dtrace.1|man1/dtrace.1|14ab2918d2100c9e654f886ed0328b587f9b0c2368338f64bf32fe2ba8370f2f|14ab2918d2100c9e654f886ed0328b587f9b0c2368338f64bf32fe2ba8370f2f|03bc95b060a91ed9d410270d00d1dd4f8edcdcc7
cddl/contrib/opensolaris/cmd/lockstat/lockstat.1|man1/lockstat.1|84435bd9cc0305e6acd8b1869882ca16487e700f20f023a175207f170e4e9470|84435bd9cc0305e6acd8b1869882ca16487e700f20f023a175207f170e4e9470|f53355131f65d64e7643d734dbcd4fb2a5de20ed
cddl/usr.bin/ctfconvert/ctfconvert.1|man1/ctfconvert.1|f2784528fe6a1816a4810bdd798cb7da9334bc4ece021f14e5ad75faa21442d7|f2784528fe6a1816a4810bdd798cb7da9334bc4ece021f14e5ad75faa21442d7|3fd42db26c3dd0882cf69c54850a59e79b027e33
cddl/usr.bin/ctfdump/ctfdump.1|man1/ctfdump.1|dafc3852261e508b9edd96ff24f3b1f2ae156c6346e6a060985bd572e89154e4|dafc3852261e508b9edd96ff24f3b1f2ae156c6346e6a060985bd572e89154e4|fa9896e082a1046ff4fbc75fcba4d18d1f2efc19
cddl/usr.bin/ctfmerge/ctfmerge.1|man1/ctfmerge.1|577e9b96741553d0a4ac3fe5d3241aa13cdd7c83ae0db8b4e829475ee7a78161|577e9b96741553d0a4ac3fe5d3241aa13cdd7c83ae0db8b4e829475ee7a78161|4f293e32e4529617dd05bd64fd3c22a57a56a355
cddl/usr.sbin/dwatch/dwatch.1|man1/dwatch.1|41855148f02cbbfb3e8c74ee3dbf4e1d9edeb1823070bafc1a7a45642e066011|41855148f02cbbfb3e8c74ee3dbf4e1d9edeb1823070bafc1a7a45642e066011|434283fda99e89af20c3fe95fde427624ae96d04
cddl/usr.sbin/plockstat/plockstat.1|man1/plockstat.1|340e17d78b0b6b3c5fd70ff061d5f90c680c72f2804840923961937bd9d160a2|340e17d78b0b6b3c5fd70ff061d5f90c680c72f2804840923961937bd9d160a2|fa9896e082a1046ff4fbc75fcba4d18d1f2efc19
contrib/atf/atf-sh/atf-check.1|man1/atf-check.1|12facaa870b2a0f443ccf93000f6e1d51bc79c1d5090a2ad636bd7a4684ee941|12facaa870b2a0f443ccf93000f6e1d51bc79c1d5090a2ad636bd7a4684ee941|952231086100bed7130212b5425e44ffd732913b
contrib/atf/atf-sh/atf-sh.1|man1/atf-sh.1|94201c5f7fae55cd937fcd19eea367d6451e02708479e6fc3fc319ee1b74d23d|94201c5f7fae55cd937fcd19eea367d6451e02708479e6fc3fc319ee1b74d23d|b93c1b1a3b046e4d36d85cb7265c25e19b793388
contrib/atf/doc/atf-test-program.1|man1/atf-test-program.1|4345092c9734875112ac7b104337af71c7dd67e29fac36e21a6924310424aad7|4345092c9734875112ac7b104337af71c7dd67e29fac36e21a6924310424aad7|0677dfd1c4dadb62482e2c72fa4c6720902128a4
contrib/bc/manuals/bc/A.1|man1/A.1|f7df3907d6edc03ca2b094017bf3fa8a351edd5dbd1c3b0fc7a0b909d78fcb88|f7df3907d6edc03ca2b094017bf3fa8a351edd5dbd1c3b0fc7a0b909d78fcb88|fdc4a7c8012b214986cfa2e2fb6d99731f004b1b
contrib/bc/manuals/bc/E.1|man1/E.1|c9232b0228bf0c4f10f9e4979038588754fc425c8b8aa7b6fce3f849045a72be|c9232b0228bf0c4f10f9e4979038588754fc425c8b8aa7b6fce3f849045a72be|fdc4a7c8012b214986cfa2e2fb6d99731f004b1b
contrib/bc/manuals/bc/EH.1|man1/EH.1|102bbed1d67e5f3563c2859d1062c3fd65177c3d0655bc3144eaa74bd36c3162|102bbed1d67e5f3563c2859d1062c3fd65177c3d0655bc3144eaa74bd36c3162|fdc4a7c8012b214986cfa2e2fb6d99731f004b1b
contrib/bc/manuals/bc/EHN.1|man1/EHN.1|666ac2631b97733a83a4ef0b95b7e3f075f9adc97e57c6e33c9c71ef414ee105|666ac2631b97733a83a4ef0b95b7e3f075f9adc97e57c6e33c9c71ef414ee105|fdc4a7c8012b214986cfa2e2fb6d99731f004b1b
contrib/bc/manuals/bc/EN.1|man1/EN.1|c434f1b45607465f35acb5fef7d0b38d37c1114e760515ce7d9cfb647410b657|c434f1b45607465f35acb5fef7d0b38d37c1114e760515ce7d9cfb647410b657|fdc4a7c8012b214986cfa2e2fb6d99731f004b1b
contrib/bc/manuals/bc/H.1|man1/H.1|d49c36a541682539ef4154ff844cbb5855da9ce044a7a435156ce30d119eead1|d49c36a541682539ef4154ff844cbb5855da9ce044a7a435156ce30d119eead1|fdc4a7c8012b214986cfa2e2fb6d99731f004b1b
contrib/bc/manuals/bc/HN.1|man1/HN.1|0d0ddf230b2cc06f64547ecc9055ab3b8349a231e0e7c74bef6998a7901d4461|0d0ddf230b2cc06f64547ecc9055ab3b8349a231e0e7c74bef6998a7901d4461|fdc4a7c8012b214986cfa2e2fb6d99731f004b1b
contrib/bc/manuals/bc/N.1|man1/N.1|7bae3cd90a095c86b9302dd972d0f9b55fedfe8cca1020499190b6b554feaa6c|7bae3cd90a095c86b9302dd972d0f9b55fedfe8cca1020499190b6b554feaa6c|fdc4a7c8012b214986cfa2e2fb6d99731f004b1b
contrib/bc/manuals/dc/A.1|man1/A.1|6f39ac1a75a4a45b06684c2df04e1e4fe4a6c70bbdf68f9754275aefeef92874|6f39ac1a75a4a45b06684c2df04e1e4fe4a6c70bbdf68f9754275aefeef92874|fdc4a7c8012b214986cfa2e2fb6d99731f004b1b
contrib/bc/manuals/dc/E.1|man1/E.1|66cf1aa29900964872375902ed463baecd9ab80a887642652c81f0186666bb47|66cf1aa29900964872375902ed463baecd9ab80a887642652c81f0186666bb47|fdc4a7c8012b214986cfa2e2fb6d99731f004b1b
contrib/bc/manuals/dc/EH.1|man1/EH.1|3d6555ad544b0b8fd0f2d9b120000eeb1bcfa62d601e12465043c60cd215f75f|3d6555ad544b0b8fd0f2d9b120000eeb1bcfa62d601e12465043c60cd215f75f|fdc4a7c8012b214986cfa2e2fb6d99731f004b1b
contrib/bc/manuals/dc/EHN.1|man1/EHN.1|1fe6acd533ac8bc7493cdcc77e10f70c7505671e896faff2973eb9e7b85078f2|1fe6acd533ac8bc7493cdcc77e10f70c7505671e896faff2973eb9e7b85078f2|fdc4a7c8012b214986cfa2e2fb6d99731f004b1b
contrib/bc/manuals/dc/EN.1|man1/EN.1|2e9502cfc2389061a53856efff1f941d762210318f59d56f8879a1acaa050a4d|2e9502cfc2389061a53856efff1f941d762210318f59d56f8879a1acaa050a4d|fdc4a7c8012b214986cfa2e2fb6d99731f004b1b
contrib/bc/manuals/dc/H.1|man1/H.1|5ddd9f0145bd76e3ffd7dbfecb48ab27825c4682bcc7aac8c5dd534b30589363|5ddd9f0145bd76e3ffd7dbfecb48ab27825c4682bcc7aac8c5dd534b30589363|fdc4a7c8012b214986cfa2e2fb6d99731f004b1b
contrib/bc/manuals/dc/HN.1|man1/HN.1|df8009b10e194f30822b635c97113b1d71785fbe9a9386d9434fb8523f68709b|df8009b10e194f30822b635c97113b1d71785fbe9a9386d9434fb8523f68709b|fdc4a7c8012b214986cfa2e2fb6d99731f004b1b
contrib/bc/manuals/dc/N.1|man1/N.1|c59bde85323eba5f19831727c2d4685e209164d54d206269f9f3a92283ead5d5|c59bde85323eba5f19831727c2d4685e209164d54d206269f9f3a92283ead5d5|fdc4a7c8012b214986cfa2e2fb6d99731f004b1b
contrib/bmake/bmake.1|man1/bmake.1|1cffa1faab8992e6c9354cb217598412a51b448bf53be74b3f4d505b88bbd2cc|1cffa1faab8992e6c9354cb217598412a51b448bf53be74b3f4d505b88bbd2cc|5dfe1956df4b37af4892aaff3fafe70c0d6d7466
contrib/bmake/make.1|man1/make.1|ad7bd3dd0d023c1c3e9f4545ec79326a98e6d8fcef88dca2e06a543bd4753a65|ad7bd3dd0d023c1c3e9f4545ec79326a98e6d8fcef88dca2e06a543bd4753a65|5dfe1956df4b37af4892aaff3fafe70c0d6d7466
contrib/bsddialog/utility/bsddialog.1|man1/bsddialog.1|b97dc8f874f1d508f2ff8f7fbaefe3f83803a7af69b5a3bf1bde80d63f74f1a9|b97dc8f874f1d508f2ff8f7fbaefe3f83803a7af69b5a3bf1bde80d63f74f1a9|f2d966f6c13d93cccceb8e594a69d1a50471d314
contrib/bsnmp/gensnmpdef/gensnmpdef.1|man1/gensnmpdef.1|bf652f3e132dd5ff585a786e5703584262dc6a8eecac63becb248dc3a81265bd|bf652f3e132dd5ff585a786e5703584262dc6a8eecac63becb248dc3a81265bd|e1d581b289848ffa97c452756dc52d45efb68a01
contrib/bsnmp/gensnmptree/gensnmptree.1|man1/gensnmptree.1|c814420483a9921953d26522932ad076f7216e5a25daeded87c4097898179ce2|c814420483a9921953d26522932ad076f7216e5a25daeded87c4097898179ce2|4ac8f4067096a9d4a00e41cd53bd5c4fa295fd15
contrib/bsnmp/snmpd/bsnmpd.1|man1/bsnmpd.1|a5c6fc557c885512f233497362ffa0d57b9a249e50a2c100bc74236db8857639|a5c6fc557c885512f233497362ffa0d57b9a249e50a2c100bc74236db8857639|9ea0bf43e58287466ad183fe758a01498ede4259
contrib/byacc/yacc.1|man1/yacc.1|22de5f75cadccb46c93f41ee2c1edab7a7e7b81051334257e005fbbbfee8a4da|22de5f75cadccb46c93f41ee2c1edab7a7e7b81051334257e005fbbbfee8a4da|822ca3276345b4a67ccbc9b54616d8b205fd37f2
contrib/bzip2/bzip2.1|man1/bzip2.1|396f0caae5a6d108e6315298e76f64723b5e6bfd090869862260035c8c60fab3|396f0caae5a6d108e6315298e76f64723b5e6bfd090869862260035c8c60fab3|51f61fc0c7ece7a30c737341e65455841bc3f04e
contrib/com_err/compile_et.1|man1/compile_et.1|95ab8b4ab558d03c3611385203316940f31413fe0ea08cb4d1a834df15edd568|95ab8b4ab558d03c3611385203316940f31413fe0ea08cb4d1a834df15edd568|aa12cea2ccc6e686d6d31cf67d6bc69cbc1ba744
contrib/ee/ee.1|man1/ee.1|c75ab5c8ad54d6d3b9c0b28de5a1d7ee9a8af953a19db919f6b76e6fea06598e|c75ab5c8ad54d6d3b9c0b28de5a1d7ee9a8af953a19db919f6b76e6fea06598e|6580cc162dd5297b520fe1be21579bc787974ffb
contrib/elftoolchain/addr2line/addr2line.1|man1/addr2line.1|5b2498976159be2ac73262e1bad38144001aa8e51dc21ea558b2b312a8f8c9df|5b2498976159be2ac73262e1bad38144001aa8e51dc21ea558b2b312a8f8c9df|ae500c1ff8974130f7f2692772cf288b90349e0d
contrib/elftoolchain/ar/ar.1|man1/ar.1|4580ea21d5d99301f91802853b45202bda78b20775f6350b430113f9a901a44c|4580ea21d5d99301f91802853b45202bda78b20775f6350b430113f9a901a44c|ae500c1ff8974130f7f2692772cf288b90349e0d
contrib/elftoolchain/ar/ranlib.1|man1/ranlib.1|ccedff617c7066943148d85f61a45569f32891121599e80c4625f03b5aaea12c|ccedff617c7066943148d85f61a45569f32891121599e80c4625f03b5aaea12c|ae500c1ff8974130f7f2692772cf288b90349e0d
contrib/elftoolchain/brandelf/brandelf.1|man1/brandelf.1|f90e477636f0c2660b9a56e19cf00a805e036bc9bc3d365ca01d55f3b8b3991d|f90e477636f0c2660b9a56e19cf00a805e036bc9bc3d365ca01d55f3b8b3991d|656f49f8e2b0656824a5f10aeb760a00fdd3753f
contrib/elftoolchain/cxxfilt/c++filt.1|man1/c++filt.1|0f0bf096a8a5d2abe2718f125149689862faf8035766c8ee77e138caf06596c8|0f0bf096a8a5d2abe2718f125149689862faf8035766c8ee77e138caf06596c8|ae500c1ff8974130f7f2692772cf288b90349e0d
contrib/elftoolchain/elfcopy/elfcopy.1|man1/elfcopy.1|f37e6a638a924237f7dc12cb3647cfa48dd7b0a6078f4dc9c39d0334a70eb4c0|f37e6a638a924237f7dc12cb3647cfa48dd7b0a6078f4dc9c39d0334a70eb4c0|ae500c1ff8974130f7f2692772cf288b90349e0d
contrib/elftoolchain/elfcopy/mcs.1|man1/mcs.1|caf12eedb536b6250f461fc1dd54a21461c990e79b73cf9e657e8405383f383e|caf12eedb536b6250f461fc1dd54a21461c990e79b73cf9e657e8405383f383e|ae500c1ff8974130f7f2692772cf288b90349e0d
contrib/elftoolchain/elfcopy/strip.1|man1/strip.1|47ddea6087e17da8cb1416c5615c31cd407822d0888d8ab59c1599211e838866|47ddea6087e17da8cb1416c5615c31cd407822d0888d8ab59c1599211e838866|36d7818975359fd2aacb19e4f9442a841dc954bb
contrib/elftoolchain/elfdump/elfdump.1|man1/elfdump.1|da1bd0b1328e1c12757869990dd370d788dd9130ffc2f16e97055fd092a95e17|da1bd0b1328e1c12757869990dd370d788dd9130ffc2f16e97055fd092a95e17|656f49f8e2b0656824a5f10aeb760a00fdd3753f
contrib/elftoolchain/nm/nm.1|man1/nm.1|530e09c03140f1c4dad776c9490ba4c5f9efacb1565f6eb7561d139f38d59c0e|530e09c03140f1c4dad776c9490ba4c5f9efacb1565f6eb7561d139f38d59c0e|ae500c1ff8974130f7f2692772cf288b90349e0d
contrib/elftoolchain/readelf/readelf.1|man1/readelf.1|b1ae6b821bcc7d8e5c14df3553c4623b86a9ff7de2e06992a40008f1290f4a06|b1ae6b821bcc7d8e5c14df3553c4623b86a9ff7de2e06992a40008f1290f4a06|deef4b8ce8ba7292fe5088bf9f6d4e2e35662fe8
contrib/elftoolchain/size/size.1|man1/size.1|dfe8585ffa19b70d73b2b9b41cbfc6adc95bc61e20cf986c1f568b540dad0a68|dfe8585ffa19b70d73b2b9b41cbfc6adc95bc61e20cf986c1f568b540dad0a68|b00fe64f4acfe315181f65999af16e9a7bdc600b
contrib/elftoolchain/strings/strings.1|man1/strings.1|9479fb825919062179c1f9cd1c5d7c521de11d56c5bb1774a78c5d2a85489ca7|9479fb825919062179c1f9cd1c5d7c521de11d56c5bb1774a78c5d2a85489ca7|ff2bc641599a7845f597ad02ccfc98c5467fa948
contrib/expat/doc/xmlwf.1|man1/xmlwf.1|d0c7006ad0ac5689a36f36a14ee2b0df0d5297bd48c5aded708b085fe476c87d|d0c7006ad0ac5689a36f36a14ee2b0df0d5297bd48c5aded708b085fe476c87d|c7b67985633c408cae69703ca443cbfd84d326a8
contrib/ldns-host/ldns-host.1|man1/ldns-host.1|e0c7f654193234e1066cd0a018821fcf8a9910fc8a9e8f7a991d7294306efb2b|e0c7f654193234e1066cd0a018821fcf8a9910fc8a9e8f7a991d7294306efb2b|3f68b24e10aeb1a1cd85f2d349da44138d52c501
contrib/ldns/drill/drill.1|man1/drill.1|c4076ed4d7651a734446d6eb8613b966e23443973fd2545a964882a8de91a5b3|c4076ed4d7651a734446d6eb8613b966e23443973fd2545a964882a8de91a5b3|986ba33c7a3bc8f5ba13c7a9d6512602f6e32c61
contrib/ldns/packaging/ldns-config.1|man1/ldns-config.1|5218247882ff9903273134a949c174c32b278ae673daf34edab45c8e025ffb2c|5218247882ff9903273134a949c174c32b278ae673daf34edab45c8e025ffb2c|d44c9549ef31884ac069b0306bad248a74bb2825
contrib/libarchive/cat/bsdcat.1|man1/bsdcat.1|604e2e140654e602a79341244664490415719ee7cbd3d077e69b3b079142acac|604e2e140654e602a79341244664490415719ee7cbd3d077e69b3b079142acac|bd66c1b43e33540205dbc1187c2f2a15c58b57ba
contrib/libarchive/cpio/bsdcpio.1|man1/bsdcpio.1|36ac9b490ecfaf92ab939f6f24b30f941cb5c25e16be2d5a3f0e96d2dfc7bcb4|36ac9b490ecfaf92ab939f6f24b30f941cb5c25e16be2d5a3f0e96d2dfc7bcb4|bd66c1b43e33540205dbc1187c2f2a15c58b57ba
contrib/libarchive/tar/bsdtar.1|man1/bsdtar.1|e7efc124af2d9c47214a69dfb403ffb168a741bf279620c912df25b48a6a9cf7|e7efc124af2d9c47214a69dfb403ffb168a741bf279620c912df25b48a6a9cf7|2e113ef82465598b8c26e0ca415fbe90677fbd47
contrib/libarchive/unzip/bsdunzip.1|man1/bsdunzip.1|21887322e9c5a9d103bdd58ea714f3983e5b17c86d57b2aec96ec4678cf18a3d|21887322e9c5a9d103bdd58ea714f3983e5b17c86d57b2aec96ec4678cf18a3d|bd66c1b43e33540205dbc1187c2f2a15c58b57ba
contrib/libder/derdump/derdump.1|man1/derdump.1|7fd66f6064cf0954b64c051eb4b80cb2cfa9ec2a0d235b3310428201c811e7ce|7fd66f6064cf0954b64c051eb4b80cb2cfa9ec2a0d235b3310428201c811e7ce|35c0a8c449fd2b7f75029ebed5e10852240f0865
contrib/libdiff/man/diff.1|man1/diff.1|84118d0d9dc2304172f2176d510a6ac84ca06d6fe6cd3aff941198fa9fd983e9|84118d0d9dc2304172f2176d510a6ac84ca06d6fe6cd3aff941198fa9fd983e9|59c8e88e72633afbc47a4ace0d2170d00d51f7dc
contrib/libfido2/man/fido2-assert.1|man1/fido2-assert.1|862471d5f0c92ae11adc09493fee3bff1230b606988df0c92cabbe512c8f242c|862471d5f0c92ae11adc09493fee3bff1230b606988df0c92cabbe512c8f242c|febb0da5bf4bc99828ebede7abcb039514ac367a
contrib/libfido2/man/fido2-cred.1|man1/fido2-cred.1|2f2a19722e74ec3ca7f320361209410cf93dcf79180bda0dc921a5bbb7e6e7cd|2f2a19722e74ec3ca7f320361209410cf93dcf79180bda0dc921a5bbb7e6e7cd|febb0da5bf4bc99828ebede7abcb039514ac367a
contrib/libfido2/man/fido2-token.1|man1/fido2-token.1|58926ec8838295598c66049d77515e1455574919443a58499940d7f2c50ec63d|58926ec8838295598c66049d77515e1455574919443a58499940d7f2c50ec63d|2ccfa855b2fc331819953e3de1b1c15ce5b95a7e
contrib/libpcap/pcap-config.1|man1/pcap-config.1|ce055bc5eac57796c0722c40bfc9bd46b6bb41e8b91c82403769dd4ca9f73083|ce055bc5eac57796c0722c40bfc9bd46b6bb41e8b91c82403769dd4ca9f73083|afdbf109c6a661a729938f68211054a0a50d38ac
contrib/libxo/xo/xo.1|man1/xo.1|0fd51437369d2addbf4ab36b0e2141cf4451a8ec1a89f22f7a10152e843daea1|0fd51437369d2addbf4ab36b0e2141cf4451a8ec1a89f22f7a10152e843daea1|34b867ca30479cec104fd069178df294f8ea35f1
contrib/libxo/xohtml/xohtml.1|man1/xohtml.1|2279f67d137888673591cfced5bc93749c10fac4babd064097411f173a47679c|2279f67d137888673591cfced5bc93749c10fac4babd064097411f173a47679c|fd5e3f3ec6c6248e892c9e7b2f17da3bfe7b6837
contrib/libxo/xolint/xolint.1|man1/xolint.1|5dc9e607257af8ac133c17d946f5741dfac644de14714668acfc6e3f0d7549b0|5dc9e607257af8ac133c17d946f5741dfac644de14714668acfc6e3f0d7549b0|fd5e3f3ec6c6248e892c9e7b2f17da3bfe7b6837
contrib/libxo/xopo/xopo.1|man1/xopo.1|3dee6d4401acbfa2d7df62b0e958cb86bbf3c16948276b3e7ef9216cd2786444|3dee6d4401acbfa2d7df62b0e958cb86bbf3c16948276b3e7ef9216cd2786444|fd5e3f3ec6c6248e892c9e7b2f17da3bfe7b6837
contrib/llvm-project/lld/docs/ld.lld.1|man1/ld.lld.1|681677661186b6014d29a849774eeb90924ce140259ad232fd9e33ca507f1227|681677661186b6014d29a849774eeb90924ce140259ad232fd9e33ca507f1227|700637cbb5e582861067a11aaca4d053546871d2
contrib/lua/doc/lua.1|man1/lua.1|aba7788e9d9d3050ff57c3fc40047d46d79b83baa66507572b36c43c3b7534d5|aba7788e9d9d3050ff57c3fc40047d46d79b83baa66507572b36c43c3b7534d5|3068d706eabe99f930fb01d3cbfd74ff1f0eb5a2
contrib/lua/doc/luac.1|man1/luac.1|09bb1187e9397981ed1c4b75c7441cd0796bed1ed5f42f94a29542495700faf6|09bb1187e9397981ed1c4b75c7441cd0796bed1ed5f42f94a29542495700faf6|8e3e3a7ae841ccf6f6ac30a2eeab85df5d7f04bc
contrib/mandoc/apropos.1|man1/apropos.1|448e419afe55cea5b4a4d8eaf964f9dee7dabc0983992da8f18d0082bf641ff0|448e419afe55cea5b4a4d8eaf964f9dee7dabc0983992da8f18d0082bf641ff0|6d38604fc532a3fc060788e3ce40464b46047eaf
contrib/mandoc/demandoc.1|man1/demandoc.1|51d0b383346f0719e349c736518903aef61b9cfa9d07d2f318eb9728ec84d6d6|51d0b383346f0719e349c736518903aef61b9cfa9d07d2f318eb9728ec84d6d6|c1c95add8c80843ba15d784f95c361d795b1f593
contrib/mandoc/man.1|man1/man.1|b7b293ddcc5e05feb5208c577a9da44ac1f76a3e19b2fc5958695496dd15a846|b7b293ddcc5e05feb5208c577a9da44ac1f76a3e19b2fc5958695496dd15a846|80c12959679ab203459dc20eb9ece3a7328b7de5
contrib/mandoc/man.options.1|man1/man.options.1|12296b6c2d2d1a6833312db404581fa844a499123ba28a1ec6dfe70c041be200|12296b6c2d2d1a6833312db404581fa844a499123ba28a1ec6dfe70c041be200|59fc2b0166f71c791113379d16b8cef7039f289d
contrib/mandoc/mandoc.1|man1/mandoc.1|147411cc9ef2cdb7aeef8b70f0908ff7b67c2987c0539a564f1b73b5b32df0af|147411cc9ef2cdb7aeef8b70f0908ff7b67c2987c0539a564f1b73b5b32df0af|59fc2b0166f71c791113379d16b8cef7039f289d
contrib/mandoc/soelim.1|man1/soelim.1|c17eafe7897039f5da44abfe7c5b11209ef07b59695662260d3e9d38999dfaf0|c17eafe7897039f5da44abfe7c5b11209ef07b59695662260d3e9d38999dfaf0|61d06d6bd19dafe8ea971dd43e8328fa1b473456
contrib/ncurses/man/clear.1|man1/clear.1|1f62bfeebec95375600c5455113bd360e1f006b0e65f9e9a3fca6f124c035ca3|1f62bfeebec95375600c5455113bd360e1f006b0e65f9e9a3fca6f124c035ca3|68ad2b0d7af2a3571c4abac9afa712f9b09b721c
contrib/ncurses/man/tabs.1|man1/tabs.1|420080b42721c277703c8d95c256949b430ce3b917fadd321168c27e9f5c6165|420080b42721c277703c8d95c256949b430ce3b917fadd321168c27e9f5c6165|68ad2b0d7af2a3571c4abac9afa712f9b09b721c
contrib/ncurses/man/tput.1|man1/tput.1|7d7b374e9b27f85fba996f811863e42a7953f79f3646cd0d3d61160f6adcb1ae|7d7b374e9b27f85fba996f811863e42a7953f79f3646cd0d3d61160f6adcb1ae|68ad2b0d7af2a3571c4abac9afa712f9b09b721c
contrib/ncurses/man/tset.1|man1/tset.1|b3a41302cade598519779597eb9013086a2182072af5af311c02329256af58ef|b3a41302cade598519779597eb9013086a2182072af5af311c02329256af58ef|68ad2b0d7af2a3571c4abac9afa712f9b09b721c
contrib/netcat/nc.1|man1/nc.1|3bd339d3b31b476d22d056a20c3c4defd71112ae48adc5866b0c1c8891d3936d|3bd339d3b31b476d22d056a20c3c4defd71112ae48adc5866b0c1c8891d3936d|6d3d1fc3a30453be19831f79399bcba0ae822ad1
contrib/nvi/man/vi.1|man1/vi.1|6b2f5a19e1eacc10261ffeb339c9522dbdba15e48e6a9f4f2d002d81ce218b61|6b2f5a19e1eacc10261ffeb339c9522dbdba15e48e6a9f4f2d002d81ce218b61|4087ffdbce725367566bc3fc60a959292daac99d
contrib/ofed/libibverbs/man/ibv_asyncwatch.1|man1/ibv_asyncwatch.1|5b60e85087acabbd8c048ccfe1ea467e8d885b820698fb6fd3e540f7f5ffe484|5b60e85087acabbd8c048ccfe1ea467e8d885b820698fb6fd3e540f7f5ffe484|d6b92ffa990dc57d8a969a98e3ca4e25ba39cbb2
contrib/ofed/libibverbs/man/ibv_devices.1|man1/ibv_devices.1|6e6b2397342574c8928d482cd62a5217d1f1c8b9c7c414087b815d62acea69a2|6e6b2397342574c8928d482cd62a5217d1f1c8b9c7c414087b815d62acea69a2|d6b92ffa990dc57d8a969a98e3ca4e25ba39cbb2
contrib/ofed/libibverbs/man/ibv_devinfo.1|man1/ibv_devinfo.1|7a2135019118ef5956740547c31b557b23ca829932497cb4174069c497f2ffa8|7a2135019118ef5956740547c31b557b23ca829932497cb4174069c497f2ffa8|d6b92ffa990dc57d8a969a98e3ca4e25ba39cbb2
contrib/ofed/libibverbs/man/ibv_rc_pingpong.1|man1/ibv_rc_pingpong.1|aa393e9947b9aec13366b932dc203af44d0d5cc6b08bf8190984f917cb1e9d4f|aa393e9947b9aec13366b932dc203af44d0d5cc6b08bf8190984f917cb1e9d4f|d6b92ffa990dc57d8a969a98e3ca4e25ba39cbb2
contrib/ofed/libibverbs/man/ibv_srq_pingpong.1|man1/ibv_srq_pingpong.1|8d2a6f301c76e4c2d1b9943d4bcd5c46a5fd7bb91af665dca7aba78756501e01|8d2a6f301c76e4c2d1b9943d4bcd5c46a5fd7bb91af665dca7aba78756501e01|d6b92ffa990dc57d8a969a98e3ca4e25ba39cbb2
contrib/ofed/libibverbs/man/ibv_uc_pingpong.1|man1/ibv_uc_pingpong.1|7ce11c3a45fa16a9085998f4b48e0679007aba5cb0a2ed09c9dcdbd0a428c6cf|7ce11c3a45fa16a9085998f4b48e0679007aba5cb0a2ed09c9dcdbd0a428c6cf|d6b92ffa990dc57d8a969a98e3ca4e25ba39cbb2
contrib/ofed/libibverbs/man/ibv_ud_pingpong.1|man1/ibv_ud_pingpong.1|0842ffdc8d916b1383892bf2730da63a97921ed764238a942e836a332d95bda1|0842ffdc8d916b1383892bf2730da63a97921ed764238a942e836a332d95bda1|d6b92ffa990dc57d8a969a98e3ca4e25ba39cbb2
contrib/ofed/libibverbs/man/ibv_xsrq_pingpong.1|man1/ibv_xsrq_pingpong.1|28a1ccb477b0926d3e47d985b2d9dd671bc3e43b7118195591100b7f5e2341fa|28a1ccb477b0926d3e47d985b2d9dd671bc3e43b7118195591100b7f5e2341fa|d6b92ffa990dc57d8a969a98e3ca4e25ba39cbb2
contrib/ofed/librdmacm/man/cmtime.1|man1/cmtime.1|5987fca99055f6f217a6db529a1f9b7792d87ba8ab897dd9d0e1d788b2fab36b|5987fca99055f6f217a6db529a1f9b7792d87ba8ab897dd9d0e1d788b2fab36b|d6b92ffa990dc57d8a969a98e3ca4e25ba39cbb2
contrib/ofed/librdmacm/man/mckey.1|man1/mckey.1|92e6db13084bd368993d638e30351accaa12464229840a71461090eded2d20d8|92e6db13084bd368993d638e30351accaa12464229840a71461090eded2d20d8|d6b92ffa990dc57d8a969a98e3ca4e25ba39cbb2
contrib/ofed/librdmacm/man/rcopy.1|man1/rcopy.1|eca91a28d7507d540e15ad6dc4962d337a320157e5eef2bde1a1d972ae4899b8|eca91a28d7507d540e15ad6dc4962d337a320157e5eef2bde1a1d972ae4899b8|d6b92ffa990dc57d8a969a98e3ca4e25ba39cbb2
contrib/ofed/librdmacm/man/rdma_client.1|man1/rdma_client.1|d1a2584bd2bd17f13b11f9a81098112d4029d2f29370217256a96b0e309be5ed|d1a2584bd2bd17f13b11f9a81098112d4029d2f29370217256a96b0e309be5ed|d6b92ffa990dc57d8a969a98e3ca4e25ba39cbb2
contrib/ofed/librdmacm/man/rdma_server.1|man1/rdma_server.1|c78654676a38cf08d1fdf40617e7b1fae86574ff605ba5405b6871770ea8af55|c78654676a38cf08d1fdf40617e7b1fae86574ff605ba5405b6871770ea8af55|d6b92ffa990dc57d8a969a98e3ca4e25ba39cbb2
contrib/ofed/librdmacm/man/rdma_xclient.1|man1/rdma_xclient.1|c6ca21e77a87d5a3ca5f959d65cda0347b19a2d795efa8df1a8dabdc969dc9ee|c6ca21e77a87d5a3ca5f959d65cda0347b19a2d795efa8df1a8dabdc969dc9ee|d6b92ffa990dc57d8a969a98e3ca4e25ba39cbb2
contrib/ofed/librdmacm/man/rdma_xserver.1|man1/rdma_xserver.1|a7af44d16707e287bf487d4a03c9ba62e4c7ce94da9fe0440820291f772a3f07|a7af44d16707e287bf487d4a03c9ba62e4c7ce94da9fe0440820291f772a3f07|d6b92ffa990dc57d8a969a98e3ca4e25ba39cbb2
contrib/ofed/librdmacm/man/riostream.1|man1/riostream.1|85df7cd22b6626f4e3dccf0effe05dec31be6513ecf1ace50e6dd0e4b10384bc|85df7cd22b6626f4e3dccf0effe05dec31be6513ecf1ace50e6dd0e4b10384bc|d6b92ffa990dc57d8a969a98e3ca4e25ba39cbb2
contrib/ofed/librdmacm/man/rping.1|man1/rping.1|80e6c1a0b6a0136d87440e1863ce2603e6cdbe2282209fb5a89b0639f380176a|80e6c1a0b6a0136d87440e1863ce2603e6cdbe2282209fb5a89b0639f380176a|d6b92ffa990dc57d8a969a98e3ca4e25ba39cbb2
contrib/ofed/librdmacm/man/rstream.1|man1/rstream.1|0b898d5d105f4d9bd49d2ccbbd5a268dd98438af7a908305319097d1bb325575|0b898d5d105f4d9bd49d2ccbbd5a268dd98438af7a908305319097d1bb325575|d6b92ffa990dc57d8a969a98e3ca4e25ba39cbb2
contrib/ofed/librdmacm/man/ucmatose.1|man1/ucmatose.1|2e30018823c5aa9fb9bd0a4703602f264d7535c63bd1c45a155dd742002646a4|2e30018823c5aa9fb9bd0a4703602f264d7535c63bd1c45a155dd742002646a4|d6b92ffa990dc57d8a969a98e3ca4e25ba39cbb2
contrib/ofed/librdmacm/man/udaddy.1|man1/udaddy.1|461932ba38f5c7aa42c51919f012c4aa1947c20453378843a453f8f50f4bca69|461932ba38f5c7aa42c51919f012c4aa1947c20453378843a453f8f50f4bca69|d6b92ffa990dc57d8a969a98e3ca4e25ba39cbb2
contrib/ofed/librdmacm/man/udpong.1|man1/udpong.1|45759356a062b89971a759e5724e5a93d3f86a423dd003c1600a506757866116|45759356a062b89971a759e5724e5a93d3f86a423dd003c1600a506757866116|d6b92ffa990dc57d8a969a98e3ca4e25ba39cbb2
contrib/one-true-awk/awk.1|man1/awk.1|743dee3c3bba4847553c70c344237305d3b6276b53d6fdf92eb112b79fb334a1|743dee3c3bba4847553c70c344237305d3b6276b53d6fdf92eb112b79fb334a1|eb690a0576e8cf5412124477eace3bb765068c3d
contrib/openbsm/bin/auditreduce/auditreduce.1|man1/auditreduce.1|9ab241aa13a66168a4cbdd3d65bc341c7e0162e775020b09f2d913c8e961c5a1|9ab241aa13a66168a4cbdd3d65bc341c7e0162e775020b09f2d913c8e961c5a1|71f8f48356585b1777d5d6a940c86f810bd20c6a
contrib/openbsm/bin/praudit/praudit.1|man1/praudit.1|a1cd57e952029d663e14013c78f819b76b27194c42e3bb67adae2338124fcd67|a1cd57e952029d663e14013c78f819b76b27194c42e3bb67adae2338124fcd67|6f3d7c0ea8941c53c455d060b6ece34e55c5871d
contrib/openpam/bin/pamtest/pamtest.1|man1/pamtest.1|70c255057079de34c8ec606c0f494b59ae58e27f554692280a1ea4fd58b52465|70c255057079de34c8ec606c0f494b59ae58e27f554692280a1ea4fd58b52465|45538173c120eadca115fd7e56c657905bf73771
contrib/openpam/bin/su/su.1|man1/su.1|3672f014ecd201cd0b5c1a6fe532d2c2258744a1271965ef986a1e281beb7159|3672f014ecd201cd0b5c1a6fe532d2c2258744a1271965ef986a1e281beb7159|45538173c120eadca115fd7e56c657905bf73771
contrib/pkgconf/man/bomtool.1|man1/bomtool.1|6cef5150ab99ac2102278e727ec0193b6d15ec0b505d286b7b6aafa4a8b4acf8|6cef5150ab99ac2102278e727ec0193b6d15ec0b505d286b7b6aafa4a8b4acf8|592efe252472a3385acf36b1f49ecf710a7f3d9c
contrib/pkgconf/man/pkgconf.1|man1/pkgconf.1|979d954352c6505425aceb2b6d63c5091a5c696ed6912a377812c80c05554740|979d954352c6505425aceb2b6d63c5091a5c696ed6912a377812c80c05554740|592efe252472a3385acf36b1f49ecf710a7f3d9c
contrib/pkgconf/man/spdxtool.1|man1/spdxtool.1|f2a5c2386e988d4ba089e0333af31ff3e6bbd435fa43210f7b560e0c97e15a28|f2a5c2386e988d4ba089e0333af31ff3e6bbd435fa43210f7b560e0c97e15a28|592efe252472a3385acf36b1f49ecf710a7f3d9c
contrib/sendmail/src/mailq.1|man1/mailq.1|2e9657e567341cad7fc317e7b62788c392cd732d6c92f047c8bad94bbde63b09|2e9657e567341cad7fc317e7b62788c392cd732d6c92f047c8bad94bbde63b09|2fb4f839f3fc72ce2bab12f9ba4760f97f73e97f
contrib/sendmail/src/newaliases.1|man1/newaliases.1|59e9e2cc41de375910cc543f1de859f7cc2c1890453818c6d058c7c30f94072b|59e9e2cc41de375910cc543f1de859f7cc2c1890453818c6d058c7c30f94072b|e9f7c3de111b9dda23e1763e030688d78a71d8ff
contrib/sendmail/vacation/vacation.1|man1/vacation.1|329f4da68d7088ddb24eed9a3830f7ccaed3d3fe18357213061caced2f31c694|329f4da68d7088ddb24eed9a3830f7ccaed3d3fe18357213061caced2f31c694|d39bd2c1388b520fcba9abed1932acacead60fba
contrib/smbfs/smbutil/smbutil.1|man1/smbutil.1|024c7eb9783b84b8e18bae88c2f7e138928982cbc9e02a1f9f9150968b6285a0|024c7eb9783b84b8e18bae88c2f7e138928982cbc9e02a1f9f9150968b6285a0|dddf29712f38ba1d804c02bcfd02d24098ae48b0
contrib/sqlite3/sqlite3.1|man1/sqlite3.1|e5fc3fa4301dea75de2efc0e1e941d33c6e5a307c6b46c5eaa533d1bcbf36611|e5fc3fa4301dea75de2efc0e1e941d33c6e5a307c6b46c5eaa533d1bcbf36611|5b8f59e648431715e8f5f60ef09c0be4508b3ae6
contrib/telnet/telnet/telnet.1|man1/telnet.1|aa6c0de0d7ebb1f5a39c55b0d39712c338a63027baeaaded6e88381acc5d7fef|aa6c0de0d7ebb1f5a39c55b0d39712c338a63027baeaaded6e88381acc5d7fef|d2e0204ec0ace5a65e688a35a960e949624f3cb2
contrib/tnftp/src/ftp.1|man1/ftp.1|4ba00e9acd642e835db0f057ba50f6b14dc12d5dddf0cdb731a7fbc040e259f1|4ba00e9acd642e835db0f057ba50f6b14dc12d5dddf0cdb731a7fbc040e259f1|614c8750ce116865953916b8b5bab2467ee94187
contrib/ts/ts.1|man1/ts.1|2b0338a1ba952afdb4f30b8f3f0fee5b3a65c58bc6831239e68217dce9c22719|2b0338a1ba952afdb4f30b8f3f0fee5b3a65c58bc6831239e68217dce9c22719|3d516b853179b9cc02d358410ef9b64c593022ce
contrib/tzcode/date.1|man1/date.1|21bd99211264aa1fd64d7079e305033c83dbc22ed91daebf648b3da3d2ed263d|21bd99211264aa1fd64d7079e305033c83dbc22ed91daebf648b3da3d2ed263d|ff2c98b30b57b9763e2a6575f729bab676e6c025
contrib/unbound/doc/unbound-host.1|man1/unbound-host.1|81fee7d24697513111d140a8fb2b27cd09f18cebef043925cc1f37a7fb700593|81fee7d24697513111d140a8fb2b27cd09f18cebef043925cc1f37a7fb700593|1fb9c5ffe25fcba0857c4fdf6ed19ca5bf6bc858
contrib/unifdef/unifdef.1|man1/unifdef.1|34274dd5e4e7f2deef6b27c64cac0fb547d2b84ea048e7f6b877d23447488656|34274dd5e4e7f2deef6b27c64cac0fb547d2b84ea048e7f6b877d23447488656|049b7608f41bf4e93ac6de718c45bef261f6977d
contrib/unvis/unvis.1|man1/unvis.1|6ea50c0d4ba753f022cf80e3ade088eb740cec91bd46fd97c87d046c8bd8fd3d|6ea50c0d4ba753f022cf80e3ade088eb740cec91bd46fd97c87d046c8bd8fd3d|f1f890804985a1043da42a5def13c79dc005f5e9
contrib/vis/vis.1|man1/vis.1|0af94f81c763940599fe6fd63f277b89e16f98617c51ab906dc54dce7cf41d13|0af94f81c763940599fe6fd63f277b89e16f98617c51ab906dc54dce7cf41d13|15fccd86b9dd17ca2cc1a70b060a2b1a1bf8470b
contrib/wpa/hostapd/hostapd_cli.1|man1/hostapd_cli.1|1c69dfbe2c3256748b41cdf59f74ed8de38fc763fcf1f6abb402f30e0f1e375d|1c69dfbe2c3256748b41cdf59f74ed8de38fc763fcf1f6abb402f30e0f1e375d|e28a4053b110e06768631ac8401ed4a3c05e68a5
contrib/xz/src/lzmainfo/lzmainfo.1|man1/lzmainfo.1|4eba273eb9257a613279dc9a2faa4101724f1ce95bb21efd39125e095ff5b336|4eba273eb9257a613279dc9a2faa4101724f1ce95bb21efd39125e095ff5b336|3b35e7ee8de9b0260149a2b77e87a2b9c7a36244
contrib/xz/src/xz/xz.1|man1/xz.1|7e76f9ed8cbb52f8a4976b9c3684e0e13b71976b872a9cda0661dbafda8b185a|7e76f9ed8cbb52f8a4976b9c3684e0e13b71976b872a9cda0661dbafda8b185a|7ffc4ec4860d01414b493cdf43738878a9ede538
contrib/xz/src/xzdec/xzdec.1|man1/xzdec.1|51571323562d054206a2bb00dddcdd8bd967b164d53df827ce679495c18a69d4|51571323562d054206a2bb00dddcdd8bd967b164d53df827ce679495c18a69d4|3b35e7ee8de9b0260149a2b77e87a2b9c7a36244
crypto/heimdal/appl/afsutil/afslog.1|man1/afslog.1|4e66df11583fe6dec5360f6253505ea2f50337535d2f10cb6456c3ae7c5fd9e2|4e66df11583fe6dec5360f6253505ea2f50337535d2f10cb6456c3ae7c5fd9e2|ae77177087c655fc883075af4f425b37e032cd05
crypto/heimdal/appl/afsutil/pagsh.1|man1/pagsh.1|d825c530af6a167179df6380246e2a3747e037d890d054121ba2110706500f81|d825c530af6a167179df6380246e2a3747e037d890d054121ba2110706500f81|ae77177087c655fc883075af4f425b37e032cd05
crypto/heimdal/appl/ftp/ftp/ftp.1|man1/ftp.1|fdad121d24a1f68d8d1920e0aeba5b2220d2a1d5ec316b2ecbb32ce46fb1d3d9|fdad121d24a1f68d8d1920e0aeba5b2220d2a1d5ec316b2ecbb32ce46fb1d3d9|fc55c20355d889bf3d3f81d94b3614a0c4253fa0
crypto/heimdal/appl/kf/kf.1|man1/kf.1|b0ed7d23aa6e18c804d6a8295efe78c12e086e99b769ff0816954caf3831b780|b0ed7d23aa6e18c804d6a8295efe78c12e086e99b769ff0816954caf3831b780|ae77177087c655fc883075af4f425b37e032cd05
crypto/heimdal/appl/login/login.1|man1/login.1|dab164bc2b54362ea07f5d20c8a2d44136ea11b1fa38dc17a1e74de22c7a8c24|dab164bc2b54362ea07f5d20c8a2d44136ea11b1fa38dc17a1e74de22c7a8c24|e4fdaaaed14e6b11cf622bde87e1da102e5b3257
crypto/heimdal/appl/push/pfrom.1|man1/pfrom.1|5a310cf94b34910a3659183bef3b819f57ca75776f3c3a40fd13d8a389d562dc|5a310cf94b34910a3659183bef3b819f57ca75776f3c3a40fd13d8a389d562dc|ae77177087c655fc883075af4f425b37e032cd05
crypto/heimdal/appl/rcp/rcp.1|man1/rcp.1|8c1d0e72ca32272ebc37a95414d92c737109f838d3051f74864bf9a6fff3f4da|8c1d0e72ca32272ebc37a95414d92c737109f838d3051f74864bf9a6fff3f4da|ae77177087c655fc883075af4f425b37e032cd05
crypto/heimdal/appl/rsh/rsh.1|man1/rsh.1|b8771833db5254092416ed4d1a02b3708ae1662b41d7f514be1fcf53c45ce492|b8771833db5254092416ed4d1a02b3708ae1662b41d7f514be1fcf53c45ce492|fc55c20355d889bf3d3f81d94b3614a0c4253fa0
crypto/heimdal/appl/su/su.1|man1/su.1|1ff0f5618e7ff540a247e2972b27a05a151484fd4cd05003006c6566a2c3ff74|1ff0f5618e7ff540a247e2972b27a05a151484fd4cd05003006c6566a2c3ff74|ae77177087c655fc883075af4f425b37e032cd05
crypto/heimdal/appl/telnet/telnet/telnet.1|man1/telnet.1|f1f747e9d08552d1aa4e81ce5ed55b3ba958c18157a82871399e3842be790b9d|f1f747e9d08552d1aa4e81ce5ed55b3ba958c18157a82871399e3842be790b9d|e4fdaaaed14e6b11cf622bde87e1da102e5b3257
crypto/heimdal/kpasswd/kpasswd.1|man1/kpasswd.1|6430a7e8346df1d1968f5bcc5b6d31ad724f1afeb7338fdf3c7112004a8cdade|6430a7e8346df1d1968f5bcc5b6d31ad724f1afeb7338fdf3c7112004a8cdade|ae77177087c655fc883075af4f425b37e032cd05
crypto/heimdal/kuser/copy_cred_cache.1|man1/copy_cred_cache.1|69b8aee2f88fffd636df8719a605718ad5653bb9c2dfc037a5bcc97b153dd030|69b8aee2f88fffd636df8719a605718ad5653bb9c2dfc037a5bcc97b153dd030|ae77177087c655fc883075af4f425b37e032cd05
crypto/heimdal/kuser/kdestroy.1|man1/kdestroy.1|1471847cf9f833122bb9d506e0b417b455873acc60c60c350fd0b6c5ceaba808|1471847cf9f833122bb9d506e0b417b455873acc60c60c350fd0b6c5ceaba808|ae77177087c655fc883075af4f425b37e032cd05
crypto/heimdal/kuser/kgetcred.1|man1/kgetcred.1|fe1affdd466f39ccae2fdc533eec0de632c094e7180f6a71d0b4ac79f8f8bacb|fe1affdd466f39ccae2fdc533eec0de632c094e7180f6a71d0b4ac79f8f8bacb|ae77177087c655fc883075af4f425b37e032cd05
crypto/heimdal/kuser/kinit.1|man1/kinit.1|b16d1e28b292e9922311022ee9d6f2a2877297c8c8dac310310209757cf153fd|b16d1e28b292e9922311022ee9d6f2a2877297c8c8dac310310209757cf153fd|ae77177087c655fc883075af4f425b37e032cd05
crypto/heimdal/kuser/klist.1|man1/klist.1|e697742463d74c9ea321a730a4c16a9163ab7e4e5d357330396de843bae3de38|e697742463d74c9ea321a730a4c16a9163ab7e4e5d357330396de843bae3de38|ae77177087c655fc883075af4f425b37e032cd05
crypto/heimdal/kuser/kswitch.1|man1/kswitch.1|6f78afac5c7bdf35732ad5b7d3bc28dd8b62bb4554f88e415c22964e57dbb07d|6f78afac5c7bdf35732ad5b7d3bc28dd8b62bb4554f88e415c22964e57dbb07d|ae77177087c655fc883075af4f425b37e032cd05
crypto/heimdal/tools/krb5-config.1|man1/krb5-config.1|86ddcdef5c768d75e2e34538de1b20733ca54387941d9bf0c01099eeeadc8872|86ddcdef5c768d75e2e34538de1b20733ca54387941d9bf0c01099eeeadc8872|ae77177087c655fc883075af4f425b37e032cd05
crypto/krb5/src/util/et/compile_et.1|man1/compile_et.1|0551257f030abd29d04f1f51cf373ecbf354565275edd42bec4390174ca26034|0551257f030abd29d04f1f51cf373ecbf354565275edd42bec4390174ca26034|7f2fe78b9dd5f51c821d771b63d2e096f6fd49e9
crypto/openssh/contrib/ssh-copy-id.1|man1/ssh-copy-id.1|ab85a3d3a7267eba91744582ec53ec5bd778188469bf3bd5900013bdac5ee990|ab85a3d3a7267eba91744582ec53ec5bd778188469bf3bd5900013bdac5ee990|3d9fd9fcb432750f3716b28f6ccb0104cd9d351a
crypto/openssh/scp.1|man1/scp.1|4c085a4e18ca38be759dd69ca3e6bfabb04c6b65eedd512d773f41b63af7ce8e|4c085a4e18ca38be759dd69ca3e6bfabb04c6b65eedd512d773f41b63af7ce8e|644b4646c7acab87dc20d4e5dd53d2d9da152989
crypto/openssh/sftp.1|man1/sftp.1|bccb8b8020cd5522e3923a98e305d5122fc5b280a3ffe90ea380a1fbc13ccd6f|bccb8b8020cd5522e3923a98e305d5122fc5b280a3ffe90ea380a1fbc13ccd6f|8e28d84935f2f0ee081d44f9803f3052b960e50b
crypto/openssh/ssh-add.1|man1/ssh-add.1|5c975f97c765ae1e7ab548c6c64b1472404a4ac3c3f30fa6841cca0ef9f1ff18|5c975f97c765ae1e7ab548c6c64b1472404a4ac3c3f30fa6841cca0ef9f1ff18|2574974648c68c738aec3ff96644d888d7913a37
crypto/openssh/ssh-agent.1|man1/ssh-agent.1|4bc0b8ebde8459e3fba4a2c1be38df4d97debec0b34f4a8956a459cd06347eb0|4bc0b8ebde8459e3fba4a2c1be38df4d97debec0b34f4a8956a459cd06347eb0|bb5c77e9d281d6def6835d48249898764bc6a5fe
crypto/openssh/ssh-keygen.1|man1/ssh-keygen.1|1ad3ac13642bfbfb4ebf15e4ecea02ba1a572993b8c9bb7c7c5325768c3599c3|1ad3ac13642bfbfb4ebf15e4ecea02ba1a572993b8c9bb7c7c5325768c3599c3|bb5c77e9d281d6def6835d48249898764bc6a5fe
crypto/openssh/ssh-keyscan.1|man1/ssh-keyscan.1|93b1bae3b248643af12433f6cfeb5061abc951d47485c026023d0d213e2ad663|93b1bae3b248643af12433f6cfeb5061abc951d47485c026023d0d213e2ad663|bb5c77e9d281d6def6835d48249898764bc6a5fe
crypto/openssh/ssh.1|man1/ssh.1|7164c9fccfe42b653e052e69c042d2c2513d83ddad66f9a89d65f60e04fc0e98|7164c9fccfe42b653e052e69c042d2c2513d83ddad66f9a89d65f60e04fc0e98|336cc041a492b03fde96fd89915ae694cf31b551
libexec/flua/flua.1|man1/flua.1|d8e9c5c46a093fa994e9cc4f2b71eb72237924e519539726ee9baca30e28a73a|d8e9c5c46a093fa994e9cc4f2b71eb72237924e519539726ee9baca30e28a73a|cbe50f7c20cf0ca484d29cf345864a18c29850e7
libexec/rtld-elf/rtld.1|man1/rtld.1|c773b1abb516a24e018ecc617c8d56a46c724308db73adb924faf69fc7c73fe8|c773b1abb516a24e018ecc617c8d56a46c724308db73adb924faf69fc7c73fe8|a8151f196c3cc6af2f8de5682e8522df5986dcd6
sbin/ipf/ipftest/ipftest.1|man1/ipftest.1|433af5567d0a41ba8084021f6f78af904fffd5a7b16869c841bbe46b3fe53d8a|433af5567d0a41ba8084021f6f78af904fffd5a7b16869c841bbe46b3fe53d8a|347dd0539f3a75fdf2128dd4620ca99e96f311e9
sbin/ipf/ipnat/ipnat.1|man1/ipnat.1|ed500f5903afafb845aa02d648f9e6ee8386bf3a602c8367c25bd1580165ca55|ed500f5903afafb845aa02d648f9e6ee8386bf3a602c8367c25bd1580165ca55|e413da1358194fe2e3c75a914b9192ffbc67dfdd
sbin/ipf/ipsend/ipresend.1|man1/ipresend.1|c4a7c01b63580016ee5389d0550ac0cafe77d74a910df5b7b082a604c1a6770d|c4a7c01b63580016ee5389d0550ac0cafe77d74a910df5b7b082a604c1a6770d|e413da1358194fe2e3c75a914b9192ffbc67dfdd
sbin/ipf/ipsend/ipsend.1|man1/ipsend.1|b622b32a4f9715a7e01765d4c5ec595e0a4a2b7a4274c4b58f26dc56a2599cdd|b622b32a4f9715a7e01765d4c5ec595e0a4a2b7a4274c4b58f26dc56a2599cdd|31034044ff27443489cb416ca520c07421712f69
sbin/ipf/ipsend/iptest.1|man1/iptest.1|b7b5ddd7d45af89987f89088f6444baf6e5cea10e15500baf211f74ee65b009e|b7b5ddd7d45af89987f89088f6444baf6e5cea10e15500baf211f74ee65b009e|e413da1358194fe2e3c75a914b9192ffbc67dfdd
sbin/md5/md5.1|man1/md5.1|9b0f58b20150077078ef2656fd1ee8a453bb3bbad630c1194b2a91563f661a87|9b0f58b20150077078ef2656fd1ee8a453bb3bbad630c1194b2a91563f661a87|70fde0ed6bbbb1f84c440190ba1e5435f8c90e13
sbin/recoverdisk/recoverdisk.1|man1/recoverdisk.1|b774ea867384aa686cb9fbb1c11cb645d2c5633e36fc5b79e85a9e327a4dfab2|b774ea867384aa686cb9fbb1c11cb645d2c5633e36fc5b79e85a9e327a4dfab2|2f031534d1347816a7889674b363975d181f8449
secure/usr.bin/openssl/man/CA.pl.1|man1/CA.pl.1|d3ed914352ce20c572af4ccfaa6f1656374256b4a4fe46b1d811696793a090e8|d3ed914352ce20c572af4ccfaa6f1656374256b4a4fe46b1d811696793a090e8|be0569f12f48fe414467cf9cba8627e439ca1cd4
secure/usr.bin/openssl/man/openssl-asn1parse.1|man1/openssl-asn1parse.1|853dfa95da1da7ee7a0d230ddb83b997b1d410ee99a929832c0e6d1ed80e4254|853dfa95da1da7ee7a0d230ddb83b997b1d410ee99a929832c0e6d1ed80e4254|be0569f12f48fe414467cf9cba8627e439ca1cd4
secure/usr.bin/openssl/man/openssl-ca.1|man1/openssl-ca.1|23b19bc475e2a0ad4634f2d9ef4ec87d3df6c7e37dfff061d7d35138780fabed|23b19bc475e2a0ad4634f2d9ef4ec87d3df6c7e37dfff061d7d35138780fabed|be0569f12f48fe414467cf9cba8627e439ca1cd4
secure/usr.bin/openssl/man/openssl-ciphers.1|man1/openssl-ciphers.1|ae3632514fc01c8c4830086c04fb8fceb9778431745f7cf56f4460a1e3297920|ae3632514fc01c8c4830086c04fb8fceb9778431745f7cf56f4460a1e3297920|be0569f12f48fe414467cf9cba8627e439ca1cd4
secure/usr.bin/openssl/man/openssl-cmds.1|man1/openssl-cmds.1|eccdd4880fac64a575e68e49c7862e9d0390c9b05dea5a8039b2c5b453e97eba|eccdd4880fac64a575e68e49c7862e9d0390c9b05dea5a8039b2c5b453e97eba|be0569f12f48fe414467cf9cba8627e439ca1cd4
secure/usr.bin/openssl/man/openssl-cmp.1|man1/openssl-cmp.1|c6796baf7a798958203dff64ae610af93c2b195ab5484c25329f604333c86cf1|c6796baf7a798958203dff64ae610af93c2b195ab5484c25329f604333c86cf1|be0569f12f48fe414467cf9cba8627e439ca1cd4
secure/usr.bin/openssl/man/openssl-cms.1|man1/openssl-cms.1|9bf722c864c47aef50e1173ff2a5fed8b027902db654c62c63ad673b42044572|9bf722c864c47aef50e1173ff2a5fed8b027902db654c62c63ad673b42044572|be0569f12f48fe414467cf9cba8627e439ca1cd4
secure/usr.bin/openssl/man/openssl-crl.1|man1/openssl-crl.1|32ac5fad141bf631d32ad60b1a741a0bd1fb19caca81967ec2ac0a6fb0f9b9b5|32ac5fad141bf631d32ad60b1a741a0bd1fb19caca81967ec2ac0a6fb0f9b9b5|be0569f12f48fe414467cf9cba8627e439ca1cd4
secure/usr.bin/openssl/man/openssl-crl2pkcs7.1|man1/openssl-crl2pkcs7.1|422e9eae6b4e42037c6add6cf16f53ad3f4ab3696191528eccb472466c7bd05c|422e9eae6b4e42037c6add6cf16f53ad3f4ab3696191528eccb472466c7bd05c|be0569f12f48fe414467cf9cba8627e439ca1cd4
secure/usr.bin/openssl/man/openssl-dgst.1|man1/openssl-dgst.1|9ac8d56ae072e351598512c10f352570b2e7163156c310050578de1a5d943c50|9ac8d56ae072e351598512c10f352570b2e7163156c310050578de1a5d943c50|be0569f12f48fe414467cf9cba8627e439ca1cd4
secure/usr.bin/openssl/man/openssl-dhparam.1|man1/openssl-dhparam.1|06ab0e16986864db851e878dbc67f0f2b66c8678ea9dcc8a975ef6df1201bf49|06ab0e16986864db851e878dbc67f0f2b66c8678ea9dcc8a975ef6df1201bf49|be0569f12f48fe414467cf9cba8627e439ca1cd4
secure/usr.bin/openssl/man/openssl-dsa.1|man1/openssl-dsa.1|2190f924f727f43d57d11ec29d568e73b3e30c924c417c57aa30e64656258655|2190f924f727f43d57d11ec29d568e73b3e30c924c417c57aa30e64656258655|be0569f12f48fe414467cf9cba8627e439ca1cd4
secure/usr.bin/openssl/man/openssl-dsaparam.1|man1/openssl-dsaparam.1|4730802b633c8b8cf1357574cb76a76ad65738246b22b756160d17573c0d6f97|4730802b633c8b8cf1357574cb76a76ad65738246b22b756160d17573c0d6f97|be0569f12f48fe414467cf9cba8627e439ca1cd4
secure/usr.bin/openssl/man/openssl-ec.1|man1/openssl-ec.1|0ee407e0c24f4e0c6922f40321861439147ec9e7b5d34788a48b197c1787920c|0ee407e0c24f4e0c6922f40321861439147ec9e7b5d34788a48b197c1787920c|be0569f12f48fe414467cf9cba8627e439ca1cd4
secure/usr.bin/openssl/man/openssl-ecparam.1|man1/openssl-ecparam.1|84c36b5fd27342c62bb84f188ff74ce8fb8f54b4bbe17eba437638f300b72286|84c36b5fd27342c62bb84f188ff74ce8fb8f54b4bbe17eba437638f300b72286|be0569f12f48fe414467cf9cba8627e439ca1cd4
secure/usr.bin/openssl/man/openssl-enc.1|man1/openssl-enc.1|ad9fef8b967e12b3de0ad17f5ac5a356093816eadcb515aad1f5e6a61f1087fb|ad9fef8b967e12b3de0ad17f5ac5a356093816eadcb515aad1f5e6a61f1087fb|be0569f12f48fe414467cf9cba8627e439ca1cd4
secure/usr.bin/openssl/man/openssl-engine.1|man1/openssl-engine.1|2d706d0b4856e110cf30e1de46f0f5236b3303065ce3591965e081b922f282f2|2d706d0b4856e110cf30e1de46f0f5236b3303065ce3591965e081b922f282f2|be0569f12f48fe414467cf9cba8627e439ca1cd4
secure/usr.bin/openssl/man/openssl-errstr.1|man1/openssl-errstr.1|739d0b258d2dd14ea347c5000081cef4396e44a5ca694000dd078c9c0e767df2|739d0b258d2dd14ea347c5000081cef4396e44a5ca694000dd078c9c0e767df2|be0569f12f48fe414467cf9cba8627e439ca1cd4
secure/usr.bin/openssl/man/openssl-fipsinstall.1|man1/openssl-fipsinstall.1|2159a0235ab04a522a773b66b3920e8d0a189ba36014bebccef70f3df283ea37|2159a0235ab04a522a773b66b3920e8d0a189ba36014bebccef70f3df283ea37|be0569f12f48fe414467cf9cba8627e439ca1cd4
secure/usr.bin/openssl/man/openssl-format-options.1|man1/openssl-format-options.1|9b9c2d4264087ef2e460bbffee7d1e7fa56894f07a9f9992108822c7c7ef97b8|9b9c2d4264087ef2e460bbffee7d1e7fa56894f07a9f9992108822c7c7ef97b8|be0569f12f48fe414467cf9cba8627e439ca1cd4
secure/usr.bin/openssl/man/openssl-gendsa.1|man1/openssl-gendsa.1|420a3c7d8eaa47f65ea90b7b4f9bfcee498afee7d38cbaa43021e7fa0938edec|420a3c7d8eaa47f65ea90b7b4f9bfcee498afee7d38cbaa43021e7fa0938edec|be0569f12f48fe414467cf9cba8627e439ca1cd4
secure/usr.bin/openssl/man/openssl-genpkey.1|man1/openssl-genpkey.1|ee8fd8914abde6837359e18480ae1a6d73989e314440bfff71b006c471c5916b|ee8fd8914abde6837359e18480ae1a6d73989e314440bfff71b006c471c5916b|be0569f12f48fe414467cf9cba8627e439ca1cd4
secure/usr.bin/openssl/man/openssl-genrsa.1|man1/openssl-genrsa.1|a6097730f831f99189c2481afe8f366b6e4737f6aa9cfc5dccd4544a2efc4b0a|a6097730f831f99189c2481afe8f366b6e4737f6aa9cfc5dccd4544a2efc4b0a|be0569f12f48fe414467cf9cba8627e439ca1cd4
secure/usr.bin/openssl/man/openssl-info.1|man1/openssl-info.1|14821d082c783bd50879af6cbb383afb882a22b8afe47a7cfc17985522f054c2|14821d082c783bd50879af6cbb383afb882a22b8afe47a7cfc17985522f054c2|be0569f12f48fe414467cf9cba8627e439ca1cd4
secure/usr.bin/openssl/man/openssl-kdf.1|man1/openssl-kdf.1|93da984228864c62d4ffd121cee0821b41a9283365cf165ee898288ea10854b7|93da984228864c62d4ffd121cee0821b41a9283365cf165ee898288ea10854b7|be0569f12f48fe414467cf9cba8627e439ca1cd4
secure/usr.bin/openssl/man/openssl-list.1|man1/openssl-list.1|73ae77a1226d4c930d8f8c4749d928ae955d814b0a08e4571d61162b229c145f|73ae77a1226d4c930d8f8c4749d928ae955d814b0a08e4571d61162b229c145f|be0569f12f48fe414467cf9cba8627e439ca1cd4
secure/usr.bin/openssl/man/openssl-mac.1|man1/openssl-mac.1|1689cecb93878291782f6ec3aa5ed30d3bd2a3c6a9a97144af73a53afb31b616|1689cecb93878291782f6ec3aa5ed30d3bd2a3c6a9a97144af73a53afb31b616|be0569f12f48fe414467cf9cba8627e439ca1cd4
secure/usr.bin/openssl/man/openssl-namedisplay-options.1|man1/openssl-namedisplay-options.1|ccba58394db530ad0ae2f2579619c6a4dc3ef66318848d8ad787191d0cfa754e|ccba58394db530ad0ae2f2579619c6a4dc3ef66318848d8ad787191d0cfa754e|be0569f12f48fe414467cf9cba8627e439ca1cd4
secure/usr.bin/openssl/man/openssl-nseq.1|man1/openssl-nseq.1|764bb9722363f917c923d30d97968bebe937c5e5c358110f97d7fcc4c0e08e8b|764bb9722363f917c923d30d97968bebe937c5e5c358110f97d7fcc4c0e08e8b|be0569f12f48fe414467cf9cba8627e439ca1cd4
secure/usr.bin/openssl/man/openssl-ocsp.1|man1/openssl-ocsp.1|c7bb5b74cdd1c503923528018d02fdcb178ef58061f56430907888a319dcb75c|c7bb5b74cdd1c503923528018d02fdcb178ef58061f56430907888a319dcb75c|be0569f12f48fe414467cf9cba8627e439ca1cd4
secure/usr.bin/openssl/man/openssl-passphrase-options.1|man1/openssl-passphrase-options.1|211193451220ce2de37941b5e029c32759e1c6a636f11b351e7c9e2304a5a708|211193451220ce2de37941b5e029c32759e1c6a636f11b351e7c9e2304a5a708|be0569f12f48fe414467cf9cba8627e439ca1cd4
secure/usr.bin/openssl/man/openssl-passwd.1|man1/openssl-passwd.1|508f950089df7a68b9af68a6e7de20340f4efa139ce59e4f7cec4b61cba25814|508f950089df7a68b9af68a6e7de20340f4efa139ce59e4f7cec4b61cba25814|be0569f12f48fe414467cf9cba8627e439ca1cd4
secure/usr.bin/openssl/man/openssl-pkcs12.1|man1/openssl-pkcs12.1|17dc9c35c3bddd768baf15170d24f923467acc0aea43829ea02fd59502525fc1|17dc9c35c3bddd768baf15170d24f923467acc0aea43829ea02fd59502525fc1|be0569f12f48fe414467cf9cba8627e439ca1cd4
secure/usr.bin/openssl/man/openssl-pkcs7.1|man1/openssl-pkcs7.1|c087c27925748030851f5e8bb9b66d145ccec34a0ae472cac14903d54aeb65e6|c087c27925748030851f5e8bb9b66d145ccec34a0ae472cac14903d54aeb65e6|be0569f12f48fe414467cf9cba8627e439ca1cd4
secure/usr.bin/openssl/man/openssl-pkcs8.1|man1/openssl-pkcs8.1|bfe281e35e0126c4a9eddc2ea93034913238b6079b8c89d419b54d2cc038d24b|bfe281e35e0126c4a9eddc2ea93034913238b6079b8c89d419b54d2cc038d24b|be0569f12f48fe414467cf9cba8627e439ca1cd4
secure/usr.bin/openssl/man/openssl-pkey.1|man1/openssl-pkey.1|8ac006c835d6b968bdf4861c6fd81324b0b9ddbdfb8a8b7a8991ac7d295a3875|8ac006c835d6b968bdf4861c6fd81324b0b9ddbdfb8a8b7a8991ac7d295a3875|be0569f12f48fe414467cf9cba8627e439ca1cd4
secure/usr.bin/openssl/man/openssl-pkeyparam.1|man1/openssl-pkeyparam.1|c36ec110ce751ad285c5a45baaf04dba89aef192b6af5c0c5bc765bdc57d83fd|c36ec110ce751ad285c5a45baaf04dba89aef192b6af5c0c5bc765bdc57d83fd|be0569f12f48fe414467cf9cba8627e439ca1cd4
secure/usr.bin/openssl/man/openssl-pkeyutl.1|man1/openssl-pkeyutl.1|d7730c5a5b880817be3293db020bec899e9c92b411ce5efaf2df2ab0da20052d|d7730c5a5b880817be3293db020bec899e9c92b411ce5efaf2df2ab0da20052d|be0569f12f48fe414467cf9cba8627e439ca1cd4
secure/usr.bin/openssl/man/openssl-prime.1|man1/openssl-prime.1|69495e8b2d545fdf6f2bb730fb3625754dae3c66ea3baa861b0067643acd088e|69495e8b2d545fdf6f2bb730fb3625754dae3c66ea3baa861b0067643acd088e|be0569f12f48fe414467cf9cba8627e439ca1cd4
secure/usr.bin/openssl/man/openssl-rand.1|man1/openssl-rand.1|3c7603afeee3d523cb5ef2a65240d64d42220659105b45652d3e146141b6a4bc|3c7603afeee3d523cb5ef2a65240d64d42220659105b45652d3e146141b6a4bc|be0569f12f48fe414467cf9cba8627e439ca1cd4
secure/usr.bin/openssl/man/openssl-rehash.1|man1/openssl-rehash.1|13b4bd1982e0184c27d2ae202e0d1e1a621f63cc72e9b4d306e4426c23d043fc|13b4bd1982e0184c27d2ae202e0d1e1a621f63cc72e9b4d306e4426c23d043fc|be0569f12f48fe414467cf9cba8627e439ca1cd4
secure/usr.bin/openssl/man/openssl-req.1|man1/openssl-req.1|a705792593a6f5e17383f890afb30a6b0540da375686dcacf3b5e22e3825f57f|a705792593a6f5e17383f890afb30a6b0540da375686dcacf3b5e22e3825f57f|be0569f12f48fe414467cf9cba8627e439ca1cd4
secure/usr.bin/openssl/man/openssl-rsa.1|man1/openssl-rsa.1|a1e0f827a18c10262ad37f76a5f0af0090e98fdc23dbadb5479d1c016ccbd6d5|a1e0f827a18c10262ad37f76a5f0af0090e98fdc23dbadb5479d1c016ccbd6d5|be0569f12f48fe414467cf9cba8627e439ca1cd4
secure/usr.bin/openssl/man/openssl-rsautl.1|man1/openssl-rsautl.1|63954233a242aaee9e36354c8d52d132687bfa4fd630fa1f5a773149ac86b289|63954233a242aaee9e36354c8d52d132687bfa4fd630fa1f5a773149ac86b289|be0569f12f48fe414467cf9cba8627e439ca1cd4
secure/usr.bin/openssl/man/openssl-s_client.1|man1/openssl-s_client.1|35f28c83c8d771866aa1bdf86435c7ded3922a0e82c389a949d05ccd23796590|35f28c83c8d771866aa1bdf86435c7ded3922a0e82c389a949d05ccd23796590|be0569f12f48fe414467cf9cba8627e439ca1cd4
secure/usr.bin/openssl/man/openssl-s_server.1|man1/openssl-s_server.1|cceb0b0c3ce24708a5235ff8b86213790f8272c2972793040b240694a4addb9f|cceb0b0c3ce24708a5235ff8b86213790f8272c2972793040b240694a4addb9f|be0569f12f48fe414467cf9cba8627e439ca1cd4
secure/usr.bin/openssl/man/openssl-s_time.1|man1/openssl-s_time.1|51f98ff47984a92c122dd5e2a2d7c860dbfa76eb9886eadbcd18b7634048a842|51f98ff47984a92c122dd5e2a2d7c860dbfa76eb9886eadbcd18b7634048a842|be0569f12f48fe414467cf9cba8627e439ca1cd4
secure/usr.bin/openssl/man/openssl-sess_id.1|man1/openssl-sess_id.1|13eeecf3344b9e5a3f8558fe0d167d43e208d14d04657551c405055f64c3ea18|13eeecf3344b9e5a3f8558fe0d167d43e208d14d04657551c405055f64c3ea18|be0569f12f48fe414467cf9cba8627e439ca1cd4
secure/usr.bin/openssl/man/openssl-skeyutl.1|man1/openssl-skeyutl.1|682f54bef3307b9700288cedd0ed6f913c79a1872dc8f90afb01614a8c075cb4|682f54bef3307b9700288cedd0ed6f913c79a1872dc8f90afb01614a8c075cb4|be0569f12f48fe414467cf9cba8627e439ca1cd4
secure/usr.bin/openssl/man/openssl-smime.1|man1/openssl-smime.1|ed8409a36c9c61b65d2125b6d3f1677f8a55118216ea4903e5c59442bd3306a2|ed8409a36c9c61b65d2125b6d3f1677f8a55118216ea4903e5c59442bd3306a2|be0569f12f48fe414467cf9cba8627e439ca1cd4
secure/usr.bin/openssl/man/openssl-speed.1|man1/openssl-speed.1|a2c5ee934f74f9aac9c9af5fe87e4ee72431c834abb9cc0bf966837d3999ddf4|a2c5ee934f74f9aac9c9af5fe87e4ee72431c834abb9cc0bf966837d3999ddf4|be0569f12f48fe414467cf9cba8627e439ca1cd4
secure/usr.bin/openssl/man/openssl-spkac.1|man1/openssl-spkac.1|22572a2849a04135b7cecbf3788efe9ad34ff500416a772b9c1f6cbf30e8be04|22572a2849a04135b7cecbf3788efe9ad34ff500416a772b9c1f6cbf30e8be04|be0569f12f48fe414467cf9cba8627e439ca1cd4
secure/usr.bin/openssl/man/openssl-srp.1|man1/openssl-srp.1|2bd38ce9d0a63346b34ef71593fcb7a2176bb6b182e8aa2c668b0b7ff6cb851c|2bd38ce9d0a63346b34ef71593fcb7a2176bb6b182e8aa2c668b0b7ff6cb851c|be0569f12f48fe414467cf9cba8627e439ca1cd4
secure/usr.bin/openssl/man/openssl-storeutl.1|man1/openssl-storeutl.1|41d4ee711aa1aaecf3397eaf0e01541936b16980153517809d79c0d2c1309047|41d4ee711aa1aaecf3397eaf0e01541936b16980153517809d79c0d2c1309047|be0569f12f48fe414467cf9cba8627e439ca1cd4
secure/usr.bin/openssl/man/openssl-ts.1|man1/openssl-ts.1|621d66ba4ac8d930059454490a9578223005fbfbd1cd47d2daf27aac57e0a582|621d66ba4ac8d930059454490a9578223005fbfbd1cd47d2daf27aac57e0a582|be0569f12f48fe414467cf9cba8627e439ca1cd4
secure/usr.bin/openssl/man/openssl-verification-options.1|man1/openssl-verification-options.1|36ec59f74e6edf6064a43001ecebf322a5f52cb290cae26f002cc7ba119b788e|36ec59f74e6edf6064a43001ecebf322a5f52cb290cae26f002cc7ba119b788e|be0569f12f48fe414467cf9cba8627e439ca1cd4
secure/usr.bin/openssl/man/openssl-verify.1|man1/openssl-verify.1|0ddaabbe318d5ae1d4cdbb245fb91699fa4a44f45c1cd38cef96833f16cee5eb|0ddaabbe318d5ae1d4cdbb245fb91699fa4a44f45c1cd38cef96833f16cee5eb|be0569f12f48fe414467cf9cba8627e439ca1cd4
secure/usr.bin/openssl/man/openssl-version.1|man1/openssl-version.1|da0a95fc7a93425354254d9b474352b820ac3d6eca2331987a7feac64bf68751|da0a95fc7a93425354254d9b474352b820ac3d6eca2331987a7feac64bf68751|be0569f12f48fe414467cf9cba8627e439ca1cd4
secure/usr.bin/openssl/man/openssl-x509.1|man1/openssl-x509.1|fa814fef2c7249d17fd69c12bfa2a6b1a5f63789b487934ab091369cf248125c|fa814fef2c7249d17fd69c12bfa2a6b1a5f63789b487934ab091369cf248125c|be0569f12f48fe414467cf9cba8627e439ca1cd4
secure/usr.bin/openssl/man/openssl.1|man1/openssl.1|3947469f971493b1b96226799d646725a8d5faf5228bc61fa3347bbdf989d7e9|3947469f971493b1b96226799d646725a8d5faf5228bc61fa3347bbdf989d7e9|be0569f12f48fe414467cf9cba8627e439ca1cd4
secure/usr.bin/openssl/man/tsget.1|man1/tsget.1|c6be4ac4124edcb2134b877d49ca85c1e2f223d6385678ac5a34290abb615ef4|c6be4ac4124edcb2134b877d49ca85c1e2f223d6385678ac5a34290abb615ef4|be0569f12f48fe414467cf9cba8627e439ca1cd4
share/examples/ipfilter/mkfilters.1|man1/mkfilters.1|5870d60dd4a97a5307c7627419c0bf58ecb777eb0c16735aecd72254916241df|5870d60dd4a97a5307c7627419c0bf58ecb777eb0c16735aecd72254916241df|b2c76c41be32f904179efed29c0ca04d53f3996c
share/examples/mdoc/example.1|man1/example.1|6a3f64f581b1adff6c9181b51f8c0865fbfe3b722725cb20709be4bd4767f2b4|6a3f64f581b1adff6c9181b51f8c0865fbfe3b722725cb20709be4bd4767f2b4|067b62bd5834484c927038aff28d36da6c5d6cca
share/man/man1/builtin.1|man1/builtin.1|2c37b7d9a4d970c7839603d1d649e293b3b958fba058cb8150e99c92da19396f|2c37b7d9a4d970c7839603d1d649e293b3b958fba058cb8150e99c92da19396f|e54a1ef4ebdf1ea606eb0e00cf2345f9c0db7a7f
share/man/man1/intro.1|man1/intro.1|1c11ba7a3923150bc9c9a29cf491a978f5aa3fd1ec2e2d05cd52a39b9fea4d2e|1c11ba7a3923150bc9c9a29cf491a978f5aa3fd1ec2e2d05cd52a39b9fea4d2e|cc0af6d5a6c2b10b8655945abdd4ab110cb11998
sys/contrib/openzfs/man/man1/cstyle.1|man1/cstyle.1|add08b89b845ed69f27d7de83071583dcbb95bf66b61aad4517442c5f8964f88|add08b89b845ed69f27d7de83071583dcbb95bf66b61aad4517442c5f8964f88|22649d4dba730d46244fd2dff4fd174903c8379f
sys/contrib/openzfs/man/man1/dbufstat.1|man1/dbufstat.1|0f6bb28cbe2be92de24f8c54684a13aa46c43ffe55b2791d64c4b60931ca0157|0f6bb28cbe2be92de24f8c54684a13aa46c43ffe55b2791d64c4b60931ca0157|22649d4dba730d46244fd2dff4fd174903c8379f
sys/contrib/openzfs/man/man1/raidz_test.1|man1/raidz_test.1|0e98bf2b3c984917336deea5b918f93f21ea97bf85759ef9120d4da744464451|0e98bf2b3c984917336deea5b918f93f21ea97bf85759ef9120d4da744464451|22649d4dba730d46244fd2dff4fd174903c8379f
sys/contrib/openzfs/man/man1/test-runner.1|man1/test-runner.1|6c2483f2c2362bc426d90f464f0eabfe633cea721a100e62d5a8fe2f594255af|6c2483f2c2362bc426d90f464f0eabfe633cea721a100e62d5a8fe2f594255af|22649d4dba730d46244fd2dff4fd174903c8379f
sys/contrib/openzfs/man/man1/zarcstat.1|man1/zarcstat.1|d329346ab41ea80fa0dc52640de06720b63fdf11bca0430908b8df665141d246|d329346ab41ea80fa0dc52640de06720b63fdf11bca0430908b8df665141d246|22649d4dba730d46244fd2dff4fd174903c8379f
sys/contrib/openzfs/man/man1/zarcsummary.1|man1/zarcsummary.1|24f1b1cbf7bab0b783eb74a3aa18a11a7c7478968a0c48682a23121b719f1c19|24f1b1cbf7bab0b783eb74a3aa18a11a7c7478968a0c48682a23121b719f1c19|22649d4dba730d46244fd2dff4fd174903c8379f
sys/contrib/openzfs/man/man1/zhack.1|man1/zhack.1|eeeeba8e1481a4209afb3d0fe406f53244d3a80f46019e3f414d0bb24810b129|eeeeba8e1481a4209afb3d0fe406f53244d3a80f46019e3f414d0bb24810b129|2f10ffc003be396f3fc23cd2888023896560252b
sys/contrib/openzfs/man/man1/zilstat.1|man1/zilstat.1|41fc770930a2b753b2f9690fc3cb18dfd6146403769ec6aaa5c2a95be198114f|41fc770930a2b753b2f9690fc3cb18dfd6146403769ec6aaa5c2a95be198114f|22649d4dba730d46244fd2dff4fd174903c8379f
sys/contrib/openzfs/man/man1/ztest.1|man1/ztest.1|d939dcdaae1c324e8350bdd401d2733d1e01e3f286339762080dbf23157f3664|d939dcdaae1c324e8350bdd401d2733d1e01e3f286339762080dbf23157f3664|2f10ffc003be396f3fc23cd2888023896560252b
sys/contrib/openzfs/man/man1/zvol_wait.1|man1/zvol_wait.1|017efac1cedaea32bd5f0cf769e858a5656f5ab098a86fb80c2f02e7aefcdcbc|017efac1cedaea32bd5f0cf769e858a5656f5ab098a86fb80c2f02e7aefcdcbc|22649d4dba730d46244fd2dff4fd174903c8379f
sys/contrib/zstd/programs/zstd.1|man1/zstd.1|f3b554a8686f19266ed0a0de2b08d21f4fe278777e60aa1ab7f5abbe14be9220|f3b554a8686f19266ed0a0de2b08d21f4fe278777e60aa1ab7f5abbe14be9220|c0d9a07101a1e72769ee0619a583f63a078fb391
sys/contrib/zstd/programs/zstdgrep.1|man1/zstdgrep.1|48f849487660645500f3082c9371984b6248772b6e3af2650be59c7f30bc549d|48f849487660645500f3082c9371984b6248772b6e3af2650be59c7f30bc549d|c0d9a07101a1e72769ee0619a583f63a078fb391
sys/contrib/zstd/programs/zstdless.1|man1/zstdless.1|38166f9eb8d93b36e29eb795ca6fa514d6ddddec78e3744b3ee6f1e6c413468c|38166f9eb8d93b36e29eb795ca6fa514d6ddddec78e3744b3ee6f1e6c413468c|c0d9a07101a1e72769ee0619a583f63a078fb391
tools/tools/ath/athrd/athrd.1|man1/athrd.1|d941c1b035e44c8412f6fa61ee180cbc40052800d4aaf7ce5aa0f31cbbc5c7aa|d941c1b035e44c8412f6fa61ee180cbc40052800d4aaf7ce5aa0f31cbbc5c7aa|fa9896e082a1046ff4fbc75fcba4d18d1f2efc19
tools/tools/ether_reflect/ether_reflect.1|man1/ether_reflect.1|eec1622d2c01ee8bc7a261356758b7bec8942c5b928429530e1b3417eee8fb51|eec1622d2c01ee8bc7a261356758b7bec8942c5b928429530e1b3417eee8fb51|6e1fc0118033f42b7c0d3623c8f67a89ebecabb2
tools/tools/fixwhite/fixwhite.1|man1/fixwhite.1|bbce68df307b6dd0ba23197397660380f18958fae65ae806cff11a7458fce0dd|bbce68df307b6dd0ba23197397660380f18958fae65ae806cff11a7458fce0dd|fa9896e082a1046ff4fbc75fcba4d18d1f2efc19
tools/tools/git/git-arc.1|man1/git-arc.1|7e621dbc7bed8ff333c735484909233b946685b3edae26b7cd6fcc05a6ad879b|7e621dbc7bed8ff333c735484909233b946685b3edae26b7cd6fcc05a6ad879b|f86c3e6de4795cb8b44d104635eb39e1f63209b4
tools/tools/git/git-mfc.1|man1/git-mfc.1|f1825d9390ad44b643b20390d4479d71bfc1da5ea8bd254b9ee7adf9c1e68d19|f1825d9390ad44b643b20390d4479d71bfc1da5ea8bd254b9ee7adf9c1e68d19|a7677a680f21e15bd67b29b0948538879320c451
tools/tools/mcgrab/mcgrab.1|man1/mcgrab.1|4b3c8e1e7ae79299cd895a32a3df7418d040e4059ebd7aac3fa3a84c7bc13fbf|4b3c8e1e7ae79299cd895a32a3df7418d040e4059ebd7aac3fa3a84c7bc13fbf|fa9896e082a1046ff4fbc75fcba4d18d1f2efc19
tools/tools/mctest/mctest.1|man1/mctest.1|dd3bb5edfe4dfd3c28803fabb1b734def26919200a9d2c4aa6d6dff40a89f0c5|dd3bb5edfe4dfd3c28803fabb1b734def26919200a9d2c4aa6d6dff40a89f0c5|fa9896e082a1046ff4fbc75fcba4d18d1f2efc19
usr.bin/apply/apply.1|man1/apply.1|a7b630445aacf832bec5972fd1100eabea5971d0c7eb68f617cc336cb610c87e|a7b630445aacf832bec5972fd1100eabea5971d0c7eb68f617cc336cb610c87e|dc140a9fc151f3717bce2157f49070daafa13ec0
usr.bin/ar/ar.1|man1/ar.1|7d68cf4cbc2444d26c3bda6fbb5169204445f23777cbed374454b6860ee8a493|7d68cf4cbc2444d26c3bda6fbb5169204445f23777cbed374454b6860ee8a493|fa9896e082a1046ff4fbc75fcba4d18d1f2efc19
usr.bin/asa/asa.1|man1/asa.1|c72e850cad5e0de39d471473d820477639adfffc97e573cb29a59ecc76b367fb|c72e850cad5e0de39d471473d820477639adfffc97e573cb29a59ecc76b367fb|58d9d2f8daef8f646372efd6e87a7d4f5e05656b
usr.bin/awk/awk.1|man1/awk.1|161399fb11d9db099da4c1cdeaa16070c316218c99b6a337daf327261cac0539|161399fb11d9db099da4c1cdeaa16070c316218c99b6a337daf327261cac0539|e7a04a110724183c72e25c5c8461f89f50b4d08a
usr.bin/basename/basename.1|man1/basename.1|d68468aafd9e05f4ad9398e174774dbf19337a5b6d7f2ab999f06c008d74486e|d68468aafd9e05f4ad9398e174774dbf19337a5b6d7f2ab999f06c008d74486e|bdcbfde31e8e9b343f113a1956384bdf30d1ed62
usr.bin/beep/beep.1|man1/beep.1|847c315d0b350759b068b12b39c99de7386d796fee78355a7689ff2e95229d29|847c315d0b350759b068b12b39c99de7386d796fee78355a7689ff2e95229d29|55d98b024f25403f60efe04f90a391014b6bc388
usr.bin/biff/biff.1|man1/biff.1|1eb9628862353e0c122d1f0a58a4c2c84602afd8cb0eb51287948a4bddf6ac7c|1eb9628862353e0c122d1f0a58a4c2c84602afd8cb0eb51287948a4bddf6ac7c|bdcbfde31e8e9b343f113a1956384bdf30d1ed62
usr.bin/bintrans/bintrans.1|man1/bintrans.1|f6592a358a3ac962673b1d5bf80000ec0386bf876f464b3fc3a19779d3e9eb8d|f6592a358a3ac962673b1d5bf80000ec0386bf876f464b3fc3a19779d3e9eb8d|491db92a1751ae3546cee4e73f43d7146cc9dc9d
usr.bin/bluetooth/bthost/bthost.1|man1/bthost.1|878c03fc307dd4c7333cf30716423396b745efc33f2917872395857c8b099ca1|878c03fc307dd4c7333cf30716423396b745efc33f2917872395857c8b099ca1|b2c76c41be32f904179efed29c0ca04d53f3996c
usr.bin/bluetooth/btsockstat/btsockstat.1|man1/btsockstat.1|6ea1ef382e99aee7929f00a35e03ab0df41b703f8993f458fef2443f01a47966|6ea1ef382e99aee7929f00a35e03ab0df41b703f8993f458fef2443f01a47966|b2c76c41be32f904179efed29c0ca04d53f3996c
usr.bin/bluetooth/rfcomm_sppd/rfcomm_sppd.1|man1/rfcomm_sppd.1|dacaf67ff3aaedeab7ddddf1945935470c4ec373c190470c91cc68ea67f1ab9e|dacaf67ff3aaedeab7ddddf1945935470c4ec373c190470c91cc68ea67f1ab9e|b2c76c41be32f904179efed29c0ca04d53f3996c
usr.bin/brandelf/brandelf.1|man1/brandelf.1|fbe7a585037b174b5efc50ffa7a9618e06f7148d7f0dce48382d9374bbeb2b43|fbe7a585037b174b5efc50ffa7a9618e06f7148d7f0dce48382d9374bbeb2b43|fa9896e082a1046ff4fbc75fcba4d18d1f2efc19
usr.bin/bsdiff/bsdiff/bsdiff.1|man1/bsdiff.1|20930091df3bb27a7408274ef8381fe462d91eabd1899b3d79602cd038f0452f|20930091df3bb27a7408274ef8381fe462d91eabd1899b3d79602cd038f0452f|fa9896e082a1046ff4fbc75fcba4d18d1f2efc19
usr.bin/bsdiff/bspatch/bspatch.1|man1/bspatch.1|4c75e802364aa0b235fffcc31d13f7f06dff3a55c98f81568bcd49c5feb0eed5|4c75e802364aa0b235fffcc31d13f7f06dff3a55c98f81568bcd49c5feb0eed5|fa9896e082a1046ff4fbc75fcba4d18d1f2efc19
usr.bin/c89/c89.1|man1/c89.1|ca91803a833837818a3d8019b085d80a4e8bfe50f645e45149b42d27582b0f83|ca91803a833837818a3d8019b085d80a4e8bfe50f645e45149b42d27582b0f83|fa9896e082a1046ff4fbc75fcba4d18d1f2efc19
usr.bin/c99/c99.1|man1/c99.1|76286415a0b83fffa03612072ae08913933af839720ebace11c87605afdf4499|76286415a0b83fffa03612072ae08913933af839720ebace11c87605afdf4499|b2c76c41be32f904179efed29c0ca04d53f3996c
usr.bin/calendar/calendar.1|man1/calendar.1|3bf3160f59815973a0438018bfedbfef78ac5dcec1b7729a39cdbbb4cba1b853|3bf3160f59815973a0438018bfedbfef78ac5dcec1b7729a39cdbbb4cba1b853|0a82cd4f101c5eb8533a0049aaa3f06f005cf8af
usr.bin/cap_mkdb/cap_mkdb.1|man1/cap_mkdb.1|9eb612772e568a8b42a476a4008a5dd87ca329c3e80c8a9df37d228f9cf28c58|9eb612772e568a8b42a476a4008a5dd87ca329c3e80c8a9df37d228f9cf28c58|bdcbfde31e8e9b343f113a1956384bdf30d1ed62
usr.bin/chpass/chpass.1|man1/chpass.1|63bdda0a40d40a77f497e871b75685d24a9b3d30612ca51b35bf6e0b08628c72|63bdda0a40d40a77f497e871b75685d24a9b3d30612ca51b35bf6e0b08628c72|dc140a9fc151f3717bce2157f49070daafa13ec0
usr.bin/cksum/cksum.1|man1/cksum.1|a2c15d000918a12a021cd93dece352cf5cd3541cdd0d385718e82e2a23107a65|a2c15d000918a12a021cd93dece352cf5cd3541cdd0d385718e82e2a23107a65|70445a8061226ad46a7079ce8ad96e89ae45d6c5
usr.bin/clang/bugpoint/bugpoint.1|man1/bugpoint.1|84e3a11b37f4fa7d7b8cc3fb675d57ebd3c4b9cf2d74962224de4ca46264f010|84e3a11b37f4fa7d7b8cc3fb675d57ebd3c4b9cf2d74962224de4ca46264f010|a324c34037ef2e1101962fca4ad0c021253288e1
usr.bin/clang/clang/clang.1|man1/clang.1|ecd67e68e0ff6a1bdbfae38854e0586ea6a06dfd4429cd635361fcfdf983d24f|ecd67e68e0ff6a1bdbfae38854e0586ea6a06dfd4429cd635361fcfdf983d24f|a324c34037ef2e1101962fca4ad0c021253288e1
usr.bin/clang/llc/llc.1|man1/llc.1|73ea918f4447372bb83979e36e9eb8c01f025a895401c055a5466e052e24a6e5|73ea918f4447372bb83979e36e9eb8c01f025a895401c055a5466e052e24a6e5|a324c34037ef2e1101962fca4ad0c021253288e1
usr.bin/clang/lldb-server/lldb-server.1|man1/lldb-server.1|841194ee11a142714ba191f64c2ba761da7408d6c1e1ceb591af9db1f58d2fe0|841194ee11a142714ba191f64c2ba761da7408d6c1e1ceb591af9db1f58d2fe0|b2c76c41be32f904179efed29c0ca04d53f3996c
usr.bin/clang/lldb/lldb.1|man1/lldb.1|d902419c105b1e4ce888ac828a939a489b7999d7e59d02cd70c429f23d8d6a16|d902419c105b1e4ce888ac828a939a489b7999d7e59d02cd70c429f23d8d6a16|b2c76c41be32f904179efed29c0ca04d53f3996c
usr.bin/clang/lli/lli.1|man1/lli.1|2473bdcf6d8a5197b41ca8c9c110db4e50c36882e520cdfe2c25f5fcfd3d2747|2473bdcf6d8a5197b41ca8c9c110db4e50c36882e520cdfe2c25f5fcfd3d2747|a324c34037ef2e1101962fca4ad0c021253288e1
usr.bin/clang/llvm-ar/llvm-ar.1|man1/llvm-ar.1|33239376c714a6e6030ae376aa115004c09fe95df22123009a8a4c28c510feb7|33239376c714a6e6030ae376aa115004c09fe95df22123009a8a4c28c510feb7|a324c34037ef2e1101962fca4ad0c021253288e1
usr.bin/clang/llvm-ar/llvm-ranlib.1|man1/llvm-ranlib.1|f403843d05171c19ed5089976c674b024fac3908aa67ef17e939ecedd80a3b0b|f403843d05171c19ed5089976c674b024fac3908aa67ef17e939ecedd80a3b0b|a324c34037ef2e1101962fca4ad0c021253288e1
usr.bin/clang/llvm-as/llvm-as.1|man1/llvm-as.1|d4a42ffae902fd9028d33c041c727634bbacd4fea24e08681286e1733f1bff50|d4a42ffae902fd9028d33c041c727634bbacd4fea24e08681286e1733f1bff50|a324c34037ef2e1101962fca4ad0c021253288e1
usr.bin/clang/llvm-bcanalyzer/llvm-bcanalyzer.1|man1/llvm-bcanalyzer.1|f9724ebe78b16c9d51638c278c98f8a778c5718c8f5dc6a00ef1120314b79614|f9724ebe78b16c9d51638c278c98f8a778c5718c8f5dc6a00ef1120314b79614|a324c34037ef2e1101962fca4ad0c021253288e1
usr.bin/clang/llvm-cov/llvm-cov.1|man1/llvm-cov.1|6f4c2adca5f5567b35cecf0e026cdacc0c48cdac9062d1de865fd246099c8b6d|6f4c2adca5f5567b35cecf0e026cdacc0c48cdac9062d1de865fd246099c8b6d|a324c34037ef2e1101962fca4ad0c021253288e1
usr.bin/clang/llvm-cxxfilt/llvm-cxxfilt.1|man1/llvm-cxxfilt.1|9edfa5ecc2e60c11722e4ae671cbad146ace7d97b5fbf3ba23d00e225068db26|9edfa5ecc2e60c11722e4ae671cbad146ace7d97b5fbf3ba23d00e225068db26|a324c34037ef2e1101962fca4ad0c021253288e1
usr.bin/clang/llvm-diff/llvm-diff.1|man1/llvm-diff.1|77f77a558849d72ff231f563e53434c3fd5c5feb415bdc63606860fec32df735|77f77a558849d72ff231f563e53434c3fd5c5feb415bdc63606860fec32df735|a324c34037ef2e1101962fca4ad0c021253288e1
usr.bin/clang/llvm-dis/llvm-dis.1|man1/llvm-dis.1|a3fe8f24710c8d73daaa0d7fce40909f0185136a2f0c6805442c67c377595e37|a3fe8f24710c8d73daaa0d7fce40909f0185136a2f0c6805442c67c377595e37|a324c34037ef2e1101962fca4ad0c021253288e1
usr.bin/clang/llvm-dwarfdump/llvm-dwarfdump.1|man1/llvm-dwarfdump.1|4681e202005dff6097f6ebde0951ea29856f36c2d7c5f51d93db2292300c9174|4681e202005dff6097f6ebde0951ea29856f36c2d7c5f51d93db2292300c9174|a324c34037ef2e1101962fca4ad0c021253288e1
usr.bin/clang/llvm-dwarfutil/llvm-dwarfutil.1|man1/llvm-dwarfutil.1|0ad9f480264d37758a0de0c312831652764658d668ca3e6eccd782b4c8299718|0ad9f480264d37758a0de0c312831652764658d668ca3e6eccd782b4c8299718|a324c34037ef2e1101962fca4ad0c021253288e1
usr.bin/clang/llvm-extract/llvm-extract.1|man1/llvm-extract.1|616c524b3a23d14379345227695e1fa1ab2e52451383736abe6fdae09622da84|616c524b3a23d14379345227695e1fa1ab2e52451383736abe6fdae09622da84|a324c34037ef2e1101962fca4ad0c021253288e1
usr.bin/clang/llvm-link/llvm-link.1|man1/llvm-link.1|0d5673e2b54c76e7365cb8c6d30ebb5db2f37678c0192672c6599a69203a1327|0d5673e2b54c76e7365cb8c6d30ebb5db2f37678c0192672c6599a69203a1327|a324c34037ef2e1101962fca4ad0c021253288e1
usr.bin/clang/llvm-mca/llvm-mca.1|man1/llvm-mca.1|ec64b554388703b52d201427e901384ffe35a128a97a68fe55c7a6954e37db31|ec64b554388703b52d201427e901384ffe35a128a97a68fe55c7a6954e37db31|a324c34037ef2e1101962fca4ad0c021253288e1
usr.bin/clang/llvm-nm/llvm-nm.1|man1/llvm-nm.1|f8ed69744186c9dc90ed5ef17ba391d3f727f284d7d4d428993f48462f7521d3|f8ed69744186c9dc90ed5ef17ba391d3f727f284d7d4d428993f48462f7521d3|a324c34037ef2e1101962fca4ad0c021253288e1
usr.bin/clang/llvm-objcopy/llvm-objcopy.1|man1/llvm-objcopy.1|37fa5b8e9a6f6a4c550eeabcd300c4e6c0aa61deaa8340bf9bbbde21ca82a837|37fa5b8e9a6f6a4c550eeabcd300c4e6c0aa61deaa8340bf9bbbde21ca82a837|a324c34037ef2e1101962fca4ad0c021253288e1
usr.bin/clang/llvm-objdump/llvm-objdump.1|man1/llvm-objdump.1|46fe79545128ee632ad66c3d42e3268dc480508924bbca99c9b256dfc2109925|46fe79545128ee632ad66c3d42e3268dc480508924bbca99c9b256dfc2109925|a324c34037ef2e1101962fca4ad0c021253288e1
usr.bin/clang/llvm-pdbutil/llvm-pdbutil.1|man1/llvm-pdbutil.1|33957d20d83266d5186052ad08530a566dd752bfe60a35e4715d16f2d53885b6|33957d20d83266d5186052ad08530a566dd752bfe60a35e4715d16f2d53885b6|a324c34037ef2e1101962fca4ad0c021253288e1
usr.bin/clang/llvm-profdata/llvm-profdata.1|man1/llvm-profdata.1|840f6cf8e91b3ac15068a18a536b7266eb408a844147fa4c62ef91db87fcbcee|840f6cf8e91b3ac15068a18a536b7266eb408a844147fa4c62ef91db87fcbcee|a324c34037ef2e1101962fca4ad0c021253288e1
usr.bin/clang/llvm-readobj/llvm-readelf.1|man1/llvm-readelf.1|84609e1897e6bb856ee8c2c82dff9ff22a0d2d72e30a9b1ac2b9ff9426f28814|84609e1897e6bb856ee8c2c82dff9ff22a0d2d72e30a9b1ac2b9ff9426f28814|a324c34037ef2e1101962fca4ad0c021253288e1
usr.bin/clang/llvm-readobj/llvm-readobj.1|man1/llvm-readobj.1|79d68619e2ae948e7d95c511d70dfc26e305210c60b1025b7877be9452322743|79d68619e2ae948e7d95c511d70dfc26e305210c60b1025b7877be9452322743|a324c34037ef2e1101962fca4ad0c021253288e1
usr.bin/clang/llvm-size/llvm-size.1|man1/llvm-size.1|a65ad5aadefe83f7850becbbca87aef5d95a89a3b2b97e2d2000eee77dac3c6b|a65ad5aadefe83f7850becbbca87aef5d95a89a3b2b97e2d2000eee77dac3c6b|a324c34037ef2e1101962fca4ad0c021253288e1
usr.bin/clang/llvm-strings/llvm-strings.1|man1/llvm-strings.1|516595acc6cd990f6d82125c352689501214bcd5d3a0e97e7c78cc7b5e1a301d|516595acc6cd990f6d82125c352689501214bcd5d3a0e97e7c78cc7b5e1a301d|a324c34037ef2e1101962fca4ad0c021253288e1
usr.bin/clang/llvm-symbolizer/llvm-addr2line.1|man1/llvm-addr2line.1|884a11e4eab1727a597ac8a93228ee3f69d050111f082941755679c328156604|884a11e4eab1727a597ac8a93228ee3f69d050111f082941755679c328156604|a324c34037ef2e1101962fca4ad0c021253288e1
usr.bin/clang/llvm-symbolizer/llvm-symbolizer.1|man1/llvm-symbolizer.1|8e9624aee0b83b4a0d2c37ee5373355d648c4b481e5a179d3851789f7a785671|8e9624aee0b83b4a0d2c37ee5373355d648c4b481e5a179d3851789f7a785671|a324c34037ef2e1101962fca4ad0c021253288e1
usr.bin/clang/opt/opt.1|man1/opt.1|baefa16920d11e4b72cf865384d0cdfd6df4e649d8cab57da8f249b379e70f04|baefa16920d11e4b72cf865384d0cdfd6df4e649d8cab57da8f249b379e70f04|a324c34037ef2e1101962fca4ad0c021253288e1
usr.bin/cmp/cmp.1|man1/cmp.1|8faa25b5288461b94c8af5394559aabce0566d89930fa6436b2cdd797f851950|8faa25b5288461b94c8af5394559aabce0566d89930fa6436b2cdd797f851950|bdcbfde31e8e9b343f113a1956384bdf30d1ed62
usr.bin/col/col.1|man1/col.1|350abdfdbc376c6b5fa1f4926be2afe07a85842d91f69b58aca28a6d8b17b67e|350abdfdbc376c6b5fa1f4926be2afe07a85842d91f69b58aca28a6d8b17b67e|bdcbfde31e8e9b343f113a1956384bdf30d1ed62
usr.bin/colrm/colrm.1|man1/colrm.1|2d4334c74ad816a92b7f35d7783e7f51f1233bf284623d706c601f4aa5d6b8c0|2d4334c74ad816a92b7f35d7783e7f51f1233bf284623d706c601f4aa5d6b8c0|bdcbfde31e8e9b343f113a1956384bdf30d1ed62
usr.bin/column/column.1|man1/column.1|6b70eef6f99ca00f65cd00216c65aa3dcfdb2175f1b7a49509e64f617b728ff6|6b70eef6f99ca00f65cd00216c65aa3dcfdb2175f1b7a49509e64f617b728ff6|313713b24c6d2a3061972c4f431515c4f1b01c77
usr.bin/comm/comm.1|man1/comm.1|d590484fe320c62e633ebec707869933093aa155c18ab9ff682c15198cb2cdd5|d590484fe320c62e633ebec707869933093aa155c18ab9ff682c15198cb2cdd5|bdcbfde31e8e9b343f113a1956384bdf30d1ed62
usr.bin/compress/compress.1|man1/compress.1|e1bc78d1d33cc3a593993e558a5d46cea0f77687e2b304b6aa8da3dd0236cc67|e1bc78d1d33cc3a593993e558a5d46cea0f77687e2b304b6aa8da3dd0236cc67|bdcbfde31e8e9b343f113a1956384bdf30d1ed62
usr.bin/csplit/csplit.1|man1/csplit.1|031bf8027bcc852090b187eba3d854d8c84d4150bb10d22611075452c5972c10|031bf8027bcc852090b187eba3d854d8c84d4150bb10d22611075452c5972c10|fa9896e082a1046ff4fbc75fcba4d18d1f2efc19
usr.bin/ctags/ctags.1|man1/ctags.1|aba033ae81ee1f11015a977876aceed39e3158e474548d1d20d559560a0d56b6|aba033ae81ee1f11015a977876aceed39e3158e474548d1d20d559560a0d56b6|198637a6869c703c2d01cd87e222c1dc3761c853
usr.bin/cut/cut.1|man1/cut.1|f52fc71bcdfa7419b26bcec5401295e8ff285753e74286ed5ecb2de65a7d1a02|f52fc71bcdfa7419b26bcec5401295e8ff285753e74286ed5ecb2de65a7d1a02|16f37d97b9500a4fe2d0719161025515d477a5cd
usr.bin/diff/diff.1|man1/diff.1|69889655ec5f1188fdf07b744f67da3a2259b94ca65666d11790aeb9a8102ae7|69889655ec5f1188fdf07b744f67da3a2259b94ca65666d11790aeb9a8102ae7|e945411697cfaf9e57ef9ffdf9d35dfd9778612b
usr.bin/diff3/diff3.1|man1/diff3.1|3f8184133ff26c165243cf3db2499d6a73385b7df1d1ebdbeb51ebf7ffeeaa64|3f8184133ff26c165243cf3db2499d6a73385b7df1d1ebdbeb51ebf7ffeeaa64|fe5341287c6c9bacc18879b25ed72ceb42e1c811
usr.bin/dtc/dtc.1|man1/dtc.1|3881423736a2a31303ca3b30e02fb9a8dd542c17a606e7730e686dfc0ca22bbd|3881423736a2a31303ca3b30e02fb9a8dd542c17a606e7730e686dfc0ca22bbd|fa9896e082a1046ff4fbc75fcba4d18d1f2efc19
usr.bin/du/du.1|man1/du.1|f928114339bd6cca23e4df4aa1a1d2c96ba489edd7fa96b37af782bee077b2b1|f928114339bd6cca23e4df4aa1a1d2c96ba489edd7fa96b37af782bee077b2b1|fd79bf63442eefd2c3bfb695a377dbd705f5cc6d
usr.bin/elfctl/elfctl.1|man1/elfctl.1|78448df37464410ad5cca39d6ef018e2de5943044ae3a8de28483a09d88f2344|78448df37464410ad5cca39d6ef018e2de5943044ae3a8de28483a09d88f2344|ff2bc641599a7845f597ad02ccfc98c5467fa948
usr.bin/elfdump/elfdump.1|man1/elfdump.1|a7c8514ecc3f19ab1bd2747bb1f6ff16df348374fa1acbe85ee1e38ed10009a9|a7c8514ecc3f19ab1bd2747bb1f6ff16df348374fa1acbe85ee1e38ed10009a9|fa9896e082a1046ff4fbc75fcba4d18d1f2efc19
usr.bin/enigma/enigma.1|man1/enigma.1|8ffdd458e9aaaadb2d2ea0a9cc632f57e2f4a38251987da6173b3f926ff6703f|8ffdd458e9aaaadb2d2ea0a9cc632f57e2f4a38251987da6173b3f926ff6703f|fa9896e082a1046ff4fbc75fcba4d18d1f2efc19
usr.bin/env/env.1|man1/env.1|5ec323474a038162350cbee7f913d86f10156d1a3a1704045251a43795b9f8d2|5ec323474a038162350cbee7f913d86f10156d1a3a1704045251a43795b9f8d2|6f6166e49c78f6460732c02bbbba6fcc218221cf
usr.bin/etdump/etdump.1|man1/etdump.1|607b55c7d48cd6bdf23a8618456c5947403d5958b7fd03b0b71458a41f2a3969|607b55c7d48cd6bdf23a8618456c5947403d5958b7fd03b0b71458a41f2a3969|283be95ea29abd7f867e4084bafe368c47f6c038
usr.bin/expand/expand.1|man1/expand.1|4eb9ddd6a6bb88b70879577cef92ce56b012ecd119710771dcede63e41ff93ed|4eb9ddd6a6bb88b70879577cef92ce56b012ecd119710771dcede63e41ff93ed|f3eeeb959c9b00c89a2e1ff009c78162eb398656
usr.bin/false/false.1|man1/false.1|3c76664091739d905a58083d3974f1397f1b4da99c2043c3ec23b3910c22c26f|3c76664091739d905a58083d3974f1397f1b4da99c2043c3ec23b3910c22c26f|bdcbfde31e8e9b343f113a1956384bdf30d1ed62
usr.bin/fetch/fetch.1|man1/fetch.1|631ea7523f4375c753ea1c516f6cbf59e3e7a91dc6c480b04a2a65d81d99ed29|631ea7523f4375c753ea1c516f6cbf59e3e7a91dc6c480b04a2a65d81d99ed29|3dddfe29248c47d1a80dc96a76a308ae910b2a24
usr.bin/file2c/file2c.1|man1/file2c.1|9b9e8de13cbc93c9b1721b9f564b9fed434cd6ed4df181f7a2e8a1df9f6708b6|9b9e8de13cbc93c9b1721b9f564b9fed434cd6ed4df181f7a2e8a1df9f6708b6|fa9896e082a1046ff4fbc75fcba4d18d1f2efc19
usr.bin/find/find.1|man1/find.1|42028bf56a61c53a4a406f8153fe604d49eeadc61e39c7318af122ee141c04d9|42028bf56a61c53a4a406f8153fe604d49eeadc61e39c7318af122ee141c04d9|3581b6db62b1a2146014b3196f18bde3fc33010d
usr.bin/finger/finger.1|man1/finger.1|2d2a4e416f0dbd12400901d854d1269194b52f2ccb4eb901b3bd2cb820fc76dd|2d2a4e416f0dbd12400901d854d1269194b52f2ccb4eb901b3bd2cb820fc76dd|bdcbfde31e8e9b343f113a1956384bdf30d1ed62
usr.bin/fmt/fmt.1|man1/fmt.1|d740e77d725f501f669407b1fc49a514d8df34f116834df0761fd7be20592853|d740e77d725f501f669407b1fc49a514d8df34f116834df0761fd7be20592853|bdcbfde31e8e9b343f113a1956384bdf30d1ed62
usr.bin/fold/fold.1|man1/fold.1|a97f605943f5752c196e119d578b5e47769d775b75251a08117d3c3186d95adb|a97f605943f5752c196e119d578b5e47769d775b75251a08117d3c3186d95adb|bdcbfde31e8e9b343f113a1956384bdf30d1ed62
usr.bin/from/from.1|man1/from.1|9103398fcf2736ced47a25bfdfdcdfdee1bff53e7684deca4ab1b130b938419c|9103398fcf2736ced47a25bfdfdcdfdee1bff53e7684deca4ab1b130b938419c|bdcbfde31e8e9b343f113a1956384bdf30d1ed62
usr.bin/fstat/fstat.1|man1/fstat.1|5752abbb3466253bd3af9270737f65ccf327fed39c7528bd7a5e1c282e17df59|5752abbb3466253bd3af9270737f65ccf327fed39c7528bd7a5e1c282e17df59|0ba51e3b638424597add4212958524c9b750dd7b
usr.bin/fstat/fuser.1|man1/fuser.1|1f3794cd8e68177c6f7114d16b691938328372db6fb90c7074ae14a020d19bcc|1f3794cd8e68177c6f7114d16b691938328372db6fb90c7074ae14a020d19bcc|fa9896e082a1046ff4fbc75fcba4d18d1f2efc19
usr.bin/fsync/fsync.1|man1/fsync.1|f035690260d29abf0239cbb2634919bfa2b2354a671977df2cf080d637cd8fa9|f035690260d29abf0239cbb2634919bfa2b2354a671977df2cf080d637cd8fa9|fa9896e082a1046ff4fbc75fcba4d18d1f2efc19
usr.bin/gcore/gcore.1|man1/gcore.1|53c2a1e7d56662b8b261d6753a74980b38e61d755869009ed935a8c21ae9de53|53c2a1e7d56662b8b261d6753a74980b38e61d755869009ed935a8c21ae9de53|bdcbfde31e8e9b343f113a1956384bdf30d1ed62
usr.bin/gencat/gencat.1|man1/gencat.1|6d86fb32d3103fac19e1f2a4283086d0c7d2a7f4241594abb34c929ca8c4f588|6d86fb32d3103fac19e1f2a4283086d0c7d2a7f4241594abb34c929ca8c4f588|fa9896e082a1046ff4fbc75fcba4d18d1f2efc19
usr.bin/genl/genl.1|man1/genl.1|fea1a831081327d4abb8ce49befa63f0c72ea2c638dab8cb33a680c454b67f4c|fea1a831081327d4abb8ce49befa63f0c72ea2c638dab8cb33a680c454b67f4c|13d81ef632ec6ca5e6936ab77e8ac67a8c430033
usr.bin/getaddrinfo/getaddrinfo.1|man1/getaddrinfo.1|2e396980257180ab5c6ed48913ce8083700f3b79c002ee468a792e8dab35056b|2e396980257180ab5c6ed48913ce8083700f3b79c002ee468a792e8dab35056b|9cb98ab7ceeb97b70a4891a4a3a21372158ccf24
usr.bin/getconf/getconf.1|man1/getconf.1|8dd67123fe64bea72a85a3ab3bf5c46a97254dcdf5b9ccdaf4404b282da6f9a8|8dd67123fe64bea72a85a3ab3bf5c46a97254dcdf5b9ccdaf4404b282da6f9a8|fa9896e082a1046ff4fbc75fcba4d18d1f2efc19
usr.bin/getent/getent.1|man1/getent.1|210dbdf0dd63f805093a246d260e8d23eb748e6dc6484a818ad5858b39256a28|210dbdf0dd63f805093a246d260e8d23eb748e6dc6484a818ad5858b39256a28|fa9896e082a1046ff4fbc75fcba4d18d1f2efc19
usr.bin/getopt/getopt.1|man1/getopt.1|c2fcdc4b96b26777b26ad6fa71dad90b49a34023ec6edb14468cdd2df87fdf22|c2fcdc4b96b26777b26ad6fa71dad90b49a34023ec6edb14468cdd2df87fdf22|b2c76c41be32f904179efed29c0ca04d53f3996c
usr.bin/gprof/gprof.1|man1/gprof.1|75efc971741d9873753561c78c6451af0969d57b0976bf269a6779a9a0639edd|75efc971741d9873753561c78c6451af0969d57b0976bf269a6779a9a0639edd|bdcbfde31e8e9b343f113a1956384bdf30d1ed62
usr.bin/grep/grep.1|man1/grep.1|a240be6291e719181e1f0cfed23094452971d280908cad4320f652e5397871da|a240be6291e719181e1f0cfed23094452971d280908cad4320f652e5397871da|bdcbfde31e8e9b343f113a1956384bdf30d1ed62
usr.bin/grep/zgrep.1|man1/zgrep.1|d2bdfb84bcb91af086907c9e6c9ec099fba4d86c32f640ad3400123ee4bbb15e|d2bdfb84bcb91af086907c9e6c9ec099fba4d86c32f640ad3400123ee4bbb15e|da5d94d29a5ec29817476c39ae2b2ad1666c3f06
usr.bin/gzip/gzexe.1|man1/gzexe.1|80a6eb5e8bff4cd531e7263884be06ab31fd0a47834c91a61eb696cf190c9c7c|80a6eb5e8bff4cd531e7263884be06ab31fd0a47834c91a61eb696cf190c9c7c|fa9896e082a1046ff4fbc75fcba4d18d1f2efc19
usr.bin/gzip/gzip.1|man1/gzip.1|820fd0c957c6308e7ebb109357d00477446619c1e39906f9fd1ef7734c0adb1e|820fd0c957c6308e7ebb109357d00477446619c1e39906f9fd1ef7734c0adb1e|bc919e81e0b7dadf0ef550d83d0ef910cc20c5bf
usr.bin/gzip/zdiff.1|man1/zdiff.1|871716e288ad894155b7ffc04923384143e97573338b6a0bf900f0e4a4647c20|871716e288ad894155b7ffc04923384143e97573338b6a0bf900f0e4a4647c20|fa9896e082a1046ff4fbc75fcba4d18d1f2efc19
usr.bin/gzip/zforce.1|man1/zforce.1|51a31e4721592d0c6f255eeaf3b5819ffe38f87351be31ad2c94cbec221d5d72|51a31e4721592d0c6f255eeaf3b5819ffe38f87351be31ad2c94cbec221d5d72|fa9896e082a1046ff4fbc75fcba4d18d1f2efc19
usr.bin/gzip/zmore.1|man1/zmore.1|36c74e30440d6a32611ce7a383d1a7eaafcc3ccd2ece5e7fb49ad21e5ed8c06f|36c74e30440d6a32611ce7a383d1a7eaafcc3ccd2ece5e7fb49ad21e5ed8c06f|fa9896e082a1046ff4fbc75fcba4d18d1f2efc19
usr.bin/gzip/znew.1|man1/znew.1|f4ecc8dbfcca077876bd36ea5b154fff0d1ba45f8f802131f2932a90d6ab7b96|f4ecc8dbfcca077876bd36ea5b154fff0d1ba45f8f802131f2932a90d6ab7b96|fa9896e082a1046ff4fbc75fcba4d18d1f2efc19
usr.bin/head/head.1|man1/head.1|ba9373847fb61b12aaeec754934d01da92fd8c4c4abcc8a00e48c1e78aeaa1f1|ba9373847fb61b12aaeec754934d01da92fd8c4c4abcc8a00e48c1e78aeaa1f1|bdcbfde31e8e9b343f113a1956384bdf30d1ed62
usr.bin/hesinfo/hesinfo.1|man1/hesinfo.1|8935d0176a0dcac2fb5d548512a55946e3ecc0cb332f752e5285dec29d19d0c3|8935d0176a0dcac2fb5d548512a55946e3ecc0cb332f752e5285dec29d19d0c3|fa9896e082a1046ff4fbc75fcba4d18d1f2efc19
usr.bin/hexdump/hexdump.1|man1/hexdump.1|54a33ec27ba0f1effdc0ec894dc3d4fdc676701c921ddf096d577c7f0082aac6|54a33ec27ba0f1effdc0ec894dc3d4fdc676701c921ddf096d577c7f0082aac6|bdcbfde31e8e9b343f113a1956384bdf30d1ed62
usr.bin/hexdump/od.1|man1/od.1|9f17615af9effa8b0d2f527747a36f1c2318bdb96e36128221703d827360a79b|9f17615af9effa8b0d2f527747a36f1c2318bdb96e36128221703d827360a79b|bdcbfde31e8e9b343f113a1956384bdf30d1ed62
usr.bin/iconv/iconv.1|man1/iconv.1|d449af41d18bb7d01afd0fae00e812de9d17ddc4980a53c40807a7e9e47172c0|d449af41d18bb7d01afd0fae00e812de9d17ddc4980a53c40807a7e9e47172c0|b2c76c41be32f904179efed29c0ca04d53f3996c
usr.bin/id/groups.1|man1/groups.1|e26806043fd27084ae5e5d8a7a17f7aa6bd787067660f234c125aa786ddf48da|e26806043fd27084ae5e5d8a7a17f7aa6bd787067660f234c125aa786ddf48da|e09104dfb76a36b65a64bd315bd1520941c4beed
usr.bin/id/id.1|man1/id.1|3adb1285697eea5d1fc46ed751063734c1fb4a1539e6da794d6816204149f9da|3adb1285697eea5d1fc46ed751063734c1fb4a1539e6da794d6816204149f9da|e09104dfb76a36b65a64bd315bd1520941c4beed
usr.bin/id/whoami.1|man1/whoami.1|3ab1961f5e23ea8971ee411ccbf6e361f8463b0fe02674da28a903af103bd32c|3ab1961f5e23ea8971ee411ccbf6e361f8463b0fe02674da28a903af103bd32c|bdcbfde31e8e9b343f113a1956384bdf30d1ed62
usr.bin/ident/ident.1|man1/ident.1|655501c48d8077e3299e8afe48f27a025a0c5e1cc5ad1462c653bc005e11fc9c|655501c48d8077e3299e8afe48f27a025a0c5e1cc5ad1462c653bc005e11fc9c|3e6a26df1fb7e0508e1f81f826f8945b15a8bb48
usr.bin/indent/indent.1|man1/indent.1|c2bcdf967ab5040f2cedb5fb2201d19ca3d23eabcf6d91d402fccc1b27b47b20|c2bcdf967ab5040f2cedb5fb2201d19ca3d23eabcf6d91d402fccc1b27b47b20|bdcbfde31e8e9b343f113a1956384bdf30d1ed62
usr.bin/ipcrm/ipcrm.1|man1/ipcrm.1|36e2966e2ab51329d3d709677b8046e7b731fc9786250d3b30de3f3f51712e52|36e2966e2ab51329d3d709677b8046e7b731fc9786250d3b30de3f3f51712e52|ff2bc641599a7845f597ad02ccfc98c5467fa948
usr.bin/ipcs/ipcs.1|man1/ipcs.1|03fc20346656da92fa54112b77ae4be3713a2442330a4c420af16018511daf4f|03fc20346656da92fa54112b77ae4be3713a2442330a4c420af16018511daf4f|fa9896e082a1046ff4fbc75fcba4d18d1f2efc19
usr.bin/join/join.1|man1/join.1|9602ccdb53ea857555b87d793cd13425f4d262c96e434a85e37db9e50bb7b2b6|9602ccdb53ea857555b87d793cd13425f4d262c96e434a85e37db9e50bb7b2b6|bdcbfde31e8e9b343f113a1956384bdf30d1ed62
usr.bin/jot/jot.1|man1/jot.1|a8d1144351909a5311f911aeb4b6b6366db47c44b8e885a751eb1cfefcdf131e|a8d1144351909a5311f911aeb4b6b6366db47c44b8e885a751eb1cfefcdf131e|bdcbfde31e8e9b343f113a1956384bdf30d1ed62
usr.bin/kdump/kdump.1|man1/kdump.1|1d345e0b173b03cc69d9151c5c9cd5b0bc4f92d064ef4bdf88544ca21a57aff0|1d345e0b173b03cc69d9151c5c9cd5b0bc4f92d064ef4bdf88544ca21a57aff0|bdcbfde31e8e9b343f113a1956384bdf30d1ed62
usr.bin/killall/killall.1|man1/killall.1|a716bf1425953d5a96a423ce8085828f3b4e033a42dbaecc3cc302ae651f5838|a716bf1425953d5a96a423ce8085828f3b4e033a42dbaecc3cc302ae651f5838|fa9896e082a1046ff4fbc75fcba4d18d1f2efc19
usr.bin/ktrace/ktrace.1|man1/ktrace.1|46a0923a15b17d76c128c70de5ef6b71f96c662016ac7f2a5d55134ead24c0fd|46a0923a15b17d76c128c70de5ef6b71f96c662016ac7f2a5d55134ead24c0fd|96f4be881e8e9e0cb9a6ad2cd9f17f4440983600
usr.bin/lam/lam.1|man1/lam.1|7984f8b3ea81b6a840e2812823fabf6795b4a43b57afefa0e083536e2dc3c2ab|7984f8b3ea81b6a840e2812823fabf6795b4a43b57afefa0e083536e2dc3c2ab|bdcbfde31e8e9b343f113a1956384bdf30d1ed62
usr.bin/last/last.1|man1/last.1|454b829d930bd25bf3d11a532ea764c8acfa9ca35ace6c134e2339d87e7fa05c|454b829d930bd25bf3d11a532ea764c8acfa9ca35ace6c134e2339d87e7fa05c|cc61a0793a0e7db8601e5eba1242befb810a5844
usr.bin/lastcomm/lastcomm.1|man1/lastcomm.1|287fa7ce3aca443f6dd22d2744c3b4f4ecf5d640c6db9b5fd57100787d690595|287fa7ce3aca443f6dd22d2744c3b4f4ecf5d640c6db9b5fd57100787d690595|bdcbfde31e8e9b343f113a1956384bdf30d1ed62
usr.bin/ldd/ldd.1|man1/ldd.1|5b3229930d4248b3a2b745539f73a9dbc9bbaba97aea7439bbbff4ff4dbe28ab|5b3229930d4248b3a2b745539f73a9dbc9bbaba97aea7439bbbff4ff4dbe28ab|b2c76c41be32f904179efed29c0ca04d53f3996c
usr.bin/leave/leave.1|man1/leave.1|3a59a9fe7a3dfc5285115a9fc3f4390a2d14bdcaee4e07d7d18b267f21e8f1b0|3a59a9fe7a3dfc5285115a9fc3f4390a2d14bdcaee4e07d7d18b267f21e8f1b0|bdcbfde31e8e9b343f113a1956384bdf30d1ed62
usr.bin/lex/lex.1|man1/lex.1|d177dcf640e6b7b51b0211659f5a4c0304c4fae728f51a08980c2531523b1ed5|d177dcf640e6b7b51b0211659f5a4c0304c4fae728f51a08980c2531523b1ed5|b2c76c41be32f904179efed29c0ca04d53f3996c
usr.bin/limits/limits.1|man1/limits.1|afa59004f61cf0ededb6f3f908d8741cbada2cb0de7517c6ea6ef913105b7293|afa59004f61cf0ededb6f3f908d8741cbada2cb0de7517c6ea6ef913105b7293|53af2026f2139ae10ff9178cf2deca2de59fd780
usr.bin/locale/locale.1|man1/locale.1|754db07196edf193f32b3244c0d3cc4dc8f85d809cc5d2d78af86c78e03fcb19|754db07196edf193f32b3244c0d3cc4dc8f85d809cc5d2d78af86c78e03fcb19|fa9896e082a1046ff4fbc75fcba4d18d1f2efc19
usr.bin/localedef/localedef.1|man1/localedef.1|26128779c45dec707dda17e8a966b44ffd2603dff53594565a410d76aee5a53c|26128779c45dec707dda17e8a966b44ffd2603dff53594565a410d76aee5a53c|c0367c654a3340c5aa194a3137489f760d556139
usr.bin/locate/locate/locate.1|man1/locate.1|5f70846c646f24acbfa970680f7c6870539bb7482f60d689deaa7590345c8e53|5f70846c646f24acbfa970680f7c6870539bb7482f60d689deaa7590345c8e53|bdcbfde31e8e9b343f113a1956384bdf30d1ed62
usr.bin/lock/lock.1|man1/lock.1|dc3c5768c24ef16e922233b09e3c71d6910f4f15b177615155b0f3b2d4c3cd5e|dc3c5768c24ef16e922233b09e3c71d6910f4f15b177615155b0f3b2d4c3cd5e|3ef9e138dd8b70879ba91d84ac623baa0d4b6c91
usr.bin/lockf/lockf.1|man1/lockf.1|dd075a1e0f088afb7ac986592d0c33ed7f93d9fe426d1add3d4439c6dc284f6c|dd075a1e0f088afb7ac986592d0c33ed7f93d9fe426d1add3d4439c6dc284f6c|dd201e407e48ba59bdfa1f71d41acfdac1a9c562
usr.bin/logger/logger.1|man1/logger.1|48c24ccff98dad68160314653019fc17bcc7743f5c5c983ca918edeebb6f4240|48c24ccff98dad68160314653019fc17bcc7743f5c5c983ca918edeebb6f4240|bdcbfde31e8e9b343f113a1956384bdf30d1ed62
usr.bin/login/login.1|man1/login.1|5c0bf9b08b54c78d1a1978f26342d4e08d6e7bb6affd6da85d25b7c5859bcaf2|5c0bf9b08b54c78d1a1978f26342d4e08d6e7bb6affd6da85d25b7c5859bcaf2|5917f9571dabddf28f95d15c17b65dc163628d44
usr.bin/logins/logins.1|man1/logins.1|7fd6f2e5d75a2cd223ac8fe32da869429f2be7aed903d62a57bd8121cf2e3b95|7fd6f2e5d75a2cd223ac8fe32da869429f2be7aed903d62a57bd8121cf2e3b95|e738085b94631f90e21a49852538ac95974baf44
usr.bin/logname/logname.1|man1/logname.1|0dc06e92e0c4710c1311f4e500a6e1a65a47730841e01f3bbc701d1913428451|0dc06e92e0c4710c1311f4e500a6e1a65a47730841e01f3bbc701d1913428451|bdcbfde31e8e9b343f113a1956384bdf30d1ed62
usr.bin/look/look.1|man1/look.1|c3f1b008a3a89265ce8dc26b90b5f72504dc3e2a1248475e1c57a9d45e4f9983|c3f1b008a3a89265ce8dc26b90b5f72504dc3e2a1248475e1c57a9d45e4f9983|7df526eb10c9095e4988e77900f60ba00c42b095
usr.bin/lorder/lorder.1|man1/lorder.1|6380082b944dffbe2999e3ca0870b07b978bb4ee07cbf6c14954527f588b3432|6380082b944dffbe2999e3ca0870b07b978bb4ee07cbf6c14954527f588b3432|cf4d9bf8b38819da12c6d686d5cf6dbd6353cd61
usr.bin/lsvfs/lsvfs.1|man1/lsvfs.1|237abf7ede87e370b85130ed635c51665eaca950d201d7be50f9b5c33d0937d7|237abf7ede87e370b85130ed635c51665eaca950d201d7be50f9b5c33d0937d7|1a720cbec513210fa2e85c3882741ef2f6dc5f35
usr.bin/m4/m4.1|man1/m4.1|113b276cb91766c9cf9f4827aa24f5861ff176966bee0d1ea83e048d58717b34|113b276cb91766c9cf9f4827aa24f5861ff176966bee0d1ea83e048d58717b34|bdcbfde31e8e9b343f113a1956384bdf30d1ed62
usr.bin/mail/mail.1|man1/mail.1|c5a174bccc64aec706ecb397e7b57ae5304aef651bfb837c8f71b02ab2d6cfb2|c5a174bccc64aec706ecb397e7b57ae5304aef651bfb837c8f71b02ab2d6cfb2|05a02d395d6e9de099c4be3ead222d36ca29e0a5
usr.bin/man/man.1|man1/man.1|820f242b3e0794bbf9734c5e92833438d2f2f3ab2280a241af496e79c7438024|820f242b3e0794bbf9734c5e92833438d2f2f3ab2280a241af496e79c7438024|198637a6869c703c2d01cd87e222c1dc3761c853
usr.bin/man/manpath.1|man1/manpath.1|b20a065672fd4d0a53dc46a72bb59e97d7343f1d2a9077fee72bc86b41a57827|b20a065672fd4d0a53dc46a72bb59e97d7343f1d2a9077fee72bc86b41a57827|07d29f9c177e731e4497bedf5fde09176c90b444
usr.bin/mdo/mdo.1|man1/mdo.1|cfe1a8cffb96fd71e49b3ebbc50d11818ddf133ca125c8d8a0d7b6223669575c|cfe1a8cffb96fd71e49b3ebbc50d11818ddf133ca125c8d8a0d7b6223669575c|e23f0deceac4fb77c14066d4a76074548ee75fc4
usr.bin/mesg/mesg.1|man1/mesg.1|6e14f95eb4c140cb58ef8a200c3ef1a1b7655d1973f739bda2e25351e69ebf34|6e14f95eb4c140cb58ef8a200c3ef1a1b7655d1973f739bda2e25351e69ebf34|bdcbfde31e8e9b343f113a1956384bdf30d1ed62
usr.bin/mididump/mididump.1|man1/mididump.1|2d9622eb92dd5b31666a0f7f7a6dd8de6a53a96c8d36fe86a084abee5001ebe2|2d9622eb92dd5b31666a0f7f7a6dd8de6a53a96c8d36fe86a084abee5001ebe2|27aec148ea4bfa2ccd2170ed1ccc6665aa819607
usr.bin/ministat/ministat.1|man1/ministat.1|03b9a562069057b520d4b953c265f6e9e157133c69f304fb6c448a97a467c8d6|03b9a562069057b520d4b953c265f6e9e157133c69f304fb6c448a97a467c8d6|595e665cb292a70f9d17b779c8ad0470ff3e3964
usr.bin/mkcsmapper/mkcsmapper.1|man1/mkcsmapper.1|132a7c5ab73571cfa1eee5e2df14c10334cca8feabc62bfbaff90ea558d0b656|132a7c5ab73571cfa1eee5e2df14c10334cca8feabc62bfbaff90ea558d0b656|fa9896e082a1046ff4fbc75fcba4d18d1f2efc19
usr.bin/mkdep/mkdep.1|man1/mkdep.1|f6e4bae11b1509fb197d218e51bbc47bb8dd4d9532dd5edbe9f3148f46ff4bab|f6e4bae11b1509fb197d218e51bbc47bb8dd4d9532dd5edbe9f3148f46ff4bab|bdcbfde31e8e9b343f113a1956384bdf30d1ed62
usr.bin/mkesdb/mkesdb.1|man1/mkesdb.1|28583086075aa2fb30ca0166287b865ff2cbd8f19ad7baa9bff2d489b83f84bc|28583086075aa2fb30ca0166287b865ff2cbd8f19ad7baa9bff2d489b83f84bc|fa9896e082a1046ff4fbc75fcba4d18d1f2efc19
usr.bin/mkfifo/mkfifo.1|man1/mkfifo.1|81ad2f1685b5fe3d60421bf806abe8146ea0b43323612fbc57290b6ae69e9fbb|81ad2f1685b5fe3d60421bf806abe8146ea0b43323612fbc57290b6ae69e9fbb|bdcbfde31e8e9b343f113a1956384bdf30d1ed62
usr.bin/mkimg/mkimg.1|man1/mkimg.1|775b5ce874a0afcc2a0057f07e59d86fa0044ad73a05892d5525ab0156e5279f|775b5ce874a0afcc2a0057f07e59d86fa0044ad73a05892d5525ab0156e5279f|3aa8d5395c4223f1613f28d6f39904c2df4f92d4
usr.bin/mkstr/mkstr.1|man1/mkstr.1|a8ae166b1f6dc5e2f59610e78d4588a510f55ab90f4658bbed5da661c322734f|a8ae166b1f6dc5e2f59610e78d4588a510f55ab90f4658bbed5da661c322734f|bdcbfde31e8e9b343f113a1956384bdf30d1ed62
usr.bin/mktemp/mktemp.1|man1/mktemp.1|8029887cd7129788e3d54dc38b8756ae3ad72b51d050d09694dc4f2cf13eac17|8029887cd7129788e3d54dc38b8756ae3ad72b51d050d09694dc4f2cf13eac17|6b164f18118d0e8dbf9826d7117e0e757f7eb727
usr.bin/msgs/msgs.1|man1/msgs.1|d83bcf9ad4e68a8db95b1f1936516395dd93b52d6ac0e9911dfdeea6fa6ea6a2|d83bcf9ad4e68a8db95b1f1936516395dd93b52d6ac0e9911dfdeea6fa6ea6a2|6e1fc0118033f42b7c0d3623c8f67a89ebecabb2
usr.bin/mt/mt.1|man1/mt.1|7ed67b1e6ee20a1c5c781ebb7a7db369b1146a725bdc73f4d94c9fdfc15da350|7ed67b1e6ee20a1c5c781ebb7a7db369b1146a725bdc73f4d94c9fdfc15da350|930486f9be5c884d1d2f0aae9f81a3f5af1f2718
usr.bin/ncal/ncal.1|man1/ncal.1|096d8b95d95a5a3fee5c1501506bcfd554fbec438b81659928d6c911e9b80a79|096d8b95d95a5a3fee5c1501506bcfd554fbec438b81659928d6c911e9b80a79|49224311fe6d850e5c25a7e79328c87029df6be8
usr.bin/netstat/netstat.1|man1/netstat.1|718d5cf8708f7ff2aa7d6b1476111aac078549790b89979c2b19b386cfd39467|718d5cf8708f7ff2aa7d6b1476111aac078549790b89979c2b19b386cfd39467|f71abf3f650f265974f90c24ad7d358d797bf22e
usr.bin/newgrp/newgrp.1|man1/newgrp.1|d171d3a669693e988924e89a53b01aea6be7743c2f810297084b48ef7b3aa092|d171d3a669693e988924e89a53b01aea6be7743c2f810297084b48ef7b3aa092|e09104dfb76a36b65a64bd315bd1520941c4beed
usr.bin/nfsstat/nfsstat.1|man1/nfsstat.1|23f15517968857af234097256586b4da6191da5498a77eaa13f59db8dfbcaf3c|23f15517968857af234097256586b4da6191da5498a77eaa13f59db8dfbcaf3c|cc61a0793a0e7db8601e5eba1242befb810a5844
usr.bin/nice/nice.1|man1/nice.1|75e3f4e7f7d3f108bf95570c5edaa93a2f7023d80d9229e0147340d19a9a15e9|75e3f4e7f7d3f108bf95570c5edaa93a2f7023d80d9229e0147340d19a9a15e9|bdcbfde31e8e9b343f113a1956384bdf30d1ed62
usr.bin/nl/nl.1|man1/nl.1|0247654ea4837c810564d93265284e416ff9fef7d2f8642bc92d01c181e29f7a|0247654ea4837c810564d93265284e416ff9fef7d2f8642bc92d01c181e29f7a|b2c76c41be32f904179efed29c0ca04d53f3996c
usr.bin/nohup/nohup.1|man1/nohup.1|55602d08e0d7060ff6cadb0a908e6adaecb05fa492cdaa4c5970d3f5245dc2de|55602d08e0d7060ff6cadb0a908e6adaecb05fa492cdaa4c5970d3f5245dc2de|bdcbfde31e8e9b343f113a1956384bdf30d1ed62
usr.bin/pagesize/pagesize.1|man1/pagesize.1|d6fc8693339f8d1aed00691dd90641373a616953dc6f9f24e0ff840cae89401c|d6fc8693339f8d1aed00691dd90641373a616953dc6f9f24e0ff840cae89401c|bdcbfde31e8e9b343f113a1956384bdf30d1ed62
usr.bin/passwd/passwd.1|man1/passwd.1|2837fe0915fdb44214604c67be653b50a984335b1be614dbc3d559377faad201|2837fe0915fdb44214604c67be653b50a984335b1be614dbc3d559377faad201|bdcbfde31e8e9b343f113a1956384bdf30d1ed62
usr.bin/paste/paste.1|man1/paste.1|edefb4f6a0ce8a82fafb496b48cc806c4df85e2749c149b33fd942a7818b7a8a|edefb4f6a0ce8a82fafb496b48cc806c4df85e2749c149b33fd942a7818b7a8a|bdcbfde31e8e9b343f113a1956384bdf30d1ed62
usr.bin/patch/patch.1|man1/patch.1|d856252fef5fec3a0ad16d077ca621eef45c99272c547825022040dc91d7bdcc|d856252fef5fec3a0ad16d077ca621eef45c99272c547825022040dc91d7bdcc|b2c76c41be32f904179efed29c0ca04d53f3996c
usr.bin/pathchk/pathchk.1|man1/pathchk.1|b24268dc4018cb8ffcf117582ebc874bc4be30cfc92918e9c17bbb23d0662b3b|b24268dc4018cb8ffcf117582ebc874bc4be30cfc92918e9c17bbb23d0662b3b|fa9896e082a1046ff4fbc75fcba4d18d1f2efc19
usr.bin/perror/perror.1|man1/perror.1|77a4c08f8d8628f70360bc456f6580d24611f22685874cfb7abd22435519a99c|77a4c08f8d8628f70360bc456f6580d24611f22685874cfb7abd22435519a99c|fa9896e082a1046ff4fbc75fcba4d18d1f2efc19
usr.bin/posixmqcontrol/posixmqcontrol.1|man1/posixmqcontrol.1|d29066a9d89c84c28d0f5781008d2b40559da0a8220a026fd1565bb3f7373203|d29066a9d89c84c28d0f5781008d2b40559da0a8220a026fd1565bb3f7373203|6e1fc0118033f42b7c0d3623c8f67a89ebecabb2
usr.bin/posixshmcontrol/posixshmcontrol.1|man1/posixshmcontrol.1|e682950b29da03dd7d58e3786ae5b21a2e74b277cd713e4ec6da3201b61e08e7|e682950b29da03dd7d58e3786ae5b21a2e74b277cd713e4ec6da3201b61e08e7|d1c07141dccf8c719067bd3c30c402e4db9a77b3
usr.bin/pr/pr.1|man1/pr.1|95067762fffc04b6e7d0a37ade4fd5128a26308c013d40766a5575ae4d75a6bb|95067762fffc04b6e7d0a37ade4fd5128a26308c013d40766a5575ae4d75a6bb|bdcbfde31e8e9b343f113a1956384bdf30d1ed62
usr.bin/printenv/printenv.1|man1/printenv.1|5cf23a5dd2c0efcb4aab94e0602eba945f5aa8a020046cd3baa72764bc5bd60f|5cf23a5dd2c0efcb4aab94e0602eba945f5aa8a020046cd3baa72764bc5bd60f|bdcbfde31e8e9b343f113a1956384bdf30d1ed62
usr.bin/printf/printf.1|man1/printf.1|b6da339f3f834543477288518ee7d7167061906e0542f88242d5874e1bd20f47|b6da339f3f834543477288518ee7d7167061906e0542f88242d5874e1bd20f47|bdcbfde31e8e9b343f113a1956384bdf30d1ed62
usr.bin/proccontrol/proccontrol.1|man1/proccontrol.1|8f5c08cfc1ec6976080123fd3e788351d7a80ab28a7f93ac11ac5e207d848ef9|8f5c08cfc1ec6976080123fd3e788351d7a80ab28a7f93ac11ac5e207d848ef9|d1c07141dccf8c719067bd3c30c402e4db9a77b3
usr.bin/procstat/procstat.1|man1/procstat.1|37adc9b6a781b59aa41ac5bc13f13904f05c99e563ec75d1174fb25fe4650df3|37adc9b6a781b59aa41ac5bc13f13904f05c99e563ec75d1174fb25fe4650df3|cc61a0793a0e7db8601e5eba1242befb810a5844
usr.bin/protect/protect.1|man1/protect.1|7a8133e7af7c1937b4b601c1d71478553d4dafe4460e04a842bed47518ebff76|7a8133e7af7c1937b4b601c1d71478553d4dafe4460e04a842bed47518ebff76|fa9896e082a1046ff4fbc75fcba4d18d1f2efc19
usr.bin/quota/quota.1|man1/quota.1|3d99b5e3a85b9fa1b45e382e77a989d4fb2d392ff3577c5bbb107aec86a068ca|3d99b5e3a85b9fa1b45e382e77a989d4fb2d392ff3577c5bbb107aec86a068ca|bdcbfde31e8e9b343f113a1956384bdf30d1ed62
usr.bin/resizewin/resizewin.1|man1/resizewin.1|b139433654741688b7c3f8d551a6f50cf3a6a1b81b826796d4ff7246cb91937d|b139433654741688b7c3f8d551a6f50cf3a6a1b81b826796d4ff7246cb91937d|4a5d51e73e48b27d90b21ed26999b23208f603d8
usr.bin/rev/rev.1|man1/rev.1|a6fce881bd2f380486979c9b34800c399e3c9f4d1d84461d9b62751e1e72a3b3|a6fce881bd2f380486979c9b34800c399e3c9f4d1d84461d9b62751e1e72a3b3|bdcbfde31e8e9b343f113a1956384bdf30d1ed62
usr.bin/revoke/revoke.1|man1/revoke.1|a58ec30b886540acdabbd5b3a687d84ac7cabc236f0629bca374b7699dc17455|a58ec30b886540acdabbd5b3a687d84ac7cabc236f0629bca374b7699dc17455|fa9896e082a1046ff4fbc75fcba4d18d1f2efc19
usr.bin/rpcgen/rpcgen.1|man1/rpcgen.1|e8e3bdf749131b30e1e26ddd5aec5598e802b0c6e6ec138a23965cedf4f1ce50|e8e3bdf749131b30e1e26ddd5aec5598e802b0c6e6ec138a23965cedf4f1ce50|bdcbfde31e8e9b343f113a1956384bdf30d1ed62
usr.bin/rs/rs.1|man1/rs.1|3568e66e09d9cc73c6f444bf775cfd624c195ccbbc863c8f345ac324ae76cdfe|3568e66e09d9cc73c6f444bf775cfd624c195ccbbc863c8f345ac324ae76cdfe|bdcbfde31e8e9b343f113a1956384bdf30d1ed62
usr.bin/runat/runat.1|man1/runat.1|a36ecaad8f621eb4c8eba9dbd757536a762990fa4583cf7a1c9895f13cd524f3|a36ecaad8f621eb4c8eba9dbd757536a762990fa4583cf7a1c9895f13cd524f3|0660de8172cd5a03affb9e87a1007cac5ba30425
usr.bin/rup/rup.1|man1/rup.1|14044f9a44bc1aa2837789718b04fba6a734bd9b6078b793d0088a2852f0ac0b|14044f9a44bc1aa2837789718b04fba6a734bd9b6078b793d0088a2852f0ac0b|fa9896e082a1046ff4fbc75fcba4d18d1f2efc19
usr.bin/ruptime/ruptime.1|man1/ruptime.1|f99509df3ba1a84d6646e13815c48395b82580e75305f2e0539ffc162a55ef0b|f99509df3ba1a84d6646e13815c48395b82580e75305f2e0539ffc162a55ef0b|bdcbfde31e8e9b343f113a1956384bdf30d1ed62
usr.bin/rusers/rusers.1|man1/rusers.1|3005d3e74dadcf60da02a763aa05a0abb668e90140ffdbf2342d23433d08f773|3005d3e74dadcf60da02a763aa05a0abb668e90140ffdbf2342d23433d08f773|bdcbfde31e8e9b343f113a1956384bdf30d1ed62
usr.bin/rwall/rwall.1|man1/rwall.1|db53acac5e241234c74c0c210d426d2b5b0e2f8132700509fc527e101acfaf77|db53acac5e241234c74c0c210d426d2b5b0e2f8132700509fc527e101acfaf77|bdcbfde31e8e9b343f113a1956384bdf30d1ed62
usr.bin/rwho/rwho.1|man1/rwho.1|b95a29ec642b030a53b35d5bfaba65ce552d98e1380790bda346b8e2c4582d57|b95a29ec642b030a53b35d5bfaba65ce552d98e1380790bda346b8e2c4582d57|bdcbfde31e8e9b343f113a1956384bdf30d1ed62
usr.bin/script/script.1|man1/script.1|c150130d6702af74bc662acd196aff9013909b2782070c6628de3713c2cbb33a|c150130d6702af74bc662acd196aff9013909b2782070c6628de3713c2cbb33a|dc140a9fc151f3717bce2157f49070daafa13ec0
usr.bin/sdiff/sdiff.1|man1/sdiff.1|2b6bad4196e96ed727be284f515f65732ff810c1937552ded825d2d128800d71|2b6bad4196e96ed727be284f515f65732ff810c1937552ded825d2d128800d71|14c7492637ec0644b5bb88da114e8cc76b9bf629
usr.bin/sed/sed.1|man1/sed.1|25a26285b3377cd804c1c96ae96b0f4d083041f9717d75507a7f91965f24c3a4|25a26285b3377cd804c1c96ae96b0f4d083041f9717d75507a7f91965f24c3a4|3cb2a7e01e13c866d7c4bb55da8f229233c0cd7c
usr.bin/seq/seq.1|man1/seq.1|178f5c1e9afb0bcdd2f98ffce15cfb6ea7ec2805e0261890c58e42fa1be7f978|178f5c1e9afb0bcdd2f98ffce15cfb6ea7ec2805e0261890c58e42fa1be7f978|2f893597fcc34456d5adfc3f1633b39c76d0764f
usr.bin/sockstat/sockstat.1|man1/sockstat.1|2b96033659526304e11c81348e5d8db7763e75ea75655f3ec6d12427889dbdc2|2b96033659526304e11c81348e5d8db7763e75ea75655f3ec6d12427889dbdc2|209668726c2fff047b27a13c6add7e9820696651
usr.bin/soelim/soelim.1|man1/soelim.1|e69366f0bef2e5f0f7544855e41a81cdf8c93d5c529468ee2fbc26097fea1e1c|e69366f0bef2e5f0f7544855e41a81cdf8c93d5c529468ee2fbc26097fea1e1c|d1c07141dccf8c719067bd3c30c402e4db9a77b3
usr.bin/split/split.1|man1/split.1|1637353a74cea4769a1f9059284045aed11ec4a63c3982eab9599731e52e4a95|1637353a74cea4769a1f9059284045aed11ec4a63c3982eab9599731e52e4a95|c0c7d1e1af4e42deb9c5a95c735602100c3cc1f2
usr.bin/ssh-copy-id/ssh-copy-id.1|man1/ssh-copy-id.1|de80042818b96948cf2902a2708c9c7f80352285fb1089d8d773b60968a63928|de80042818b96948cf2902a2708c9c7f80352285fb1089d8d773b60968a63928|fa9896e082a1046ff4fbc75fcba4d18d1f2efc19
usr.bin/stat/stat.1|man1/stat.1|96ef016050321d67d2f88599a4a2fd7067b3167d878320426001357ae755fbf8|96ef016050321d67d2f88599a4a2fd7067b3167d878320426001357ae755fbf8|43b0384bc7e87df5bd164ce833617e68824f4828
usr.bin/stdbuf/stdbuf.1|man1/stdbuf.1|fb8b8f35240c48a5269aa42d12653e529781577c6b9d45cda9b1d834e589f125|fb8b8f35240c48a5269aa42d12653e529781577c6b9d45cda9b1d834e589f125|fa9896e082a1046ff4fbc75fcba4d18d1f2efc19
usr.bin/su/su.1|man1/su.1|90127dfb6b8001d5bb306f105ea0ce38ceeb03b7f99cc2438f56932a90d124c5|90127dfb6b8001d5bb306f105ea0ce38ceeb03b7f99cc2438f56932a90d124c5|f850a9288bde429befdfc4563288b8d71b58b308
usr.bin/systat/systat.1|man1/systat.1|4a406704de0da95bef670e44c96179b3f7d427f1f976d4d8b77f4ab1368f9573|4a406704de0da95bef670e44c96179b3f7d427f1f976d4d8b77f4ab1368f9573|bdcbfde31e8e9b343f113a1956384bdf30d1ed62
usr.bin/tabs/tabs.1|man1/tabs.1|76fde693007ef41f5a7c8290888f24b42a582965620d863da580d58250a0b2b9|76fde693007ef41f5a7c8290888f24b42a582965620d863da580d58250a0b2b9|fa9896e082a1046ff4fbc75fcba4d18d1f2efc19
usr.bin/tail/tail.1|man1/tail.1|f7f2588e046aefd852ebdc5e8db80b1f336f11ce6dc99b4178cbf5b0e59d2b8a|f7f2588e046aefd852ebdc5e8db80b1f336f11ce6dc99b4178cbf5b0e59d2b8a|9f20787fe89e2a912a9e5dd2d3da56087722e8c2
usr.bin/talk/talk.1|man1/talk.1|f4eb80975cf0705a3c3be2af63751b41ea1a8f3ebf9eeb299324fb2f078c6fe6|f4eb80975cf0705a3c3be2af63751b41ea1a8f3ebf9eeb299324fb2f078c6fe6|bdcbfde31e8e9b343f113a1956384bdf30d1ed62
usr.bin/tcopy/tcopy.1|man1/tcopy.1|526354577f710a913c2d538ed3cba54a73c5010052b33174ec8f511ac7bd267e|526354577f710a913c2d538ed3cba54a73c5010052b33174ec8f511ac7bd267e|4f766afc1ca0595fcabafe4dbc61974bb81bfbfe
usr.bin/tee/tee.1|man1/tee.1|4e03baafe4bda39b4efd55f7eba8d846d7da81ef50b03b9ae433fdfea0f29ec5|4e03baafe4bda39b4efd55f7eba8d846d7da81ef50b03b9ae433fdfea0f29ec5|1b3748977f28c70e0b161fb476bf4e075bcc5940
usr.bin/tftp/tftp.1|man1/tftp.1|67c8043dd9b4520c0b860034894b225afb3854b36eca0c54391f1054f3ccaf1e|67c8043dd9b4520c0b860034894b225afb3854b36eca0c54391f1054f3ccaf1e|bdcbfde31e8e9b343f113a1956384bdf30d1ed62
usr.bin/time/time.1|man1/time.1|13b7255f4eb221ee8a7b32cff6c1d0c7a1ffff871186003c332437250c875b5d|13b7255f4eb221ee8a7b32cff6c1d0c7a1ffff871186003c332437250c875b5d|cb18ba9df52df247198c0f41979090686a0f8403
usr.bin/tip/tip/cu.1|man1/cu.1|a31f61c21ba6e8ebea3c2f35623227fa68f2f4f9be2b4d5f55b7dd9763fd1751|a31f61c21ba6e8ebea3c2f35623227fa68f2f4f9be2b4d5f55b7dd9763fd1751|4d12c7b9df660b15580ff3b07ef5570d1cab958a
usr.bin/tip/tip/tip.1|man1/tip.1|0678bb70fedf58d0136208f931c910f540129a06d7f9762e9e549409f29bd0f2|0678bb70fedf58d0136208f931c910f540129a06d7f9762e9e549409f29bd0f2|bdcbfde31e8e9b343f113a1956384bdf30d1ed62
usr.bin/top/top.1|man1/top.1|fdf7dee5468465c7dc1d856c25c98705f2ca8f6bfad02489b4f603210d7673e3|fdf7dee5468465c7dc1d856c25c98705f2ca8f6bfad02489b4f603210d7673e3|6a41fd466701db71da443e1b87b31d463d99d056
usr.bin/touch/touch.1|man1/touch.1|3a0306d52105b7ad4bc1d1b6f064b4cb538ade10f3ea0f5e190077ee35f2a077|3a0306d52105b7ad4bc1d1b6f064b4cb538ade10f3ea0f5e190077ee35f2a077|bdcbfde31e8e9b343f113a1956384bdf30d1ed62
usr.bin/tr/tr.1|man1/tr.1|0da6a2fab98c0e903eddf1bcc69ff2e3d71ac5ac2064cf14bef55063f82a3810|0da6a2fab98c0e903eddf1bcc69ff2e3d71ac5ac2064cf14bef55063f82a3810|bdcbfde31e8e9b343f113a1956384bdf30d1ed62
usr.bin/true/true.1|man1/true.1|5ed9dc6d88f041d0c0d5a3063c435ebbdefa0b2d2442e87c34f1e22ce6d6abfd|5ed9dc6d88f041d0c0d5a3063c435ebbdefa0b2d2442e87c34f1e22ce6d6abfd|bdcbfde31e8e9b343f113a1956384bdf30d1ed62
usr.bin/truncate/truncate.1|man1/truncate.1|5aa264cc1e3a1a49a1040849d51830b4eb0a3ff9a40df3ba2f3d01987391efeb|5aa264cc1e3a1a49a1040849d51830b4eb0a3ff9a40df3ba2f3d01987391efeb|91ad27bcfc496393ba88f39ca13cdf1c59a7f487
usr.bin/truss/truss.1|man1/truss.1|77a6cf2136978517ec24a67de253af09fbcb926adc6025fc65703393d203644b|77a6cf2136978517ec24a67de253af09fbcb926adc6025fc65703393d203644b|151a8512bdeced5a4e84f4d9a36c16cd8b99e977
usr.bin/tsort/tsort.1|man1/tsort.1|8da100f146d6a4955b0a7677bcc3943d71c7bd6039256f5e382600e229431f04|8da100f146d6a4955b0a7677bcc3943d71c7bd6039256f5e382600e229431f04|bdcbfde31e8e9b343f113a1956384bdf30d1ed62
usr.bin/tty/tty.1|man1/tty.1|f96dde71e90ae19b58ab2c111957e25878fcc5aaa22b99f3337779145c53de32|f96dde71e90ae19b58ab2c111957e25878fcc5aaa22b99f3337779145c53de32|bdcbfde31e8e9b343f113a1956384bdf30d1ed62
usr.bin/ul/ul.1|man1/ul.1|a1e0dadee6134ca33a96aa2a4cf2404cee9c3870dd4648910154f486f8fcb64d|a1e0dadee6134ca33a96aa2a4cf2404cee9c3870dd4648910154f486f8fcb64d|bdcbfde31e8e9b343f113a1956384bdf30d1ed62
usr.bin/uname/uname.1|man1/uname.1|d5023a497349beaff7fa91ec231acea21a0603aa2a6b92de3c5a465620883334|d5023a497349beaff7fa91ec231acea21a0603aa2a6b92de3c5a465620883334|bdcbfde31e8e9b343f113a1956384bdf30d1ed62
usr.bin/uniq/uniq.1|man1/uniq.1|3c9a2d613b0f7f64f1f003b3c7800a18619b39fa01124b773417907d23a2c125|3c9a2d613b0f7f64f1f003b3c7800a18619b39fa01124b773417907d23a2c125|b93791f5e7b0246b121dd98c10d6563298d6b2b0
usr.bin/units/units.1|man1/units.1|bade8a6e7e47fbfde5cf8179a3e495a655c642c3ac6b00a8f3aa7942f7a1d3a5|bade8a6e7e47fbfde5cf8179a3e495a655c642c3ac6b00a8f3aa7942f7a1d3a5|b2c76c41be32f904179efed29c0ca04d53f3996c
usr.bin/usbhidaction/usbhidaction.1|man1/usbhidaction.1|31f671384863ecad9681e157fb4ae5d27423c267c37ddec67569ad8c147b05fb|31f671384863ecad9681e157fb4ae5d27423c267c37ddec67569ad8c147b05fb|b2c76c41be32f904179efed29c0ca04d53f3996c
usr.bin/usbhidctl/usbhidctl.1|man1/usbhidctl.1|411640242e647b4100a4f9b5ac1257824401150d912e2568b4254264bbdca3a7|411640242e647b4100a4f9b5ac1257824401150d912e2568b4254264bbdca3a7|c0898bdc8661842c51fecfe467a1c921a2d81774
usr.bin/users/users.1|man1/users.1|7082ea0c7d418586ef5d014c93bacfc09977adf95afefe7e053a76c946242960|7082ea0c7d418586ef5d014c93bacfc09977adf95afefe7e053a76c946242960|bdcbfde31e8e9b343f113a1956384bdf30d1ed62
usr.bin/w/uptime.1|man1/uptime.1|9d1d287f1665fec4b768045d5f33a3e4da4a1b152eb2848f89f34c9355766dcb|9d1d287f1665fec4b768045d5f33a3e4da4a1b152eb2848f89f34c9355766dcb|55bd607b9930e5f61219007ad0a81801c8cfdbf3
usr.bin/w/w.1|man1/w.1|e2a431ebf5c67239ea60ddecbdbc69f70b4e10450f14e4a94d6a84a8d653ee6e|e2a431ebf5c67239ea60ddecbdbc69f70b4e10450f14e4a94d6a84a8d653ee6e|55bd607b9930e5f61219007ad0a81801c8cfdbf3
usr.bin/wall/wall.1|man1/wall.1|4530bc5db8405404a0a0ad99aa24d71e73c60a62826f827b900c1123e663930e|4530bc5db8405404a0a0ad99aa24d71e73c60a62826f827b900c1123e663930e|bdcbfde31e8e9b343f113a1956384bdf30d1ed62
usr.bin/wc/wc.1|man1/wc.1|05357b1463a51f56cb217d32e5f5e3587f3d7febb6676f1f91685407a4b18a9f|05357b1463a51f56cb217d32e5f5e3587f3d7febb6676f1f91685407a4b18a9f|4cb65fde79a2412558d10fdbf3427fc0e4536d80
usr.bin/what/what.1|man1/what.1|6320e11776cd629281883021d5e4eb9631ef8fca2fb0f2d8e2b5b3356826fdd9|6320e11776cd629281883021d5e4eb9631ef8fca2fb0f2d8e2b5b3356826fdd9|bdcbfde31e8e9b343f113a1956384bdf30d1ed62
usr.bin/whereis/whereis.1|man1/whereis.1|28e7b6c62fa2b6c4d1ead2ec1c0da534732bffb4dfec533824810051f468d4a7|28e7b6c62fa2b6c4d1ead2ec1c0da534732bffb4dfec533824810051f468d4a7|fc002631af3e25c65d74ca6869c13b59f1af8689
usr.bin/which/which.1|man1/which.1|6137a50fb0fdca8ac8fd07805b15f4c5888c3a890e6e22f3587680f254e2dc61|6137a50fb0fdca8ac8fd07805b15f4c5888c3a890e6e22f3587680f254e2dc61|fa9896e082a1046ff4fbc75fcba4d18d1f2efc19
usr.bin/who/who.1|man1/who.1|47b7ca4539b17d91ac697922eb6276c1e6be23c040b1913248b7f42bdad26d50|47b7ca4539b17d91ac697922eb6276c1e6be23c040b1913248b7f42bdad26d50|bdcbfde31e8e9b343f113a1956384bdf30d1ed62
usr.bin/whois/whois.1|man1/whois.1|96cdce495a62e6d5da90be5726433e16e6874df89dc672ac55a0bad8e42f550c|96cdce495a62e6d5da90be5726433e16e6874df89dc672ac55a0bad8e42f550c|bdcbfde31e8e9b343f113a1956384bdf30d1ed62
usr.bin/write/write.1|man1/write.1|d1e2c1af04df74658ced36fe258d5161d4f740a928b941dfc43dcde5febaca12|d1e2c1af04df74658ced36fe258d5161d4f740a928b941dfc43dcde5febaca12|bdcbfde31e8e9b343f113a1956384bdf30d1ed62
usr.bin/xargs/xargs.1|man1/xargs.1|076ca0303c5d06d26ed0502e451952f3f0ee23c1b520cca6e93e5954ca7e70aa|076ca0303c5d06d26ed0502e451952f3f0ee23c1b520cca6e93e5954ca7e70aa|bdcbfde31e8e9b343f113a1956384bdf30d1ed62
usr.bin/xinstall/install.1|man1/install.1|75463e53c6c00516745ff0d7ce7002675743872c9537b4875215747894ecd45d|75463e53c6c00516745ff0d7ce7002675743872c9537b4875215747894ecd45d|d34870708db9fa1eb8e29b5e085b755de1189b1f
usr.bin/xstr/xstr.1|man1/xstr.1|a38a3d316c15fd7f89594ea1caea5609ea601f9524225f6ac5eff545b4b1898a|a38a3d316c15fd7f89594ea1caea5609ea601f9524225f6ac5eff545b4b1898a|bdcbfde31e8e9b343f113a1956384bdf30d1ed62
usr.bin/yes/yes.1|man1/yes.1|bb8773fc6d5438e57daa3377ae0ab485ca249512735123e9f00cb4ccf387e4d3|bb8773fc6d5438e57daa3377ae0ab485ca249512735123e9f00cb4ccf387e4d3|cf74b63d61b49db848ecc20b87e7ee5f16671320
usr.bin/ypcat/ypcat.1|man1/ypcat.1|03e74b26e40fddf25cae4c1c0d509d064bc8ed5bd10debc5850c278e3bded651|03e74b26e40fddf25cae4c1c0d509d064bc8ed5bd10debc5850c278e3bded651|fa9896e082a1046ff4fbc75fcba4d18d1f2efc19
usr.bin/ypmatch/ypmatch.1|man1/ypmatch.1|4d9f95fba317c7e503c0c55254752172f77fcd8a56da84fa7afbcaea865312c4|4d9f95fba317c7e503c0c55254752172f77fcd8a56da84fa7afbcaea865312c4|fa9896e082a1046ff4fbc75fcba4d18d1f2efc19
usr.bin/ypwhich/ypwhich.1|man1/ypwhich.1|85a4b74abea18c45cb883ce2c5bc98281430a2fb348ffeca81434594dd71dbba|85a4b74abea18c45cb883ce2c5bc98281430a2fb348ffeca81434594dd71dbba|fa9896e082a1046ff4fbc75fcba4d18d1f2efc19
usr.sbin/bsnmpd/tools/bsnmptools/bsnmpget.1|man1/bsnmpget.1|e2f709972b3c0213be16bc2d92be4ec8440a6bec4e6ed102f9a75c5c49898601|e2f709972b3c0213be16bc2d92be4ec8440a6bec4e6ed102f9a75c5c49898601|fa9896e082a1046ff4fbc75fcba4d18d1f2efc19
usr.sbin/cdcontrol/cdcontrol.1|man1/cdcontrol.1|570e8c3e55f4bc5de94318ceca8af3ca925610f25379bba5dfd46a92356e30c2|570e8c3e55f4bc5de94318ceca8af3ca925610f25379bba5dfd46a92356e30c2|b2c76c41be32f904179efed29c0ca04d53f3996c
usr.sbin/chown/chgrp.1|man1/chgrp.1|7a9fbbe727b5c7f0abb6cd24243c59df3f60d9d6e905bf71f3547073b39a6be3|7a9fbbe727b5c7f0abb6cd24243c59df3f60d9d6e905bf71f3547073b39a6be3|e09104dfb76a36b65a64bd315bd1520941c4beed
usr.sbin/ckdist/ckdist.1|man1/ckdist.1|4943e4b07a59c0680a6be88acd4cbf0ac9abae5ea14a801b599be386fb584b42|4943e4b07a59c0680a6be88acd4cbf0ac9abae5ea14a801b599be386fb584b42|fa9896e082a1046ff4fbc75fcba4d18d1f2efc19
usr.sbin/cron/crontab/crontab.1|man1/crontab.1|06972d16a0d3dc79b0f18e0514785331d599af8379d1e62d15855afdc58fb843|06972d16a0d3dc79b0f18e0514785331d599af8379d1e62d15855afdc58fb843|da9cd485d0950de83c9762ca99532114aeb394d4
usr.sbin/crunch/crunchgen/crunchgen.1|man1/crunchgen.1|6782679c253bc7f51c803dec434073aa6f8267ce1b697a465e9919f4ff74ac03|6782679c253bc7f51c803dec434073aa6f8267ce1b697a465e9919f4ff74ac03|b2c76c41be32f904179efed29c0ca04d53f3996c
usr.sbin/crunch/crunchide/crunchide.1|man1/crunchide.1|a90d1b6586f45791295262c1ae6f9348e2448032bcc55bbb341c4e204bdf9a42|a90d1b6586f45791295262c1ae6f9348e2448032bcc55bbb341c4e204bdf9a42|b2c76c41be32f904179efed29c0ca04d53f3996c
usr.sbin/fdread/fdread.1|man1/fdread.1|12477e750f75db571227b5c0fa69b81281158594ff7851841d43b27045705e74|12477e750f75db571227b5c0fa69b81281158594ff7851841d43b27045705e74|4c736cfc69a7ef81c48c8431b31c7e31746fe816
usr.sbin/fdwrite/fdwrite.1|man1/fdwrite.1|0e92400dd8926a660e4e952a24cbc8f60c0b1365591d6813e436e37fc4733458|0e92400dd8926a660e4e952a24cbc8f60c0b1365591d6813e436e37fc4733458|4c736cfc69a7ef81c48c8431b31c7e31746fe816
usr.sbin/fifolog/fifolog_create/fifolog.1|man1/fifolog.1|5811731529e826b0d5366033c19f14c533ab6f03c41f336090ac99aa4dec2bb8|5811731529e826b0d5366033c19f14c533ab6f03c41f336090ac99aa4dec2bb8|fa9896e082a1046ff4fbc75fcba4d18d1f2efc19
usr.sbin/kbdcontrol/kbdcontrol.1|man1/kbdcontrol.1|5c4de88201762b4beb043bea003384200b772d4ebf37a0e796d32dcb94e972db|5c4de88201762b4beb043bea003384200b772d4ebf37a0e796d32dcb94e972db|07d29f9c177e731e4497bedf5fde09176c90b444
usr.sbin/kbdmap/kbdmap.1|man1/kbdmap.1|9ac4fed87be252a3ec0360c2ddda0ea1425621c7e44f0bda9edc630b06955a3a|9ac4fed87be252a3ec0360c2ddda0ea1425621c7e44f0bda9edc630b06955a3a|580dc180c7ebd84a4aee27938a5f4a62520ac5d9
usr.sbin/lpr/lp/lp.1|man1/lp.1|41449fdb164f687c51fd2e0014bf9eb8193c46dd6c1467b90b24c23dfb9f51f6|41449fdb164f687c51fd2e0014bf9eb8193c46dd6c1467b90b24c23dfb9f51f6|d57dee7ab66f60537b557cb602be194e3eed253d
usr.sbin/lpr/lpq/lpq.1|man1/lpq.1|95e4df190bf76680742a18a16938b9e9d1262dbbcd45a9ecd82c18785cffb9b9|95e4df190bf76680742a18a16938b9e9d1262dbbcd45a9ecd82c18785cffb9b9|d57dee7ab66f60537b557cb602be194e3eed253d
usr.sbin/lpr/lpr/lpr.1|man1/lpr.1|543f7d41076794dce96b07dffe97f09575c5c0f547e753396e647cd8eebeb38c|543f7d41076794dce96b07dffe97f09575c5c0f547e753396e647cd8eebeb38c|d57dee7ab66f60537b557cb602be194e3eed253d
usr.sbin/lpr/lprm/lprm.1|man1/lprm.1|915bacbe5cb95787bff3e687842c4ac3e522ef06e0e244a872b85b17d83e3a8d|915bacbe5cb95787bff3e687842c4ac3e522ef06e0e244a872b85b17d83e3a8d|d57dee7ab66f60537b557cb602be194e3eed253d
usr.sbin/lpr/lptest/lptest.1|man1/lptest.1|dde2d52db99180b231d8e72a73fe204b3e2e0627182fea8ab38a3a2c7dec77cb|dde2d52db99180b231d8e72a73fe204b3e2e0627182fea8ab38a3a2c7dec77cb|d57dee7ab66f60537b557cb602be194e3eed253d
usr.sbin/mptable/mptable.1|man1/mptable.1|0cb0efc2436b699ec0cb3d2ee0e1e6a61cc40fc3865542724de4bafd7f6c647d|0cb0efc2436b699ec0cb3d2ee0e1e6a61cc40fc3865542724de4bafd7f6c647d|fa9896e082a1046ff4fbc75fcba4d18d1f2efc19
usr.sbin/rtprio/rtprio.1|man1/rtprio.1|1f4cbf5c58da162f14ff74920a0b479282d90aeb59e8872a55b1bf934a4b1d7d|1f4cbf5c58da162f14ff74920a0b479282d90aeb59e8872a55b1bf934a4b1d7d|fa9896e082a1046ff4fbc75fcba4d18d1f2efc19
usr.sbin/setfib/setfib.1|man1/setfib.1|5d7e408f7d634e159e844477a846c42e92c64262590fb6accf0f97bf54f7907c|5d7e408f7d634e159e844477a846c42e92c64262590fb6accf0f97bf54f7907c|fa9896e082a1046ff4fbc75fcba4d18d1f2efc19
usr.sbin/uhsoctl/uhsoctl.1|man1/uhsoctl.1|da65f10cdd022fc7c27e559fada06c505e384ba17aedfdc2a870f0c8372af4b2|da65f10cdd022fc7c27e559fada06c505e384ba17aedfdc2a870f0c8372af4b2|fa9896e082a1046ff4fbc75fcba4d18d1f2efc19
usr.sbin/vidcontrol/vidcontrol.1|man1/vidcontrol.1|7fe0a97f217e436a07347153c4d208a8fd6ce37a0e36867ffd02929e18ddcbda|7fe0a97f217e436a07347153c4d208a8fd6ce37a0e36867ffd02929e18ddcbda|9ec8196f68bac015965164f7f1a65c619bab4e85
