# Format: src_path|target_path|orig_hash|last_existed_orig_hash|git_commit_hash
# Generated by man-tr-scan.sh. Do not edit manually.
bin/cat/cat.1|man1/cat.1|0e201bb9b597d56cc4ea9dfdeee48a250e456094acb9fdc3383035f7143be2b9|0e201bb9b597d56cc4ea9dfdeee48a250e456094acb9fdc3383035f7143be2b9|b2c76c41be32f904179efed29c0ca04d53f3996c
bin/chflags/chflags.1|man1/chflags.1|1956de5102c3521de3352348ebcb76abbf28168e9988b199a4db185db08cd135|1956de5102c3521de3352348ebcb76abbf28168e9988b199a4db185db08cd135|b2c76c41be32f904179efed29c0ca04d53f3996c
bin/chio/chio.1|man1/chio.1|201cd5177c59025c3976f71865da7f40c62ceff4d90ed8475127d138aa2821a1|201cd5177c59025c3976f71865da7f40c62ceff4d90ed8475127d138aa2821a1|fa9896e082a1046ff4fbc75fcba4d18d1f2efc19
bin/chmod/chmod.1|man1/chmod.1|16b07ab041f93a87ff6886d9543de92a7cf92b3e1fd1cc25475930c62570a29f|16b07ab041f93a87ff6886d9543de92a7cf92b3e1fd1cc25475930c62570a29f|b2c76c41be32f904179efed29c0ca04d53f3996c
bin/cp/cp.1|man1/cp.1|30062d14a7fbdff2d277ce3ee825666e2b9d01e5562c5b7b0e595ea296ba83a9|30062d14a7fbdff2d277ce3ee825666e2b9d01e5562c5b7b0e595ea296ba83a9|b2c76c41be32f904179efed29c0ca04d53f3996c
bin/cpuset/cpuset.1|man1/cpuset.1|b9752bcd33438d926fb7f8e738632272ed68e70136efd4c38ae1f0713514d6c6|b9752bcd33438d926fb7f8e738632272ed68e70136efd4c38ae1f0713514d6c6|fa9896e082a1046ff4fbc75fcba4d18d1f2efc19
bin/date/date.1|man1/date.1|1af5681a76da3531d1227a653bc77d9d281d3670cf65b548b623b655611bd43a|1af5681a76da3531d1227a653bc77d9d281d3670cf65b548b623b655611bd43a|b2c76c41be32f904179efed29c0ca04d53f3996c
bin/dd/dd.1|man1/dd.1|64fc91dccbeaef50e3f011590fcb6341c4c0c9e64e5fcb4dcde848ce0ef7c15a|64fc91dccbeaef50e3f011590fcb6341c4c0c9e64e5fcb4dcde848ce0ef7c15a|b2c76c41be32f904179efed29c0ca04d53f3996c
bin/df/df.1|man1/df.1|7e9b22b1aec3d611e1f039a2249dad35f1314e7a92929d582f05db6cebb10a02|7e9b22b1aec3d611e1f039a2249dad35f1314e7a92929d582f05db6cebb10a02|b2c76c41be32f904179efed29c0ca04d53f3996c
bin/domainname/domainname.1|man1/domainname.1|833949d2306dd4ce5fd6a158c1f3d8dfbc17ec3f22952151d0a0308cb6dcac40|833949d2306dd4ce5fd6a158c1f3d8dfbc17ec3f22952151d0a0308cb6dcac40|b2c76c41be32f904179efed29c0ca04d53f3996c
bin/echo/echo.1|man1/echo.1|f937fa7d30ccf3f699295d3c1b5d6e9839ebfb724bd8790b833ea0fb9db322d3|f937fa7d30ccf3f699295d3c1b5d6e9839ebfb724bd8790b833ea0fb9db322d3|b2c76c41be32f904179efed29c0ca04d53f3996c
bin/ed/ed.1|man1/ed.1|9f4a3c343d4795931a1aab23053c5d139b9afaa5f7b898c2ea913edd78c65398|9f4a3c343d4795931a1aab23053c5d139b9afaa5f7b898c2ea913edd78c65398|b2c76c41be32f904179efed29c0ca04d53f3996c
bin/expr/expr.1|man1/expr.1|23d961c0927f87387fef7457adb5e51805aa37aef623af915e70b2ad06f7ce0a|23d961c0927f87387fef7457adb5e51805aa37aef623af915e70b2ad06f7ce0a|fa9896e082a1046ff4fbc75fcba4d18d1f2efc19
bin/freebsd-version/freebsd-version.1|man1/freebsd-version.1|51825e364b1ead6812bc19f25a14d076aa22cf85de24dab3c8684bd45c991ac1|51825e364b1ead6812bc19f25a14d076aa22cf85de24dab3c8684bd45c991ac1|fa9896e082a1046ff4fbc75fcba4d18d1f2efc19
bin/getfacl/getfacl.1|man1/getfacl.1|117daf976ebd904fb4fb7f41cb9e08a9521782c7d0c98841e5977cd1291ec30d|117daf976ebd904fb4fb7f41cb9e08a9521782c7d0c98841e5977cd1291ec30d|fa9896e082a1046ff4fbc75fcba4d18d1f2efc19
bin/hostname/hostname.1|man1/hostname.1|3b41b79549a961d628e9aa1f4d452602aa42acf98d905b1fb58da0da3dfd5dad|3b41b79549a961d628e9aa1f4d452602aa42acf98d905b1fb58da0da3dfd5dad|b2c76c41be32f904179efed29c0ca04d53f3996c
bin/kenv/kenv.1|man1/kenv.1|12b3bdf5a0e4f3db6e605fc5bbd8dd7a2eb4a46a017fe7d48ff51e433d56b3ad|12b3bdf5a0e4f3db6e605fc5bbd8dd7a2eb4a46a017fe7d48ff51e433d56b3ad|fa9896e082a1046ff4fbc75fcba4d18d1f2efc19
bin/kill/kill.1|man1/kill.1|e846baafdff3331f4c037d04669ac28c7676109a2b79213e9fcd6670b9cfe5bf|e846baafdff3331f4c037d04669ac28c7676109a2b79213e9fcd6670b9cfe5bf|b2c76c41be32f904179efed29c0ca04d53f3996c
bin/ln/ln.1|man1/ln.1|75707f9c251c5f9eeabc523bbaf0850dcf34a98e53d6db3349a1737a99c82fef|75707f9c251c5f9eeabc523bbaf0850dcf34a98e53d6db3349a1737a99c82fef|b2c76c41be32f904179efed29c0ca04d53f3996c
bin/ls/ls.1|man1/ls.1|8f1cfdc7d5e60f85a1b8432c07774f0d78448304bd7903a08466d3f384316179|8f1cfdc7d5e60f85a1b8432c07774f0d78448304bd7903a08466d3f384316179|b2c76c41be32f904179efed29c0ca04d53f3996c
bin/mkdir/mkdir.1|man1/mkdir.1|af69cb32a64ab0195806cd9716b38749edd39e6d1198ff2aff1d06f4ff0288c5|af69cb32a64ab0195806cd9716b38749edd39e6d1198ff2aff1d06f4ff0288c5|b2c76c41be32f904179efed29c0ca04d53f3996c
bin/mv/mv.1|man1/mv.1|2e8eb33de5438eac448ee54f25351d4dd35876590dec2dabff561927fb61d735|2e8eb33de5438eac448ee54f25351d4dd35876590dec2dabff561927fb61d735|b2c76c41be32f904179efed29c0ca04d53f3996c
bin/nproc/nproc.1|man1/nproc.1|c4503df6517aa66a7698c62b79a480901f2980548bde7c50f6be437f253ad583|c4503df6517aa66a7698c62b79a480901f2980548bde7c50f6be437f253ad583|1e078fb6021ebb5ccfb092fe9e5befcf4054ac0b
bin/pax/pax.1|man1/pax.1|bd789ca6e50eb0bc8ea656c3070270e7dfbb52d40764831631645277a3212941|bd789ca6e50eb0bc8ea656c3070270e7dfbb52d40764831631645277a3212941|b2c76c41be32f904179efed29c0ca04d53f3996c
bin/pkill/pkill.1|man1/pkill.1|5b8f12b2944e44ee17a137655d8ae214938fcba86512becac3803b69c7b41890|5b8f12b2944e44ee17a137655d8ae214938fcba86512becac3803b69c7b41890|fa9896e082a1046ff4fbc75fcba4d18d1f2efc19
bin/ps/ps.1|man1/ps.1|b0b23c6a24828f9de01fa5e40e4e10c545546317e416b9eb96a79da07a7279fd|b0b23c6a24828f9de01fa5e40e4e10c545546317e416b9eb96a79da07a7279fd|5c0a1c15ff8cb66128f4826ace8ba91e0a31486d
bin/pwait/pwait.1|man1/pwait.1|3e0d8ef10227ccfad1ac96a11cb6bbfeadc9fecd5d04f60e6f310c819a6103c6|3e0d8ef10227ccfad1ac96a11cb6bbfeadc9fecd5d04f60e6f310c819a6103c6|fa9896e082a1046ff4fbc75fcba4d18d1f2efc19
bin/pwd/pwd.1|man1/pwd.1|31caee3d57082c743e2c096977df2e6f50b76cce2915947b5902f5e24f9b68a7|31caee3d57082c743e2c096977df2e6f50b76cce2915947b5902f5e24f9b68a7|b2c76c41be32f904179efed29c0ca04d53f3996c
bin/realpath/realpath.1|man1/realpath.1|bb502a2dc91d3253650d694c5b102302e9c285de4f5eff1a393f48128ab05f67|bb502a2dc91d3253650d694c5b102302e9c285de4f5eff1a393f48128ab05f67|b2c76c41be32f904179efed29c0ca04d53f3996c
bin/rm/rm.1|man1/rm.1|7a0c01242dd084bfacf8e5a1296b00a72ca4637ee9b441ec4faa567f78afdfe7|7a0c01242dd084bfacf8e5a1296b00a72ca4637ee9b441ec4faa567f78afdfe7|b2c76c41be32f904179efed29c0ca04d53f3996c
bin/rmdir/rmdir.1|man1/rmdir.1|a95832ea27781cca618b5991c142a42a10e6d3aa654c8e60b62f9e938233fd0b|a95832ea27781cca618b5991c142a42a10e6d3aa654c8e60b62f9e938233fd0b|b2c76c41be32f904179efed29c0ca04d53f3996c
bin/setfacl/setfacl.1|man1/setfacl.1|1a2d2fb9ee3d81621b3b0953d77af982de4de6a69c30a79add5c5743b2d8ecff|1a2d2fb9ee3d81621b3b0953d77af982de4de6a69c30a79add5c5743b2d8ecff|fa9896e082a1046ff4fbc75fcba4d18d1f2efc19
bin/sh/sh.1|man1/sh.1|9a081d3e101b47c25c2f549e2dadf8358f3055140ad4be8fbdb0ecf2d422d8eb|9a081d3e101b47c25c2f549e2dadf8358f3055140ad4be8fbdb0ecf2d422d8eb|b2c76c41be32f904179efed29c0ca04d53f3996c
bin/sleep/sleep.1|man1/sleep.1|bbbb80942825dce6bd4aa1cff96510cd734601b893b4a6c5829666fc92d35aa8|bbbb80942825dce6bd4aa1cff96510cd734601b893b4a6c5829666fc92d35aa8|b2c76c41be32f904179efed29c0ca04d53f3996c
bin/stty/stty.1|man1/stty.1|5212fcfa53608f332070dc4bfd25f29c7ea67dea2367ee27e3439f4aa69543f6|5212fcfa53608f332070dc4bfd25f29c7ea67dea2367ee27e3439f4aa69543f6|ad8c7f909e3315a31f654ab7dca75840a4561cb0
bin/sync/sync.8|man8/sync.8|bbd69d8192fdf4915166576d464f9e7a57603d6d7fd956113244a761a27345da|bbd69d8192fdf4915166576d464f9e7a57603d6d7fd956113244a761a27345da|b2c76c41be32f904179efed29c0ca04d53f3996c
bin/test/test.1|man1/test.1|197cf89768a68cba6513f7bd45263ad9ab3b5beec85964c16108e04e96caeb16|197cf89768a68cba6513f7bd45263ad9ab3b5beec85964c16108e04e96caeb16|b2c76c41be32f904179efed29c0ca04d53f3996c
bin/timeout/timeout.1|man1/timeout.1|06efe9d8391edb71fb7bdd0c6d18fd4595924b1de960203c6e6dc0cb4dcc9b88|06efe9d8391edb71fb7bdd0c6d18fd4595924b1de960203c6e6dc0cb4dcc9b88|fa9896e082a1046ff4fbc75fcba4d18d1f2efc19
bin/uuidgen/uuidgen.1|man1/uuidgen.1|2c979e2f6a26e57850d61945da0f029b521ba3ed8a24614987ae804c71b37b46|2c979e2f6a26e57850d61945da0f029b521ba3ed8a24614987ae804c71b37b46|fa9896e082a1046ff4fbc75fcba4d18d1f2efc19
cddl/contrib/opensolaris/cmd/dtrace/dtrace.1|man1/dtrace.1|aadc1067368a4fcb9ba6b79e5f244051749e4c3bc3db9d92cfcb39af44e904db|aadc1067368a4fcb9ba6b79e5f244051749e4c3bc3db9d92cfcb39af44e904db|ed35c7cf7762c26246cb032b7ed30dcfbcee7a3b
cddl/contrib/opensolaris/cmd/lockstat/lockstat.1|man1/lockstat.1|84435bd9cc0305e6acd8b1869882ca16487e700f20f023a175207f170e4e9470|84435bd9cc0305e6acd8b1869882ca16487e700f20f023a175207f170e4e9470|932a690c5171c2614d94e62930048070bc04abc7
cddl/usr.bin/ctfconvert/ctfconvert.1|man1/ctfconvert.1|b357590486dc4345f601abc6a8bb4dbeddf2d534e4a2c01b42ec05bac0ccf192|b357590486dc4345f601abc6a8bb4dbeddf2d534e4a2c01b42ec05bac0ccf192|fa9896e082a1046ff4fbc75fcba4d18d1f2efc19
cddl/usr.bin/ctfdump/ctfdump.1|man1/ctfdump.1|dafc3852261e508b9edd96ff24f3b1f2ae156c6346e6a060985bd572e89154e4|dafc3852261e508b9edd96ff24f3b1f2ae156c6346e6a060985bd572e89154e4|fa9896e082a1046ff4fbc75fcba4d18d1f2efc19
cddl/usr.bin/ctfmerge/ctfmerge.1|man1/ctfmerge.1|204a6b7c845c7a52cd09248f4698ff8bb807c61c62c1a06e139dcde447b80f51|204a6b7c845c7a52cd09248f4698ff8bb807c61c62c1a06e139dcde447b80f51|fa9896e082a1046ff4fbc75fcba4d18d1f2efc19
cddl/usr.sbin/dwatch/dwatch.1|man1/dwatch.1|20d712216c2eb03428b91f21afa42648e6cdfe7554cfdad111a077a35b29923d|20d712216c2eb03428b91f21afa42648e6cdfe7554cfdad111a077a35b29923d|fa9896e082a1046ff4fbc75fcba4d18d1f2efc19
cddl/usr.sbin/plockstat/plockstat.1|man1/plockstat.1|340e17d78b0b6b3c5fd70ff061d5f90c680c72f2804840923961937bd9d160a2|340e17d78b0b6b3c5fd70ff061d5f90c680c72f2804840923961937bd9d160a2|fa9896e082a1046ff4fbc75fcba4d18d1f2efc19
cddl/usr.sbin/zfsd/zfsd.8|man8/zfsd.8|5b6c0f6552127103bd06acf7b53de8f4d705a73f1ce79a3baee6e66d13cf42ce|5b6c0f6552127103bd06acf7b53de8f4d705a73f1ce79a3baee6e66d13cf42ce|fa9896e082a1046ff4fbc75fcba4d18d1f2efc19
contrib/atf/atf-sh/atf-check.1|man1/atf-check.1|0cf36cc17045c7820d2647e2e37180671773de3641a73b0c7e5fd449d3d23c37|0cf36cc17045c7820d2647e2e37180671773de3641a73b0c7e5fd449d3d23c37|c203bd70b5957f85616424b6fa374479372d06e3
contrib/atf/atf-sh/atf-sh.1|man1/atf-sh.1|94201c5f7fae55cd937fcd19eea367d6451e02708479e6fc3fc319ee1b74d23d|94201c5f7fae55cd937fcd19eea367d6451e02708479e6fc3fc319ee1b74d23d|b93c1b1a3b046e4d36d85cb7265c25e19b793388
contrib/atf/doc/atf-test-program.1|man1/atf-test-program.1|4345092c9734875112ac7b104337af71c7dd67e29fac36e21a6924310424aad7|4345092c9734875112ac7b104337af71c7dd67e29fac36e21a6924310424aad7|0677dfd1c4dadb62482e2c72fa4c6720902128a4
contrib/bc/manuals/bc/A.1|man1/A.1|c3af34837ad1fbfb8c7a0f8198b8370cff0f71fcdab8bbbda66155feb3c0fb53|c3af34837ad1fbfb8c7a0f8198b8370cff0f71fcdab8bbbda66155feb3c0fb53|103d7cdfb7435591049413e1bc39482cb316efb7
contrib/bc/manuals/bc/E.1|man1/E.1|02206112ad46c7976411584c8a7eaf30495832c013f7fd6d688a8caa3051d77a|02206112ad46c7976411584c8a7eaf30495832c013f7fd6d688a8caa3051d77a|103d7cdfb7435591049413e1bc39482cb316efb7
contrib/bc/manuals/bc/EH.1|man1/EH.1|a594b0844ae10cf40d5061c20a9813d6c40a450c898f10dafe232b0083537ad9|a594b0844ae10cf40d5061c20a9813d6c40a450c898f10dafe232b0083537ad9|103d7cdfb7435591049413e1bc39482cb316efb7
contrib/bc/manuals/bc/EHN.1|man1/EHN.1|cc6d0003bf438a8535937678b47b1da32f7553c262dc904b65925da168a8707b|cc6d0003bf438a8535937678b47b1da32f7553c262dc904b65925da168a8707b|103d7cdfb7435591049413e1bc39482cb316efb7
contrib/bc/manuals/bc/EN.1|man1/EN.1|e2aec323e13aafd27edc090e2e7322e31dac20b0566fac0f6b5a230c5303d215|e2aec323e13aafd27edc090e2e7322e31dac20b0566fac0f6b5a230c5303d215|103d7cdfb7435591049413e1bc39482cb316efb7
contrib/bc/manuals/bc/H.1|man1/H.1|636d633b9026cd19908ef9491c02853aa66dc9955095de220af98154c7b55ce7|636d633b9026cd19908ef9491c02853aa66dc9955095de220af98154c7b55ce7|103d7cdfb7435591049413e1bc39482cb316efb7
contrib/bc/manuals/bc/HN.1|man1/HN.1|960b51e171daefe1a4fb0c90b1cc43c33382c70bdc4cb06eca89fe17262b0f4a|960b51e171daefe1a4fb0c90b1cc43c33382c70bdc4cb06eca89fe17262b0f4a|103d7cdfb7435591049413e1bc39482cb316efb7
contrib/bc/manuals/bc/N.1|man1/N.1|131f42e1cdf177075db5f96ce6d71babbaf267ec0eb6b135895ce87fbb804ae9|131f42e1cdf177075db5f96ce6d71babbaf267ec0eb6b135895ce87fbb804ae9|103d7cdfb7435591049413e1bc39482cb316efb7
contrib/bc/manuals/dc/A.1|man1/A.1|f61cc6560ef3c4bb383869321719d97095ecb7c890c1c95b442833dbdcf682b2|f61cc6560ef3c4bb383869321719d97095ecb7c890c1c95b442833dbdcf682b2|103d7cdfb7435591049413e1bc39482cb316efb7
contrib/bc/manuals/dc/E.1|man1/E.1|71135ada76773f05f195b6ee40ebedd730a50fd1c4a6fab37313617931d23811|71135ada76773f05f195b6ee40ebedd730a50fd1c4a6fab37313617931d23811|103d7cdfb7435591049413e1bc39482cb316efb7
contrib/bc/manuals/dc/EH.1|man1/EH.1|edf7ca613a6ed81abdaf95eae6d2d2cb31a38fcbf2b56b7ee69126e7493934d8|edf7ca613a6ed81abdaf95eae6d2d2cb31a38fcbf2b56b7ee69126e7493934d8|103d7cdfb7435591049413e1bc39482cb316efb7
contrib/bc/manuals/dc/EHN.1|man1/EHN.1|643551376ea2b5632c57dbe80679d6772e68b52dd2e72661164f06551dde7fe2|643551376ea2b5632c57dbe80679d6772e68b52dd2e72661164f06551dde7fe2|103d7cdfb7435591049413e1bc39482cb316efb7
contrib/bc/manuals/dc/EN.1|man1/EN.1|f87cc04e95c0f4acb2cf1b19807d2edd31fb9f9599630d629e9eead7170cec0e|f87cc04e95c0f4acb2cf1b19807d2edd31fb9f9599630d629e9eead7170cec0e|103d7cdfb7435591049413e1bc39482cb316efb7
contrib/bc/manuals/dc/H.1|man1/H.1|2bd0ddf2bbe084baa15c2428f9111927c23876736036545903f06c669eda4f23|2bd0ddf2bbe084baa15c2428f9111927c23876736036545903f06c669eda4f23|103d7cdfb7435591049413e1bc39482cb316efb7
contrib/bc/manuals/dc/HN.1|man1/HN.1|a8d44e888f5e48b46b6ba71e3ab0573ff974f65d44513f742ee146f317c648e9|a8d44e888f5e48b46b6ba71e3ab0573ff974f65d44513f742ee146f317c648e9|103d7cdfb7435591049413e1bc39482cb316efb7
contrib/bc/manuals/dc/N.1|man1/N.1|307dcea1c04ce57309d21386b44a75e6dc6d18962b8599d59d6761fd8ec409ba|307dcea1c04ce57309d21386b44a75e6dc6d18962b8599d59d6761fd8ec409ba|103d7cdfb7435591049413e1bc39482cb316efb7
contrib/blacklist/bin/blacklistctl.8|man8/blacklistctl.8|61c1354b5a1732ec6f75d8cf3089483707454377ee6735e96c173fae0257cb95|61c1354b5a1732ec6f75d8cf3089483707454377ee6735e96c173fae0257cb95|40935b566bf6dd9e37903e628fd7c8b1fcc4138f
contrib/blacklist/bin/blacklistd.8|man8/blacklistd.8|d8b70aabe7f1f9c278540208468001e8946f2e4fd1775fc7c685802fc3ff79e9|d8b70aabe7f1f9c278540208468001e8946f2e4fd1775fc7c685802fc3ff79e9|aa05c93cb793f65cb3bed1548e514f9943c6472e
contrib/bmake/bmake.1|man1/bmake.1|9283e59c5378177a290b7ba1b29e7f868c81e16e2ba5efcba5e96d85e1256267|9283e59c5378177a290b7ba1b29e7f868c81e16e2ba5efcba5e96d85e1256267|c1d01b5fd6811491ee6c05cf6982fd65343122c8
contrib/bmake/make.1|man1/make.1|d513902ef6d76b062c8dbb6ee874f6c8b6ce0bf6f21614ed96378020fe6541e9|d513902ef6d76b062c8dbb6ee874f6c8b6ce0bf6f21614ed96378020fe6541e9|c1d01b5fd6811491ee6c05cf6982fd65343122c8
contrib/bsddialog/bsddialog.1|man1/bsddialog.1|658b80ca8ab2df539ea362e046f75ece5ddd49b31ccd7045f242f237754bdd0c|658b80ca8ab2df539ea362e046f75ece5ddd49b31ccd7045f242f237754bdd0c|84823cc70824c8d842f503d8c2e6d7b0c2d95b61
contrib/bsnmp/gensnmpdef/gensnmpdef.1|man1/gensnmpdef.1|bf652f3e132dd5ff585a786e5703584262dc6a8eecac63becb248dc3a81265bd|bf652f3e132dd5ff585a786e5703584262dc6a8eecac63becb248dc3a81265bd|e1d581b289848ffa97c452756dc52d45efb68a01
contrib/bsnmp/gensnmptree/gensnmptree.1|man1/gensnmptree.1|c814420483a9921953d26522932ad076f7216e5a25daeded87c4097898179ce2|c814420483a9921953d26522932ad076f7216e5a25daeded87c4097898179ce2|4ac8f4067096a9d4a00e41cd53bd5c4fa295fd15
contrib/bsnmp/snmpd/bsnmpd.1|man1/bsnmpd.1|a5c6fc557c885512f233497362ffa0d57b9a249e50a2c100bc74236db8857639|a5c6fc557c885512f233497362ffa0d57b9a249e50a2c100bc74236db8857639|9ea0bf43e58287466ad183fe758a01498ede4259
contrib/byacc/yacc.1|man1/yacc.1|56981b50c82a04acad1db0e4e22ec58dfd8dc1f5bdba3605b7c335f3d3a6f7ac|56981b50c82a04acad1db0e4e22ec58dfd8dc1f5bdba3605b7c335f3d3a6f7ac|8e022d3cdea10ee1039a632f670c27fd93f65625
contrib/bzip2/bzip2.1|man1/bzip2.1|396f0caae5a6d108e6315298e76f64723b5e6bfd090869862260035c8c60fab3|396f0caae5a6d108e6315298e76f64723b5e6bfd090869862260035c8c60fab3|51f61fc0c7ece7a30c737341e65455841bc3f04e
contrib/com_err/compile_et.1|man1/compile_et.1|95ab8b4ab558d03c3611385203316940f31413fe0ea08cb4d1a834df15edd568|95ab8b4ab558d03c3611385203316940f31413fe0ea08cb4d1a834df15edd568|aa12cea2ccc6e686d6d31cf67d6bc69cbc1ba744
contrib/dialog/dialog.1|man1/dialog.1|389c3ca672deb402d7ff0961d63a0ac2f02e99c524bc75b3c9116f5b916098f2|389c3ca672deb402d7ff0961d63a0ac2f02e99c524bc75b3c9116f5b916098f2|a96ef4501919d7ac08e94e98dc34b0bdd744802b
contrib/diff/man/cmp.1|man1/cmp.1|9d777c0bbe51abd4d6d92adff3908c2ad349ef0f50f48109809f7d5c874f231f|9d777c0bbe51abd4d6d92adff3908c2ad349ef0f50f48109809f7d5c874f231f|18fd37a72c3a7549d2d4f6c6ea00bdcd2bdaca01
contrib/diff/man/diff.1|man1/diff.1|59619786650a769ec2826dc6cad8294b541ca9fecd51114906b34fe3b900f1df|59619786650a769ec2826dc6cad8294b541ca9fecd51114906b34fe3b900f1df|18fd37a72c3a7549d2d4f6c6ea00bdcd2bdaca01
contrib/diff/man/diff3.1|man1/diff3.1|9ccabb2a40355929413320c2fae76db8812a8793c49cfbd163c1e10c37b0ccac|9ccabb2a40355929413320c2fae76db8812a8793c49cfbd163c1e10c37b0ccac|998db43a8d31330a111205a1bba9707883de8610
contrib/diff/man/sdiff.1|man1/sdiff.1|930d853f4ec680cc60696b42244c6d361dcb8cb1fc7983840dfc7d65a05aa134|930d853f4ec680cc60696b42244c6d361dcb8cb1fc7983840dfc7d65a05aa134|18fd37a72c3a7549d2d4f6c6ea00bdcd2bdaca01
contrib/dma/dma.8|man8/dma.8|820345fd83d46d435bcf1e32f10c9fb479ef7217fa42b79b627dea84869802da|820345fd83d46d435bcf1e32f10c9fb479ef7217fa42b79b627dea84869802da|fbe95b885f3431b1d8003545b32e8ffa88f2d16b
contrib/ee/ee.1|man1/ee.1|c75ab5c8ad54d6d3b9c0b28de5a1d7ee9a8af953a19db919f6b76e6fea06598e|c75ab5c8ad54d6d3b9c0b28de5a1d7ee9a8af953a19db919f6b76e6fea06598e|6580cc162dd5297b520fe1be21579bc787974ffb
contrib/elftoolchain/addr2line/addr2line.1|man1/addr2line.1|5b2498976159be2ac73262e1bad38144001aa8e51dc21ea558b2b312a8f8c9df|5b2498976159be2ac73262e1bad38144001aa8e51dc21ea558b2b312a8f8c9df|ae500c1ff8974130f7f2692772cf288b90349e0d
contrib/elftoolchain/ar/ar.1|man1/ar.1|4580ea21d5d99301f91802853b45202bda78b20775f6350b430113f9a901a44c|4580ea21d5d99301f91802853b45202bda78b20775f6350b430113f9a901a44c|ae500c1ff8974130f7f2692772cf288b90349e0d
contrib/elftoolchain/ar/ranlib.1|man1/ranlib.1|ccedff617c7066943148d85f61a45569f32891121599e80c4625f03b5aaea12c|ccedff617c7066943148d85f61a45569f32891121599e80c4625f03b5aaea12c|ae500c1ff8974130f7f2692772cf288b90349e0d
contrib/elftoolchain/brandelf/brandelf.1|man1/brandelf.1|f90e477636f0c2660b9a56e19cf00a805e036bc9bc3d365ca01d55f3b8b3991d|f90e477636f0c2660b9a56e19cf00a805e036bc9bc3d365ca01d55f3b8b3991d|656f49f8e2b0656824a5f10aeb760a00fdd3753f
contrib/elftoolchain/cxxfilt/c++filt.1|man1/c++filt.1|0f0bf096a8a5d2abe2718f125149689862faf8035766c8ee77e138caf06596c8|0f0bf096a8a5d2abe2718f125149689862faf8035766c8ee77e138caf06596c8|ae500c1ff8974130f7f2692772cf288b90349e0d
contrib/elftoolchain/elfcopy/elfcopy.1|man1/elfcopy.1|f37e6a638a924237f7dc12cb3647cfa48dd7b0a6078f4dc9c39d0334a70eb4c0|f37e6a638a924237f7dc12cb3647cfa48dd7b0a6078f4dc9c39d0334a70eb4c0|ae500c1ff8974130f7f2692772cf288b90349e0d
contrib/elftoolchain/elfcopy/mcs.1|man1/mcs.1|caf12eedb536b6250f461fc1dd54a21461c990e79b73cf9e657e8405383f383e|caf12eedb536b6250f461fc1dd54a21461c990e79b73cf9e657e8405383f383e|ae500c1ff8974130f7f2692772cf288b90349e0d
contrib/elftoolchain/elfcopy/strip.1|man1/strip.1|47ddea6087e17da8cb1416c5615c31cd407822d0888d8ab59c1599211e838866|47ddea6087e17da8cb1416c5615c31cd407822d0888d8ab59c1599211e838866|36d7818975359fd2aacb19e4f9442a841dc954bb
contrib/elftoolchain/elfdump/elfdump.1|man1/elfdump.1|da1bd0b1328e1c12757869990dd370d788dd9130ffc2f16e97055fd092a95e17|da1bd0b1328e1c12757869990dd370d788dd9130ffc2f16e97055fd092a95e17|656f49f8e2b0656824a5f10aeb760a00fdd3753f
contrib/elftoolchain/nm/nm.1|man1/nm.1|530e09c03140f1c4dad776c9490ba4c5f9efacb1565f6eb7561d139f38d59c0e|530e09c03140f1c4dad776c9490ba4c5f9efacb1565f6eb7561d139f38d59c0e|ae500c1ff8974130f7f2692772cf288b90349e0d
contrib/elftoolchain/readelf/readelf.1|man1/readelf.1|b1ae6b821bcc7d8e5c14df3553c4623b86a9ff7de2e06992a40008f1290f4a06|b1ae6b821bcc7d8e5c14df3553c4623b86a9ff7de2e06992a40008f1290f4a06|deef4b8ce8ba7292fe5088bf9f6d4e2e35662fe8
contrib/elftoolchain/size/size.1|man1/size.1|dfe8585ffa19b70d73b2b9b41cbfc6adc95bc61e20cf986c1f568b540dad0a68|dfe8585ffa19b70d73b2b9b41cbfc6adc95bc61e20cf986c1f568b540dad0a68|b00fe64f4acfe315181f65999af16e9a7bdc600b
contrib/elftoolchain/strings/strings.1|man1/strings.1|c6e2ed0bef8a566b63ee627c5adbc3fc475869cf8f65a868452d7aed58d6a93d|c6e2ed0bef8a566b63ee627c5adbc3fc475869cf8f65a868452d7aed58d6a93d|839529caa9c35f92b638dbe074655598e7a6bb6f
contrib/expat/doc/xmlwf.1|man1/xmlwf.1|30f1010fb8eac2333b1bf7a9c7927bbd25cc46e512aa42e307429aa52eda2650|30f1010fb8eac2333b1bf7a9c7927bbd25cc46e512aa42e307429aa52eda2650|dc58b3fca5e7a7bb1e9aa640667944d0fe0601cd
contrib/hyperv/tools/hv_kvp_daemon.8|man8/hv_kvp_daemon.8|6de1702cf0c8e39a0db57d0da4e5be0ed16320cc6e02a28d9eb28bbff6e8dec6|6de1702cf0c8e39a0db57d0da4e5be0ed16320cc6e02a28d9eb28bbff6e8dec6|1545452c5448d6e1f030b8142eb85db172d2c816
contrib/hyperv/tools/hv_vss_daemon.8|man8/hv_vss_daemon.8|cbb50cc28cd86a74bad71fc8454880e5cb856c209531e8437456bf5b1e696656|cbb50cc28cd86a74bad71fc8454880e5cb856c209531e8437456bf5b1e696656|168fce73b59d6023cab45d063a452551a1f2103e
contrib/ldns-host/ldns-host.1|man1/ldns-host.1|e0c7f654193234e1066cd0a018821fcf8a9910fc8a9e8f7a991d7294306efb2b|e0c7f654193234e1066cd0a018821fcf8a9910fc8a9e8f7a991d7294306efb2b|3f68b24e10aeb1a1cd85f2d349da44138d52c501
contrib/ldns/drill/drill.1|man1/drill.1|c4076ed4d7651a734446d6eb8613b966e23443973fd2545a964882a8de91a5b3|c4076ed4d7651a734446d6eb8613b966e23443973fd2545a964882a8de91a5b3|986ba33c7a3bc8f5ba13c7a9d6512602f6e32c61
contrib/ldns/packaging/ldns-config.1|man1/ldns-config.1|ddb92b0a629adb7fd38a551b4d8087a5d3f6fcec5c8d012c3ff14141eddf3730|ddb92b0a629adb7fd38a551b4d8087a5d3f6fcec5c8d012c3ff14141eddf3730|986ba33c7a3bc8f5ba13c7a9d6512602f6e32c61
contrib/libarchive/cat/bsdcat.1|man1/bsdcat.1|296f97d88696356a4f2bd51d9d38d002b7b1caa18bfb14150133f22a5654505b|296f97d88696356a4f2bd51d9d38d002b7b1caa18bfb14150133f22a5654505b|f057565e0da58e9f12784707db009d78a170fd51
contrib/libarchive/cpio/bsdcpio.1|man1/bsdcpio.1|36ac9b490ecfaf92ab939f6f24b30f941cb5c25e16be2d5a3f0e96d2dfc7bcb4|36ac9b490ecfaf92ab939f6f24b30f941cb5c25e16be2d5a3f0e96d2dfc7bcb4|ddce862ad8594542e1fa1af9ffae7264e12ffd27
contrib/libarchive/tar/bsdtar.1|man1/bsdtar.1|14fc5e294023f2c940e4a26091723bf561cda4cfd23b88cb5e3215a5e1b730dd|14fc5e294023f2c940e4a26091723bf561cda4cfd23b88cb5e3215a5e1b730dd|e64fe029e9d3ce476e77a478318e0c3cd201ff08
contrib/libarchive/unzip/bsdunzip.1|man1/bsdunzip.1|3a4d23ef9b2590bedf0a658e54c4355524ea02dfed71bfdceff8a1911c10fce8|3a4d23ef9b2590bedf0a658e54c4355524ea02dfed71bfdceff8a1911c10fce8|64884e0d4ce7ed57c970e1b34f93e3754c656900
contrib/libfido2/man/fido2-assert.1|man1/fido2-assert.1|85e0555c177b45a617f13f94289216c30626595e088ec0304d8c63ab6cf29a5e|85e0555c177b45a617f13f94289216c30626595e088ec0304d8c63ab6cf29a5e|95321fff46ec680708dc9c1ffe116757bee8ad78
contrib/libfido2/man/fido2-cred.1|man1/fido2-cred.1|8451a1a2fb59b391a83e2257cb055cfe66213779f2b8238c0bf7bcb4862580fc|8451a1a2fb59b391a83e2257cb055cfe66213779f2b8238c0bf7bcb4862580fc|95321fff46ec680708dc9c1ffe116757bee8ad78
contrib/libfido2/man/fido2-token.1|man1/fido2-token.1|58926ec8838295598c66049d77515e1455574919443a58499940d7f2c50ec63d|58926ec8838295598c66049d77515e1455574919443a58499940d7f2c50ec63d|95321fff46ec680708dc9c1ffe116757bee8ad78
contrib/libpcap/pcap-config.1|man1/pcap-config.1|4c500c0a1453f341ecd00e4ddfa015831b8849566abea615cd50bb68143f95c0|4c500c0a1453f341ecd00e4ddfa015831b8849566abea615cd50bb68143f95c0|6f9cba8f8b5efd16249633e52483ea351876b67b
contrib/libxo/xo/xo.1|man1/xo.1|0fd51437369d2addbf4ab36b0e2141cf4451a8ec1a89f22f7a10152e843daea1|0fd51437369d2addbf4ab36b0e2141cf4451a8ec1a89f22f7a10152e843daea1|34b867ca30479cec104fd069178df294f8ea35f1
contrib/libxo/xohtml/xohtml.1|man1/xohtml.1|2279f67d137888673591cfced5bc93749c10fac4babd064097411f173a47679c|2279f67d137888673591cfced5bc93749c10fac4babd064097411f173a47679c|fd5e3f3ec6c6248e892c9e7b2f17da3bfe7b6837
contrib/libxo/xolint/xolint.1|man1/xolint.1|5dc9e607257af8ac133c17d946f5741dfac644de14714668acfc6e3f0d7549b0|5dc9e607257af8ac133c17d946f5741dfac644de14714668acfc6e3f0d7549b0|fd5e3f3ec6c6248e892c9e7b2f17da3bfe7b6837
contrib/libxo/xopo/xopo.1|man1/xopo.1|3dee6d4401acbfa2d7df62b0e958cb86bbf3c16948276b3e7ef9216cd2786444|3dee6d4401acbfa2d7df62b0e958cb86bbf3c16948276b3e7ef9216cd2786444|fd5e3f3ec6c6248e892c9e7b2f17da3bfe7b6837
contrib/llvm-project/lld/docs/ld.lld.1|man1/ld.lld.1|cb38037c1471024b98fd7ea970ff2ba1f540dde1fff308d266d87095de91ca72|cb38037c1471024b98fd7ea970ff2ba1f540dde1fff308d266d87095de91ca72|bdd1243df58e60e85101c09001d9812a789b6bc4
contrib/lua/doc/lua.1|man1/lua.1|704c5891d638e98819b1e7b6c8250fe19f5a670200d948d285fdba991e893f76|704c5891d638e98819b1e7b6c8250fe19f5a670200d948d285fdba991e893f76|a9490b81b032b43cdb3c8c76b4d01bbad9ff82c1
contrib/lua/doc/luac.1|man1/luac.1|09bb1187e9397981ed1c4b75c7441cd0796bed1ed5f42f94a29542495700faf6|09bb1187e9397981ed1c4b75c7441cd0796bed1ed5f42f94a29542495700faf6|8e3e3a7ae841ccf6f6ac30a2eeab85df5d7f04bc
contrib/mandoc/apropos.1|man1/apropos.1|448e419afe55cea5b4a4d8eaf964f9dee7dabc0983992da8f18d0082bf641ff0|448e419afe55cea5b4a4d8eaf964f9dee7dabc0983992da8f18d0082bf641ff0|6d38604fc532a3fc060788e3ce40464b46047eaf
contrib/mandoc/catman.8|man8/catman.8|5c9d0bca6c00502e96fe9937df81d5ea1104ff435472793d56c9efe21ffda2e7|5c9d0bca6c00502e96fe9937df81d5ea1104ff435472793d56c9efe21ffda2e7|61d06d6bd19dafe8ea971dd43e8328fa1b473456
contrib/mandoc/demandoc.1|man1/demandoc.1|d1867ae482f0b76ed1332159ab94f070a79c937f97dca43a34ac1def517ee787|d1867ae482f0b76ed1332159ab94f070a79c937f97dca43a34ac1def517ee787|61d06d6bd19dafe8ea971dd43e8328fa1b473456
contrib/mandoc/makewhatis.8|man8/makewhatis.8|545fcb16b63e4d589b9728873cb9d33dfbd039b27ab4acfc5f9e68d7ce464da5|545fcb16b63e4d589b9728873cb9d33dfbd039b27ab4acfc5f9e68d7ce464da5|189ae32695471111ba469ff9300cbf5809e289c9
contrib/mandoc/man.1|man1/man.1|7c580900a52bfb72e48b6350658b9e739833dd96c86e046f5133fcb1b1d003f8|7c580900a52bfb72e48b6350658b9e739833dd96c86e046f5133fcb1b1d003f8|6d38604fc532a3fc060788e3ce40464b46047eaf
contrib/mandoc/man.cgi.8|man8/man.cgi.8|5064b85a6c3bd52d9de1ff6d5f75f9bc15e4d50c808fc37d740d72a849335ec8|5064b85a6c3bd52d9de1ff6d5f75f9bc15e4d50c808fc37d740d72a849335ec8|61d06d6bd19dafe8ea971dd43e8328fa1b473456
contrib/mandoc/man.options.1|man1/man.options.1|436a6376b8e36104b41773078451a40a0f90bf194ff7c1cc0c262ef79010909f|436a6376b8e36104b41773078451a40a0f90bf194ff7c1cc0c262ef79010909f|61d06d6bd19dafe8ea971dd43e8328fa1b473456
contrib/mandoc/mandoc.1|man1/mandoc.1|6433a09027a58a72067b260d60c37872a340cc7562dc0689c2247af6da76a761|6433a09027a58a72067b260d60c37872a340cc7562dc0689c2247af6da76a761|6d38604fc532a3fc060788e3ce40464b46047eaf
contrib/mandoc/mandocd.8|man8/mandocd.8|5925b4842dd8f72f6a9b5a3a29e474a030c645fd5a43fb866cc46fc701f97d84|5925b4842dd8f72f6a9b5a3a29e474a030c645fd5a43fb866cc46fc701f97d84|61d06d6bd19dafe8ea971dd43e8328fa1b473456
contrib/mandoc/soelim.1|man1/soelim.1|c17eafe7897039f5da44abfe7c5b11209ef07b59695662260d3e9d38999dfaf0|c17eafe7897039f5da44abfe7c5b11209ef07b59695662260d3e9d38999dfaf0|61d06d6bd19dafe8ea971dd43e8328fa1b473456
contrib/mtree/mtree.8|man8/mtree.8|b9fbee224d9e06828b6c7f04bc4f1e8edd69bc79a8c2bab227d9bf086a25786b|b9fbee224d9e06828b6c7f04bc4f1e8edd69bc79a8c2bab227d9bf086a25786b|da232c04ab9eba3d3a7fc73881daff847071e9fd
contrib/ncurses/man/clear.1|man1/clear.1|9ea107c81a06149f0348e279ff355c1ef680b61f019430e49659870cb7a83e2a|9ea107c81a06149f0348e279ff355c1ef680b61f019430e49659870cb7a83e2a|e18651243efbc1fe285af34e4937fd697612f1c7
contrib/ncurses/man/tabs.1|man1/tabs.1|0197749ee30afc0cd66819cc75e7642baed84864f811801f5f83d8dab5f4f95b|0197749ee30afc0cd66819cc75e7642baed84864f811801f5f83d8dab5f4f95b|7a65641922f404b84e9a249d48593de84d8e8d17
contrib/ncurses/man/tput.1|man1/tput.1|372097bfd48272d21f2e333651d8235c4870b8bc6d82a9e7171d0609b0db9932|372097bfd48272d21f2e333651d8235c4870b8bc6d82a9e7171d0609b0db9932|7a65641922f404b84e9a249d48593de84d8e8d17
contrib/ncurses/man/tset.1|man1/tset.1|fdb5848fc747300a60276dba4b728eaf1d757e5d500c5b1bee34d74779a2e7c5|fdb5848fc747300a60276dba4b728eaf1d757e5d500c5b1bee34d74779a2e7c5|e18651243efbc1fe285af34e4937fd697612f1c7
contrib/netcat/nc.1|man1/nc.1|72e11a88ff122ed7316a55d01af4274360e8cbbd4f27e55510f6f8671c8d3923|72e11a88ff122ed7316a55d01af4274360e8cbbd4f27e55510f6f8671c8d3923|cef7ab70ff44955b97e543fd03e664c89ce05bc3
contrib/nvi/man/vi.1|man1/vi.1|d6f4da33fd5f6cd93b5572bc8dabe9f8d55ce710cff98d3eb4ba961f336c335c|d6f4da33fd5f6cd93b5572bc8dabe9f8d55ce710cff98d3eb4ba961f336c335c|6680e5a52f8abf059bbbd3e0be66d9dce476cdf9
contrib/ofed/infiniband-diags/man/check_lft_balance.8|man8/check_lft_balance.8|205d39b56899691e432d82553415497c189fea2895de2adc1891d571e9d8af88|205d39b56899691e432d82553415497c189fea2895de2adc1891d571e9d8af88|d6b92ffa990dc57d8a969a98e3ca4e25ba39cbb2
contrib/ofed/infiniband-diags/man/dump_fts.8|man8/dump_fts.8|30b52c7310383ab4e78794a03dfa7dbe5ca712f6bd21ac5ef9c6771ad0ea6440|30b52c7310383ab4e78794a03dfa7dbe5ca712f6bd21ac5ef9c6771ad0ea6440|d6b92ffa990dc57d8a969a98e3ca4e25ba39cbb2
contrib/ofed/infiniband-diags/man/ibaddr.8|man8/ibaddr.8|9a149bc8192c181dd1fba58ac7d107f1039924562d524002a09da173a9c952c9|9a149bc8192c181dd1fba58ac7d107f1039924562d524002a09da173a9c952c9|d6b92ffa990dc57d8a969a98e3ca4e25ba39cbb2
contrib/ofed/infiniband-diags/man/ibcacheedit.8|man8/ibcacheedit.8|c23e23ed58e9f198743a76a7cdde158d411b99b549e8fe8300bb3aeee17e0fc4|c23e23ed58e9f198743a76a7cdde158d411b99b549e8fe8300bb3aeee17e0fc4|d6b92ffa990dc57d8a969a98e3ca4e25ba39cbb2
contrib/ofed/infiniband-diags/man/ibccconfig.8|man8/ibccconfig.8|db7924da770ad3116932d6f2be557a239d5d06dc993182051dd80f1f9380887d|db7924da770ad3116932d6f2be557a239d5d06dc993182051dd80f1f9380887d|d6b92ffa990dc57d8a969a98e3ca4e25ba39cbb2
contrib/ofed/infiniband-diags/man/ibccquery.8|man8/ibccquery.8|09df75b898755552b05b7c44c1223910fd010eadf76e5bb1240ff4c4fd5d4327|09df75b898755552b05b7c44c1223910fd010eadf76e5bb1240ff4c4fd5d4327|d6b92ffa990dc57d8a969a98e3ca4e25ba39cbb2
contrib/ofed/infiniband-diags/man/ibfindnodesusing.8|man8/ibfindnodesusing.8|bd341f5b2cff7973b0b6ef3372c2e6c49067db62b134a8846ffabf54739706cf|bd341f5b2cff7973b0b6ef3372c2e6c49067db62b134a8846ffabf54739706cf|d6b92ffa990dc57d8a969a98e3ca4e25ba39cbb2
contrib/ofed/infiniband-diags/man/ibhosts.8|man8/ibhosts.8|68d855fe2034ab54672d1adcdf258179415dad3830ef8eb3c54d19fa15eb887a|68d855fe2034ab54672d1adcdf258179415dad3830ef8eb3c54d19fa15eb887a|d6b92ffa990dc57d8a969a98e3ca4e25ba39cbb2
contrib/ofed/infiniband-diags/man/ibidsverify.8|man8/ibidsverify.8|6b44f6d7535daea4d58b93a966e2ea0d14dacb204ae479da09a0471657dbd770|6b44f6d7535daea4d58b93a966e2ea0d14dacb204ae479da09a0471657dbd770|d6b92ffa990dc57d8a969a98e3ca4e25ba39cbb2
contrib/ofed/infiniband-diags/man/iblinkinfo.8|man8/iblinkinfo.8|7c161a1e642035b4de739d433886f1bbaa2860f8e19cc77c19358d5a313b2925|7c161a1e642035b4de739d433886f1bbaa2860f8e19cc77c19358d5a313b2925|d6b92ffa990dc57d8a969a98e3ca4e25ba39cbb2
contrib/ofed/infiniband-diags/man/ibnetdiscover.8|man8/ibnetdiscover.8|1907881bdb707874c19be1326d0a0f87fa58129ea4c5ecfe4a86fd2b029d3456|1907881bdb707874c19be1326d0a0f87fa58129ea4c5ecfe4a86fd2b029d3456|d6b92ffa990dc57d8a969a98e3ca4e25ba39cbb2
contrib/ofed/infiniband-diags/man/ibnodes.8|man8/ibnodes.8|e76aef78d49a4f5f9d3d0b2712d0bd66f738467896c98af47fadbe94abf69c53|e76aef78d49a4f5f9d3d0b2712d0bd66f738467896c98af47fadbe94abf69c53|d6b92ffa990dc57d8a969a98e3ca4e25ba39cbb2
contrib/ofed/infiniband-diags/man/ibping.8|man8/ibping.8|782dc7960033427e4db9d590dbe5c440f2b366786230a3ec61d24e8d4ef1fd41|782dc7960033427e4db9d590dbe5c440f2b366786230a3ec61d24e8d4ef1fd41|d6b92ffa990dc57d8a969a98e3ca4e25ba39cbb2
contrib/ofed/infiniband-diags/man/ibportstate.8|man8/ibportstate.8|ea99eac54adeae7083fcbc5e659e0a41ad10aaa9db07a54d4470635587313184|ea99eac54adeae7083fcbc5e659e0a41ad10aaa9db07a54d4470635587313184|d6b92ffa990dc57d8a969a98e3ca4e25ba39cbb2
contrib/ofed/infiniband-diags/man/ibqueryerrors.8|man8/ibqueryerrors.8|196a82d3edcc5b8501cb6e5c81a89e100b355e9106635a1676440c7542bc1f95|196a82d3edcc5b8501cb6e5c81a89e100b355e9106635a1676440c7542bc1f95|d6b92ffa990dc57d8a969a98e3ca4e25ba39cbb2
contrib/ofed/infiniband-diags/man/ibroute.8|man8/ibroute.8|4cda4ebd18e1e55942f75fb828ccfef9bc45e75da2f9df0717cd085a17182a4c|4cda4ebd18e1e55942f75fb828ccfef9bc45e75da2f9df0717cd085a17182a4c|d6b92ffa990dc57d8a969a98e3ca4e25ba39cbb2
contrib/ofed/infiniband-diags/man/ibrouters.8|man8/ibrouters.8|4982b1b3229a2816e77d982de371eb7d29d06cf30dbb462a0163f6b5b232de36|4982b1b3229a2816e77d982de371eb7d29d06cf30dbb462a0163f6b5b232de36|d6b92ffa990dc57d8a969a98e3ca4e25ba39cbb2
contrib/ofed/infiniband-diags/man/ibstat.8|man8/ibstat.8|a7b0d775ffdbd09ce482b6f02026ca85a2511fa935986361bc45d1893789eb43|a7b0d775ffdbd09ce482b6f02026ca85a2511fa935986361bc45d1893789eb43|d6b92ffa990dc57d8a969a98e3ca4e25ba39cbb2
contrib/ofed/infiniband-diags/man/ibstatus.8|man8/ibstatus.8|4a357592752ad1d11c1831693ca2cfefeacb23bfa8138050b83e3a404f550c60|4a357592752ad1d11c1831693ca2cfefeacb23bfa8138050b83e3a404f550c60|d6b92ffa990dc57d8a969a98e3ca4e25ba39cbb2
contrib/ofed/infiniband-diags/man/ibswitches.8|man8/ibswitches.8|db38f64f9c9ed32be6821b3d0b8251eabf1b08e941dea3fc2222eb32970089bf|db38f64f9c9ed32be6821b3d0b8251eabf1b08e941dea3fc2222eb32970089bf|d6b92ffa990dc57d8a969a98e3ca4e25ba39cbb2
contrib/ofed/infiniband-diags/man/ibsysstat.8|man8/ibsysstat.8|cfecb9e08d8b2884bcc6c80029b75cbb59779e013826c7c72b1c84ab58235148|cfecb9e08d8b2884bcc6c80029b75cbb59779e013826c7c72b1c84ab58235148|d6b92ffa990dc57d8a969a98e3ca4e25ba39cbb2
contrib/ofed/infiniband-diags/man/ibtracert.8|man8/ibtracert.8|e4a7d6e54a033c7ae319929ddacbc273cdbaa3d80578d70be8e57f8c29ae91d0|e4a7d6e54a033c7ae319929ddacbc273cdbaa3d80578d70be8e57f8c29ae91d0|d6b92ffa990dc57d8a969a98e3ca4e25ba39cbb2
contrib/ofed/infiniband-diags/man/infiniband-diags.8|man8/infiniband-diags.8|adbd4ed673782ecbb0bedd91bce6c07b98d8eca4075f132c0b6c58536d1177ea|adbd4ed673782ecbb0bedd91bce6c07b98d8eca4075f132c0b6c58536d1177ea|d6b92ffa990dc57d8a969a98e3ca4e25ba39cbb2
contrib/ofed/infiniband-diags/man/perfquery.8|man8/perfquery.8|366c27c16f4eafdff794182fe7eedc22fd82be32f217bcec256eb77d5286c8b2|366c27c16f4eafdff794182fe7eedc22fd82be32f217bcec256eb77d5286c8b2|d6b92ffa990dc57d8a969a98e3ca4e25ba39cbb2
contrib/ofed/infiniband-diags/man/saquery.8|man8/saquery.8|3ec0b481e56e8ebf862b6d424283cb722adb2ae6c7f29646416a76ca3d8d652a|3ec0b481e56e8ebf862b6d424283cb722adb2ae6c7f29646416a76ca3d8d652a|d6b92ffa990dc57d8a969a98e3ca4e25ba39cbb2
contrib/ofed/infiniband-diags/man/sminfo.8|man8/sminfo.8|e60664ddcbb94b7a1da1cdf1d2faa2df200fecba247e1c2a6fccc74f7d9a46da|e60664ddcbb94b7a1da1cdf1d2faa2df200fecba247e1c2a6fccc74f7d9a46da|d6b92ffa990dc57d8a969a98e3ca4e25ba39cbb2
contrib/ofed/infiniband-diags/man/smpdump.8|man8/smpdump.8|0b53cf0de191e71641be4373c9a25e377d180c289dfdfce6790cab8943f3a6f1|0b53cf0de191e71641be4373c9a25e377d180c289dfdfce6790cab8943f3a6f1|d6b92ffa990dc57d8a969a98e3ca4e25ba39cbb2
contrib/ofed/infiniband-diags/man/smpquery.8|man8/smpquery.8|fe910d031a15c5309cef6c4cc6728bca36fc6928bd857122ab111b4a684900cc|fe910d031a15c5309cef6c4cc6728bca36fc6928bd857122ab111b4a684900cc|d6b92ffa990dc57d8a969a98e3ca4e25ba39cbb2
contrib/ofed/infiniband-diags/man/vendstat.8|man8/vendstat.8|6d4ee7dbab0653b16c2e14205c2d4b4b9f796d558779008b2a528f42d4aa1d8e|6d4ee7dbab0653b16c2e14205c2d4b4b9f796d558779008b2a528f42d4aa1d8e|d6b92ffa990dc57d8a969a98e3ca4e25ba39cbb2
contrib/ofed/libibverbs/man/ibv_asyncwatch.1|man1/ibv_asyncwatch.1|5b60e85087acabbd8c048ccfe1ea467e8d885b820698fb6fd3e540f7f5ffe484|5b60e85087acabbd8c048ccfe1ea467e8d885b820698fb6fd3e540f7f5ffe484|d6b92ffa990dc57d8a969a98e3ca4e25ba39cbb2
contrib/ofed/libibverbs/man/ibv_devices.1|man1/ibv_devices.1|6e6b2397342574c8928d482cd62a5217d1f1c8b9c7c414087b815d62acea69a2|6e6b2397342574c8928d482cd62a5217d1f1c8b9c7c414087b815d62acea69a2|d6b92ffa990dc57d8a969a98e3ca4e25ba39cbb2
contrib/ofed/libibverbs/man/ibv_devinfo.1|man1/ibv_devinfo.1|7a2135019118ef5956740547c31b557b23ca829932497cb4174069c497f2ffa8|7a2135019118ef5956740547c31b557b23ca829932497cb4174069c497f2ffa8|d6b92ffa990dc57d8a969a98e3ca4e25ba39cbb2
contrib/ofed/libibverbs/man/ibv_rc_pingpong.1|man1/ibv_rc_pingpong.1|aa393e9947b9aec13366b932dc203af44d0d5cc6b08bf8190984f917cb1e9d4f|aa393e9947b9aec13366b932dc203af44d0d5cc6b08bf8190984f917cb1e9d4f|d6b92ffa990dc57d8a969a98e3ca4e25ba39cbb2
contrib/ofed/libibverbs/man/ibv_srq_pingpong.1|man1/ibv_srq_pingpong.1|8d2a6f301c76e4c2d1b9943d4bcd5c46a5fd7bb91af665dca7aba78756501e01|8d2a6f301c76e4c2d1b9943d4bcd5c46a5fd7bb91af665dca7aba78756501e01|d6b92ffa990dc57d8a969a98e3ca4e25ba39cbb2
contrib/ofed/libibverbs/man/ibv_uc_pingpong.1|man1/ibv_uc_pingpong.1|7ce11c3a45fa16a9085998f4b48e0679007aba5cb0a2ed09c9dcdbd0a428c6cf|7ce11c3a45fa16a9085998f4b48e0679007aba5cb0a2ed09c9dcdbd0a428c6cf|d6b92ffa990dc57d8a969a98e3ca4e25ba39cbb2
contrib/ofed/libibverbs/man/ibv_ud_pingpong.1|man1/ibv_ud_pingpong.1|0842ffdc8d916b1383892bf2730da63a97921ed764238a942e836a332d95bda1|0842ffdc8d916b1383892bf2730da63a97921ed764238a942e836a332d95bda1|d6b92ffa990dc57d8a969a98e3ca4e25ba39cbb2
contrib/ofed/libibverbs/man/ibv_xsrq_pingpong.1|man1/ibv_xsrq_pingpong.1|28a1ccb477b0926d3e47d985b2d9dd671bc3e43b7118195591100b7f5e2341fa|28a1ccb477b0926d3e47d985b2d9dd671bc3e43b7118195591100b7f5e2341fa|d6b92ffa990dc57d8a969a98e3ca4e25ba39cbb2
contrib/ofed/librdmacm/man/cmtime.1|man1/cmtime.1|5987fca99055f6f217a6db529a1f9b7792d87ba8ab897dd9d0e1d788b2fab36b|5987fca99055f6f217a6db529a1f9b7792d87ba8ab897dd9d0e1d788b2fab36b|d6b92ffa990dc57d8a969a98e3ca4e25ba39cbb2
contrib/ofed/librdmacm/man/mckey.1|man1/mckey.1|92e6db13084bd368993d638e30351accaa12464229840a71461090eded2d20d8|92e6db13084bd368993d638e30351accaa12464229840a71461090eded2d20d8|d6b92ffa990dc57d8a969a98e3ca4e25ba39cbb2
contrib/ofed/librdmacm/man/rcopy.1|man1/rcopy.1|eca91a28d7507d540e15ad6dc4962d337a320157e5eef2bde1a1d972ae4899b8|eca91a28d7507d540e15ad6dc4962d337a320157e5eef2bde1a1d972ae4899b8|d6b92ffa990dc57d8a969a98e3ca4e25ba39cbb2
contrib/ofed/librdmacm/man/rdma_client.1|man1/rdma_client.1|d1a2584bd2bd17f13b11f9a81098112d4029d2f29370217256a96b0e309be5ed|d1a2584bd2bd17f13b11f9a81098112d4029d2f29370217256a96b0e309be5ed|d6b92ffa990dc57d8a969a98e3ca4e25ba39cbb2
contrib/ofed/librdmacm/man/rdma_server.1|man1/rdma_server.1|c78654676a38cf08d1fdf40617e7b1fae86574ff605ba5405b6871770ea8af55|c78654676a38cf08d1fdf40617e7b1fae86574ff605ba5405b6871770ea8af55|d6b92ffa990dc57d8a969a98e3ca4e25ba39cbb2
contrib/ofed/librdmacm/man/rdma_xclient.1|man1/rdma_xclient.1|c6ca21e77a87d5a3ca5f959d65cda0347b19a2d795efa8df1a8dabdc969dc9ee|c6ca21e77a87d5a3ca5f959d65cda0347b19a2d795efa8df1a8dabdc969dc9ee|d6b92ffa990dc57d8a969a98e3ca4e25ba39cbb2
contrib/ofed/librdmacm/man/rdma_xserver.1|man1/rdma_xserver.1|a7af44d16707e287bf487d4a03c9ba62e4c7ce94da9fe0440820291f772a3f07|a7af44d16707e287bf487d4a03c9ba62e4c7ce94da9fe0440820291f772a3f07|d6b92ffa990dc57d8a969a98e3ca4e25ba39cbb2
contrib/ofed/librdmacm/man/riostream.1|man1/riostream.1|85df7cd22b6626f4e3dccf0effe05dec31be6513ecf1ace50e6dd0e4b10384bc|85df7cd22b6626f4e3dccf0effe05dec31be6513ecf1ace50e6dd0e4b10384bc|d6b92ffa990dc57d8a969a98e3ca4e25ba39cbb2
contrib/ofed/librdmacm/man/rping.1|man1/rping.1|80e6c1a0b6a0136d87440e1863ce2603e6cdbe2282209fb5a89b0639f380176a|80e6c1a0b6a0136d87440e1863ce2603e6cdbe2282209fb5a89b0639f380176a|d6b92ffa990dc57d8a969a98e3ca4e25ba39cbb2
contrib/ofed/librdmacm/man/rstream.1|man1/rstream.1|0b898d5d105f4d9bd49d2ccbbd5a268dd98438af7a908305319097d1bb325575|0b898d5d105f4d9bd49d2ccbbd5a268dd98438af7a908305319097d1bb325575|d6b92ffa990dc57d8a969a98e3ca4e25ba39cbb2
contrib/ofed/librdmacm/man/ucmatose.1|man1/ucmatose.1|2e30018823c5aa9fb9bd0a4703602f264d7535c63bd1c45a155dd742002646a4|2e30018823c5aa9fb9bd0a4703602f264d7535c63bd1c45a155dd742002646a4|d6b92ffa990dc57d8a969a98e3ca4e25ba39cbb2
contrib/ofed/librdmacm/man/udaddy.1|man1/udaddy.1|461932ba38f5c7aa42c51919f012c4aa1947c20453378843a453f8f50f4bca69|461932ba38f5c7aa42c51919f012c4aa1947c20453378843a453f8f50f4bca69|d6b92ffa990dc57d8a969a98e3ca4e25ba39cbb2
contrib/ofed/librdmacm/man/udpong.1|man1/udpong.1|45759356a062b89971a759e5724e5a93d3f86a423dd003c1600a506757866116|45759356a062b89971a759e5724e5a93d3f86a423dd003c1600a506757866116|d6b92ffa990dc57d8a969a98e3ca4e25ba39cbb2
contrib/ofed/opensm/man/opensm.8|man8/opensm.8|5e2e9e154203230dd5adcc1425f66b5acb5706a3b7d6fb48d2a7d16fa929be55|5e2e9e154203230dd5adcc1425f66b5acb5706a3b7d6fb48d2a7d16fa929be55|d6b92ffa990dc57d8a969a98e3ca4e25ba39cbb2
contrib/one-true-awk/awk.1|man1/awk.1|5489f44de3ac1cc37c9bf85890fbfaf57446d9e88e36354e146fb1970e9a661e|5489f44de3ac1cc37c9bf85890fbfaf57446d9e88e36354e146fb1970e9a661e|f39dd6a9784467f0db5886012b3f4b13899be6b8
contrib/openbsm/bin/audit/audit.8|man8/audit.8|247a99a396afdc0158940543052fad044759e8ec5fa9879bd385ce1a6ee987c5|247a99a396afdc0158940543052fad044759e8ec5fa9879bd385ce1a6ee987c5|b6a05070fa77edc7ce6e60b61623fd806e807be6
contrib/openbsm/bin/auditd/auditd.8|man8/auditd.8|cee950467ab1f1926c52b0addba31fba52e4e57ec74d9d5696708696ffd72d95|cee950467ab1f1926c52b0addba31fba52e4e57ec74d9d5696708696ffd72d95|72a600a7a1908f1e778f54e08bd60a93be87dd33
contrib/openbsm/bin/auditdistd/auditdistd.8|man8/auditdistd.8|802cf89e68f3b7c8d780b01ee8ee6ea12ba985ae5e3c71b0d7b54caa98f9c32d|802cf89e68f3b7c8d780b01ee8ee6ea12ba985ae5e3c71b0d7b54caa98f9c32d|b6a05070fa77edc7ce6e60b61623fd806e807be6
contrib/openbsm/bin/auditfilterd/auditfilterd.8|man8/auditfilterd.8|8b5f1f438f9ff1fd4bd6e42ddc6970eef0ac0b493f2783c1e78bf30600c0730a|8b5f1f438f9ff1fd4bd6e42ddc6970eef0ac0b493f2783c1e78bf30600c0730a|b6a05070fa77edc7ce6e60b61623fd806e807be6
contrib/openbsm/bin/auditreduce/auditreduce.1|man1/auditreduce.1|9ab241aa13a66168a4cbdd3d65bc341c7e0162e775020b09f2d913c8e961c5a1|9ab241aa13a66168a4cbdd3d65bc341c7e0162e775020b09f2d913c8e961c5a1|71f8f48356585b1777d5d6a940c86f810bd20c6a
contrib/openbsm/bin/praudit/praudit.1|man1/praudit.1|a1cd57e952029d663e14013c78f819b76b27194c42e3bb67adae2338124fcd67|a1cd57e952029d663e14013c78f819b76b27194c42e3bb67adae2338124fcd67|6f3d7c0ea8941c53c455d060b6ece34e55c5871d
contrib/openpam/bin/pamtest/pamtest.1|man1/pamtest.1|2ab8fe799025537ce2f14967cd7c2def640c9fbe99589b477040e10142af5ed8|2ab8fe799025537ce2f14967cd7c2def640c9fbe99589b477040e10142af5ed8|3ba4c8c81a28de3e00ccf6d7f92c6f8e58bef456
contrib/openpam/bin/su/su.1|man1/su.1|e98f554f2aa240509d0b9b458e2bcbb5d858bf81d6515bba8e3244e9d89ee693|e98f554f2aa240509d0b9b458e2bcbb5d858bf81d6515bba8e3244e9d89ee693|3ba4c8c81a28de3e00ccf6d7f92c6f8e58bef456
contrib/pf/authpf/authpf.8|man8/authpf.8|5f728892415a929de7eb1e138d92316b2b213339caa509bc4868093a92711d96|5f728892415a929de7eb1e138d92316b2b213339caa509bc4868093a92711d96|a24f107bb9b0a543975efce0c68eec67f76045e5
contrib/pf/ftp-proxy/ftp-proxy.8|man8/ftp-proxy.8|0a3c49f6b14ea216fb377588a7a4f338d027fa060f9fcd256317a91bd8feaa2f|0a3c49f6b14ea216fb377588a7a4f338d027fa060f9fcd256317a91bd8feaa2f|e0bfbfce7922dd3c28eb072b599c6bb8f65f039e
contrib/pf/pflogd/pflogd.8|man8/pflogd.8|479abaff86b5a2b75c5d08d6a872d5233bd097bb456b566907c15187e701559f|479abaff86b5a2b75c5d08d6a872d5233bd097bb456b566907c15187e701559f|2bda75506d9596e367637208846ba605a938a0db
contrib/pf/tftp-proxy/tftp-proxy.8|man8/tftp-proxy.8|360088481509cf312226e5c52d2f8e0e1e276abf46f1a9032aa23c19fd256b71|360088481509cf312226e5c52d2f8e0e1e276abf46f1a9032aa23c19fd256b71|67ecd4f3a477a0ca5b76a1694f89755df27a8679
contrib/pnpinfo/pnpinfo.8|man8/pnpinfo.8|57c886b1c0a256b13e51e8bc441e023729e5716b43e253135700ba630f47fbd9|57c886b1c0a256b13e51e8bc441e023729e5716b43e253135700ba630f47fbd9|99f3b482da15db6f2ae4702d592b53dd36d4cf55
contrib/sendmail/contrib/qtool.8|man8/qtool.8|4936cb1687bffa9e37d4d229b0b17244a21d9ac4452af66a4088754b2e6d83ea|4936cb1687bffa9e37d4d229b0b17244a21d9ac4452af66a4088754b2e6d83ea|4313cc83440a39bdf976f955b1d4d3f3c4d1552f
contrib/sendmail/editmap/editmap.8|man8/editmap.8|e6016fce66c6fe51a21fca35ee73260498055f366ff22bb606fc45de680a18c7|e6016fce66c6fe51a21fca35ee73260498055f366ff22bb606fc45de680a18c7|2fb4f839f3fc72ce2bab12f9ba4760f97f73e97f
contrib/sendmail/mail.local/mail.local.8|man8/mail.local.8|3bf1c1d1840cff91750b36f1ed9e8bac903b7af6c3d18f5f4e262d1d9e9ddb73|3bf1c1d1840cff91750b36f1ed9e8bac903b7af6c3d18f5f4e262d1d9e9ddb73|4313cc83440a39bdf976f955b1d4d3f3c4d1552f
contrib/sendmail/mailstats/mailstats.8|man8/mailstats.8|5f160e5bbab06092bc483111a9bf27ace20eed17e3e6b858231dd07fa06c3806|5f160e5bbab06092bc483111a9bf27ace20eed17e3e6b858231dd07fa06c3806|2fb4f839f3fc72ce2bab12f9ba4760f97f73e97f
contrib/sendmail/makemap/makemap.8|man8/makemap.8|fac4ac097426208c2d505b9cec61aa697c1210e1208d38292c2284965640af79|fac4ac097426208c2d505b9cec61aa697c1210e1208d38292c2284965640af79|5b0945b57059d1cde0831d3afea7ec56c7d79508
contrib/sendmail/praliases/praliases.8|man8/praliases.8|c1aef6934fed76b9626ff2424a6a5cc9806871f865f05c8c693588190a67dc4b|c1aef6934fed76b9626ff2424a6a5cc9806871f865f05c8c693588190a67dc4b|2fb4f839f3fc72ce2bab12f9ba4760f97f73e97f
contrib/sendmail/rmail/rmail.8|man8/rmail.8|dd5d0f22197d3870ebe689f946ac4999f89982a95b4f76ef7a21a3f027ab036f|dd5d0f22197d3870ebe689f946ac4999f89982a95b4f76ef7a21a3f027ab036f|2fb4f839f3fc72ce2bab12f9ba4760f97f73e97f
contrib/sendmail/smrsh/smrsh.8|man8/smrsh.8|281c2095e5c5c09edc8178e618f279d68dff8bd3cacb921636c3a7a947f9c885|281c2095e5c5c09edc8178e618f279d68dff8bd3cacb921636c3a7a947f9c885|4313cc83440a39bdf976f955b1d4d3f3c4d1552f
contrib/sendmail/src/mailq.1|man1/mailq.1|2e9657e567341cad7fc317e7b62788c392cd732d6c92f047c8bad94bbde63b09|2e9657e567341cad7fc317e7b62788c392cd732d6c92f047c8bad94bbde63b09|2fb4f839f3fc72ce2bab12f9ba4760f97f73e97f
contrib/sendmail/src/newaliases.1|man1/newaliases.1|cfdabf5dac6497bb848ce21a1941a4ac71c2a6f67178bf861cfdd5ee3a6862ec|cfdabf5dac6497bb848ce21a1941a4ac71c2a6f67178bf861cfdd5ee3a6862ec|4313cc83440a39bdf976f955b1d4d3f3c4d1552f
contrib/sendmail/src/sendmail.8|man8/sendmail.8|950e6d9bed76c08a455f4a81bdfc53cdbf943fbe10cbeb919cbe55b128708a69|950e6d9bed76c08a455f4a81bdfc53cdbf943fbe10cbeb919cbe55b128708a69|2fb4f839f3fc72ce2bab12f9ba4760f97f73e97f
contrib/sendmail/vacation/vacation.1|man1/vacation.1|f5be734e265bacaa875d49f63d0f1cde9250059388d4b9ab07b3246591ad1760|f5be734e265bacaa875d49f63d0f1cde9250059388d4b9ab07b3246591ad1760|2fb4f839f3fc72ce2bab12f9ba4760f97f73e97f
contrib/smbfs/mount_smbfs/mount_smbfs.8|man8/mount_smbfs.8|742b210593e185a2c21a26ece40d1ca397e0e01c9d24c17b2a7e0be0250d9170|742b210593e185a2c21a26ece40d1ca397e0e01c9d24c17b2a7e0be0250d9170|62d7aab9536adb7cb7eb5193016e5687081ba871
contrib/smbfs/smbutil/smbutil.1|man1/smbutil.1|7c9a359a0aedc3850e571f239bb31a894f005001d00d6aa003df784c9fdf1aa6|7c9a359a0aedc3850e571f239bb31a894f005001d00d6aa003df784c9fdf1aa6|830809aea1db4120e6c8f2e9247bc7218f63927d
contrib/sqlite3/sqlite3.1|man1/sqlite3.1|2fac82107ef6ce70f6c3ffc5af045f65eee1473bb6c82903bbec8af823443468|2fac82107ef6ce70f6c3ffc5af045f65eee1473bb6c82903bbec8af823443468|dde01df167f5c0be90749d509f00bb62866e200a
contrib/tcp_wrappers/tcpd.8|man8/tcpd.8|d0626be914d4497ea05849f10620038afb107d83d5773213c8193263b4e9ea59|d0626be914d4497ea05849f10620038afb107d83d5773213c8193263b4e9ea59|2aef693010b252e8cff0ce46a6ebf15b74c82219
contrib/tcp_wrappers/tcpdchk.8|man8/tcpdchk.8|d506a593dccc2b8ceb0187f9881e694b1c3b729902eabe8a32189cd506c8b682|d506a593dccc2b8ceb0187f9881e694b1c3b729902eabe8a32189cd506c8b682|2aef693010b252e8cff0ce46a6ebf15b74c82219
contrib/tcp_wrappers/tcpdmatch.8|man8/tcpdmatch.8|0b218ee3f808f922988856c2e24fcac7e02a7f7f8d5a8f16fb07fac9dc3954e9|0b218ee3f808f922988856c2e24fcac7e02a7f7f8d5a8f16fb07fac9dc3954e9|2aef693010b252e8cff0ce46a6ebf15b74c82219
contrib/telnet/telnet/telnet.1|man1/telnet.1|aa6c0de0d7ebb1f5a39c55b0d39712c338a63027baeaaded6e88381acc5d7fef|aa6c0de0d7ebb1f5a39c55b0d39712c338a63027baeaaded6e88381acc5d7fef|d2e0204ec0ace5a65e688a35a960e949624f3cb2
contrib/tnftp/src/ftp.1|man1/ftp.1|77885afae7a082e5af485199f77b0fe87cec19f6b264fb596c58f0df828e5d87|77885afae7a082e5af485199f77b0fe87cec19f6b264fb596c58f0df828e5d87|cc361f6598d866348f2456297bcc82cc92f03a1d
contrib/traceroute/traceroute.8|man8/traceroute.8|9940e7e03f4b5300726b3bf08681c9e072f86442375c72d4a11bf0b5fb60bd90|9940e7e03f4b5300726b3bf08681c9e072f86442375c72d4a11bf0b5fb60bd90|6de1a005d4ca69911b1a45d6f94ea021f8abf5fc
contrib/tzcode/date.1|man1/date.1|ae3254164d77afdfe79f4e3eeaeb13a89f1c9431254971ff07cfdcb14b7ad357|ae3254164d77afdfe79f4e3eeaeb13a89f1c9431254971ff07cfdcb14b7ad357|75411d157232ee3b4789b92c9205453e7d59a3d2
contrib/tzcode/tzselect.8|man8/tzselect.8|fe903b58c33bc4bb2df9df3c6d80163278b36480440839a5efb59078f2dfa64a|fe903b58c33bc4bb2df9df3c6d80163278b36480440839a5efb59078f2dfa64a|75411d157232ee3b4789b92c9205453e7d59a3d2
contrib/tzcode/zdump.8|man8/zdump.8|e3a6e38a7835850a687433d1cb5b78413ddc4af1da992cfad9b95dc368a84036|e3a6e38a7835850a687433d1cb5b78413ddc4af1da992cfad9b95dc368a84036|75411d157232ee3b4789b92c9205453e7d59a3d2
contrib/tzcode/zic.8|man8/zic.8|ed655f4576870f04a9c42be16d22cd0f8696a0cc25be71c4955934cc8d6f4abc|ed655f4576870f04a9c42be16d22cd0f8696a0cc25be71c4955934cc8d6f4abc|75411d157232ee3b4789b92c9205453e7d59a3d2
contrib/unbound/doc/unbound-anchor.8|man8/unbound-anchor.8|c360f9c0f4cbcf43ed73f96be639e3352a53a8df6a6e1bca75aea35be9d05e0a|c360f9c0f4cbcf43ed73f96be639e3352a53a8df6a6e1bca75aea35be9d05e0a|9cf5bc93f6ba1711ae7bf96a982a2b3c8b073a18
contrib/unbound/doc/unbound-checkconf.8|man8/unbound-checkconf.8|635d71809f6dcde1bd7ddfcf379950596eefe5420e21c460653bf4c7491af49a|635d71809f6dcde1bd7ddfcf379950596eefe5420e21c460653bf4c7491af49a|9cf5bc93f6ba1711ae7bf96a982a2b3c8b073a18
contrib/unbound/doc/unbound-control.8|man8/unbound-control.8|66e8120fdfc712142539c01d9686c51b16d941525ace43c7d801f4eb8fa12809|66e8120fdfc712142539c01d9686c51b16d941525ace43c7d801f4eb8fa12809|9cf5bc93f6ba1711ae7bf96a982a2b3c8b073a18
contrib/unbound/doc/unbound-host.1|man1/unbound-host.1|8369dea1fca47856a4b197b5909189ae6083bce8190a0228557e27cf063032f7|8369dea1fca47856a4b197b5909189ae6083bce8190a0228557e27cf063032f7|9cf5bc93f6ba1711ae7bf96a982a2b3c8b073a18
contrib/unbound/doc/unbound.8|man8/unbound.8|983fefcb8b2dfe248291f14f22dd606618c4d87506ba21eed6b1d1ec3c034fb6|983fefcb8b2dfe248291f14f22dd606618c4d87506ba21eed6b1d1ec3c034fb6|9cf5bc93f6ba1711ae7bf96a982a2b3c8b073a18
contrib/unifdef/unifdef.1|man1/unifdef.1|34274dd5e4e7f2deef6b27c64cac0fb547d2b84ea048e7f6b877d23447488656|34274dd5e4e7f2deef6b27c64cac0fb547d2b84ea048e7f6b877d23447488656|049b7608f41bf4e93ac6de718c45bef261f6977d
contrib/unvis/unvis.1|man1/unvis.1|6ea50c0d4ba753f022cf80e3ade088eb740cec91bd46fd97c87d046c8bd8fd3d|6ea50c0d4ba753f022cf80e3ade088eb740cec91bd46fd97c87d046c8bd8fd3d|f1f890804985a1043da42a5def13c79dc005f5e9
contrib/vis/vis.1|man1/vis.1|0af94f81c763940599fe6fd63f277b89e16f98617c51ab906dc54dce7cf41d13|0af94f81c763940599fe6fd63f277b89e16f98617c51ab906dc54dce7cf41d13|15fccd86b9dd17ca2cc1a70b060a2b1a1bf8470b
contrib/wireguard-tools/man/wg.8|man8/wg.8|8bb4e8714cdf7cb8ce1beaac6f7ea3e5a7f27f68962efce92e95bf438b9ac2a8|8bb4e8714cdf7cb8ce1beaac6f7ea3e5a7f27f68962efce92e95bf438b9ac2a8|adf376485712c8fffbf3be330d505a969647f479
contrib/wpa/hostapd/hostapd.8|man8/hostapd.8|c0cbb364da8d7c36b9557ca040eaaf3974205e96563001190b44aacfc78a1ee5|c0cbb364da8d7c36b9557ca040eaaf3974205e96563001190b44aacfc78a1ee5|5b9c547c072b84410b50897cc53710c75b2f6b74
contrib/wpa/hostapd/hostapd_cli.1|man1/hostapd_cli.1|1c69dfbe2c3256748b41cdf59f74ed8de38fc763fcf1f6abb402f30e0f1e375d|1c69dfbe2c3256748b41cdf59f74ed8de38fc763fcf1f6abb402f30e0f1e375d|e28a4053b110e06768631ac8401ed4a3c05e68a5
contrib/xz/src/lzmainfo/lzmainfo.1|man1/lzmainfo.1|4eba273eb9257a613279dc9a2faa4101724f1ce95bb21efd39125e095ff5b336|4eba273eb9257a613279dc9a2faa4101724f1ce95bb21efd39125e095ff5b336|42b10a37c6580e4fa7afe04e16a7a6e82188215f
contrib/xz/src/xz/xz.1|man1/xz.1|6a0d3c1a41b2df7e0cdb419620bac3d0826697b8feae5af8682e003df3e876e2|6a0d3c1a41b2df7e0cdb419620bac3d0826697b8feae5af8682e003df3e876e2|1f3ced26d4946ff2e24472432a275efb9ba1f2ca
contrib/xz/src/xzdec/xzdec.1|man1/xzdec.1|b288e35199019a6e46e8fe502cd437fd487db32d0449fef7038dbb3bbf4f3c70|b288e35199019a6e46e8fe502cd437fd487db32d0449fef7038dbb3bbf4f3c70|b71a5db306ab1ad1e23c7f9e3c949c6218f43455
crypto/heimdal/admin/ktutil.8|man8/ktutil.8|fb3a4a79e26cd7dafea2957460505da34c161d61cef7f652dbc01d5bf8efa7c7|fb3a4a79e26cd7dafea2957460505da34c161d61cef7f652dbc01d5bf8efa7c7|ae77177087c655fc883075af4f425b37e032cd05
crypto/heimdal/appl/afsutil/afslog.1|man1/afslog.1|4e66df11583fe6dec5360f6253505ea2f50337535d2f10cb6456c3ae7c5fd9e2|4e66df11583fe6dec5360f6253505ea2f50337535d2f10cb6456c3ae7c5fd9e2|ae77177087c655fc883075af4f425b37e032cd05
crypto/heimdal/appl/afsutil/pagsh.1|man1/pagsh.1|d825c530af6a167179df6380246e2a3747e037d890d054121ba2110706500f81|d825c530af6a167179df6380246e2a3747e037d890d054121ba2110706500f81|ae77177087c655fc883075af4f425b37e032cd05
crypto/heimdal/appl/ftp/ftp/ftp.1|man1/ftp.1|aa686624a04971c0f861da380546894a2c951239b1f30d438d4f5a4754c7b368|aa686624a04971c0f861da380546894a2c951239b1f30d438d4f5a4754c7b368|ae77177087c655fc883075af4f425b37e032cd05
crypto/heimdal/appl/ftp/ftpd/ftpd.8|man8/ftpd.8|0f504303b760845d9cd7f5d2ceac5d7af2ce602f0bb23d86b456efffab7e6363|0f504303b760845d9cd7f5d2ceac5d7af2ce602f0bb23d86b456efffab7e6363|ae77177087c655fc883075af4f425b37e032cd05
crypto/heimdal/appl/kf/kf.1|man1/kf.1|b0ed7d23aa6e18c804d6a8295efe78c12e086e99b769ff0816954caf3831b780|b0ed7d23aa6e18c804d6a8295efe78c12e086e99b769ff0816954caf3831b780|ae77177087c655fc883075af4f425b37e032cd05
crypto/heimdal/appl/kf/kfd.8|man8/kfd.8|34ac61c829111c45482bec275047bd23bade8601ce1c5369370fdba75348b9a8|34ac61c829111c45482bec275047bd23bade8601ce1c5369370fdba75348b9a8|ae77177087c655fc883075af4f425b37e032cd05
crypto/heimdal/appl/login/login.1|man1/login.1|f3a207a1beae9cada9cdee44a1da6f343f289a28c7c77fe00f39e239146f8de7|f3a207a1beae9cada9cdee44a1da6f343f289a28c7c77fe00f39e239146f8de7|ae77177087c655fc883075af4f425b37e032cd05
crypto/heimdal/appl/push/pfrom.1|man1/pfrom.1|5a310cf94b34910a3659183bef3b819f57ca75776f3c3a40fd13d8a389d562dc|5a310cf94b34910a3659183bef3b819f57ca75776f3c3a40fd13d8a389d562dc|ae77177087c655fc883075af4f425b37e032cd05
crypto/heimdal/appl/push/push.8|man8/push.8|314485a324d8006db15c4ebba9f50503a1b2395fc287230e73e1e60725224b78|314485a324d8006db15c4ebba9f50503a1b2395fc287230e73e1e60725224b78|ae77177087c655fc883075af4f425b37e032cd05
crypto/heimdal/appl/rcp/rcp.1|man1/rcp.1|8c1d0e72ca32272ebc37a95414d92c737109f838d3051f74864bf9a6fff3f4da|8c1d0e72ca32272ebc37a95414d92c737109f838d3051f74864bf9a6fff3f4da|ae77177087c655fc883075af4f425b37e032cd05
crypto/heimdal/appl/rsh/rsh.1|man1/rsh.1|c313062929fd009387cf25ded6b205470e5520a48507b56cfe3e5d144a5c85f3|c313062929fd009387cf25ded6b205470e5520a48507b56cfe3e5d144a5c85f3|ae77177087c655fc883075af4f425b37e032cd05
crypto/heimdal/appl/rsh/rshd.8|man8/rshd.8|bcf2e6ec632216ef0e32db2ae3b951e54422d435b5da4ea172578028c4e4e748|bcf2e6ec632216ef0e32db2ae3b951e54422d435b5da4ea172578028c4e4e748|ae77177087c655fc883075af4f425b37e032cd05
crypto/heimdal/appl/su/su.1|man1/su.1|1ff0f5618e7ff540a247e2972b27a05a151484fd4cd05003006c6566a2c3ff74|1ff0f5618e7ff540a247e2972b27a05a151484fd4cd05003006c6566a2c3ff74|ae77177087c655fc883075af4f425b37e032cd05
crypto/heimdal/appl/telnet/telnet/telnet.1|man1/telnet.1|25c114f498349d15d409c26d9ff43dcd3cbbcf9407721288f7e3aa83423f02b6|25c114f498349d15d409c26d9ff43dcd3cbbcf9407721288f7e3aa83423f02b6|c19800e8cd5640693f36f2040db4ab5e8d738146
crypto/heimdal/appl/telnet/telnetd/telnetd.8|man8/telnetd.8|079f8e523ee7fdd54547c229fd8774340bd6930702919774e9a59530ced8f4fc|079f8e523ee7fdd54547c229fd8774340bd6930702919774e9a59530ced8f4fc|c19800e8cd5640693f36f2040db4ab5e8d738146
crypto/heimdal/kadmin/kadmin.8|man8/kadmin.8|314db1a1d5d3b0de4d2383839a25ff222db01b9abec714c6faab5427dd850c88|314db1a1d5d3b0de4d2383839a25ff222db01b9abec714c6faab5427dd850c88|ae77177087c655fc883075af4f425b37e032cd05
crypto/heimdal/kadmin/kadmind.8|man8/kadmind.8|5c55e83b38a830644edc1312b590732c0b0c24b5b0672003dc05d0ec19fda337|5c55e83b38a830644edc1312b590732c0b0c24b5b0672003dc05d0ec19fda337|ae77177087c655fc883075af4f425b37e032cd05
crypto/heimdal/kcm/kcm.8|man8/kcm.8|04a98d3f07a462555a5177e87406fede5d08357a2ec99a8071dd78697fc31628|04a98d3f07a462555a5177e87406fede5d08357a2ec99a8071dd78697fc31628|ae77177087c655fc883075af4f425b37e032cd05
crypto/heimdal/kdc/hprop.8|man8/hprop.8|b1caa19f941aa7a5b9c4ef3046af519e1731ff94c808c192826b30b6d0a54267|b1caa19f941aa7a5b9c4ef3046af519e1731ff94c808c192826b30b6d0a54267|ae77177087c655fc883075af4f425b37e032cd05
crypto/heimdal/kdc/hpropd.8|man8/hpropd.8|5d1057ed8a0f59d418656802a12ef7eae14e77f3ac6ac1ae7ed8f5d21eb62fd0|5d1057ed8a0f59d418656802a12ef7eae14e77f3ac6ac1ae7ed8f5d21eb62fd0|ae77177087c655fc883075af4f425b37e032cd05
crypto/heimdal/kdc/kdc.8|man8/kdc.8|8a0d29a6ec84b1168484be3f88d5572216fca5ea72bcdc2479872a272ad5c542|8a0d29a6ec84b1168484be3f88d5572216fca5ea72bcdc2479872a272ad5c542|cf771f223b1a69e11fd1b70b0a274a73fe844335
crypto/heimdal/kdc/kstash.8|man8/kstash.8|e78ef0c36ebd53d2e16360c219c66860df6965061c4ef9bcaf7d58df5d376e99|e78ef0c36ebd53d2e16360c219c66860df6965061c4ef9bcaf7d58df5d376e99|ae77177087c655fc883075af4f425b37e032cd05
crypto/heimdal/kdc/string2key.8|man8/string2key.8|ab214f341b4e6b2aaa39d164a6ef962e7c4e946a654ec6bad8e8dd99f2db1a4c|ab214f341b4e6b2aaa39d164a6ef962e7c4e946a654ec6bad8e8dd99f2db1a4c|ae77177087c655fc883075af4f425b37e032cd05
crypto/heimdal/kpasswd/kpasswd.1|man1/kpasswd.1|6430a7e8346df1d1968f5bcc5b6d31ad724f1afeb7338fdf3c7112004a8cdade|6430a7e8346df1d1968f5bcc5b6d31ad724f1afeb7338fdf3c7112004a8cdade|ae77177087c655fc883075af4f425b37e032cd05
crypto/heimdal/kpasswd/kpasswdd.8|man8/kpasswdd.8|d81f75e4e58f9ed24d33bc6fdc2adee61bce6bcaede19635c26cf76044148eaa|d81f75e4e58f9ed24d33bc6fdc2adee61bce6bcaede19635c26cf76044148eaa|ae77177087c655fc883075af4f425b37e032cd05
crypto/heimdal/kuser/copy_cred_cache.1|man1/copy_cred_cache.1|69b8aee2f88fffd636df8719a605718ad5653bb9c2dfc037a5bcc97b153dd030|69b8aee2f88fffd636df8719a605718ad5653bb9c2dfc037a5bcc97b153dd030|ae77177087c655fc883075af4f425b37e032cd05
crypto/heimdal/kuser/kdestroy.1|man1/kdestroy.1|1471847cf9f833122bb9d506e0b417b455873acc60c60c350fd0b6c5ceaba808|1471847cf9f833122bb9d506e0b417b455873acc60c60c350fd0b6c5ceaba808|ae77177087c655fc883075af4f425b37e032cd05
crypto/heimdal/kuser/kdigest.8|man8/kdigest.8|cadf84849114542e8eaa7c50e6534800b22daa60d8638df5e8129174792b9980|cadf84849114542e8eaa7c50e6534800b22daa60d8638df5e8129174792b9980|ae77177087c655fc883075af4f425b37e032cd05
crypto/heimdal/kuser/kgetcred.1|man1/kgetcred.1|fe1affdd466f39ccae2fdc533eec0de632c094e7180f6a71d0b4ac79f8f8bacb|fe1affdd466f39ccae2fdc533eec0de632c094e7180f6a71d0b4ac79f8f8bacb|ae77177087c655fc883075af4f425b37e032cd05
crypto/heimdal/kuser/kimpersonate.8|man8/kimpersonate.8|ca3627854d50f60f2b9c005fb4d6dc25269ad189d738f89fa94d7e49686c4402|ca3627854d50f60f2b9c005fb4d6dc25269ad189d738f89fa94d7e49686c4402|ae77177087c655fc883075af4f425b37e032cd05
crypto/heimdal/kuser/kinit.1|man1/kinit.1|b16d1e28b292e9922311022ee9d6f2a2877297c8c8dac310310209757cf153fd|b16d1e28b292e9922311022ee9d6f2a2877297c8c8dac310310209757cf153fd|ae77177087c655fc883075af4f425b37e032cd05
crypto/heimdal/kuser/klist.1|man1/klist.1|e697742463d74c9ea321a730a4c16a9163ab7e4e5d357330396de843bae3de38|e697742463d74c9ea321a730a4c16a9163ab7e4e5d357330396de843bae3de38|ae77177087c655fc883075af4f425b37e032cd05
crypto/heimdal/kuser/kswitch.1|man1/kswitch.1|6f78afac5c7bdf35732ad5b7d3bc28dd8b62bb4554f88e415c22964e57dbb07d|6f78afac5c7bdf35732ad5b7d3bc28dd8b62bb4554f88e415c22964e57dbb07d|ae77177087c655fc883075af4f425b37e032cd05
crypto/heimdal/lib/kadm5/iprop-log.8|man8/iprop-log.8|1a90edb2fabe7868ea4c89141dde259d6de6c77ac5968de0a35d1095a6c01b66|1a90edb2fabe7868ea4c89141dde259d6de6c77ac5968de0a35d1095a6c01b66|ae77177087c655fc883075af4f425b37e032cd05
crypto/heimdal/lib/kadm5/iprop.8|man8/iprop.8|a61bf1fcb84d376504f7ab12ab7cd211cc7a6691f95f7442876b6f0898c042b0|a61bf1fcb84d376504f7ab12ab7cd211cc7a6691f95f7442876b6f0898c042b0|ae77177087c655fc883075af4f425b37e032cd05
crypto/heimdal/lib/krb5/kerberos.8|man8/kerberos.8|10a914576fbb27fff46716ee25f0fde1d1729b678c8a41649a1c4de4049ec60d|10a914576fbb27fff46716ee25f0fde1d1729b678c8a41649a1c4de4049ec60d|80ba60f64394fab3cda10d5921af896ed1c57c5f
crypto/heimdal/lib/krb5/verify_krb5_conf.8|man8/verify_krb5_conf.8|93ffe849e795236fe52fa1b77e47bf95d380c7e7ec61fd53c4a474c835d84306|93ffe849e795236fe52fa1b77e47bf95d380c7e7ec61fd53c4a474c835d84306|ae77177087c655fc883075af4f425b37e032cd05
crypto/heimdal/tools/krb5-config.1|man1/krb5-config.1|86ddcdef5c768d75e2e34538de1b20733ca54387941d9bf0c01099eeeadc8872|86ddcdef5c768d75e2e34538de1b20733ca54387941d9bf0c01099eeeadc8872|ae77177087c655fc883075af4f425b37e032cd05
crypto/openssh/contrib/ssh-copy-id.1|man1/ssh-copy-id.1|4a96c897ce7b9d24444e24fec83db4f51448dab8b965d1a7d944e087235f209e|4a96c897ce7b9d24444e24fec83db4f51448dab8b965d1a7d944e087235f209e|535af610a4fdace6d50960c0ad9be0597eea7a1b
crypto/openssh/scp.1|man1/scp.1|ec00dadfe0a3df4705da6121f1772bf4099a4d956c39e9f5ae3d5ec2a3cb11fc|ec00dadfe0a3df4705da6121f1772bf4099a4d956c39e9f5ae3d5ec2a3cb11fc|f374ba41f55c1a127303d92d830dd58eef2f5243
crypto/openssh/sftp-server.8|man8/sftp-server.8|0ad9fa901005a1fdd7feaf4366d4f925bc7a1497b8db6a7199eba6f2126f16ce|0ad9fa901005a1fdd7feaf4366d4f925bc7a1497b8db6a7199eba6f2126f16ce|19261079b74319502c6ffa1249920079f0f69a72
crypto/openssh/sftp.1|man1/sftp.1|0f319bfd65fdffc391e30012795cd3e54fd958d972fe26189d8f09cca5ce07b5|0f319bfd65fdffc391e30012795cd3e54fd958d972fe26189d8f09cca5ce07b5|f374ba41f55c1a127303d92d830dd58eef2f5243
crypto/openssh/ssh-add.1|man1/ssh-add.1|8d71a5b8117382ca85dee09f233d00b91f2c91dd2bd20112238492b44999a651|8d71a5b8117382ca85dee09f233d00b91f2c91dd2bd20112238492b44999a651|1323ec571215a77ddd21294f0871979d5ad6b992
crypto/openssh/ssh-agent.1|man1/ssh-agent.1|0e178ff021ff0b785b664a274a20e0c71ad531182370e9ac9070550f4095418a|0e178ff021ff0b785b664a274a20e0c71ad531182370e9ac9070550f4095418a|676824f5cdf9dfdbfca38c9cfff2398345db9211
crypto/openssh/ssh-keygen.1|man1/ssh-keygen.1|b9472594526ab80754544b01e979cafb28f1ea6fc1ffdec62bf103363172b895|b9472594526ab80754544b01e979cafb28f1ea6fc1ffdec62bf103363172b895|535af610a4fdace6d50960c0ad9be0597eea7a1b
crypto/openssh/ssh-keyscan.1|man1/ssh-keyscan.1|87c4c5a016dd51ab700454a786f09f3606d0823f84625062496c5b5916712339|87c4c5a016dd51ab700454a786f09f3606d0823f84625062496c5b5916712339|4d3fc8b0570b29fb0d6ee9525f104d52176ff0d4
crypto/openssh/ssh-keysign.8|man8/ssh-keysign.8|48ce6b42073724ddf42a76540340ecacad8a54fd30bb85649ff0c868f7b3ed2f|48ce6b42073724ddf42a76540340ecacad8a54fd30bb85649ff0c868f7b3ed2f|87c1498d1a7473ff983e5c0456f30608f3f1e601
crypto/openssh/ssh-pkcs11-helper.8|man8/ssh-pkcs11-helper.8|9d81e0a7c54656fb44dadc4ad8265566fa51979d377281a192cb936af71e7a2b|9d81e0a7c54656fb44dadc4ad8265566fa51979d377281a192cb936af71e7a2b|38a52bd3b5cac3da6f7f6eef3dd050e6aa08ebb3
crypto/openssh/ssh-sk-helper.8|man8/ssh-sk-helper.8|8f2bd8a60120f2fc140f68da58c368393ad2b25ff70b48580fe99a80fab2301a|8f2bd8a60120f2fc140f68da58c368393ad2b25ff70b48580fe99a80fab2301a|38a52bd3b5cac3da6f7f6eef3dd050e6aa08ebb3
crypto/openssh/ssh.1|man1/ssh.1|7a475781ed0133c4f819cf2b717e9427c1072b40e68f5a3e55ff2152bf20cf56|7a475781ed0133c4f819cf2b717e9427c1072b40e68f5a3e55ff2152bf20cf56|535af610a4fdace6d50960c0ad9be0597eea7a1b
crypto/openssh/sshd.8|man8/sshd.8|babb1ec26b4b2a92327e236511cd38040a5229f98e3f860d432cc3386b71fc3c|babb1ec26b4b2a92327e236511cd38040a5229f98e3f860d432cc3386b71fc3c|676824f5cdf9dfdbfca38c9cfff2398345db9211
lib/geom/cache/gcache.8|man8/gcache.8|691d0f6567d22de6f00c4d834ca5ddd448f4a11a0174b2d40156e413930e7364|691d0f6567d22de6f00c4d834ca5ddd448f4a11a0174b2d40156e413930e7364|fa9896e082a1046ff4fbc75fcba4d18d1f2efc19
lib/geom/concat/gconcat.8|man8/gconcat.8|7a0fd6bd46738025965afe6b02e0d19308e87bdd761d4194e2c069b38e8b28df|7a0fd6bd46738025965afe6b02e0d19308e87bdd761d4194e2c069b38e8b28df|fa9896e082a1046ff4fbc75fcba4d18d1f2efc19
lib/geom/eli/geli.8|man8/geli.8|d996e66465afcb51f43e6095cc99deadd20c5c4ddd2955a59eaf2fecf5a90c94|d996e66465afcb51f43e6095cc99deadd20c5c4ddd2955a59eaf2fecf5a90c94|fa9896e082a1046ff4fbc75fcba4d18d1f2efc19
lib/geom/journal/gjournal.8|man8/gjournal.8|b64980c4a429f4a3d66addbceeee9c59cf30b9f06943b6b7753d00d5df9fd678|b64980c4a429f4a3d66addbceeee9c59cf30b9f06943b6b7753d00d5df9fd678|fa9896e082a1046ff4fbc75fcba4d18d1f2efc19
lib/geom/label/glabel.8|man8/glabel.8|91ded7e4a8107c1f68f94314f4561e4dcc376ca6c80d2cb1ec3e161a7ffaa35e|91ded7e4a8107c1f68f94314f4561e4dcc376ca6c80d2cb1ec3e161a7ffaa35e|fa9896e082a1046ff4fbc75fcba4d18d1f2efc19
lib/geom/mirror/gmirror.8|man8/gmirror.8|6f1fb329d112a86bc041721d8f7db0f70639e02ec7c3bf9d28583efd42ed3341|6f1fb329d112a86bc041721d8f7db0f70639e02ec7c3bf9d28583efd42ed3341|fa9896e082a1046ff4fbc75fcba4d18d1f2efc19
lib/geom/mountver/gmountver.8|man8/gmountver.8|3d1af36e753fc69410a3ed1cee797cdd95bc2b6581c1b179a68925e2c979bb5a|3d1af36e753fc69410a3ed1cee797cdd95bc2b6581c1b179a68925e2c979bb5a|fa9896e082a1046ff4fbc75fcba4d18d1f2efc19
lib/geom/multipath/gmultipath.8|man8/gmultipath.8|3554b7959090cbda867b2ce81cfba34a35bf799bddce20ae3618b637cb8a3f21|3554b7959090cbda867b2ce81cfba34a35bf799bddce20ae3618b637cb8a3f21|fa9896e082a1046ff4fbc75fcba4d18d1f2efc19
lib/geom/nop/gnop.8|man8/gnop.8|d10a067059fea0c3e33c5654511c6d7ccd95b08f94eb5fe31c2adbaf51f8c4b4|d10a067059fea0c3e33c5654511c6d7ccd95b08f94eb5fe31c2adbaf51f8c4b4|fa9896e082a1046ff4fbc75fcba4d18d1f2efc19
lib/geom/part/gpart.8|man8/gpart.8|074709e7a3f8c9c35e92d174e02510bedc5588381089812d5db7eb925eac4623|074709e7a3f8c9c35e92d174e02510bedc5588381089812d5db7eb925eac4623|fa9896e082a1046ff4fbc75fcba4d18d1f2efc19
lib/geom/raid/graid.8|man8/graid.8|b83a94a8819099e6ae167d5cee126ef10e25305cbd24058c1e461399c293a9a9|b83a94a8819099e6ae167d5cee126ef10e25305cbd24058c1e461399c293a9a9|fa9896e082a1046ff4fbc75fcba4d18d1f2efc19
lib/geom/raid3/graid3.8|man8/graid3.8|23d1025a795f3fb7c40d648e4af17a5ecd27eff0dbecdf9d7631a2d7190c02c8|23d1025a795f3fb7c40d648e4af17a5ecd27eff0dbecdf9d7631a2d7190c02c8|fa9896e082a1046ff4fbc75fcba4d18d1f2efc19
lib/geom/shsec/gshsec.8|man8/gshsec.8|ff27300431ee3a0df2f0015442bdffd8a4f900d3cb70c3598ca77f802b5c7940|ff27300431ee3a0df2f0015442bdffd8a4f900d3cb70c3598ca77f802b5c7940|fa9896e082a1046ff4fbc75fcba4d18d1f2efc19
lib/geom/stripe/gstripe.8|man8/gstripe.8|da01b2806505bedbfa9884676e91d07988432f7a55a545d208e1c79a4becdb04|da01b2806505bedbfa9884676e91d07988432f7a55a545d208e1c79a4becdb04|fa9896e082a1046ff4fbc75fcba4d18d1f2efc19
lib/geom/union/gunion.8|man8/gunion.8|ae50e2f8187ff24ae42553155b8195ebbee9af98ee6a08b64320d2d5818afd0f|ae50e2f8187ff24ae42553155b8195ebbee9af98ee6a08b64320d2d5818afd0f|fa9896e082a1046ff4fbc75fcba4d18d1f2efc19
lib/geom/virstor/gvirstor.8|man8/gvirstor.8|ad9d948cadc770f053ab1f75849b93e36f207bb0340eacabdae2c104588c382d|ad9d948cadc770f053ab1f75849b93e36f207bb0340eacabdae2c104588c382d|fa9896e082a1046ff4fbc75fcba4d18d1f2efc19
lib/libpam/modules/pam_chroot/pam_chroot.8|man8/pam_chroot.8|5fded01c4c1f8c8d40a3da17204104fcd0349009f44038bb0187525d2af9600d|5fded01c4c1f8c8d40a3da17204104fcd0349009f44038bb0187525d2af9600d|fa9896e082a1046ff4fbc75fcba4d18d1f2efc19
lib/libpam/modules/pam_deny/pam_deny.8|man8/pam_deny.8|ed7e465f28b3cba3b2833f0538b069a74bda99707d8116856ebac82406fde09e|ed7e465f28b3cba3b2833f0538b069a74bda99707d8116856ebac82406fde09e|fa9896e082a1046ff4fbc75fcba4d18d1f2efc19
lib/libpam/modules/pam_echo/pam_echo.8|man8/pam_echo.8|05515f99523f688a4b97cc901e1fc30456e9adfe49ade338fe60d7fb2f1a266d|05515f99523f688a4b97cc901e1fc30456e9adfe49ade338fe60d7fb2f1a266d|fa9896e082a1046ff4fbc75fcba4d18d1f2efc19
lib/libpam/modules/pam_exec/pam_exec.8|man8/pam_exec.8|07d6a384189995bc65bff6c89e31e514f987c243a08017148c3b99ba27d5375f|07d6a384189995bc65bff6c89e31e514f987c243a08017148c3b99ba27d5375f|fa9896e082a1046ff4fbc75fcba4d18d1f2efc19
lib/libpam/modules/pam_ftpusers/pam_ftpusers.8|man8/pam_ftpusers.8|3f754d43b47839a599b1e7f35529811436d3ade534fe86a1e5c6d8c3d6171bec|3f754d43b47839a599b1e7f35529811436d3ade534fe86a1e5c6d8c3d6171bec|fa9896e082a1046ff4fbc75fcba4d18d1f2efc19
lib/libpam/modules/pam_group/pam_group.8|man8/pam_group.8|24beafd971f90ea6fa680280c766f7649eea4f4b1a731ef815c21d77634abef9|24beafd971f90ea6fa680280c766f7649eea4f4b1a731ef815c21d77634abef9|fa9896e082a1046ff4fbc75fcba4d18d1f2efc19
lib/libpam/modules/pam_guest/pam_guest.8|man8/pam_guest.8|b459ffad8aa96753d2a82ab8653672ee8faa577bb45f553278472ffe20f2f043|b459ffad8aa96753d2a82ab8653672ee8faa577bb45f553278472ffe20f2f043|fa9896e082a1046ff4fbc75fcba4d18d1f2efc19
lib/libpam/modules/pam_krb5/pam_krb5.8|man8/pam_krb5.8|cf88ef80551bfdf82d751722c2ae445dabceceeb553844e38f58bcca91599572|cf88ef80551bfdf82d751722c2ae445dabceceeb553844e38f58bcca91599572|b2c76c41be32f904179efed29c0ca04d53f3996c
lib/libpam/modules/pam_ksu/pam_ksu.8|man8/pam_ksu.8|e94d922082850dfcd5df30f349560611b5c36e691090f6bf11d17f0351e9741f|e94d922082850dfcd5df30f349560611b5c36e691090f6bf11d17f0351e9741f|fa9896e082a1046ff4fbc75fcba4d18d1f2efc19
lib/libpam/modules/pam_lastlog/pam_lastlog.8|man8/pam_lastlog.8|030099986177a204354777d5a2123817c62988e390ed222be4e4f22cf54ccc8d|030099986177a204354777d5a2123817c62988e390ed222be4e4f22cf54ccc8d|fa9896e082a1046ff4fbc75fcba4d18d1f2efc19
lib/libpam/modules/pam_login_access/pam_login_access.8|man8/pam_login_access.8|e7dd87da1df1c0623ea8b7f241f6d080869eaf0fbd2719351db1571c97783cf1|e7dd87da1df1c0623ea8b7f241f6d080869eaf0fbd2719351db1571c97783cf1|fa9896e082a1046ff4fbc75fcba4d18d1f2efc19
lib/libpam/modules/pam_nologin/pam_nologin.8|man8/pam_nologin.8|c4c05de534fccac11e9864b91204183c585403abf8532111df26d3d6633e0bf4|c4c05de534fccac11e9864b91204183c585403abf8532111df26d3d6633e0bf4|fa9896e082a1046ff4fbc75fcba4d18d1f2efc19
lib/libpam/modules/pam_passwdqc/pam_passwdqc.8|man8/pam_passwdqc.8|3bb4306b500f1907dd6021e2570b2d4a3553d24cfdeba40dbe0dd44a8a0b48fe|3bb4306b500f1907dd6021e2570b2d4a3553d24cfdeba40dbe0dd44a8a0b48fe|fa9896e082a1046ff4fbc75fcba4d18d1f2efc19
lib/libpam/modules/pam_permit/pam_permit.8|man8/pam_permit.8|22b50d720655013f7558342341d53193c0a65d560aeda08497b1ff82784bb92d|22b50d720655013f7558342341d53193c0a65d560aeda08497b1ff82784bb92d|fa9896e082a1046ff4fbc75fcba4d18d1f2efc19
lib/libpam/modules/pam_radius/pam_radius.8|man8/pam_radius.8|3656d6e4a84bca36048af92c4aae93fb371f04973017a0372b1dca4b73840de0|3656d6e4a84bca36048af92c4aae93fb371f04973017a0372b1dca4b73840de0|fa9896e082a1046ff4fbc75fcba4d18d1f2efc19
lib/libpam/modules/pam_rhosts/pam_rhosts.8|man8/pam_rhosts.8|b204cbec8e5939087faca839eecd9ef42432b61818e430000abcbbf7d22d24a5|b204cbec8e5939087faca839eecd9ef42432b61818e430000abcbbf7d22d24a5|fa9896e082a1046ff4fbc75fcba4d18d1f2efc19
lib/libpam/modules/pam_rootok/pam_rootok.8|man8/pam_rootok.8|a6fdc29da3e0ba2d48f279342ca8a3d11cf591a39e75b1b2cb76ebfb72fce602|a6fdc29da3e0ba2d48f279342ca8a3d11cf591a39e75b1b2cb76ebfb72fce602|fa9896e082a1046ff4fbc75fcba4d18d1f2efc19
lib/libpam/modules/pam_securetty/pam_securetty.8|man8/pam_securetty.8|f06e9dad836dcae43a5b03d79e665bc5c7e5c4dd411387ff57b1a9cbec465db9|f06e9dad836dcae43a5b03d79e665bc5c7e5c4dd411387ff57b1a9cbec465db9|fa9896e082a1046ff4fbc75fcba4d18d1f2efc19
lib/libpam/modules/pam_self/pam_self.8|man8/pam_self.8|fb65363d94990b781e3d01f6105517b034f5dd83e9c820d52bafe73f03ebf71b|fb65363d94990b781e3d01f6105517b034f5dd83e9c820d52bafe73f03ebf71b|fa9896e082a1046ff4fbc75fcba4d18d1f2efc19
lib/libpam/modules/pam_ssh/pam_ssh.8|man8/pam_ssh.8|92a448c5bf64a98837d74f7657d388bfae4c6254344ac7f7139fa6e3c1ce13e7|92a448c5bf64a98837d74f7657d388bfae4c6254344ac7f7139fa6e3c1ce13e7|fa9896e082a1046ff4fbc75fcba4d18d1f2efc19
lib/libpam/modules/pam_tacplus/pam_tacplus.8|man8/pam_tacplus.8|199ae05da8e1f635e564a558a012189b7a747673f95e72bdcae50a265de6f5be|199ae05da8e1f635e564a558a012189b7a747673f95e72bdcae50a265de6f5be|fa9896e082a1046ff4fbc75fcba4d18d1f2efc19
lib/libpam/modules/pam_unix/pam_unix.8|man8/pam_unix.8|711d53b1d733414f3cb30535b808f923699652dff869d62b615d7438217e4902|711d53b1d733414f3cb30535b808f923699652dff869d62b615d7438217e4902|fa9896e082a1046ff4fbc75fcba4d18d1f2efc19
lib/nss_tacplus/nss_tacplus.8|man8/nss_tacplus.8|fa675874a086aee7163a7aaaed922c45e511c96601828b68a0ee304828455df8|fa675874a086aee7163a7aaaed922c45e511c96601828b68a0ee304828455df8|246aec9a3ce305272f35e6416910024f602a03c1
libexec/bootpd/bootpd.8|man8/bootpd.8|72986a1b5e488968ee90b01ac452738b1fb4751e2b40bc904d2f9f4a7a6fd58f|72986a1b5e488968ee90b01ac452738b1fb4751e2b40bc904d2f9f4a7a6fd58f|fa9896e082a1046ff4fbc75fcba4d18d1f2efc19
libexec/bootpd/tools/bootpef/bootpef.8|man8/bootpef.8|af0c2e1b6f449fbfa48ccf1054b5854faf718d35c2584a3d55852492fb313f81|af0c2e1b6f449fbfa48ccf1054b5854faf718d35c2584a3d55852492fb313f81|b2c76c41be32f904179efed29c0ca04d53f3996c
libexec/bootpd/tools/bootptest/bootptest.8|man8/bootptest.8|c4f952c739257f1913acfac2990c3461380c539db924ee322b024e542b3e67eb|c4f952c739257f1913acfac2990c3461380c539db924ee322b024e542b3e67eb|b2c76c41be32f904179efed29c0ca04d53f3996c
libexec/comsat/comsat.8|man8/comsat.8|6c390013d58ab07c8bb2d1e3915cf5143bf172bf85f60c73f7996db133cb39d9|6c390013d58ab07c8bb2d1e3915cf5143bf172bf85f60c73f7996db133cb39d9|b2c76c41be32f904179efed29c0ca04d53f3996c
libexec/fingerd/fingerd.8|man8/fingerd.8|7bb58f77b9862c4a08892c6d1e0a029497c251cfc1226adddc4a9d98b4ec7169|7bb58f77b9862c4a08892c6d1e0a029497c251cfc1226adddc4a9d98b4ec7169|b2c76c41be32f904179efed29c0ca04d53f3996c
libexec/ftpd/ftpd.8|man8/ftpd.8|01a61329d7187b4c9010f7d7feb44763c154d05004d2efad63088cda1a53c6b1|01a61329d7187b4c9010f7d7feb44763c154d05004d2efad63088cda1a53c6b1|da722491d3cbf995c1eb95a40a4402e1955fa962
libexec/getty/getty.8|man8/getty.8|872bb6ee580e68a66ccafca13d54bdb96f590d5eb3c9d7c6f66e1d9eb3c40cdf|872bb6ee580e68a66ccafca13d54bdb96f590d5eb3c9d7c6f66e1d9eb3c40cdf|b2c76c41be32f904179efed29c0ca04d53f3996c
libexec/makewhatis.local/makewhatis.local.8|man8/makewhatis.local.8|cd09044d62cc89681b5fa37946605829ae599352b7c2a51d391b7cc5373db749|cd09044d62cc89681b5fa37946605829ae599352b7c2a51d391b7cc5373db749|fa9896e082a1046ff4fbc75fcba4d18d1f2efc19
libexec/mknetid/mknetid.8|man8/mknetid.8|0bd08d9d62ba69b29591898869f06f33c1c6914f0869cbe88051e5d26646ff7f|0bd08d9d62ba69b29591898869f06f33c1c6914f0869cbe88051e5d26646ff7f|fa9896e082a1046ff4fbc75fcba4d18d1f2efc19
libexec/phttpget/phttpget.8|man8/phttpget.8|c4ed07103bd49572e8951519ffe5241f92aa5d24f8b57dde8484da75822ec366|c4ed07103bd49572e8951519ffe5241f92aa5d24f8b57dde8484da75822ec366|fa9896e082a1046ff4fbc75fcba4d18d1f2efc19
libexec/pppoed/pppoed.8|man8/pppoed.8|0e249d8cecfb3526352f7564d3ad534f32dc59cc0942c0201418a046691b2c1b|0e249d8cecfb3526352f7564d3ad534f32dc59cc0942c0201418a046691b2c1b|fa9896e082a1046ff4fbc75fcba4d18d1f2efc19
libexec/rbootd/rbootd.8|man8/rbootd.8|34bae35f0d82bab8e432e9239fb8e2691486317a7963cce2d62685b75211d61f|34bae35f0d82bab8e432e9239fb8e2691486317a7963cce2d62685b75211d61f|b2c76c41be32f904179efed29c0ca04d53f3996c
libexec/revnetgroup/revnetgroup.8|man8/revnetgroup.8|d0647ad0e7476b3bb40f82c5456d5e8aa18285cadb6a756b63706a061b852a7d|d0647ad0e7476b3bb40f82c5456d5e8aa18285cadb6a756b63706a061b852a7d|fa9896e082a1046ff4fbc75fcba4d18d1f2efc19
libexec/rpc.rquotad/rpc.rquotad.8|man8/rpc.rquotad.8|190617a7f1f624a58b16b7cb877441bd997dc5e482869c48bdda854bace22373|190617a7f1f624a58b16b7cb877441bd997dc5e482869c48bdda854bace22373|fa9896e082a1046ff4fbc75fcba4d18d1f2efc19
libexec/rpc.rstatd/rpc.rstatd.8|man8/rpc.rstatd.8|98f4bd873f3eb16c597b5d76ba62bb12dab90d37e4e68caad183f72cc45b86ae|98f4bd873f3eb16c597b5d76ba62bb12dab90d37e4e68caad183f72cc45b86ae|fa9896e082a1046ff4fbc75fcba4d18d1f2efc19
libexec/rpc.rusersd/rpc.rusersd.8|man8/rpc.rusersd.8|6cc5f53de4d46c3067b3f6dece6b0b584cad1c346d81d0a2ad0a744d322048c2|6cc5f53de4d46c3067b3f6dece6b0b584cad1c346d81d0a2ad0a744d322048c2|fa9896e082a1046ff4fbc75fcba4d18d1f2efc19
libexec/rpc.rwalld/rpc.rwalld.8|man8/rpc.rwalld.8|413d15e2f7063cb06e14f1a3ec88b0737dbcb7c10de45e7000cc3780b05af340|413d15e2f7063cb06e14f1a3ec88b0737dbcb7c10de45e7000cc3780b05af340|fa9896e082a1046ff4fbc75fcba4d18d1f2efc19
libexec/rpc.sprayd/rpc.sprayd.8|man8/rpc.sprayd.8|5b02e5ba28ea26824f54f77f8bc60aa66f1d7e3483622e36b27eeecd0922251f|5b02e5ba28ea26824f54f77f8bc60aa66f1d7e3483622e36b27eeecd0922251f|fa9896e082a1046ff4fbc75fcba4d18d1f2efc19
libexec/rtld-elf/rtld.1|man1/rtld.1|7ae4f00e138fb62f277941e044e5a8a1ef07c54a61da311999c5aec263837182|7ae4f00e138fb62f277941e044e5a8a1ef07c54a61da311999c5aec263837182|fa9896e082a1046ff4fbc75fcba4d18d1f2efc19
libexec/talkd/talkd.8|man8/talkd.8|97c170902b9f460faf60830920c41e223adc82fbf37cf7a872b0b4fb08960f0e|97c170902b9f460faf60830920c41e223adc82fbf37cf7a872b0b4fb08960f0e|b2c76c41be32f904179efed29c0ca04d53f3996c
libexec/tftpd/tftpd.8|man8/tftpd.8|30bec355ebb96399ab5a5d9c5947a89cac962329ae4ff8d3da0d1b83b66e91df|30bec355ebb96399ab5a5d9c5947a89cac962329ae4ff8d3da0d1b83b66e91df|b2c76c41be32f904179efed29c0ca04d53f3996c
libexec/ypxfr/ypxfr.8|man8/ypxfr.8|6f7951261961f6d093ee09ed001770f0a2065f7ebe46aafbef234beedc618990|6f7951261961f6d093ee09ed001770f0a2065f7ebe46aafbef234beedc618990|fa9896e082a1046ff4fbc75fcba4d18d1f2efc19
sbin/adjkerntz/adjkerntz.8|man8/adjkerntz.8|fd6c32b6dd2a3ba772d70c2048d8b91293112eb991066299122ff225bbaa526e|fd6c32b6dd2a3ba772d70c2048d8b91293112eb991066299122ff225bbaa526e|fa9896e082a1046ff4fbc75fcba4d18d1f2efc19
sbin/bectl/bectl.8|man8/bectl.8|5b41a196023ca7bfa8f1dc26b9dd613dd8a589a16caa95299831af932d59ef0a|5b41a196023ca7bfa8f1dc26b9dd613dd8a589a16caa95299831af932d59ef0a|fa9896e082a1046ff4fbc75fcba4d18d1f2efc19
sbin/bsdlabel/bsdlabel.8|man8/bsdlabel.8|af62141ec843113e43e13b7993b4ecbe12d9845ed13a7ac6134d2a3654060e85|af62141ec843113e43e13b7993b4ecbe12d9845ed13a7ac6134d2a3654060e85|b2c76c41be32f904179efed29c0ca04d53f3996c
sbin/camcontrol/camcontrol.8|man8/camcontrol.8|738558c1fd483e368c6b7e7ec449e13064b940812a894deb16533d96170f7b29|738558c1fd483e368c6b7e7ec449e13064b940812a894deb16533d96170f7b29|fa9896e082a1046ff4fbc75fcba4d18d1f2efc19
sbin/ccdconfig/ccdconfig.8|man8/ccdconfig.8|be21f093188abd78300dcd9b8abb3eca971398c5536764446f397d4a566f9ce3|be21f093188abd78300dcd9b8abb3eca971398c5536764446f397d4a566f9ce3|b2c76c41be32f904179efed29c0ca04d53f3996c
sbin/clri/clri.8|man8/clri.8|440fd749ae1a60acef06342e0c3c8cca2140d0bdd2fa4d96a01bf1bf8d0af687|440fd749ae1a60acef06342e0c3c8cca2140d0bdd2fa4d96a01bf1bf8d0af687|b2c76c41be32f904179efed29c0ca04d53f3996c
sbin/comcontrol/comcontrol.8|man8/comcontrol.8|81002801432e1eb2ee6fadb9426c89e316823f002077a889d4722cd4bc483e6a|81002801432e1eb2ee6fadb9426c89e316823f002077a889d4722cd4bc483e6a|b2c76c41be32f904179efed29c0ca04d53f3996c
sbin/conscontrol/conscontrol.8|man8/conscontrol.8|7c4aeadc7b862a2dded8ab43b823c9aa0325c790778e07bd300c94d6299a786f|7c4aeadc7b862a2dded8ab43b823c9aa0325c790778e07bd300c94d6299a786f|fa9896e082a1046ff4fbc75fcba4d18d1f2efc19
sbin/ddb/ddb.8|man8/ddb.8|98bbd44b40bedb8cfeee64e93ae1067b21912e7c9857707d45a9accc3735a2ff|98bbd44b40bedb8cfeee64e93ae1067b21912e7c9857707d45a9accc3735a2ff|fa9896e082a1046ff4fbc75fcba4d18d1f2efc19
sbin/decryptcore/decryptcore.8|man8/decryptcore.8|2d1c1c5e2d8472c13ed0fd6fbbed286748588681383c58aa8610dadddcc400a0|2d1c1c5e2d8472c13ed0fd6fbbed286748588681383c58aa8610dadddcc400a0|fa9896e082a1046ff4fbc75fcba4d18d1f2efc19
sbin/devd/devd.8|man8/devd.8|5972c216ffb9a049ae594bbdf5768c036222cb9dd383b21e82283f884066a743|5972c216ffb9a049ae594bbdf5768c036222cb9dd383b21e82283f884066a743|fa9896e082a1046ff4fbc75fcba4d18d1f2efc19
sbin/devfs/devfs.8|man8/devfs.8|1175c99529a45fa4c3ad75f365c222bfc406d1442b9a63fcfe90d81f282e2391|1175c99529a45fa4c3ad75f365c222bfc406d1442b9a63fcfe90d81f282e2391|fa9896e082a1046ff4fbc75fcba4d18d1f2efc19
sbin/devmatch/devmatch.8|man8/devmatch.8|ce3c943858fd76eb43ae99cbdf56f063ebedc74cf26f3f25cc7d09a6629d72d0|ce3c943858fd76eb43ae99cbdf56f063ebedc74cf26f3f25cc7d09a6629d72d0|fa9896e082a1046ff4fbc75fcba4d18d1f2efc19
sbin/dhclient/dhclient-script.8|man8/dhclient-script.8|171597fc8c87595c3bb0198b0de5cd39abecee4b8bbe0530c7aa7a4eaddca818|171597fc8c87595c3bb0198b0de5cd39abecee4b8bbe0530c7aa7a4eaddca818|fa9896e082a1046ff4fbc75fcba4d18d1f2efc19
sbin/dhclient/dhclient.8|man8/dhclient.8|ff9d4336b8a5e27606dca7c2c232e6f7ff779a99af8c0cef1f7097cdda322b91|ff9d4336b8a5e27606dca7c2c232e6f7ff779a99af8c0cef1f7097cdda322b91|fa9896e082a1046ff4fbc75fcba4d18d1f2efc19
sbin/dmesg/dmesg.8|man8/dmesg.8|edca1f8f46d4b139f7a1fd5ab7a460ef13c845e6d970190af0394f56c9970e8b|edca1f8f46d4b139f7a1fd5ab7a460ef13c845e6d970190af0394f56c9970e8b|b2c76c41be32f904179efed29c0ca04d53f3996c
sbin/dump/dump.8|man8/dump.8|8b945017441c78ea6b737a91b02b5b6602fb6700f62fbb12a31a4c567420dad4|8b945017441c78ea6b737a91b02b5b6602fb6700f62fbb12a31a4c567420dad4|b2c76c41be32f904179efed29c0ca04d53f3996c
sbin/dumpfs/dumpfs.8|man8/dumpfs.8|55c92180c9a774420fb101cdc8e573d386c3b6fa2a663fce74f918281859d101|55c92180c9a774420fb101cdc8e573d386c3b6fa2a663fce74f918281859d101|b2c76c41be32f904179efed29c0ca04d53f3996c
sbin/dumpon/dumpon.8|man8/dumpon.8|7cbdcf9d97ce8f8e609ac88f2ab614a0aa3964db2daa87a5d154a957e90ebb73|7cbdcf9d97ce8f8e609ac88f2ab614a0aa3964db2daa87a5d154a957e90ebb73|b2c76c41be32f904179efed29c0ca04d53f3996c
sbin/etherswitchcfg/etherswitchcfg.8|man8/etherswitchcfg.8|a6d73a54d0a327393cae8eed4436a13d6b09ff100ae0f589450a2ee9e0b38c01|a6d73a54d0a327393cae8eed4436a13d6b09ff100ae0f589450a2ee9e0b38c01|fa9896e082a1046ff4fbc75fcba4d18d1f2efc19
sbin/fdisk/fdisk.8|man8/fdisk.8|e95a84de1cac334637f1f4dae8ac0bee35dd0aa074ef3b934c0ae05fa2e007fd|e95a84de1cac334637f1f4dae8ac0bee35dd0aa074ef3b934c0ae05fa2e007fd|b2c76c41be32f904179efed29c0ca04d53f3996c
sbin/ffsinfo/ffsinfo.8|man8/ffsinfo.8|100063e605ef1f74e4836d3b225557c6901fde55d86e4a15315d67c58dc89a2a|100063e605ef1f74e4836d3b225557c6901fde55d86e4a15315d67c58dc89a2a|b2c76c41be32f904179efed29c0ca04d53f3996c
sbin/fsck/fsck.8|man8/fsck.8|0f5ac6ffa47a746bab421225143d91827768f730448ab0971cf6b5129761a9f2|0f5ac6ffa47a746bab421225143d91827768f730448ab0971cf6b5129761a9f2|fa9896e082a1046ff4fbc75fcba4d18d1f2efc19
sbin/fsck_ffs/fsck_ffs.8|man8/fsck_ffs.8|393ad804a3983a3312aa466e5ed1d68486c2171a08e4b165b52b6ef6aba24504|393ad804a3983a3312aa466e5ed1d68486c2171a08e4b165b52b6ef6aba24504|b2c76c41be32f904179efed29c0ca04d53f3996c
sbin/fsck_msdosfs/fsck_msdosfs.8|man8/fsck_msdosfs.8|c52c62b5e6216eee0bdfd0964293a41efda3aa5ecd898d643ca226367fecfafb|c52c62b5e6216eee0bdfd0964293a41efda3aa5ecd898d643ca226367fecfafb|fa9896e082a1046ff4fbc75fcba4d18d1f2efc19
sbin/fsdb/fsdb.8|man8/fsdb.8|21ecd76b7e76eb753618247ab3037a130166242a499f9248761ef7eb32526d0f|21ecd76b7e76eb753618247ab3037a130166242a499f9248761ef7eb32526d0f|fa9896e082a1046ff4fbc75fcba4d18d1f2efc19
sbin/fsirand/fsirand.8|man8/fsirand.8|a31a77f45b74a550d6535572b03da16fa41e1cf9893b7cde89e37a3148a9179a|a31a77f45b74a550d6535572b03da16fa41e1cf9893b7cde89e37a3148a9179a|b2c76c41be32f904179efed29c0ca04d53f3996c
sbin/gbde/gbde.8|man8/gbde.8|7cfef312451f6efda64f04a8031fc7b8cbb2ec89246cd65792c31410e32a2000|7cfef312451f6efda64f04a8031fc7b8cbb2ec89246cd65792c31410e32a2000|fa9896e082a1046ff4fbc75fcba4d18d1f2efc19
sbin/geom/core/geom.8|man8/geom.8|4755c69c2a375614a35c1cfbdada56bef45e80efaebc09c5537bd96a9e15be7b|4755c69c2a375614a35c1cfbdada56bef45e80efaebc09c5537bd96a9e15be7b|fa9896e082a1046ff4fbc75fcba4d18d1f2efc19
sbin/ggate/ggatec/ggatec.8|man8/ggatec.8|f84bd7d78f708ea35a586e7336931a247ef5b04cd2b97b13871433abc9abdc65|f84bd7d78f708ea35a586e7336931a247ef5b04cd2b97b13871433abc9abdc65|fa9896e082a1046ff4fbc75fcba4d18d1f2efc19
sbin/ggate/ggated/ggated.8|man8/ggated.8|bf3e642b66626fe1b7792ee1341e46c688e7c332dfe77e9b7d66290d46855abd|bf3e642b66626fe1b7792ee1341e46c688e7c332dfe77e9b7d66290d46855abd|fa9896e082a1046ff4fbc75fcba4d18d1f2efc19
sbin/ggate/ggatel/ggatel.8|man8/ggatel.8|84cc8b6070c4a643f211f70bf9a37e4c89ffe3e46837b8be60520822e5e59132|84cc8b6070c4a643f211f70bf9a37e4c89ffe3e46837b8be60520822e5e59132|fa9896e082a1046ff4fbc75fcba4d18d1f2efc19
sbin/growfs/growfs.8|man8/growfs.8|d2f5133211867c1640ccd7421b2a675eb51b837923e418301d3a0e3f368e3be6|d2f5133211867c1640ccd7421b2a675eb51b837923e418301d3a0e3f368e3be6|b2c76c41be32f904179efed29c0ca04d53f3996c
sbin/gvinum/gvinum.8|man8/gvinum.8|433ec80f64fab89f21c5c897f5739bbed1e627b2c3106be436d49eff76b1a20d|433ec80f64fab89f21c5c897f5739bbed1e627b2c3106be436d49eff76b1a20d|fa9896e082a1046ff4fbc75fcba4d18d1f2efc19
sbin/hastctl/hastctl.8|man8/hastctl.8|8a12442fdf6a796c7d7c6366bd08afa907cc7ba03601a5298a552b67e12a075f|8a12442fdf6a796c7d7c6366bd08afa907cc7ba03601a5298a552b67e12a075f|fa9896e082a1046ff4fbc75fcba4d18d1f2efc19
sbin/hastd/hastd.8|man8/hastd.8|4360e98117bc7b43170083805c144a3b50a97e79d860ff0607b61db2022d1a50|4360e98117bc7b43170083805c144a3b50a97e79d860ff0607b61db2022d1a50|fa9896e082a1046ff4fbc75fcba4d18d1f2efc19
sbin/ifconfig/ifconfig.8|man8/ifconfig.8|f0538e705b303c5b4930c64f2af2f770a64c4e2ba617fd05d888d68dcc541c5e|f0538e705b303c5b4930c64f2af2f770a64c4e2ba617fd05d888d68dcc541c5e|b2c76c41be32f904179efed29c0ca04d53f3996c
sbin/init/init.8|man8/init.8|79644bc4ec88fddc38c4e0c18e9f541fb27e0925d176482aed1656e6ebaa15c9|79644bc4ec88fddc38c4e0c18e9f541fb27e0925d176482aed1656e6ebaa15c9|b2c76c41be32f904179efed29c0ca04d53f3996c
sbin/ipf/ipf/ipf.8|man8/ipf.8|47e747d41861ba6d2cb26448feadd1fab519c584d48d80c3a089356139b9bb82|47e747d41861ba6d2cb26448feadd1fab519c584d48d80c3a089356139b9bb82|b2c76c41be32f904179efed29c0ca04d53f3996c
sbin/ipf/ipfs/ipfs.8|man8/ipfs.8|53ebdbb4d9cd2325dfa4a637365bddf4810fae4399442a5cb8af838fc873bc00|53ebdbb4d9cd2325dfa4a637365bddf4810fae4399442a5cb8af838fc873bc00|b2c76c41be32f904179efed29c0ca04d53f3996c
sbin/ipf/ipfstat/ipfstat.8|man8/ipfstat.8|378e5dba2863c0a3a8a214bd7a47925026121167ff9401584beb58e8e5e7dd39|378e5dba2863c0a3a8a214bd7a47925026121167ff9401584beb58e8e5e7dd39|b2c76c41be32f904179efed29c0ca04d53f3996c
sbin/ipf/ipftest/ipftest.1|man1/ipftest.1|c0313faab0b54b5a4668cd23e91a677aa227470b02b24301c842f1c66921b7a6|c0313faab0b54b5a4668cd23e91a677aa227470b02b24301c842f1c66921b7a6|b2c76c41be32f904179efed29c0ca04d53f3996c
sbin/ipf/ipmon/ipmon.8|man8/ipmon.8|b692e04fbe45a3f4a4689529ddc5f76e055f0187058e062383b24c8a68496913|b692e04fbe45a3f4a4689529ddc5f76e055f0187058e062383b24c8a68496913|b2c76c41be32f904179efed29c0ca04d53f3996c
sbin/ipf/ipnat/ipnat.1|man1/ipnat.1|2c0c464e76cfd5a5fa79099ee146c8b54c216fc1d91a87be75f0ec9496336428|2c0c464e76cfd5a5fa79099ee146c8b54c216fc1d91a87be75f0ec9496336428|41edb306f05651fcaf6c74f9e3557f59f80292e1
sbin/ipf/ipnat/ipnat.8|man8/ipnat.8|5b9fcdbba93e093c9950a348dd0e8ffabc26f72c539adb1e947a26e4d067ffdb|5b9fcdbba93e093c9950a348dd0e8ffabc26f72c539adb1e947a26e4d067ffdb|b2c76c41be32f904179efed29c0ca04d53f3996c
sbin/ipf/ippool/ippool.8|man8/ippool.8|7286d100599000409966a0c07e9cdd09f4d0fe373d1de72fcf7634c26b2d1a93|7286d100599000409966a0c07e9cdd09f4d0fe373d1de72fcf7634c26b2d1a93|b2c76c41be32f904179efed29c0ca04d53f3996c
sbin/ipf/ipscan/ipscan.8|man8/ipscan.8|1ea79b85dcd6f0376c9fbca762429a5d848ffce2144bcc96be82e43e56bc31b3|1ea79b85dcd6f0376c9fbca762429a5d848ffce2144bcc96be82e43e56bc31b3|b2c76c41be32f904179efed29c0ca04d53f3996c
sbin/ipf/ipsend/ipresend.1|man1/ipresend.1|b11d9b9e43cc989e4b5b917d2daa1f12000150a2e7a9d02fd833e2f34412b105|b11d9b9e43cc989e4b5b917d2daa1f12000150a2e7a9d02fd833e2f34412b105|b2c76c41be32f904179efed29c0ca04d53f3996c
sbin/ipf/ipsend/ipsend.1|man1/ipsend.1|4899a9d58b28f8420123ea040da224f12ab647bca7c9122e2c4d895be388eb09|4899a9d58b28f8420123ea040da224f12ab647bca7c9122e2c4d895be388eb09|b2c76c41be32f904179efed29c0ca04d53f3996c
sbin/ipf/ipsend/iptest.1|man1/iptest.1|9f974eac6b77ac40198952db0ec0941cd4808cde80cf59a14f158f0f0f0e1784|9f974eac6b77ac40198952db0ec0941cd4808cde80cf59a14f158f0f0f0e1784|b2c76c41be32f904179efed29c0ca04d53f3996c
sbin/ipfw/ipfw.8|man8/ipfw.8|1e3f69c2c2cbb0783b7dca3ecf38305a13709f2e11ca9011db1132712007e196|1e3f69c2c2cbb0783b7dca3ecf38305a13709f2e11ca9011db1132712007e196|cc30510aeb78d6013dfa9c137144543c2db0e4c8
sbin/kldconfig/kldconfig.8|man8/kldconfig.8|ff6631d7bfd66ba81069a75c618c0a224fc0cc14f0ecd0052bc376480ac897fa|ff6631d7bfd66ba81069a75c618c0a224fc0cc14f0ecd0052bc376480ac897fa|fa9896e082a1046ff4fbc75fcba4d18d1f2efc19
sbin/kldload/kldload.8|man8/kldload.8|201e0f79a4feb73fd2541a5bc6ac89ea93945852a7f71730e2425479736074b8|201e0f79a4feb73fd2541a5bc6ac89ea93945852a7f71730e2425479736074b8|fa9896e082a1046ff4fbc75fcba4d18d1f2efc19
sbin/kldstat/kldstat.8|man8/kldstat.8|99ec54614597b7569a45f8875266fb1b4af20d9b5cdbe8510119c1c2e14d11de|99ec54614597b7569a45f8875266fb1b4af20d9b5cdbe8510119c1c2e14d11de|fa9896e082a1046ff4fbc75fcba4d18d1f2efc19
sbin/kldunload/kldunload.8|man8/kldunload.8|4a2d5497e7ff81ab6bc9f2e07d20164d294f048d1635af8b2bd693e7d08fbc16|4a2d5497e7ff81ab6bc9f2e07d20164d294f048d1635af8b2bd693e7d08fbc16|fa9896e082a1046ff4fbc75fcba4d18d1f2efc19
sbin/ldconfig/ldconfig.8|man8/ldconfig.8|b5fdd0ba32b6af74ac30badce8777a7239d541a56433b083abaa3b8f37ab23e3|b5fdd0ba32b6af74ac30badce8777a7239d541a56433b083abaa3b8f37ab23e3|fa9896e082a1046ff4fbc75fcba4d18d1f2efc19
sbin/md5/md5.1|man1/md5.1|9e70d75113194d4a723a28315e1a2ef21082439e8963fa4c5a63dc373c14970c|9e70d75113194d4a723a28315e1a2ef21082439e8963fa4c5a63dc373c14970c|b2c76c41be32f904179efed29c0ca04d53f3996c
sbin/mdconfig/mdconfig.8|man8/mdconfig.8|676189e4da3b16c088d0453acd648e2c6e3399a8a72ef27e3b5053c946f5ed43|676189e4da3b16c088d0453acd648e2c6e3399a8a72ef27e3b5053c946f5ed43|fa9896e082a1046ff4fbc75fcba4d18d1f2efc19
sbin/mdmfs/mdmfs.8|man8/mdmfs.8|8c55f5fae93e6552b6971c14318b8d053c9f1dd2150a1722faff9a5dd87f3fbf|8c55f5fae93e6552b6971c14318b8d053c9f1dd2150a1722faff9a5dd87f3fbf|fa9896e082a1046ff4fbc75fcba4d18d1f2efc19
sbin/mknod/mknod.8|man8/mknod.8|393bb34b00acd9ea4e0dfe92d19ea0bbb2e25e4487abe25f4a28c7c980032dd8|393bb34b00acd9ea4e0dfe92d19ea0bbb2e25e4487abe25f4a28c7c980032dd8|b2c76c41be32f904179efed29c0ca04d53f3996c
sbin/mksnap_ffs/mksnap_ffs.8|man8/mksnap_ffs.8|0d8d6f18098f4e4c65629561a1b2c72ab2d4c098a03842084cd5247ef2400879|0d8d6f18098f4e4c65629561a1b2c72ab2d4c098a03842084cd5247ef2400879|aa1a1e7dc42f954832a63c340de61f771b27278e
sbin/mount/mount.8|man8/mount.8|cb349aaf46e831eada468cd6f6bf7820d6aacbe03595b0e7d992b9b85582c546|cb349aaf46e831eada468cd6f6bf7820d6aacbe03595b0e7d992b9b85582c546|b2c76c41be32f904179efed29c0ca04d53f3996c
sbin/mount_cd9660/mount_cd9660.8|man8/mount_cd9660.8|8cd12cb823756674f2a491b5932b47beaf5b16fd1436dd75309e5c6f59f8b8bf|8cd12cb823756674f2a491b5932b47beaf5b16fd1436dd75309e5c6f59f8b8bf|b2c76c41be32f904179efed29c0ca04d53f3996c
sbin/mount_fusefs/mount_fusefs.8|man8/mount_fusefs.8|7db3658f83e58048d6b98b31c5578ee4da04c49248769cb73a4c1ed5db7c05e0|7db3658f83e58048d6b98b31c5578ee4da04c49248769cb73a4c1ed5db7c05e0|fa9896e082a1046ff4fbc75fcba4d18d1f2efc19
sbin/mount_msdosfs/mount_msdosfs.8|man8/mount_msdosfs.8|5273e592c02ea708e224d087ae42633ea105a8cd03aa16d7c5e482ed4bd2bcc3|5273e592c02ea708e224d087ae42633ea105a8cd03aa16d7c5e482ed4bd2bcc3|fa9896e082a1046ff4fbc75fcba4d18d1f2efc19
sbin/mount_nfs/mount_nfs.8|man8/mount_nfs.8|bd09da474d045fdc8141f03cf912b696706f416b001a3595f80ac7125122f7c9|bd09da474d045fdc8141f03cf912b696706f416b001a3595f80ac7125122f7c9|b2c76c41be32f904179efed29c0ca04d53f3996c
sbin/mount_nullfs/mount_nullfs.8|man8/mount_nullfs.8|af07d79ef01de444b2f784e8abb92d84598a3f0b5bbdf2da66ae432504d3becb|af07d79ef01de444b2f784e8abb92d84598a3f0b5bbdf2da66ae432504d3becb|b2c76c41be32f904179efed29c0ca04d53f3996c
sbin/mount_udf/mount_udf.8|man8/mount_udf.8|0025fbd3d729622db3d03bf19c0a196f596159b8c326669c705876f8203f253d|0025fbd3d729622db3d03bf19c0a196f596159b8c326669c705876f8203f253d|fa9896e082a1046ff4fbc75fcba4d18d1f2efc19
sbin/mount_unionfs/mount_unionfs.8|man8/mount_unionfs.8|ea3bf84b799d59b19c8c66a247fe64ae13edc3b1cd3ada909854da0284b73cc5|ea3bf84b799d59b19c8c66a247fe64ae13edc3b1cd3ada909854da0284b73cc5|b2c76c41be32f904179efed29c0ca04d53f3996c
sbin/natd/natd.8|man8/natd.8|ebb5b472782d7b52a42671c7801cea1c9e66d5e3810076c20bc2083cdc42235d|ebb5b472782d7b52a42671c7801cea1c9e66d5e3810076c20bc2083cdc42235d|b2c76c41be32f904179efed29c0ca04d53f3996c
sbin/newfs/newfs.8|man8/newfs.8|47108f0990853e01fcb45ff96fa454b235e5070d3d48909982af9648b469c6ba|47108f0990853e01fcb45ff96fa454b235e5070d3d48909982af9648b469c6ba|b2c76c41be32f904179efed29c0ca04d53f3996c
sbin/newfs_msdos/newfs_msdos.8|man8/newfs_msdos.8|25dc3b9b1cd1daff52685f9f9889acff8b4550a5410c35550d84ecf181edb26e|25dc3b9b1cd1daff52685f9f9889acff8b4550a5410c35550d84ecf181edb26e|fa9896e082a1046ff4fbc75fcba4d18d1f2efc19
sbin/nfsiod/nfsiod.8|man8/nfsiod.8|fad89e70338fb785576c57faedacedd896a54f55dc2d2ab28f8c517466baa15c|fad89e70338fb785576c57faedacedd896a54f55dc2d2ab28f8c517466baa15c|b2c76c41be32f904179efed29c0ca04d53f3996c
sbin/nos-tun/nos-tun.8|man8/nos-tun.8|40d130515521b89fd40a282850442272f0b9c10e80c8818129eeb3933189ddb6|40d130515521b89fd40a282850442272f0b9c10e80c8818129eeb3933189ddb6|fa9896e082a1046ff4fbc75fcba4d18d1f2efc19
sbin/nvmecontrol/nvmecontrol.8|man8/nvmecontrol.8|5073a31743d74c707ac70508a891105bf3a355930381baf394962e08c1d54040|5073a31743d74c707ac70508a891105bf3a355930381baf394962e08c1d54040|fa9896e082a1046ff4fbc75fcba4d18d1f2efc19
sbin/pfctl/pfctl.8|man8/pfctl.8|67c30b776721fc044b5702b1ed2f07b5e6b94927bac733115fa73e801b72e6b4|67c30b776721fc044b5702b1ed2f07b5e6b94927bac733115fa73e801b72e6b4|fa9896e082a1046ff4fbc75fcba4d18d1f2efc19
sbin/pfilctl/pfilctl.8|man8/pfilctl.8|390698e5672f0f491970e29fd9247882db0df4df9e28c28ce7fdabe33e0df235|390698e5672f0f491970e29fd9247882db0df4df9e28c28ce7fdabe33e0df235|fa9896e082a1046ff4fbc75fcba4d18d1f2efc19
sbin/ping/ping.8|man8/ping.8|2e82132a33a8ab22b2911b08fe010be7a67541897bfe515d183af96aa2179f10|2e82132a33a8ab22b2911b08fe010be7a67541897bfe515d183af96aa2179f10|b2c76c41be32f904179efed29c0ca04d53f3996c
sbin/quotacheck/quotacheck.8|man8/quotacheck.8|f518d373923b58e3406593e61aa064e8e65ce3592c7006f3bcf431efca9f3a91|f518d373923b58e3406593e61aa064e8e65ce3592c7006f3bcf431efca9f3a91|b2c76c41be32f904179efed29c0ca04d53f3996c
sbin/rcorder/rcorder.8|man8/rcorder.8|3dbf34ff5f9a879fe8987569a2f3e0f37b230626362797dea7632abfddf3359b|3dbf34ff5f9a879fe8987569a2f3e0f37b230626362797dea7632abfddf3359b|fa9896e082a1046ff4fbc75fcba4d18d1f2efc19
sbin/reboot/boot_i386.8|man8/boot_i386.8|6ab8c719db606b416908d058bcead2be0f3446687e2847e2b92c347969d7588b|6ab8c719db606b416908d058bcead2be0f3446687e2847e2b92c347969d7588b|4722ceb7d53e76507c76e053caab6b6f7b24ecef
sbin/reboot/nextboot.8|man8/nextboot.8|f74b03e161ed4444707e0adfde032d94bce45c27afbfa5d8e2726d30fe50588a|f74b03e161ed4444707e0adfde032d94bce45c27afbfa5d8e2726d30fe50588a|fa9896e082a1046ff4fbc75fcba4d18d1f2efc19
sbin/reboot/reboot.8|man8/reboot.8|4dc4ab046a8395ee1b8e6e6c22517361004acc55293d2a089037d35061dafeb3|4dc4ab046a8395ee1b8e6e6c22517361004acc55293d2a089037d35061dafeb3|b2c76c41be32f904179efed29c0ca04d53f3996c
sbin/recoverdisk/recoverdisk.1|man1/recoverdisk.1|58ceccd79ef9498ad7038030a81b811b4d65ddc0423d477a0952adc2621084c2|58ceccd79ef9498ad7038030a81b811b4d65ddc0423d477a0952adc2621084c2|fa9896e082a1046ff4fbc75fcba4d18d1f2efc19
sbin/restore/restore.8|man8/restore.8|6383fff12c3a283ee14041cd12357d29c7661584d5207e8c4a3c8a7732142c3e|6383fff12c3a283ee14041cd12357d29c7661584d5207e8c4a3c8a7732142c3e|b2c76c41be32f904179efed29c0ca04d53f3996c
sbin/route/route.8|man8/route.8|54851caec2392d17970ffee3e8d9a6c8e7a399e8010119711e1cbef45d7cf87e|54851caec2392d17970ffee3e8d9a6c8e7a399e8010119711e1cbef45d7cf87e|b2c76c41be32f904179efed29c0ca04d53f3996c
sbin/routed/routed.8|man8/routed.8|40f81994821f24d23b8007cb28213472f1d27168a9b519afb6c4568e8f5d25fc|40f81994821f24d23b8007cb28213472f1d27168a9b519afb6c4568e8f5d25fc|b2c76c41be32f904179efed29c0ca04d53f3996c
sbin/routed/rtquery/rtquery.8|man8/rtquery.8|c52604d83b1710c87eeb7f1f735f5aa78b8b2ead09d3cba4c790efe1260f74c9|c52604d83b1710c87eeb7f1f735f5aa78b8b2ead09d3cba4c790efe1260f74c9|b2c76c41be32f904179efed29c0ca04d53f3996c
sbin/savecore/savecore.8|man8/savecore.8|cc1f4b58485d9477b668d765ca40a3101c02a8f812ecdf42c5e04886d6b5f83d|cc1f4b58485d9477b668d765ca40a3101c02a8f812ecdf42c5e04886d6b5f83d|b2c76c41be32f904179efed29c0ca04d53f3996c
sbin/setkey/setkey.8|man8/setkey.8|4704af45021e6ec6aa40782de75a8ec13ae8e106cb49dafc2bb9bc5939aff2b5|4704af45021e6ec6aa40782de75a8ec13ae8e106cb49dafc2bb9bc5939aff2b5|fa9896e082a1046ff4fbc75fcba4d18d1f2efc19
sbin/shutdown/shutdown.8|man8/shutdown.8|7ee319c682ad49464f69791a8415db71488a3417406311b25b70316d94f1a6ac|7ee319c682ad49464f69791a8415db71488a3417406311b25b70316d94f1a6ac|b2c76c41be32f904179efed29c0ca04d53f3996c
sbin/swapon/swapon.8|man8/swapon.8|d0e514a863dd5cfc475bab05b41e5539e5ee4d7ebddd5522b4b7eee018a8ff21|d0e514a863dd5cfc475bab05b41e5539e5ee4d7ebddd5522b4b7eee018a8ff21|b2c76c41be32f904179efed29c0ca04d53f3996c
sbin/sysctl/sysctl.8|man8/sysctl.8|e22af6d54093de9a67873fe2808d9cf8c821f4e0baeba2533f60c721e3553f60|e22af6d54093de9a67873fe2808d9cf8c821f4e0baeba2533f60c721e3553f60|b0a30eed2426188697a6096f2c78686d90aa6225
sbin/tunefs/tunefs.8|man8/tunefs.8|dcfc63ad810cd29c3d3fb37db8a4ce9774d0f8bb76afcf9694da220de89a59b7|dcfc63ad810cd29c3d3fb37db8a4ce9774d0f8bb76afcf9694da220de89a59b7|b2c76c41be32f904179efed29c0ca04d53f3996c
sbin/umount/umount.8|man8/umount.8|a7320b86272b5a8d648c8655030af8f80b96947aee1407c88b5935e6087412d0|a7320b86272b5a8d648c8655030af8f80b96947aee1407c88b5935e6087412d0|b2c76c41be32f904179efed29c0ca04d53f3996c
sbin/veriexec/veriexec.8|man8/veriexec.8|5065ee0dd1b61ec31d31452af6cff0b6443ae4fedd24af682302415c6d73b8dc|5065ee0dd1b61ec31d31452af6cff0b6443ae4fedd24af682302415c6d73b8dc|fa9896e082a1046ff4fbc75fcba4d18d1f2efc19
sbin/zfsbootcfg/zfsbootcfg.8|man8/zfsbootcfg.8|947e36300de17a025086af0b5882dd2833206bedb3d6526bf3ed9a5fc4b39bfe|947e36300de17a025086af0b5882dd2833206bedb3d6526bf3ed9a5fc4b39bfe|fa9896e082a1046ff4fbc75fcba4d18d1f2efc19
share/examples/ipfilter/mkfilters.1|man1/mkfilters.1|5870d60dd4a97a5307c7627419c0bf58ecb777eb0c16735aecd72254916241df|5870d60dd4a97a5307c7627419c0bf58ecb777eb0c16735aecd72254916241df|b2c76c41be32f904179efed29c0ca04d53f3996c
share/examples/mdoc/example.1|man1/example.1|564c4c310f8a8b0471524d5789bbd8bfc28b164a612eefd1a63afd3b346bb8e2|564c4c310f8a8b0471524d5789bbd8bfc28b164a612eefd1a63afd3b346bb8e2|4d846d260e2b9a3d4d0a701462568268cbfe7a5b
share/examples/scsi_target/scsi_target.8|man8/scsi_target.8|9083270226e7a84c9386cbecbbd39af7561822b5a27c4c7e84ded82c71586dbd|9083270226e7a84c9386cbecbbd39af7561822b5a27c4c7e84ded82c71586dbd|fa9896e082a1046ff4fbc75fcba4d18d1f2efc19
share/man/man1/builtin.1|man1/builtin.1|7b083c5052267e900ee570f1747bfe961cdc6e3e8ec95728c549d7b94bceada3|7b083c5052267e900ee570f1747bfe961cdc6e3e8ec95728c549d7b94bceada3|fa9896e082a1046ff4fbc75fcba4d18d1f2efc19
share/man/man1/intro.1|man1/intro.1|f359e2f958d4ada38e59536ad381377fad89a6b6661c1490ba9f7d4ff5c4b6b0|f359e2f958d4ada38e59536ad381377fad89a6b6661c1490ba9f7d4ff5c4b6b0|b2c76c41be32f904179efed29c0ca04d53f3996c
share/man/man8/beinstall.8|man8/beinstall.8|b92ac7ca3adbf47835285f6d736168d78e806a191ba1cfabbc4853e9decea258|b92ac7ca3adbf47835285f6d736168d78e806a191ba1cfabbc4853e9decea258|fa9896e082a1046ff4fbc75fcba4d18d1f2efc19
share/man/man8/crash.8|man8/crash.8|2b487c12ec634c1f6ef6de2080bfdf5501cdff154fbfb1624990e5a8c6604e72|2b487c12ec634c1f6ef6de2080bfdf5501cdff154fbfb1624990e5a8c6604e72|fa9896e082a1046ff4fbc75fcba4d18d1f2efc19
share/man/man8/diskless.8|man8/diskless.8|604fe4c1bebc456e14ec5ad365797bd73beec21517a0ef9bf50c6f1f13c19243|604fe4c1bebc456e14ec5ad365797bd73beec21517a0ef9bf50c6f1f13c19243|fa9896e082a1046ff4fbc75fcba4d18d1f2efc19
share/man/man8/intro.8|man8/intro.8|45384f4f7abfa130f3a021952de95e03c20d262aa9710caa23cdd4f96330476f|45384f4f7abfa130f3a021952de95e03c20d262aa9710caa23cdd4f96330476f|b2c76c41be32f904179efed29c0ca04d53f3996c
share/man/man8/nanobsd.8|man8/nanobsd.8|1a0979c5a0bce650746213c3b81f38f61b82a48306498c81ee7dd825f128b7c1|1a0979c5a0bce650746213c3b81f38f61b82a48306498c81ee7dd825f128b7c1|fa9896e082a1046ff4fbc75fcba4d18d1f2efc19
share/man/man8/rc.8|man8/rc.8|aafa5130abba047b6c416efd9c22a6cff62450ccd053315d904f5ae84fdc7dbf|aafa5130abba047b6c416efd9c22a6cff62450ccd053315d904f5ae84fdc7dbf|b2c76c41be32f904179efed29c0ca04d53f3996c
share/man/man8/rc.subr.8|man8/rc.subr.8|43a7659cec21375b51ae270718d572e89bd1a8a88281883a5dc5c4f22a3a9ac9|43a7659cec21375b51ae270718d572e89bd1a8a88281883a5dc5c4f22a3a9ac9|fa9896e082a1046ff4fbc75fcba4d18d1f2efc19
share/man/man8/rescue.8|man8/rescue.8|079fb7518f1e9207ed01dafca7bd7841935010d12664ab9eb8ac21605d1f79cd|079fb7518f1e9207ed01dafca7bd7841935010d12664ab9eb8ac21605d1f79cd|fa9896e082a1046ff4fbc75fcba4d18d1f2efc19
share/man/man8/uefi.8|man8/uefi.8|0c8ae64031f717943e887c6b27ef7adf6c75d6ecdbae2de49b1a79063fc62508|0c8ae64031f717943e887c6b27ef7adf6c75d6ecdbae2de49b1a79063fc62508|481d727f3ede5362991b89545f072c28c07745c5
share/man/man8/yp.8|man8/yp.8|a49fb9de055eb31aa273f644b2cd1601ac4e3612bd23d514c6c0a45a522e9e4b|a49fb9de055eb31aa273f644b2cd1601ac4e3612bd23d514c6c0a45a522e9e4b|b2c76c41be32f904179efed29c0ca04d53f3996c
stand/efi/gptboot/gptboot.efi.8|man8/gptboot.efi.8|0be75c82097f5be3698863a195cd7f98bf82cfed667e3c20d705847459b53bdf|0be75c82097f5be3698863a195cd7f98bf82cfed667e3c20d705847459b53bdf|fa9896e082a1046ff4fbc75fcba4d18d1f2efc19
stand/forth/beastie.4th.8|man8/beastie.4th.8|fb5ef33447ff5011074fcdf817a325e7e0c89542bf8796256e07f498a832b2e6|fb5ef33447ff5011074fcdf817a325e7e0c89542bf8796256e07f498a832b2e6|fa9896e082a1046ff4fbc75fcba4d18d1f2efc19
stand/forth/brand.4th.8|man8/brand.4th.8|dbbc61d41354b06d0dadbbec68def5267e7808c2e29324c059b3a730e36de196|dbbc61d41354b06d0dadbbec68def5267e7808c2e29324c059b3a730e36de196|fa9896e082a1046ff4fbc75fcba4d18d1f2efc19
stand/forth/check-password.4th.8|man8/check-password.4th.8|a7cc044aec235e4ed001e13eff6a4eac0a343bb350a79474f8d3690e035872ce|a7cc044aec235e4ed001e13eff6a4eac0a343bb350a79474f8d3690e035872ce|fa9896e082a1046ff4fbc75fcba4d18d1f2efc19
stand/forth/color.4th.8|man8/color.4th.8|ecdce2760a63765ebd913bb9b72780eb9cdf53cd1759a27c583c48ee74c8b88a|ecdce2760a63765ebd913bb9b72780eb9cdf53cd1759a27c583c48ee74c8b88a|fa9896e082a1046ff4fbc75fcba4d18d1f2efc19
stand/forth/delay.4th.8|man8/delay.4th.8|c25e66519c96ccdc8736c4e658c82d5d8febd23562b7d2117ba2e85467f467ce|c25e66519c96ccdc8736c4e658c82d5d8febd23562b7d2117ba2e85467f467ce|fa9896e082a1046ff4fbc75fcba4d18d1f2efc19
stand/forth/loader.4th.8|man8/loader.4th.8|6581710d31a3105d66c7b573f0b272ddc7079632512537a0cea3ab2f8bb0917f|6581710d31a3105d66c7b573f0b272ddc7079632512537a0cea3ab2f8bb0917f|fa9896e082a1046ff4fbc75fcba4d18d1f2efc19
stand/forth/menu.4th.8|man8/menu.4th.8|3cfb7f8960ad15671bcc3c6a9cf301a18edba60d4b85a0e7171346c7afd61ea7|3cfb7f8960ad15671bcc3c6a9cf301a18edba60d4b85a0e7171346c7afd61ea7|fa9896e082a1046ff4fbc75fcba4d18d1f2efc19
stand/forth/menusets.4th.8|man8/menusets.4th.8|137dc2d69e922c86c7ca6438d6652e2b577b10b77149d34423400c5559dfdf92|137dc2d69e922c86c7ca6438d6652e2b577b10b77149d34423400c5559dfdf92|fa9896e082a1046ff4fbc75fcba4d18d1f2efc19
stand/forth/version.4th.8|man8/version.4th.8|8df6dcf57d860f17af36e03cc3ae0a805d5e7b1c4dca010afb75269dbf451ab2|8df6dcf57d860f17af36e03cc3ae0a805d5e7b1c4dca010afb75269dbf451ab2|fa9896e082a1046ff4fbc75fcba4d18d1f2efc19
stand/i386/gptboot/gptboot.8|man8/gptboot.8|421ba7a89516304ef5d0a67dfd364c3994125a28f2ddb222b0cc37afa3684755|421ba7a89516304ef5d0a67dfd364c3994125a28f2ddb222b0cc37afa3684755|fa9896e082a1046ff4fbc75fcba4d18d1f2efc19
stand/i386/gptzfsboot/gptzfsboot.8|man8/gptzfsboot.8|91e814aba4cc73dd1588eedc1b2a952a1106126b8e77ccc321ef46b6091c476c|91e814aba4cc73dd1588eedc1b2a952a1106126b8e77ccc321ef46b6091c476c|fa9896e082a1046ff4fbc75fcba4d18d1f2efc19
stand/i386/isoboot/isoboot.8|man8/isoboot.8|aed58509e42111b20d98e5e037820639a5d28f79c6fb98c6112bc4b1251de68e|aed58509e42111b20d98e5e037820639a5d28f79c6fb98c6112bc4b1251de68e|fa9896e082a1046ff4fbc75fcba4d18d1f2efc19
stand/i386/pxeldr/pxeboot.8|man8/pxeboot.8|e1f32b963c682cb9e3eb01a8480c18986aff081733d74bedad97c57d3bfe3f30|e1f32b963c682cb9e3eb01a8480c18986aff081733d74bedad97c57d3bfe3f30|fa9896e082a1046ff4fbc75fcba4d18d1f2efc19
stand/i386/zfsboot/zfsboot.8|man8/zfsboot.8|c2e0809e6f514e66a31095b05d9cfb72882b11c0d3322d8d3bbdaaa77ebce487|c2e0809e6f514e66a31095b05d9cfb72882b11c0d3322d8d3bbdaaa77ebce487|fa9896e082a1046ff4fbc75fcba4d18d1f2efc19
stand/lua/cli.lua.8|man8/cli.lua.8|d3fb470259fd7479c8f363d0cb27430bbaa790cebe56262b8a5f2e198106063b|d3fb470259fd7479c8f363d0cb27430bbaa790cebe56262b8a5f2e198106063b|fa9896e082a1046ff4fbc75fcba4d18d1f2efc19
stand/lua/color.lua.8|man8/color.lua.8|8e78d118311015094b4b3ada6daaf12e590f1fb6ee248fd8ad43a2f9c21dfe95|8e78d118311015094b4b3ada6daaf12e590f1fb6ee248fd8ad43a2f9c21dfe95|fa9896e082a1046ff4fbc75fcba4d18d1f2efc19
stand/lua/config.lua.8|man8/config.lua.8|f191d9417fa5ace667c073b9d139dd33d6d12ea8c0de5ab819d1156f27e74dcb|f191d9417fa5ace667c073b9d139dd33d6d12ea8c0de5ab819d1156f27e74dcb|fa9896e082a1046ff4fbc75fcba4d18d1f2efc19
stand/lua/core.lua.8|man8/core.lua.8|589aa0ffb9a3d5a48961d5337271e3b0c8cb40d654d9136072866a99b86c3a9d|589aa0ffb9a3d5a48961d5337271e3b0c8cb40d654d9136072866a99b86c3a9d|fa9896e082a1046ff4fbc75fcba4d18d1f2efc19
stand/lua/drawer.lua.8|man8/drawer.lua.8|4d1a8b27938b3e7f65948e44bce871b02f88d0912cd30e466fdc4f278e887ecc|4d1a8b27938b3e7f65948e44bce871b02f88d0912cd30e466fdc4f278e887ecc|fa9896e082a1046ff4fbc75fcba4d18d1f2efc19
stand/lua/hook.lua.8|man8/hook.lua.8|ed120293964103a5a4112b1ead4c841cdf8e441685248466cd86e3a6b861a3bd|ed120293964103a5a4112b1ead4c841cdf8e441685248466cd86e3a6b861a3bd|fa9896e082a1046ff4fbc75fcba4d18d1f2efc19
stand/lua/menu.lua.8|man8/menu.lua.8|79f9bb097b922622f61f6c0f4a6507c832a5372dea3611c44ce7787b6b46f5b7|79f9bb097b922622f61f6c0f4a6507c832a5372dea3611c44ce7787b6b46f5b7|fa9896e082a1046ff4fbc75fcba4d18d1f2efc19
stand/lua/password.lua.8|man8/password.lua.8|4c4ca74463fa2d09c995358fd83ce1fcf99145567bed009739618ff731c13032|4c4ca74463fa2d09c995358fd83ce1fcf99145567bed009739618ff731c13032|fa9896e082a1046ff4fbc75fcba4d18d1f2efc19
stand/lua/screen.lua.8|man8/screen.lua.8|ea53ece8a8d6873b74ce945ee9eebc542837b1fbb23f3a33b4d98030a18f5f5e|ea53ece8a8d6873b74ce945ee9eebc542837b1fbb23f3a33b4d98030a18f5f5e|fa9896e082a1046ff4fbc75fcba4d18d1f2efc19
stand/man/boot1.efi.8|man8/boot1.efi.8|ac1bc3334d9115465136baf7d6125bc56ec13cbe841253ce5fa1e04e9ed39f2a|ac1bc3334d9115465136baf7d6125bc56ec13cbe841253ce5fa1e04e9ed39f2a|fa9896e082a1046ff4fbc75fcba4d18d1f2efc19
stand/man/loader.8|man8/loader.8|45dc626739a440ca84689e762cfd4df1c6b17bf23f11cd09b0f5b0996f57d659|45dc626739a440ca84689e762cfd4df1c6b17bf23f11cd09b0f5b0996f57d659|fa9896e082a1046ff4fbc75fcba4d18d1f2efc19
stand/man/loader.efi.8|man8/loader.efi.8|51496c46b1186476d3cf2f08c643020ae4bc7d6e7e90322dba861101e7f925f0|51496c46b1186476d3cf2f08c643020ae4bc7d6e7e90322dba861101e7f925f0|fa9896e082a1046ff4fbc75fcba4d18d1f2efc19
stand/man/loader_4th.8|man8/loader_4th.8|57a47ac2dffda90ee60e98eea29d40726b35de5ae7d936d6f215e7d065744e9c|57a47ac2dffda90ee60e98eea29d40726b35de5ae7d936d6f215e7d065744e9c|fa9896e082a1046ff4fbc75fcba4d18d1f2efc19
stand/man/loader_lua.8|man8/loader_lua.8|67f05bb0603af6587445ec0ce9fddac90a28750f9d236fdd751a0be933b87347|67f05bb0603af6587445ec0ce9fddac90a28750f9d236fdd751a0be933b87347|fa9896e082a1046ff4fbc75fcba4d18d1f2efc19
stand/man/loader_simp.8|man8/loader_simp.8|667c9d983c04e5eed02685af73b8d2b1c8c28b9e0b9c6b8a868cde0589581054|667c9d983c04e5eed02685af73b8d2b1c8c28b9e0b9c6b8a868cde0589581054|4722ceb7d53e76507c76e053caab6b6f7b24ecef
sys/contrib/openzfs/man/man1/arcstat.1|man1/arcstat.1|2a2b76162e08ee02f51279fd886c5dd9bf85ef156d5aef541e310d8732453c8b|2a2b76162e08ee02f51279fd886c5dd9bf85ef156d5aef541e310d8732453c8b|15f0b8c309dea1dcb14d3e374686576ff68ac43f
sys/contrib/openzfs/man/man1/cstyle.1|man1/cstyle.1|4cd81f4802fee44766d298e91e337d04e29dcc03434bebb2bf6ee742252c0699|4cd81f4802fee44766d298e91e337d04e29dcc03434bebb2bf6ee742252c0699|271171e0d97b88ba2a7c3bf750c9672b484c1c13
sys/contrib/openzfs/man/man1/raidz_test.1|man1/raidz_test.1|0e98bf2b3c984917336deea5b918f93f21ea97bf85759ef9120d4da744464451|0e98bf2b3c984917336deea5b918f93f21ea97bf85759ef9120d4da744464451|271171e0d97b88ba2a7c3bf750c9672b484c1c13
sys/contrib/openzfs/man/man1/test-runner.1|man1/test-runner.1|6c2483f2c2362bc426d90f464f0eabfe633cea721a100e62d5a8fe2f594255af|6c2483f2c2362bc426d90f464f0eabfe633cea721a100e62d5a8fe2f594255af|bb2d13b686e3ccf6c3ccb36209dfb7dcc108b182
sys/contrib/openzfs/man/man1/zhack.1|man1/zhack.1|fecea6eccf13a4bf49eecc560498b74a0815e92c8f0aa579d16ecde39529c861|fecea6eccf13a4bf49eecc560498b74a0815e92c8f0aa579d16ecde39529c861|e639e0d27cc863ba1b8de20e861e6b5d9b922a8e
sys/contrib/openzfs/man/man1/ztest.1|man1/ztest.1|35ca782fa32e82358dc8b3191753a07c380fc8095adc0faed615947037078533|35ca782fa32e82358dc8b3191753a07c380fc8095adc0faed615947037078533|bb2d13b686e3ccf6c3ccb36209dfb7dcc108b182
sys/contrib/openzfs/man/man1/zvol_wait.1|man1/zvol_wait.1|017efac1cedaea32bd5f0cf769e858a5656f5ab098a86fb80c2f02e7aefcdcbc|017efac1cedaea32bd5f0cf769e858a5656f5ab098a86fb80c2f02e7aefcdcbc|1603881667360c015f6685131f2f25474fa67a72
sys/contrib/openzfs/man/man8/fsck.zfs.8|man8/fsck.zfs.8|9099685c991ba5b3ffeec904a656f2bb2d4ef11a145fd0a6b54327b22330df75|9099685c991ba5b3ffeec904a656f2bb2d4ef11a145fd0a6b54327b22330df75|bb2d13b686e3ccf6c3ccb36209dfb7dcc108b182
sys/contrib/openzfs/man/man8/mount.zfs.8|man8/mount.zfs.8|dbef160a68d67cff31a7d9ecb359a86caa3b77de6f164061259cbda710708a2c|dbef160a68d67cff31a7d9ecb359a86caa3b77de6f164061259cbda710708a2c|271171e0d97b88ba2a7c3bf750c9672b484c1c13
sys/contrib/openzfs/man/man8/vdev_id.8|man8/vdev_id.8|98094fb22944673c5af6526a58e82c0e68879ba5b50c58ecedcd56e9a0d6c74e|98094fb22944673c5af6526a58e82c0e68879ba5b50c58ecedcd56e9a0d6c74e|bb2d13b686e3ccf6c3ccb36209dfb7dcc108b182
sys/contrib/openzfs/man/man8/zdb.8|man8/zdb.8|a70de9ebb1ae2eccb4da338001346f517fc31508da2ca70951e93fd1eaf10b40|a70de9ebb1ae2eccb4da338001346f517fc31508da2ca70951e93fd1eaf10b40|0a97523d467443fa54171ef7a399b1c9043eac75
sys/contrib/openzfs/man/man8/zfs-allow.8|man8/zfs-allow.8|b6085072da9b3517d235860867296f258d8d55cc7fedc6c7760b28a2080b66d3|b6085072da9b3517d235860867296f258d8d55cc7fedc6c7760b28a2080b66d3|bb2d13b686e3ccf6c3ccb36209dfb7dcc108b182
sys/contrib/openzfs/man/man8/zfs-bookmark.8|man8/zfs-bookmark.8|a2f307053738de5aebd532cce4617d385562fcd56d567f28289626c29bd29fc9|a2f307053738de5aebd532cce4617d385562fcd56d567f28289626c29bd29fc9|271171e0d97b88ba2a7c3bf750c9672b484c1c13
sys/contrib/openzfs/man/man8/zfs-clone.8|man8/zfs-clone.8|6b9b213ce60576c280159fa0c678401a58bf73cdd30b335814d2567f938a4d36|6b9b213ce60576c280159fa0c678401a58bf73cdd30b335814d2567f938a4d36|271171e0d97b88ba2a7c3bf750c9672b484c1c13
sys/contrib/openzfs/man/man8/zfs-create.8|man8/zfs-create.8|4b10213eeaa0210adc8aeb8d60306bbcd18e7f446196c020b27ddb852720ba36|4b10213eeaa0210adc8aeb8d60306bbcd18e7f446196c020b27ddb852720ba36|4e8d558c9d1cf3e7e424e3fb123b01979c3d57f2
sys/contrib/openzfs/man/man8/zfs-destroy.8|man8/zfs-destroy.8|9ec75862f1c51b5cca8b49d12d2ae4eb5c93b02eaeefa5ea16b12b7c93c75938|9ec75862f1c51b5cca8b49d12d2ae4eb5c93b02eaeefa5ea16b12b7c93c75938|271171e0d97b88ba2a7c3bf750c9672b484c1c13
sys/contrib/openzfs/man/man8/zfs-diff.8|man8/zfs-diff.8|9c354b21ba41cf3b03471009fa2a33539e72df3bdf7d9fd00e035b7498911739|9c354b21ba41cf3b03471009fa2a33539e72df3bdf7d9fd00e035b7498911739|271171e0d97b88ba2a7c3bf750c9672b484c1c13
sys/contrib/openzfs/man/man8/zfs-hold.8|man8/zfs-hold.8|4515c9a175e60b35b74ba5b2e988a95743786b7bac2414c7a513d0f3588f063a|4515c9a175e60b35b74ba5b2e988a95743786b7bac2414c7a513d0f3588f063a|dbd5678dca91abcefe8d046aa2f9b66497a95ffb
sys/contrib/openzfs/man/man8/zfs-jail.8|man8/zfs-jail.8|72d19dd01894d4d4e7525d97f870d3b9adf4b5206fde507645c308dc379b74bb|72d19dd01894d4d4e7525d97f870d3b9adf4b5206fde507645c308dc379b74bb|bb2d13b686e3ccf6c3ccb36209dfb7dcc108b182
sys/contrib/openzfs/man/man8/zfs-list.8|man8/zfs-list.8|6103fa35f6e2cc907cde4f7693a92b85a969ef1b775c370e44ba9edc3b088d02|6103fa35f6e2cc907cde4f7693a92b85a969ef1b775c370e44ba9edc3b088d02|271171e0d97b88ba2a7c3bf750c9672b484c1c13
sys/contrib/openzfs/man/man8/zfs-load-key.8|man8/zfs-load-key.8|c6cacb2e046ef0c439cc498d11cb840b9d0c96d32febbc5b90cb9893d828ff83|c6cacb2e046ef0c439cc498d11cb840b9d0c96d32febbc5b90cb9893d828ff83|bb2d13b686e3ccf6c3ccb36209dfb7dcc108b182
sys/contrib/openzfs/man/man8/zfs-mount.8|man8/zfs-mount.8|5b5dbd6b64d3e9199ec17dbff3d5ecb528d867111e5fb1a28bc313ecaa51e7bb|5b5dbd6b64d3e9199ec17dbff3d5ecb528d867111e5fb1a28bc313ecaa51e7bb|bb2d13b686e3ccf6c3ccb36209dfb7dcc108b182
sys/contrib/openzfs/man/man8/zfs-program.8|man8/zfs-program.8|bf2cb99102bca799b333a03d21f04a9d61558fbf32906d32b03f4cba164d7732|bf2cb99102bca799b333a03d21f04a9d61558fbf32906d32b03f4cba164d7732|c7046f76c2c027b00c0e6ba57cfd28f1a78f5e23
sys/contrib/openzfs/man/man8/zfs-project.8|man8/zfs-project.8|680880b81b8611f434d6a9aca56919fd9b67dc8c401c5e67996326d4b21167ed|680880b81b8611f434d6a9aca56919fd9b67dc8c401c5e67996326d4b21167ed|bb2d13b686e3ccf6c3ccb36209dfb7dcc108b182
sys/contrib/openzfs/man/man8/zfs-promote.8|man8/zfs-promote.8|7d721f1fed1294ced8ccad11b0632ccebf631685d9799e698383a292c6437e58|7d721f1fed1294ced8ccad11b0632ccebf631685d9799e698383a292c6437e58|bb2d13b686e3ccf6c3ccb36209dfb7dcc108b182
sys/contrib/openzfs/man/man8/zfs-receive.8|man8/zfs-receive.8|41afec29424e1e3cac44f9c4077a5514ad58ece45983428a8e9c9854ab20eff7|41afec29424e1e3cac44f9c4077a5514ad58ece45983428a8e9c9854ab20eff7|2a58b312b62f908ec92311d1bd8536dbaeb8e55b
sys/contrib/openzfs/man/man8/zfs-rename.8|man8/zfs-rename.8|b3e7e73fe299a5715921fd497328cfb9220d162e5dcf5dace7602768fc1973f7|b3e7e73fe299a5715921fd497328cfb9220d162e5dcf5dace7602768fc1973f7|271171e0d97b88ba2a7c3bf750c9672b484c1c13
sys/contrib/openzfs/man/man8/zfs-rollback.8|man8/zfs-rollback.8|5a0143dab792974e417d5b0963274fe57d6fd7fe6eb4393f26747d1f43d88358|5a0143dab792974e417d5b0963274fe57d6fd7fe6eb4393f26747d1f43d88358|271171e0d97b88ba2a7c3bf750c9672b484c1c13
sys/contrib/openzfs/man/man8/zfs-send.8|man8/zfs-send.8|8fd9ac6daa40f3ec83fc22b49972686c7192a3827d0555a6d489113d6c5f0e5e|8fd9ac6daa40f3ec83fc22b49972686c7192a3827d0555a6d489113d6c5f0e5e|f789381671a3f97496d496d8f996a67eaa8b1a33
sys/contrib/openzfs/man/man8/zfs-set.8|man8/zfs-set.8|58532c587f4d23efa32cb9504d203d96cb9f2173bf82b551904757a80d2c8756|58532c587f4d23efa32cb9504d203d96cb9f2173bf82b551904757a80d2c8756|0002395c4efbe7f98ac51f38421f9a876c0cd4fb
sys/contrib/openzfs/man/man8/zfs-share.8|man8/zfs-share.8|9f2d22e1e56501e6ec288795edfe685a6bec716caf2ed86b90652ff211db3097|9f2d22e1e56501e6ec288795edfe685a6bec716caf2ed86b90652ff211db3097|271171e0d97b88ba2a7c3bf750c9672b484c1c13
sys/contrib/openzfs/man/man8/zfs-snapshot.8|man8/zfs-snapshot.8|8fea5513ed8a51c1578d6fe87457353cad73ee4318ad33f53533ec0e91a75873|8fea5513ed8a51c1578d6fe87457353cad73ee4318ad33f53533ec0e91a75873|271171e0d97b88ba2a7c3bf750c9672b484c1c13
sys/contrib/openzfs/man/man8/zfs-upgrade.8|man8/zfs-upgrade.8|fbf1c0d39c583597c18a4e6292a412834194178cceaaef330c8034c46465cd9e|fbf1c0d39c583597c18a4e6292a412834194178cceaaef330c8034c46465cd9e|271171e0d97b88ba2a7c3bf750c9672b484c1c13
sys/contrib/openzfs/man/man8/zfs-userspace.8|man8/zfs-userspace.8|7b303a492a9963641e120d785daee7c5febdbee6848ed17d2801552976560c35|7b303a492a9963641e120d785daee7c5febdbee6848ed17d2801552976560c35|bb2d13b686e3ccf6c3ccb36209dfb7dcc108b182
sys/contrib/openzfs/man/man8/zfs-wait.8|man8/zfs-wait.8|e2e296a4caa7da65f6f511ba93ea7e0b43e47ac9fd2239ae6cc15aeb01286c39|e2e296a4caa7da65f6f511ba93ea7e0b43e47ac9fd2239ae6cc15aeb01286c39|271171e0d97b88ba2a7c3bf750c9672b484c1c13
sys/contrib/openzfs/man/man8/zfs-zone.8|man8/zfs-zone.8|da55ddc9c88f19bc41f20851992bd6df2f558e34d991c8000ffdfaa03150f358|da55ddc9c88f19bc41f20851992bd6df2f558e34d991c8000ffdfaa03150f358|271171e0d97b88ba2a7c3bf750c9672b484c1c13
sys/contrib/openzfs/man/man8/zfs.8|man8/zfs.8|aee628e51a94a7f43c12a1afd80d35692726d20dd5dd8cad296111f463846c23|aee628e51a94a7f43c12a1afd80d35692726d20dd5dd8cad296111f463846c23|2a58b312b62f908ec92311d1bd8536dbaeb8e55b
sys/contrib/openzfs/man/man8/zfs_ids_to_path.8|man8/zfs_ids_to_path.8|7261142f87df9388f45b2b9373d802a342eac962ec03c4324d32c482f6ad5ad1|7261142f87df9388f45b2b9373d802a342eac962ec03c4324d32c482f6ad5ad1|271171e0d97b88ba2a7c3bf750c9672b484c1c13
sys/contrib/openzfs/man/man8/zgenhostid.8|man8/zgenhostid.8|b1fa7f4a0058cf10cfa9cb012356d9dc5e2ef19ee518fe7343ba1e554d308099|b1fa7f4a0058cf10cfa9cb012356d9dc5e2ef19ee518fe7343ba1e554d308099|271171e0d97b88ba2a7c3bf750c9672b484c1c13
sys/contrib/openzfs/man/man8/zinject.8|man8/zinject.8|55f7d5a51d7bf04775c284e63baab8b51ddee79b5903cc9e96d891be73c6d4a3|55f7d5a51d7bf04775c284e63baab8b51ddee79b5903cc9e96d891be73c6d4a3|bb2d13b686e3ccf6c3ccb36209dfb7dcc108b182
sys/contrib/openzfs/man/man8/zpool-add.8|man8/zpool-add.8|565037da9ea916071fe78b5e57ce979c4080c47e0f17984f582d5ff3aada1472|565037da9ea916071fe78b5e57ce979c4080c47e0f17984f582d5ff3aada1472|271171e0d97b88ba2a7c3bf750c9672b484c1c13
sys/contrib/openzfs/man/man8/zpool-attach.8|man8/zpool-attach.8|2a4331ead39df0f90f07c61f012be55e4ad615e12b445a185e4939354616dd7d|2a4331ead39df0f90f07c61f012be55e4ad615e12b445a185e4939354616dd7d|271171e0d97b88ba2a7c3bf750c9672b484c1c13
sys/contrib/openzfs/man/man8/zpool-checkpoint.8|man8/zpool-checkpoint.8|dea8ce53f8344bcdb2f6c5b9803491ef861e5838a1adb7f11029714f2fe3fe5c|dea8ce53f8344bcdb2f6c5b9803491ef861e5838a1adb7f11029714f2fe3fe5c|271171e0d97b88ba2a7c3bf750c9672b484c1c13
sys/contrib/openzfs/man/man8/zpool-clear.8|man8/zpool-clear.8|f5e70b1090438e30ccc597274e8c6d5a93a5998325db16b7e73da78ac7d6e1a5|f5e70b1090438e30ccc597274e8c6d5a93a5998325db16b7e73da78ac7d6e1a5|271171e0d97b88ba2a7c3bf750c9672b484c1c13
sys/contrib/openzfs/man/man8/zpool-create.8|man8/zpool-create.8|3ec57fd8143175f98a1afc876ff325caf82daa159d7490fd8b47435a8825b067|3ec57fd8143175f98a1afc876ff325caf82daa159d7490fd8b47435a8825b067|7b5e687355afe772894661db63d1d4466751d806
sys/contrib/openzfs/man/man8/zpool-destroy.8|man8/zpool-destroy.8|0f995e89834362a1a6cdb92e392ba104dbeb055327dadf93af4ac3a11c884c79|0f995e89834362a1a6cdb92e392ba104dbeb055327dadf93af4ac3a11c884c79|271171e0d97b88ba2a7c3bf750c9672b484c1c13
sys/contrib/openzfs/man/man8/zpool-detach.8|man8/zpool-detach.8|e046b892bea921b70a3d4a10060d1778f52e2c7bcdcd8e7c207a4c6136671695|e046b892bea921b70a3d4a10060d1778f52e2c7bcdcd8e7c207a4c6136671695|271171e0d97b88ba2a7c3bf750c9672b484c1c13
sys/contrib/openzfs/man/man8/zpool-events.8|man8/zpool-events.8|51a3a1961e321c1440e486a435aeecf3654440ca591fc4ce550208f4af4fca57|51a3a1961e321c1440e486a435aeecf3654440ca591fc4ce550208f4af4fca57|f789381671a3f97496d496d8f996a67eaa8b1a33
sys/contrib/openzfs/man/man8/zpool-export.8|man8/zpool-export.8|3179e4b2115f640eecd0471b3bae8f794fbe998d09c2ef039952630a9e49f810|3179e4b2115f640eecd0471b3bae8f794fbe998d09c2ef039952630a9e49f810|bb2d13b686e3ccf6c3ccb36209dfb7dcc108b182
sys/contrib/openzfs/man/man8/zpool-get.8|man8/zpool-get.8|4abbc6ea97a60eb3cf81a8e6647b4efecb36cdc2053ed72f84c588aec530b212|4abbc6ea97a60eb3cf81a8e6647b4efecb36cdc2053ed72f84c588aec530b212|271171e0d97b88ba2a7c3bf750c9672b484c1c13
sys/contrib/openzfs/man/man8/zpool-history.8|man8/zpool-history.8|0046ba04acdf67e44d45aab9f1c44bbf3c8e64e7e9d6357f560ee667529f44a5|0046ba04acdf67e44d45aab9f1c44bbf3c8e64e7e9d6357f560ee667529f44a5|271171e0d97b88ba2a7c3bf750c9672b484c1c13
sys/contrib/openzfs/man/man8/zpool-import.8|man8/zpool-import.8|cb6da0f10bd20ee4267d8f25981d8b87849c3d783c4478a4a280dfb42e62fac5|cb6da0f10bd20ee4267d8f25981d8b87849c3d783c4478a4a280dfb42e62fac5|271171e0d97b88ba2a7c3bf750c9672b484c1c13
sys/contrib/openzfs/man/man8/zpool-initialize.8|man8/zpool-initialize.8|14b30ecfceabd227ab0796e363deaa9b963c22d79d1f2575fc796e254c087bd6|14b30ecfceabd227ab0796e363deaa9b963c22d79d1f2575fc796e254c087bd6|c0a83fe074a375c66ca669bfe1f128fe12b9f377
sys/contrib/openzfs/man/man8/zpool-iostat.8|man8/zpool-iostat.8|fc587d8dd2981bd5edd307cf1e5baaef34e7029fc1f87ab7ab45ad9f73c5d9cb|fc587d8dd2981bd5edd307cf1e5baaef34e7029fc1f87ab7ab45ad9f73c5d9cb|bb2d13b686e3ccf6c3ccb36209dfb7dcc108b182
sys/contrib/openzfs/man/man8/zpool-labelclear.8|man8/zpool-labelclear.8|20940255c19bf7e5e456e278d7a603650cfc53fab0a2f1844b65e7f7fc0e407b|20940255c19bf7e5e456e278d7a603650cfc53fab0a2f1844b65e7f7fc0e407b|271171e0d97b88ba2a7c3bf750c9672b484c1c13
sys/contrib/openzfs/man/man8/zpool-list.8|man8/zpool-list.8|4b50e0037d01b547b986cb26afbac5e3091de6092f502327d8bedff14eccc64d|4b50e0037d01b547b986cb26afbac5e3091de6092f502327d8bedff14eccc64d|271171e0d97b88ba2a7c3bf750c9672b484c1c13
sys/contrib/openzfs/man/man8/zpool-offline.8|man8/zpool-offline.8|8697d58162d6d5582cc77cbd178d77fb26baee805719a82a2992f3782b074a08|8697d58162d6d5582cc77cbd178d77fb26baee805719a82a2992f3782b074a08|271171e0d97b88ba2a7c3bf750c9672b484c1c13
sys/contrib/openzfs/man/man8/zpool-reguid.8|man8/zpool-reguid.8|d37f126d40f6915cea87d1ec62da1f23d8cca0d5a60a492dd98acdbdb7787a05|d37f126d40f6915cea87d1ec62da1f23d8cca0d5a60a492dd98acdbdb7787a05|271171e0d97b88ba2a7c3bf750c9672b484c1c13
sys/contrib/openzfs/man/man8/zpool-remove.8|man8/zpool-remove.8|667bc3b7e1aaeeb18302d664dd1d6f0150a00bf2fd18b76c58e0193df0c7b882|667bc3b7e1aaeeb18302d664dd1d6f0150a00bf2fd18b76c58e0193df0c7b882|bb2d13b686e3ccf6c3ccb36209dfb7dcc108b182
sys/contrib/openzfs/man/man8/zpool-reopen.8|man8/zpool-reopen.8|1abfeabee2ba42948063e85219a43402cde2a0f21c998b90b0335b6ced3d883c|1abfeabee2ba42948063e85219a43402cde2a0f21c998b90b0335b6ced3d883c|271171e0d97b88ba2a7c3bf750c9672b484c1c13
sys/contrib/openzfs/man/man8/zpool-replace.8|man8/zpool-replace.8|34cc196cbd470a05a1d3ddecc34cd67b20e59738ceec1a1ecb56d5484ee36cce|34cc196cbd470a05a1d3ddecc34cd67b20e59738ceec1a1ecb56d5484ee36cce|271171e0d97b88ba2a7c3bf750c9672b484c1c13
sys/contrib/openzfs/man/man8/zpool-resilver.8|man8/zpool-resilver.8|31bb3304da10fab5d826b31a20622047596180f7cac59ab50cefe69199c4ef6f|31bb3304da10fab5d826b31a20622047596180f7cac59ab50cefe69199c4ef6f|bb2d13b686e3ccf6c3ccb36209dfb7dcc108b182
sys/contrib/openzfs/man/man8/zpool-scrub.8|man8/zpool-scrub.8|33b97cb36745c1a083474981f696647a8342a16fa4b07a92bd99ac24a020aa98|33b97cb36745c1a083474981f696647a8342a16fa4b07a92bd99ac24a020aa98|0a97523d467443fa54171ef7a399b1c9043eac75
sys/contrib/openzfs/man/man8/zpool-split.8|man8/zpool-split.8|9fa25ea1044d573c32873ccd083462c7368f65201175ceb14cb09c9bcdee0c72|9fa25ea1044d573c32873ccd083462c7368f65201175ceb14cb09c9bcdee0c72|bb2d13b686e3ccf6c3ccb36209dfb7dcc108b182
sys/contrib/openzfs/man/man8/zpool-status.8|man8/zpool-status.8|1aa41cbec42b0ad5ff4a4e7ffc7010b994274a4828a95068b74c2210982a1ce5|1aa41cbec42b0ad5ff4a4e7ffc7010b994274a4828a95068b74c2210982a1ce5|e639e0d27cc863ba1b8de20e861e6b5d9b922a8e
sys/contrib/openzfs/man/man8/zpool-sync.8|man8/zpool-sync.8|b4c794a6b55003161f56a02540305b8e4465c2113bf3f2f87a177a84258ae639|b4c794a6b55003161f56a02540305b8e4465c2113bf3f2f87a177a84258ae639|271171e0d97b88ba2a7c3bf750c9672b484c1c13
sys/contrib/openzfs/man/man8/zpool-trim.8|man8/zpool-trim.8|ead79ba9d4724ad926746ce73ee9f6bc0fbe8e4e9e588fb1df90373d952fea1a|ead79ba9d4724ad926746ce73ee9f6bc0fbe8e4e9e588fb1df90373d952fea1a|271171e0d97b88ba2a7c3bf750c9672b484c1c13
sys/contrib/openzfs/man/man8/zpool-upgrade.8|man8/zpool-upgrade.8|4a050b333805a86459c9dcd67c2a281a4dc332cc4f08883fd7d6071f7a267c0c|4a050b333805a86459c9dcd67c2a281a4dc332cc4f08883fd7d6071f7a267c0c|bb2d13b686e3ccf6c3ccb36209dfb7dcc108b182
sys/contrib/openzfs/man/man8/zpool-wait.8|man8/zpool-wait.8|ea0c7f883e0648ce6fe3c1afade79405ca8fea25ef9909a2e3c39af6bdcac588|ea0c7f883e0648ce6fe3c1afade79405ca8fea25ef9909a2e3c39af6bdcac588|271171e0d97b88ba2a7c3bf750c9672b484c1c13
sys/contrib/openzfs/man/man8/zpool.8|man8/zpool.8|b44269281b40d708e4b34722f02a17c91e47c25f2fcddea988b8357a1ab02d04|b44269281b40d708e4b34722f02a17c91e47c25f2fcddea988b8357a1ab02d04|f789381671a3f97496d496d8f996a67eaa8b1a33
sys/contrib/openzfs/man/man8/zpool_influxdb.8|man8/zpool_influxdb.8|9115b101c4d237ab006cc3e6cc336007ecd5d350039ccef0145d3d842606ae5e|9115b101c4d237ab006cc3e6cc336007ecd5d350039ccef0145d3d842606ae5e|3ff01b231dfa83d518854c63e7c9cd1debd1139e
sys/contrib/openzfs/man/man8/zstream.8|man8/zstream.8|4a9b10d0ecf0dec8fedc8d9618ec14815a5caee4175cc4003678f9351de3602f|4a9b10d0ecf0dec8fedc8d9618ec14815a5caee4175cc4003678f9351de3602f|dbd5678dca91abcefe8d046aa2f9b66497a95ffb
sys/contrib/zstd/programs/zstd.1|man1/zstd.1|7d16c39bb3d7d907e5de1cc0063bdce1ad110d6cc0b879af7139bf6bddca4653|7d16c39bb3d7d907e5de1cc0063bdce1ad110d6cc0b879af7139bf6bddca4653|5ff13fbc199bdf5f0572845351c68ee5ca828e71
sys/contrib/zstd/programs/zstdgrep.1|man1/zstdgrep.1|870be6672462bfa01463ccb19000d51eb37f0cf042c0b40174c9422c92559203|870be6672462bfa01463ccb19000d51eb37f0cf042c0b40174c9422c92559203|5ff13fbc199bdf5f0572845351c68ee5ca828e71
sys/contrib/zstd/programs/zstdless.1|man1/zstdless.1|b81683a9415ae75649f4f65a3d3db0b550245802956867eeac53bb6a24e9b841|b81683a9415ae75649f4f65a3d3db0b550245802956867eeac53bb6a24e9b841|5ff13fbc199bdf5f0572845351c68ee5ca828e71
tools/tools/ath/athrd/athrd.1|man1/athrd.1|d941c1b035e44c8412f6fa61ee180cbc40052800d4aaf7ce5aa0f31cbbc5c7aa|d941c1b035e44c8412f6fa61ee180cbc40052800d4aaf7ce5aa0f31cbbc5c7aa|fa9896e082a1046ff4fbc75fcba4d18d1f2efc19
tools/tools/ether_reflect/ether_reflect.1|man1/ether_reflect.1|a12beac6e0dbdc885a59815f6e18a5d4b2c488427b83eb90f4cfa549d6f05438|a12beac6e0dbdc885a59815f6e18a5d4b2c488427b83eb90f4cfa549d6f05438|fa9896e082a1046ff4fbc75fcba4d18d1f2efc19
tools/tools/fixwhite/fixwhite.1|man1/fixwhite.1|bbce68df307b6dd0ba23197397660380f18958fae65ae806cff11a7458fce0dd|bbce68df307b6dd0ba23197397660380f18958fae65ae806cff11a7458fce0dd|fa9896e082a1046ff4fbc75fcba4d18d1f2efc19
tools/tools/git/git-arc.1|man1/git-arc.1|003e35e236a838e1f6a3ba52f66097a39e1755fd67269fee5a9c7043b7c2a04d|003e35e236a838e1f6a3ba52f66097a39e1755fd67269fee5a9c7043b7c2a04d|0c08479898e6d4d4dab071a19d906661947af108
tools/tools/ioat/ioatcontrol.8|man8/ioatcontrol.8|5d4f0688ca748ab754ef53a173ea37f8add1f374de8fd88c1f169a6d28b15e95|5d4f0688ca748ab754ef53a173ea37f8add1f374de8fd88c1f169a6d28b15e95|fa9896e082a1046ff4fbc75fcba4d18d1f2efc19
tools/tools/makeroot/makeroot.8|man8/makeroot.8|f502e887a318b952fd43426f7f0d78e9e780736c8ce0da992cf9635975325559|f502e887a318b952fd43426f7f0d78e9e780736c8ce0da992cf9635975325559|fa9896e082a1046ff4fbc75fcba4d18d1f2efc19
tools/tools/mcgrab/mcgrab.1|man1/mcgrab.1|4b3c8e1e7ae79299cd895a32a3df7418d040e4059ebd7aac3fa3a84c7bc13fbf|4b3c8e1e7ae79299cd895a32a3df7418d040e4059ebd7aac3fa3a84c7bc13fbf|fa9896e082a1046ff4fbc75fcba4d18d1f2efc19
tools/tools/mctest/mctest.1|man1/mctest.1|dd3bb5edfe4dfd3c28803fabb1b734def26919200a9d2c4aa6d6dff40a89f0c5|dd3bb5edfe4dfd3c28803fabb1b734def26919200a9d2c4aa6d6dff40a89f0c5|fa9896e082a1046ff4fbc75fcba4d18d1f2efc19
tools/tools/netmap/bridge.8|man8/bridge.8|f1620f63bf485d8a6a8db329f914ddcef469c6e58a85fe74dee170d96696e296|f1620f63bf485d8a6a8db329f914ddcef469c6e58a85fe74dee170d96696e296|fa9896e082a1046ff4fbc75fcba4d18d1f2efc19
tools/tools/netmap/lb.8|man8/lb.8|d4bb3e67b2367cbe933116d078336c9858d662dd8fed07b08a937978f9141198|d4bb3e67b2367cbe933116d078336c9858d662dd8fed07b08a937978f9141198|fa9896e082a1046ff4fbc75fcba4d18d1f2efc19
tools/tools/netmap/nmreplay.8|man8/nmreplay.8|027cb798ad4265efb9c1776365cc09f031a98ebdb8c95da1d38031d10b22d049|027cb798ad4265efb9c1776365cc09f031a98ebdb8c95da1d38031d10b22d049|fa9896e082a1046ff4fbc75fcba4d18d1f2efc19
tools/tools/netmap/pkt-gen.8|man8/pkt-gen.8|3c4c749df8cbd4ef6f0e680a3822148f358b5543d43bf658ba99d3d018fa2c79|3c4c749df8cbd4ef6f0e680a3822148f358b5543d43bf658ba99d3d018fa2c79|fa9896e082a1046ff4fbc75fcba4d18d1f2efc19
tools/tools/vimage/vimage.8|man8/vimage.8|5238129eb692054801102725bbd130398996f38624c937989370db4a03a7aa3a|5238129eb692054801102725bbd130398996f38624c937989370db4a03a7aa3a|fa9896e082a1046ff4fbc75fcba4d18d1f2efc19
usr.bin/apply/apply.1|man1/apply.1|ca8540e08491c0a83a4655ddf76235306031fe519a2a91ab66dbb464e7cd0920|ca8540e08491c0a83a4655ddf76235306031fe519a2a91ab66dbb464e7cd0920|b2c76c41be32f904179efed29c0ca04d53f3996c
usr.bin/ar/ar.1|man1/ar.1|7d68cf4cbc2444d26c3bda6fbb5169204445f23777cbed374454b6860ee8a493|7d68cf4cbc2444d26c3bda6fbb5169204445f23777cbed374454b6860ee8a493|fa9896e082a1046ff4fbc75fcba4d18d1f2efc19
usr.bin/asa/asa.1|man1/asa.1|b6d6d081a0844245e38d2ee1749647c7ea15a484f5d39636557219ba5edf0062|b6d6d081a0844245e38d2ee1749647c7ea15a484f5d39636557219ba5edf0062|fa9896e082a1046ff4fbc75fcba4d18d1f2efc19
usr.bin/awk/awk.1|man1/awk.1|d03c137191195338b0a0dc989a40c55bf87586d10bb39e3bc4a6e94c58df3594|d03c137191195338b0a0dc989a40c55bf87586d10bb39e3bc4a6e94c58df3594|fa9896e082a1046ff4fbc75fcba4d18d1f2efc19
usr.bin/backlight/backlight.8|man8/backlight.8|a50be2a611d1916be13f53cd857798cc444fa5d23e1cde734cb27c0a6af17dcd|a50be2a611d1916be13f53cd857798cc444fa5d23e1cde734cb27c0a6af17dcd|fa9896e082a1046ff4fbc75fcba4d18d1f2efc19
usr.bin/basename/basename.1|man1/basename.1|d68468aafd9e05f4ad9398e174774dbf19337a5b6d7f2ab999f06c008d74486e|d68468aafd9e05f4ad9398e174774dbf19337a5b6d7f2ab999f06c008d74486e|b2c76c41be32f904179efed29c0ca04d53f3996c
usr.bin/bc/bc.1|man1/bc.1|7475efb494ef8c7792c1324cb714ffb690676e299a5a649936557d854163a1b2|7475efb494ef8c7792c1324cb714ffb690676e299a5a649936557d854163a1b2|b2c76c41be32f904179efed29c0ca04d53f3996c
usr.bin/beep/beep.1|man1/beep.1|75e005f797b828180aa7851220c88a303b4ef30ce146e4f70acf819d7daca7a4|75e005f797b828180aa7851220c88a303b4ef30ce146e4f70acf819d7daca7a4|fa9896e082a1046ff4fbc75fcba4d18d1f2efc19
usr.bin/biff/biff.1|man1/biff.1|1eb9628862353e0c122d1f0a58a4c2c84602afd8cb0eb51287948a4bddf6ac7c|1eb9628862353e0c122d1f0a58a4c2c84602afd8cb0eb51287948a4bddf6ac7c|b2c76c41be32f904179efed29c0ca04d53f3996c
usr.bin/bintrans/bintrans.1|man1/bintrans.1|c9cbed527a145a8b3563e622a933b0f902a90cf899ee7a5de4936a70cdc44e32|c9cbed527a145a8b3563e622a933b0f902a90cf899ee7a5de4936a70cdc44e32|b2c76c41be32f904179efed29c0ca04d53f3996c
usr.bin/bluetooth/bthost/bthost.1|man1/bthost.1|878c03fc307dd4c7333cf30716423396b745efc33f2917872395857c8b099ca1|878c03fc307dd4c7333cf30716423396b745efc33f2917872395857c8b099ca1|b2c76c41be32f904179efed29c0ca04d53f3996c
usr.bin/bluetooth/btsockstat/btsockstat.1|man1/btsockstat.1|6ea1ef382e99aee7929f00a35e03ab0df41b703f8993f458fef2443f01a47966|6ea1ef382e99aee7929f00a35e03ab0df41b703f8993f458fef2443f01a47966|b2c76c41be32f904179efed29c0ca04d53f3996c
usr.bin/bluetooth/rfcomm_sppd/rfcomm_sppd.1|man1/rfcomm_sppd.1|dacaf67ff3aaedeab7ddddf1945935470c4ec373c190470c91cc68ea67f1ab9e|dacaf67ff3aaedeab7ddddf1945935470c4ec373c190470c91cc68ea67f1ab9e|b2c76c41be32f904179efed29c0ca04d53f3996c
usr.bin/brandelf/brandelf.1|man1/brandelf.1|fbe7a585037b174b5efc50ffa7a9618e06f7148d7f0dce48382d9374bbeb2b43|fbe7a585037b174b5efc50ffa7a9618e06f7148d7f0dce48382d9374bbeb2b43|fa9896e082a1046ff4fbc75fcba4d18d1f2efc19
usr.bin/bsdiff/bsdiff/bsdiff.1|man1/bsdiff.1|20930091df3bb27a7408274ef8381fe462d91eabd1899b3d79602cd038f0452f|20930091df3bb27a7408274ef8381fe462d91eabd1899b3d79602cd038f0452f|fa9896e082a1046ff4fbc75fcba4d18d1f2efc19
usr.bin/bsdiff/bspatch/bspatch.1|man1/bspatch.1|4c75e802364aa0b235fffcc31d13f7f06dff3a55c98f81568bcd49c5feb0eed5|4c75e802364aa0b235fffcc31d13f7f06dff3a55c98f81568bcd49c5feb0eed5|fa9896e082a1046ff4fbc75fcba4d18d1f2efc19
usr.bin/c89/c89.1|man1/c89.1|ca91803a833837818a3d8019b085d80a4e8bfe50f645e45149b42d27582b0f83|ca91803a833837818a3d8019b085d80a4e8bfe50f645e45149b42d27582b0f83|fa9896e082a1046ff4fbc75fcba4d18d1f2efc19
usr.bin/c99/c99.1|man1/c99.1|76286415a0b83fffa03612072ae08913933af839720ebace11c87605afdf4499|76286415a0b83fffa03612072ae08913933af839720ebace11c87605afdf4499|b2c76c41be32f904179efed29c0ca04d53f3996c
usr.bin/calendar/calendar.1|man1/calendar.1|a889875fdfac31e04b1f366ed975d8ffe6019e441dca3f587132dedea0d32b23|a889875fdfac31e04b1f366ed975d8ffe6019e441dca3f587132dedea0d32b23|b2c76c41be32f904179efed29c0ca04d53f3996c
usr.bin/cap_mkdb/cap_mkdb.1|man1/cap_mkdb.1|9eb612772e568a8b42a476a4008a5dd87ca329c3e80c8a9df37d228f9cf28c58|9eb612772e568a8b42a476a4008a5dd87ca329c3e80c8a9df37d228f9cf28c58|b2c76c41be32f904179efed29c0ca04d53f3996c
usr.bin/chat/chat.8|man8/chat.8|6bd313522534a13bd8874bb90a9cbeb6e3c448049843fca77f9e8b8371e57e69|6bd313522534a13bd8874bb90a9cbeb6e3c448049843fca77f9e8b8371e57e69|b2c76c41be32f904179efed29c0ca04d53f3996c
usr.bin/chkey/chkey.1|man1/chkey.1|cde3276bb3cccaab713cef7336c1bf6181f2a243ac16c8ed39031f1eef73a878|cde3276bb3cccaab713cef7336c1bf6181f2a243ac16c8ed39031f1eef73a878|5b980017909a40179ab6f11d739cea8b450b6bf6
usr.bin/chpass/chpass.1|man1/chpass.1|8fb087a7d1895435a0e6b14af4d80b514d8b14ad0bccff4e6b560b535e7dd1da|8fb087a7d1895435a0e6b14af4d80b514d8b14ad0bccff4e6b560b535e7dd1da|b2c76c41be32f904179efed29c0ca04d53f3996c
usr.bin/cksum/cksum.1|man1/cksum.1|4f807a91a7e8417c8fa01074f6258087066d2c9f7c56b38e4416c5d2fa10e312|4f807a91a7e8417c8fa01074f6258087066d2c9f7c56b38e4416c5d2fa10e312|b2c76c41be32f904179efed29c0ca04d53f3996c
usr.bin/clang/bugpoint/bugpoint.1|man1/bugpoint.1|84e3a11b37f4fa7d7b8cc3fb675d57ebd3c4b9cf2d74962224de4ca46264f010|84e3a11b37f4fa7d7b8cc3fb675d57ebd3c4b9cf2d74962224de4ca46264f010|a324c34037ef2e1101962fca4ad0c021253288e1
usr.bin/clang/clang/clang.1|man1/clang.1|ecd67e68e0ff6a1bdbfae38854e0586ea6a06dfd4429cd635361fcfdf983d24f|ecd67e68e0ff6a1bdbfae38854e0586ea6a06dfd4429cd635361fcfdf983d24f|a324c34037ef2e1101962fca4ad0c021253288e1
usr.bin/clang/llc/llc.1|man1/llc.1|73ea918f4447372bb83979e36e9eb8c01f025a895401c055a5466e052e24a6e5|73ea918f4447372bb83979e36e9eb8c01f025a895401c055a5466e052e24a6e5|a324c34037ef2e1101962fca4ad0c021253288e1
usr.bin/clang/lldb-server/lldb-server.1|man1/lldb-server.1|841194ee11a142714ba191f64c2ba761da7408d6c1e1ceb591af9db1f58d2fe0|841194ee11a142714ba191f64c2ba761da7408d6c1e1ceb591af9db1f58d2fe0|b2c76c41be32f904179efed29c0ca04d53f3996c
usr.bin/clang/lldb/lldb.1|man1/lldb.1|d902419c105b1e4ce888ac828a939a489b7999d7e59d02cd70c429f23d8d6a16|d902419c105b1e4ce888ac828a939a489b7999d7e59d02cd70c429f23d8d6a16|b2c76c41be32f904179efed29c0ca04d53f3996c
usr.bin/clang/lli/lli.1|man1/lli.1|2473bdcf6d8a5197b41ca8c9c110db4e50c36882e520cdfe2c25f5fcfd3d2747|2473bdcf6d8a5197b41ca8c9c110db4e50c36882e520cdfe2c25f5fcfd3d2747|a324c34037ef2e1101962fca4ad0c021253288e1
usr.bin/clang/llvm-ar/llvm-ar.1|man1/llvm-ar.1|33239376c714a6e6030ae376aa115004c09fe95df22123009a8a4c28c510feb7|33239376c714a6e6030ae376aa115004c09fe95df22123009a8a4c28c510feb7|a324c34037ef2e1101962fca4ad0c021253288e1
usr.bin/clang/llvm-ar/llvm-ranlib.1|man1/llvm-ranlib.1|f403843d05171c19ed5089976c674b024fac3908aa67ef17e939ecedd80a3b0b|f403843d05171c19ed5089976c674b024fac3908aa67ef17e939ecedd80a3b0b|a324c34037ef2e1101962fca4ad0c021253288e1
usr.bin/clang/llvm-as/llvm-as.1|man1/llvm-as.1|d4a42ffae902fd9028d33c041c727634bbacd4fea24e08681286e1733f1bff50|d4a42ffae902fd9028d33c041c727634bbacd4fea24e08681286e1733f1bff50|a324c34037ef2e1101962fca4ad0c021253288e1
usr.bin/clang/llvm-bcanalyzer/llvm-bcanalyzer.1|man1/llvm-bcanalyzer.1|f9724ebe78b16c9d51638c278c98f8a778c5718c8f5dc6a00ef1120314b79614|f9724ebe78b16c9d51638c278c98f8a778c5718c8f5dc6a00ef1120314b79614|a324c34037ef2e1101962fca4ad0c021253288e1
usr.bin/clang/llvm-cov/llvm-cov.1|man1/llvm-cov.1|6f4c2adca5f5567b35cecf0e026cdacc0c48cdac9062d1de865fd246099c8b6d|6f4c2adca5f5567b35cecf0e026cdacc0c48cdac9062d1de865fd246099c8b6d|a324c34037ef2e1101962fca4ad0c021253288e1
usr.bin/clang/llvm-cxxfilt/llvm-cxxfilt.1|man1/llvm-cxxfilt.1|9edfa5ecc2e60c11722e4ae671cbad146ace7d97b5fbf3ba23d00e225068db26|9edfa5ecc2e60c11722e4ae671cbad146ace7d97b5fbf3ba23d00e225068db26|a324c34037ef2e1101962fca4ad0c021253288e1
usr.bin/clang/llvm-diff/llvm-diff.1|man1/llvm-diff.1|77f77a558849d72ff231f563e53434c3fd5c5feb415bdc63606860fec32df735|77f77a558849d72ff231f563e53434c3fd5c5feb415bdc63606860fec32df735|a324c34037ef2e1101962fca4ad0c021253288e1
usr.bin/clang/llvm-dis/llvm-dis.1|man1/llvm-dis.1|a3fe8f24710c8d73daaa0d7fce40909f0185136a2f0c6805442c67c377595e37|a3fe8f24710c8d73daaa0d7fce40909f0185136a2f0c6805442c67c377595e37|a324c34037ef2e1101962fca4ad0c021253288e1
usr.bin/clang/llvm-dwarfdump/llvm-dwarfdump.1|man1/llvm-dwarfdump.1|4681e202005dff6097f6ebde0951ea29856f36c2d7c5f51d93db2292300c9174|4681e202005dff6097f6ebde0951ea29856f36c2d7c5f51d93db2292300c9174|a324c34037ef2e1101962fca4ad0c021253288e1
usr.bin/clang/llvm-dwarfutil/llvm-dwarfutil.1|man1/llvm-dwarfutil.1|0ad9f480264d37758a0de0c312831652764658d668ca3e6eccd782b4c8299718|0ad9f480264d37758a0de0c312831652764658d668ca3e6eccd782b4c8299718|a324c34037ef2e1101962fca4ad0c021253288e1
usr.bin/clang/llvm-extract/llvm-extract.1|man1/llvm-extract.1|616c524b3a23d14379345227695e1fa1ab2e52451383736abe6fdae09622da84|616c524b3a23d14379345227695e1fa1ab2e52451383736abe6fdae09622da84|a324c34037ef2e1101962fca4ad0c021253288e1
usr.bin/clang/llvm-link/llvm-link.1|man1/llvm-link.1|0d5673e2b54c76e7365cb8c6d30ebb5db2f37678c0192672c6599a69203a1327|0d5673e2b54c76e7365cb8c6d30ebb5db2f37678c0192672c6599a69203a1327|a324c34037ef2e1101962fca4ad0c021253288e1
usr.bin/clang/llvm-mca/llvm-mca.1|man1/llvm-mca.1|ec64b554388703b52d201427e901384ffe35a128a97a68fe55c7a6954e37db31|ec64b554388703b52d201427e901384ffe35a128a97a68fe55c7a6954e37db31|a324c34037ef2e1101962fca4ad0c021253288e1
usr.bin/clang/llvm-nm/llvm-nm.1|man1/llvm-nm.1|f8ed69744186c9dc90ed5ef17ba391d3f727f284d7d4d428993f48462f7521d3|f8ed69744186c9dc90ed5ef17ba391d3f727f284d7d4d428993f48462f7521d3|a324c34037ef2e1101962fca4ad0c021253288e1
usr.bin/clang/llvm-objcopy/llvm-objcopy.1|man1/llvm-objcopy.1|37fa5b8e9a6f6a4c550eeabcd300c4e6c0aa61deaa8340bf9bbbde21ca82a837|37fa5b8e9a6f6a4c550eeabcd300c4e6c0aa61deaa8340bf9bbbde21ca82a837|a324c34037ef2e1101962fca4ad0c021253288e1
usr.bin/clang/llvm-objdump/llvm-objdump.1|man1/llvm-objdump.1|46fe79545128ee632ad66c3d42e3268dc480508924bbca99c9b256dfc2109925|46fe79545128ee632ad66c3d42e3268dc480508924bbca99c9b256dfc2109925|a324c34037ef2e1101962fca4ad0c021253288e1
usr.bin/clang/llvm-pdbutil/llvm-pdbutil.1|man1/llvm-pdbutil.1|33957d20d83266d5186052ad08530a566dd752bfe60a35e4715d16f2d53885b6|33957d20d83266d5186052ad08530a566dd752bfe60a35e4715d16f2d53885b6|a324c34037ef2e1101962fca4ad0c021253288e1
usr.bin/clang/llvm-profdata/llvm-profdata.1|man1/llvm-profdata.1|840f6cf8e91b3ac15068a18a536b7266eb408a844147fa4c62ef91db87fcbcee|840f6cf8e91b3ac15068a18a536b7266eb408a844147fa4c62ef91db87fcbcee|a324c34037ef2e1101962fca4ad0c021253288e1
usr.bin/clang/llvm-readobj/llvm-readelf.1|man1/llvm-readelf.1|84609e1897e6bb856ee8c2c82dff9ff22a0d2d72e30a9b1ac2b9ff9426f28814|84609e1897e6bb856ee8c2c82dff9ff22a0d2d72e30a9b1ac2b9ff9426f28814|a324c34037ef2e1101962fca4ad0c021253288e1
usr.bin/clang/llvm-readobj/llvm-readobj.1|man1/llvm-readobj.1|79d68619e2ae948e7d95c511d70dfc26e305210c60b1025b7877be9452322743|79d68619e2ae948e7d95c511d70dfc26e305210c60b1025b7877be9452322743|a324c34037ef2e1101962fca4ad0c021253288e1
usr.bin/clang/llvm-size/llvm-size.1|man1/llvm-size.1|a65ad5aadefe83f7850becbbca87aef5d95a89a3b2b97e2d2000eee77dac3c6b|a65ad5aadefe83f7850becbbca87aef5d95a89a3b2b97e2d2000eee77dac3c6b|a324c34037ef2e1101962fca4ad0c021253288e1
usr.bin/clang/llvm-strings/llvm-strings.1|man1/llvm-strings.1|516595acc6cd990f6d82125c352689501214bcd5d3a0e97e7c78cc7b5e1a301d|516595acc6cd990f6d82125c352689501214bcd5d3a0e97e7c78cc7b5e1a301d|a324c34037ef2e1101962fca4ad0c021253288e1
usr.bin/clang/llvm-symbolizer/llvm-addr2line.1|man1/llvm-addr2line.1|884a11e4eab1727a597ac8a93228ee3f69d050111f082941755679c328156604|884a11e4eab1727a597ac8a93228ee3f69d050111f082941755679c328156604|a324c34037ef2e1101962fca4ad0c021253288e1
usr.bin/clang/llvm-symbolizer/llvm-symbolizer.1|man1/llvm-symbolizer.1|8e9624aee0b83b4a0d2c37ee5373355d648c4b481e5a179d3851789f7a785671|8e9624aee0b83b4a0d2c37ee5373355d648c4b481e5a179d3851789f7a785671|a324c34037ef2e1101962fca4ad0c021253288e1
usr.bin/clang/opt/opt.1|man1/opt.1|baefa16920d11e4b72cf865384d0cdfd6df4e649d8cab57da8f249b379e70f04|baefa16920d11e4b72cf865384d0cdfd6df4e649d8cab57da8f249b379e70f04|a324c34037ef2e1101962fca4ad0c021253288e1
usr.bin/cmp/cmp.1|man1/cmp.1|8faa25b5288461b94c8af5394559aabce0566d89930fa6436b2cdd797f851950|8faa25b5288461b94c8af5394559aabce0566d89930fa6436b2cdd797f851950|b2c76c41be32f904179efed29c0ca04d53f3996c
usr.bin/col/col.1|man1/col.1|350abdfdbc376c6b5fa1f4926be2afe07a85842d91f69b58aca28a6d8b17b67e|350abdfdbc376c6b5fa1f4926be2afe07a85842d91f69b58aca28a6d8b17b67e|b2c76c41be32f904179efed29c0ca04d53f3996c
usr.bin/colrm/colrm.1|man1/colrm.1|2d4334c74ad816a92b7f35d7783e7f51f1233bf284623d706c601f4aa5d6b8c0|2d4334c74ad816a92b7f35d7783e7f51f1233bf284623d706c601f4aa5d6b8c0|b2c76c41be32f904179efed29c0ca04d53f3996c
usr.bin/column/column.1|man1/column.1|5c1422c0aaee5c5cbc4eb14a1ddd2e9e98bea257c9eb8f3a1384214b5894213d|5c1422c0aaee5c5cbc4eb14a1ddd2e9e98bea257c9eb8f3a1384214b5894213d|b2c76c41be32f904179efed29c0ca04d53f3996c
usr.bin/comm/comm.1|man1/comm.1|d590484fe320c62e633ebec707869933093aa155c18ab9ff682c15198cb2cdd5|d590484fe320c62e633ebec707869933093aa155c18ab9ff682c15198cb2cdd5|b2c76c41be32f904179efed29c0ca04d53f3996c
usr.bin/compress/compress.1|man1/compress.1|e1bc78d1d33cc3a593993e558a5d46cea0f77687e2b304b6aa8da3dd0236cc67|e1bc78d1d33cc3a593993e558a5d46cea0f77687e2b304b6aa8da3dd0236cc67|b2c76c41be32f904179efed29c0ca04d53f3996c
usr.bin/csplit/csplit.1|man1/csplit.1|031bf8027bcc852090b187eba3d854d8c84d4150bb10d22611075452c5972c10|031bf8027bcc852090b187eba3d854d8c84d4150bb10d22611075452c5972c10|fa9896e082a1046ff4fbc75fcba4d18d1f2efc19
usr.bin/ctags/ctags.1|man1/ctags.1|6dda65aa8e652d55e2995ee54563e139497653c8b753877a4cadc9890b373c11|6dda65aa8e652d55e2995ee54563e139497653c8b753877a4cadc9890b373c11|b2c76c41be32f904179efed29c0ca04d53f3996c
usr.bin/ctlstat/ctlstat.8|man8/ctlstat.8|d4d65080c3619ecddc6e916e49d9f38467629d79f2e802a107d5599f80745019|d4d65080c3619ecddc6e916e49d9f38467629d79f2e802a107d5599f80745019|b2c76c41be32f904179efed29c0ca04d53f3996c
usr.bin/cut/cut.1|man1/cut.1|bdbe95b6064af002f5fe326ef136b3c3d9a26c1e3b4f2ad6bd7399f82c6e823e|bdbe95b6064af002f5fe326ef136b3c3d9a26c1e3b4f2ad6bd7399f82c6e823e|b2c76c41be32f904179efed29c0ca04d53f3996c
usr.bin/dc/dc.1|man1/dc.1|74c139f8ef11491f98b6d3873b9343d054f7fa2baa339127ac8e627d23a0ee73|74c139f8ef11491f98b6d3873b9343d054f7fa2baa339127ac8e627d23a0ee73|b2c76c41be32f904179efed29c0ca04d53f3996c
usr.bin/diff/diff.1|man1/diff.1|b43971802757afced0a20401248ddf68fa3e244c6d29906d5d23140ad70e12ee|b43971802757afced0a20401248ddf68fa3e244c6d29906d5d23140ad70e12ee|b2c76c41be32f904179efed29c0ca04d53f3996c
usr.bin/diff3/diff3.1|man1/diff3.1|9a01208e03daa0b1fa80785c0faa36b76ea0e20cb299dfdd236e705efa9884f0|9a01208e03daa0b1fa80785c0faa36b76ea0e20cb299dfdd236e705efa9884f0|b2c76c41be32f904179efed29c0ca04d53f3996c
usr.bin/dpv/dpv.1|man1/dpv.1|d4f33c0e620d75101d4df6e278e472873da092d7f8d2253f6529ac1f314c7bc8|d4f33c0e620d75101d4df6e278e472873da092d7f8d2253f6529ac1f314c7bc8|fa9896e082a1046ff4fbc75fcba4d18d1f2efc19
usr.bin/dtc/dtc.1|man1/dtc.1|3881423736a2a31303ca3b30e02fb9a8dd542c17a606e7730e686dfc0ca22bbd|3881423736a2a31303ca3b30e02fb9a8dd542c17a606e7730e686dfc0ca22bbd|fa9896e082a1046ff4fbc75fcba4d18d1f2efc19
usr.bin/du/du.1|man1/du.1|c2bb8b464041efb90e4456bbe64a353b3437d2bc244d3e2b86108326bca4f040|c2bb8b464041efb90e4456bbe64a353b3437d2bc244d3e2b86108326bca4f040|b2c76c41be32f904179efed29c0ca04d53f3996c
usr.bin/elfctl/elfctl.1|man1/elfctl.1|dbdb3e18b4f9a71d1aec2c129b6065453adb36745df77f71e0539ee86fa15f25|dbdb3e18b4f9a71d1aec2c129b6065453adb36745df77f71e0539ee86fa15f25|8977587e89cbf221b1819d0a873fe53311de2fbd
usr.bin/elfdump/elfdump.1|man1/elfdump.1|a7c8514ecc3f19ab1bd2747bb1f6ff16df348374fa1acbe85ee1e38ed10009a9|a7c8514ecc3f19ab1bd2747bb1f6ff16df348374fa1acbe85ee1e38ed10009a9|fa9896e082a1046ff4fbc75fcba4d18d1f2efc19
usr.bin/enigma/enigma.1|man1/enigma.1|8ffdd458e9aaaadb2d2ea0a9cc632f57e2f4a38251987da6173b3f926ff6703f|8ffdd458e9aaaadb2d2ea0a9cc632f57e2f4a38251987da6173b3f926ff6703f|fa9896e082a1046ff4fbc75fcba4d18d1f2efc19
usr.bin/env/env.1|man1/env.1|9f7cd6c4c1e00d4bdf85b5104e893d2735f4e914e8883bc2c7d0140300b349b0|9f7cd6c4c1e00d4bdf85b5104e893d2735f4e914e8883bc2c7d0140300b349b0|b2c76c41be32f904179efed29c0ca04d53f3996c
usr.bin/etdump/etdump.1|man1/etdump.1|9f1c381f5bb4d7af5145202c9278a3c39eaaf676d471a373c9c8931f4742dc1f|9f1c381f5bb4d7af5145202c9278a3c39eaaf676d471a373c9c8931f4742dc1f|fa9896e082a1046ff4fbc75fcba4d18d1f2efc19
usr.bin/expand/expand.1|man1/expand.1|8d7e92363744e407c82bba539b3ca63099e94b938b7fd3370a7b3802b43aaaea|8d7e92363744e407c82bba539b3ca63099e94b938b7fd3370a7b3802b43aaaea|b2c76c41be32f904179efed29c0ca04d53f3996c
usr.bin/false/false.1|man1/false.1|3c76664091739d905a58083d3974f1397f1b4da99c2043c3ec23b3910c22c26f|3c76664091739d905a58083d3974f1397f1b4da99c2043c3ec23b3910c22c26f|b2c76c41be32f904179efed29c0ca04d53f3996c
usr.bin/fetch/fetch.1|man1/fetch.1|c8c89d374d7acdb6d91932aa410fc68f52d44f681900a62a961da755ca354f05|c8c89d374d7acdb6d91932aa410fc68f52d44f681900a62a961da755ca354f05|fa9896e082a1046ff4fbc75fcba4d18d1f2efc19
usr.bin/file2c/file2c.1|man1/file2c.1|9b9e8de13cbc93c9b1721b9f564b9fed434cd6ed4df181f7a2e8a1df9f6708b6|9b9e8de13cbc93c9b1721b9f564b9fed434cd6ed4df181f7a2e8a1df9f6708b6|fa9896e082a1046ff4fbc75fcba4d18d1f2efc19
usr.bin/find/find.1|man1/find.1|84ae4b3cf189429ed7979458b0bd3776cbf0c08f9932581808ac40e336d286f1|84ae4b3cf189429ed7979458b0bd3776cbf0c08f9932581808ac40e336d286f1|b2c76c41be32f904179efed29c0ca04d53f3996c
usr.bin/finger/finger.1|man1/finger.1|2d2a4e416f0dbd12400901d854d1269194b52f2ccb4eb901b3bd2cb820fc76dd|2d2a4e416f0dbd12400901d854d1269194b52f2ccb4eb901b3bd2cb820fc76dd|b2c76c41be32f904179efed29c0ca04d53f3996c
usr.bin/fmt/fmt.1|man1/fmt.1|d740e77d725f501f669407b1fc49a514d8df34f116834df0761fd7be20592853|d740e77d725f501f669407b1fc49a514d8df34f116834df0761fd7be20592853|b2c76c41be32f904179efed29c0ca04d53f3996c
usr.bin/fold/fold.1|man1/fold.1|a97f605943f5752c196e119d578b5e47769d775b75251a08117d3c3186d95adb|a97f605943f5752c196e119d578b5e47769d775b75251a08117d3c3186d95adb|b2c76c41be32f904179efed29c0ca04d53f3996c
usr.bin/fortune/strfile/strfile.8|man8/strfile.8|3a526b74d25ab62410bcd34582cdc84ec1da47d419d1949717c3eb922a12627f|3a526b74d25ab62410bcd34582cdc84ec1da47d419d1949717c3eb922a12627f|b2c76c41be32f904179efed29c0ca04d53f3996c
usr.bin/from/from.1|man1/from.1|9103398fcf2736ced47a25bfdfdcdfdee1bff53e7684deca4ab1b130b938419c|9103398fcf2736ced47a25bfdfdcdfdee1bff53e7684deca4ab1b130b938419c|b2c76c41be32f904179efed29c0ca04d53f3996c
usr.bin/fstat/fstat.1|man1/fstat.1|ce1bb4caa98378683bf02931dbaf2f59c2f274c708125f662aa3eb8ef0f114ac|ce1bb4caa98378683bf02931dbaf2f59c2f274c708125f662aa3eb8ef0f114ac|b2c76c41be32f904179efed29c0ca04d53f3996c
usr.bin/fstat/fuser.1|man1/fuser.1|1f3794cd8e68177c6f7114d16b691938328372db6fb90c7074ae14a020d19bcc|1f3794cd8e68177c6f7114d16b691938328372db6fb90c7074ae14a020d19bcc|fa9896e082a1046ff4fbc75fcba4d18d1f2efc19
usr.bin/fsync/fsync.1|man1/fsync.1|f035690260d29abf0239cbb2634919bfa2b2354a671977df2cf080d637cd8fa9|f035690260d29abf0239cbb2634919bfa2b2354a671977df2cf080d637cd8fa9|fa9896e082a1046ff4fbc75fcba4d18d1f2efc19
usr.bin/gcore/gcore.1|man1/gcore.1|53c2a1e7d56662b8b261d6753a74980b38e61d755869009ed935a8c21ae9de53|53c2a1e7d56662b8b261d6753a74980b38e61d755869009ed935a8c21ae9de53|b2c76c41be32f904179efed29c0ca04d53f3996c
usr.bin/gencat/gencat.1|man1/gencat.1|6d86fb32d3103fac19e1f2a4283086d0c7d2a7f4241594abb34c929ca8c4f588|6d86fb32d3103fac19e1f2a4283086d0c7d2a7f4241594abb34c929ca8c4f588|fa9896e082a1046ff4fbc75fcba4d18d1f2efc19
usr.bin/genl/genl.1|man1/genl.1|037fe5be2f67364dfe0eca3e8d377ee6687e5d34a2040844782bbf3c9d328756|037fe5be2f67364dfe0eca3e8d377ee6687e5d34a2040844782bbf3c9d328756|cb1fc924d2c0b87ad27e3741aabf641d35797e2e
usr.bin/getaddrinfo/getaddrinfo.1|man1/getaddrinfo.1|5a4305d38a6b2912ade2ed63ad7594915638c59197e9085d444c3b7d1877bdba|5a4305d38a6b2912ade2ed63ad7594915638c59197e9085d444c3b7d1877bdba|b2c76c41be32f904179efed29c0ca04d53f3996c
usr.bin/getconf/getconf.1|man1/getconf.1|8dd67123fe64bea72a85a3ab3bf5c46a97254dcdf5b9ccdaf4404b282da6f9a8|8dd67123fe64bea72a85a3ab3bf5c46a97254dcdf5b9ccdaf4404b282da6f9a8|fa9896e082a1046ff4fbc75fcba4d18d1f2efc19
usr.bin/getent/getent.1|man1/getent.1|210dbdf0dd63f805093a246d260e8d23eb748e6dc6484a818ad5858b39256a28|210dbdf0dd63f805093a246d260e8d23eb748e6dc6484a818ad5858b39256a28|fa9896e082a1046ff4fbc75fcba4d18d1f2efc19
usr.bin/getopt/getopt.1|man1/getopt.1|c2fcdc4b96b26777b26ad6fa71dad90b49a34023ec6edb14468cdd2df87fdf22|c2fcdc4b96b26777b26ad6fa71dad90b49a34023ec6edb14468cdd2df87fdf22|b2c76c41be32f904179efed29c0ca04d53f3996c
usr.bin/gprof/gprof.1|man1/gprof.1|75efc971741d9873753561c78c6451af0969d57b0976bf269a6779a9a0639edd|75efc971741d9873753561c78c6451af0969d57b0976bf269a6779a9a0639edd|b2c76c41be32f904179efed29c0ca04d53f3996c
usr.bin/grep/grep.1|man1/grep.1|a240be6291e719181e1f0cfed23094452971d280908cad4320f652e5397871da|a240be6291e719181e1f0cfed23094452971d280908cad4320f652e5397871da|b2c76c41be32f904179efed29c0ca04d53f3996c
usr.bin/grep/zgrep.1|man1/zgrep.1|68ba2b14d0ca41ad671489a94eaee62ace8b72ebe3dab36aebf777cf412ff044|68ba2b14d0ca41ad671489a94eaee62ace8b72ebe3dab36aebf777cf412ff044|fa9896e082a1046ff4fbc75fcba4d18d1f2efc19
usr.bin/gzip/gzexe.1|man1/gzexe.1|80a6eb5e8bff4cd531e7263884be06ab31fd0a47834c91a61eb696cf190c9c7c|80a6eb5e8bff4cd531e7263884be06ab31fd0a47834c91a61eb696cf190c9c7c|fa9896e082a1046ff4fbc75fcba4d18d1f2efc19
usr.bin/gzip/gzip.1|man1/gzip.1|44f3d983a878059c6d4cae19492d82976bed18d84c4f3ecb778864872fbfd34d|44f3d983a878059c6d4cae19492d82976bed18d84c4f3ecb778864872fbfd34d|fa9896e082a1046ff4fbc75fcba4d18d1f2efc19
usr.bin/gzip/zdiff.1|man1/zdiff.1|871716e288ad894155b7ffc04923384143e97573338b6a0bf900f0e4a4647c20|871716e288ad894155b7ffc04923384143e97573338b6a0bf900f0e4a4647c20|fa9896e082a1046ff4fbc75fcba4d18d1f2efc19
usr.bin/gzip/zforce.1|man1/zforce.1|51a31e4721592d0c6f255eeaf3b5819ffe38f87351be31ad2c94cbec221d5d72|51a31e4721592d0c6f255eeaf3b5819ffe38f87351be31ad2c94cbec221d5d72|fa9896e082a1046ff4fbc75fcba4d18d1f2efc19
usr.bin/gzip/zmore.1|man1/zmore.1|36c74e30440d6a32611ce7a383d1a7eaafcc3ccd2ece5e7fb49ad21e5ed8c06f|36c74e30440d6a32611ce7a383d1a7eaafcc3ccd2ece5e7fb49ad21e5ed8c06f|fa9896e082a1046ff4fbc75fcba4d18d1f2efc19
usr.bin/gzip/znew.1|man1/znew.1|f4ecc8dbfcca077876bd36ea5b154fff0d1ba45f8f802131f2932a90d6ab7b96|f4ecc8dbfcca077876bd36ea5b154fff0d1ba45f8f802131f2932a90d6ab7b96|fa9896e082a1046ff4fbc75fcba4d18d1f2efc19
usr.bin/head/head.1|man1/head.1|ba9373847fb61b12aaeec754934d01da92fd8c4c4abcc8a00e48c1e78aeaa1f1|ba9373847fb61b12aaeec754934d01da92fd8c4c4abcc8a00e48c1e78aeaa1f1|b2c76c41be32f904179efed29c0ca04d53f3996c
usr.bin/hesinfo/hesinfo.1|man1/hesinfo.1|8935d0176a0dcac2fb5d548512a55946e3ecc0cb332f752e5285dec29d19d0c3|8935d0176a0dcac2fb5d548512a55946e3ecc0cb332f752e5285dec29d19d0c3|fa9896e082a1046ff4fbc75fcba4d18d1f2efc19
usr.bin/hexdump/hexdump.1|man1/hexdump.1|54a33ec27ba0f1effdc0ec894dc3d4fdc676701c921ddf096d577c7f0082aac6|54a33ec27ba0f1effdc0ec894dc3d4fdc676701c921ddf096d577c7f0082aac6|b2c76c41be32f904179efed29c0ca04d53f3996c
usr.bin/hexdump/od.1|man1/od.1|9f17615af9effa8b0d2f527747a36f1c2318bdb96e36128221703d827360a79b|9f17615af9effa8b0d2f527747a36f1c2318bdb96e36128221703d827360a79b|b2c76c41be32f904179efed29c0ca04d53f3996c
usr.bin/iconv/iconv.1|man1/iconv.1|d449af41d18bb7d01afd0fae00e812de9d17ddc4980a53c40807a7e9e47172c0|d449af41d18bb7d01afd0fae00e812de9d17ddc4980a53c40807a7e9e47172c0|b2c76c41be32f904179efed29c0ca04d53f3996c
usr.bin/id/groups.1|man1/groups.1|4207ca6e2000e68c39dc37c6242320bcb063510912ef4f7a5382af065d571fa4|4207ca6e2000e68c39dc37c6242320bcb063510912ef4f7a5382af065d571fa4|b2c76c41be32f904179efed29c0ca04d53f3996c
usr.bin/id/id.1|man1/id.1|c0ff39b2ed0635ca69b3e80c292c718f801d59a10a6539c9048cfe37a226e971|c0ff39b2ed0635ca69b3e80c292c718f801d59a10a6539c9048cfe37a226e971|b2c76c41be32f904179efed29c0ca04d53f3996c
usr.bin/id/whoami.1|man1/whoami.1|3ab1961f5e23ea8971ee411ccbf6e361f8463b0fe02674da28a903af103bd32c|3ab1961f5e23ea8971ee411ccbf6e361f8463b0fe02674da28a903af103bd32c|b2c76c41be32f904179efed29c0ca04d53f3996c
usr.bin/ident/ident.1|man1/ident.1|451d1ad7cd49d3821da1f02983c2a48ad3171addfea553d8e4dee585bb7a26f1|451d1ad7cd49d3821da1f02983c2a48ad3171addfea553d8e4dee585bb7a26f1|fa9896e082a1046ff4fbc75fcba4d18d1f2efc19
usr.bin/indent/indent.1|man1/indent.1|c2bcdf967ab5040f2cedb5fb2201d19ca3d23eabcf6d91d402fccc1b27b47b20|c2bcdf967ab5040f2cedb5fb2201d19ca3d23eabcf6d91d402fccc1b27b47b20|b2c76c41be32f904179efed29c0ca04d53f3996c
usr.bin/ipcrm/ipcrm.1|man1/ipcrm.1|5cc2db0ecc59f74c2582ff76cc6fdba45bae153a2d64acf7279180d751259f7f|5cc2db0ecc59f74c2582ff76cc6fdba45bae153a2d64acf7279180d751259f7f|fa9896e082a1046ff4fbc75fcba4d18d1f2efc19
usr.bin/ipcs/ipcs.1|man1/ipcs.1|03fc20346656da92fa54112b77ae4be3713a2442330a4c420af16018511daf4f|03fc20346656da92fa54112b77ae4be3713a2442330a4c420af16018511daf4f|fa9896e082a1046ff4fbc75fcba4d18d1f2efc19
usr.bin/iscsictl/iscsictl.8|man8/iscsictl.8|8c3ea9bbb9c4fadb250365f96851d64f43ba81fa66df232da3412c0e14e5df46|8c3ea9bbb9c4fadb250365f96851d64f43ba81fa66df232da3412c0e14e5df46|fa9896e082a1046ff4fbc75fcba4d18d1f2efc19
usr.bin/join/join.1|man1/join.1|9602ccdb53ea857555b87d793cd13425f4d262c96e434a85e37db9e50bb7b2b6|9602ccdb53ea857555b87d793cd13425f4d262c96e434a85e37db9e50bb7b2b6|b2c76c41be32f904179efed29c0ca04d53f3996c
usr.bin/jot/jot.1|man1/jot.1|a8d1144351909a5311f911aeb4b6b6366db47c44b8e885a751eb1cfefcdf131e|a8d1144351909a5311f911aeb4b6b6366db47c44b8e885a751eb1cfefcdf131e|b2c76c41be32f904179efed29c0ca04d53f3996c
usr.bin/kdump/kdump.1|man1/kdump.1|1d345e0b173b03cc69d9151c5c9cd5b0bc4f92d064ef4bdf88544ca21a57aff0|1d345e0b173b03cc69d9151c5c9cd5b0bc4f92d064ef4bdf88544ca21a57aff0|b2c76c41be32f904179efed29c0ca04d53f3996c
usr.bin/keylogin/keylogin.1|man1/keylogin.1|80b3f2dbeb4bb324100346bddd6d9b594ca9d9a07709fbb54e6eedf1c0523a66|80b3f2dbeb4bb324100346bddd6d9b594ca9d9a07709fbb54e6eedf1c0523a66|5b980017909a40179ab6f11d739cea8b450b6bf6
usr.bin/keylogout/keylogout.1|man1/keylogout.1|956243ae6d91e999b6e06825ca6f6390fcca9e6ea96faae37f1cd5f63ab998b1|956243ae6d91e999b6e06825ca6f6390fcca9e6ea96faae37f1cd5f63ab998b1|5b980017909a40179ab6f11d739cea8b450b6bf6
usr.bin/killall/killall.1|man1/killall.1|a716bf1425953d5a96a423ce8085828f3b4e033a42dbaecc3cc302ae651f5838|a716bf1425953d5a96a423ce8085828f3b4e033a42dbaecc3cc302ae651f5838|fa9896e082a1046ff4fbc75fcba4d18d1f2efc19
usr.bin/ktrace/ktrace.1|man1/ktrace.1|3744ce14b02d5cac317a1a5fc0f10cfdf8bfec8d17e7eab3d394dca3dae12131|3744ce14b02d5cac317a1a5fc0f10cfdf8bfec8d17e7eab3d394dca3dae12131|b2c76c41be32f904179efed29c0ca04d53f3996c
usr.bin/ktrdump/ktrdump.8|man8/ktrdump.8|168bd03dc170c4e19d5c1de72597aba32cac78569c4f1c6e20bc8059d9cdb0f2|168bd03dc170c4e19d5c1de72597aba32cac78569c4f1c6e20bc8059d9cdb0f2|fa9896e082a1046ff4fbc75fcba4d18d1f2efc19
usr.bin/lam/lam.1|man1/lam.1|7984f8b3ea81b6a840e2812823fabf6795b4a43b57afefa0e083536e2dc3c2ab|7984f8b3ea81b6a840e2812823fabf6795b4a43b57afefa0e083536e2dc3c2ab|b2c76c41be32f904179efed29c0ca04d53f3996c
usr.bin/last/last.1|man1/last.1|0c46b8fba26b0bdf636d109a721f0b1878b8e78e1c0959636be5fc77125c6ff3|0c46b8fba26b0bdf636d109a721f0b1878b8e78e1c0959636be5fc77125c6ff3|b2c76c41be32f904179efed29c0ca04d53f3996c
usr.bin/lastcomm/lastcomm.1|man1/lastcomm.1|287fa7ce3aca443f6dd22d2744c3b4f4ecf5d640c6db9b5fd57100787d690595|287fa7ce3aca443f6dd22d2744c3b4f4ecf5d640c6db9b5fd57100787d690595|b2c76c41be32f904179efed29c0ca04d53f3996c
usr.bin/ldd/ldd.1|man1/ldd.1|5b3229930d4248b3a2b745539f73a9dbc9bbaba97aea7439bbbff4ff4dbe28ab|5b3229930d4248b3a2b745539f73a9dbc9bbaba97aea7439bbbff4ff4dbe28ab|b2c76c41be32f904179efed29c0ca04d53f3996c
usr.bin/leave/leave.1|man1/leave.1|3a59a9fe7a3dfc5285115a9fc3f4390a2d14bdcaee4e07d7d18b267f21e8f1b0|3a59a9fe7a3dfc5285115a9fc3f4390a2d14bdcaee4e07d7d18b267f21e8f1b0|b2c76c41be32f904179efed29c0ca04d53f3996c
usr.bin/lex/lex.1|man1/lex.1|d177dcf640e6b7b51b0211659f5a4c0304c4fae728f51a08980c2531523b1ed5|d177dcf640e6b7b51b0211659f5a4c0304c4fae728f51a08980c2531523b1ed5|b2c76c41be32f904179efed29c0ca04d53f3996c
usr.bin/limits/limits.1|man1/limits.1|7a6db62e51a7d0e7543b923a091b35d2ef8075f03684af87f747423d54d1fc84|7a6db62e51a7d0e7543b923a091b35d2ef8075f03684af87f747423d54d1fc84|fa9896e082a1046ff4fbc75fcba4d18d1f2efc19
usr.bin/locale/locale.1|man1/locale.1|754db07196edf193f32b3244c0d3cc4dc8f85d809cc5d2d78af86c78e03fcb19|754db07196edf193f32b3244c0d3cc4dc8f85d809cc5d2d78af86c78e03fcb19|fa9896e082a1046ff4fbc75fcba4d18d1f2efc19
usr.bin/localedef/localedef.1|man1/localedef.1|5fcd5343c395aa47cc66e57e78f6aafe52cab559436bc93cb46f03f28859d42f|5fcd5343c395aa47cc66e57e78f6aafe52cab559436bc93cb46f03f28859d42f|fa9896e082a1046ff4fbc75fcba4d18d1f2efc19
usr.bin/locate/locate/locate.1|man1/locate.1|5f70846c646f24acbfa970680f7c6870539bb7482f60d689deaa7590345c8e53|5f70846c646f24acbfa970680f7c6870539bb7482f60d689deaa7590345c8e53|b2c76c41be32f904179efed29c0ca04d53f3996c
usr.bin/locate/locate/locate.updatedb.8|man8/locate.updatedb.8|33e7e7e7a2899088d88a9e48b0470aeab71aa5874c1e59a2173f0b697d859a0d|33e7e7e7a2899088d88a9e48b0470aeab71aa5874c1e59a2173f0b697d859a0d|fa9896e082a1046ff4fbc75fcba4d18d1f2efc19
usr.bin/lock/lock.1|man1/lock.1|1de65cb58b9a967c7a514f192233fd7c8bd4d0a13e9d0b7d845f069ab20faa82|1de65cb58b9a967c7a514f192233fd7c8bd4d0a13e9d0b7d845f069ab20faa82|b2c76c41be32f904179efed29c0ca04d53f3996c
usr.bin/lockf/lockf.1|man1/lockf.1|4640c66c462720b534a3d4ea3d46deb3da581de5262b70ab583f947eed1c3380|4640c66c462720b534a3d4ea3d46deb3da581de5262b70ab583f947eed1c3380|fa9896e082a1046ff4fbc75fcba4d18d1f2efc19
usr.bin/logger/logger.1|man1/logger.1|48c24ccff98dad68160314653019fc17bcc7743f5c5c983ca918edeebb6f4240|48c24ccff98dad68160314653019fc17bcc7743f5c5c983ca918edeebb6f4240|b2c76c41be32f904179efed29c0ca04d53f3996c
usr.bin/login/login.1|man1/login.1|92c0a2b5d888c5d3d16e2022a3d7262fd195bdd8b5a218380880035f22dc7d9e|92c0a2b5d888c5d3d16e2022a3d7262fd195bdd8b5a218380880035f22dc7d9e|b2c76c41be32f904179efed29c0ca04d53f3996c
usr.bin/logins/logins.1|man1/logins.1|7fd6f2e5d75a2cd223ac8fe32da869429f2be7aed903d62a57bd8121cf2e3b95|7fd6f2e5d75a2cd223ac8fe32da869429f2be7aed903d62a57bd8121cf2e3b95|e738085b94631f90e21a49852538ac95974baf44
usr.bin/logname/logname.1|man1/logname.1|0dc06e92e0c4710c1311f4e500a6e1a65a47730841e01f3bbc701d1913428451|0dc06e92e0c4710c1311f4e500a6e1a65a47730841e01f3bbc701d1913428451|b2c76c41be32f904179efed29c0ca04d53f3996c
usr.bin/look/look.1|man1/look.1|872d78b5b841dcfcdb4ee4d9254993e6cccf66dd24602a1b6a5f249bcddbaf77|872d78b5b841dcfcdb4ee4d9254993e6cccf66dd24602a1b6a5f249bcddbaf77|b2c76c41be32f904179efed29c0ca04d53f3996c
usr.bin/lorder/lorder.1|man1/lorder.1|c1ac069ba3419ae8dc59811c97cc8c39c32eeabd43510972765c143936a41f82|c1ac069ba3419ae8dc59811c97cc8c39c32eeabd43510972765c143936a41f82|b2c76c41be32f904179efed29c0ca04d53f3996c
usr.bin/lsvfs/lsvfs.1|man1/lsvfs.1|da21842d83c62ef71e73e1397a0b1995a1c2789ac31335994a2c95092d33e422|da21842d83c62ef71e73e1397a0b1995a1c2789ac31335994a2c95092d33e422|b2c76c41be32f904179efed29c0ca04d53f3996c
usr.bin/m4/m4.1|man1/m4.1|113b276cb91766c9cf9f4827aa24f5861ff176966bee0d1ea83e048d58717b34|113b276cb91766c9cf9f4827aa24f5861ff176966bee0d1ea83e048d58717b34|fa9896e082a1046ff4fbc75fcba4d18d1f2efc19
usr.bin/mail/mail.1|man1/mail.1|73a52f2250fc3f6a6d512ff5690755cb1577c7a13aaae33b6a78e2e0d247e0b2|73a52f2250fc3f6a6d512ff5690755cb1577c7a13aaae33b6a78e2e0d247e0b2|b2c76c41be32f904179efed29c0ca04d53f3996c
usr.bin/man/man.1|man1/man.1|ae00e986fe09f9a6fe685832af436eafc6b01312fb1523393da37725b2d59381|ae00e986fe09f9a6fe685832af436eafc6b01312fb1523393da37725b2d59381|fa9896e082a1046ff4fbc75fcba4d18d1f2efc19
usr.bin/man/manpath.1|man1/manpath.1|4b3f8c12770f7642823e75ba67ff38d49b4a53e9bfcc4bfffc7a99524c460b8c|4b3f8c12770f7642823e75ba67ff38d49b4a53e9bfcc4bfffc7a99524c460b8c|fa9896e082a1046ff4fbc75fcba4d18d1f2efc19
usr.bin/mesg/mesg.1|man1/mesg.1|6e14f95eb4c140cb58ef8a200c3ef1a1b7655d1973f739bda2e25351e69ebf34|6e14f95eb4c140cb58ef8a200c3ef1a1b7655d1973f739bda2e25351e69ebf34|b2c76c41be32f904179efed29c0ca04d53f3996c
usr.bin/ministat/ministat.1|man1/ministat.1|9219f0a5d3810f87e585831042cf840dc01582551caf2e73b8a4c98602b04353|9219f0a5d3810f87e585831042cf840dc01582551caf2e73b8a4c98602b04353|fa9896e082a1046ff4fbc75fcba4d18d1f2efc19
usr.bin/mkcsmapper/mkcsmapper.1|man1/mkcsmapper.1|132a7c5ab73571cfa1eee5e2df14c10334cca8feabc62bfbaff90ea558d0b656|132a7c5ab73571cfa1eee5e2df14c10334cca8feabc62bfbaff90ea558d0b656|fa9896e082a1046ff4fbc75fcba4d18d1f2efc19
usr.bin/mkdep/mkdep.1|man1/mkdep.1|f6e4bae11b1509fb197d218e51bbc47bb8dd4d9532dd5edbe9f3148f46ff4bab|f6e4bae11b1509fb197d218e51bbc47bb8dd4d9532dd5edbe9f3148f46ff4bab|b2c76c41be32f904179efed29c0ca04d53f3996c
usr.bin/mkesdb/mkesdb.1|man1/mkesdb.1|28583086075aa2fb30ca0166287b865ff2cbd8f19ad7baa9bff2d489b83f84bc|28583086075aa2fb30ca0166287b865ff2cbd8f19ad7baa9bff2d489b83f84bc|fa9896e082a1046ff4fbc75fcba4d18d1f2efc19
usr.bin/mkfifo/mkfifo.1|man1/mkfifo.1|81ad2f1685b5fe3d60421bf806abe8146ea0b43323612fbc57290b6ae69e9fbb|81ad2f1685b5fe3d60421bf806abe8146ea0b43323612fbc57290b6ae69e9fbb|b2c76c41be32f904179efed29c0ca04d53f3996c
usr.bin/mkimg/mkimg.1|man1/mkimg.1|d99cc04e60647428e91390fbf97cbe5affbbd978687d4d3237f8a0b5efb8a44b|d99cc04e60647428e91390fbf97cbe5affbbd978687d4d3237f8a0b5efb8a44b|fa9896e082a1046ff4fbc75fcba4d18d1f2efc19
usr.bin/mkstr/mkstr.1|man1/mkstr.1|a8ae166b1f6dc5e2f59610e78d4588a510f55ab90f4658bbed5da661c322734f|a8ae166b1f6dc5e2f59610e78d4588a510f55ab90f4658bbed5da661c322734f|b2c76c41be32f904179efed29c0ca04d53f3996c
usr.bin/mktemp/mktemp.1|man1/mktemp.1|63e8fe757e291bbf8f5e1c41073578affafb4ad5ff82cd5c48674222d6582580|63e8fe757e291bbf8f5e1c41073578affafb4ad5ff82cd5c48674222d6582580|b2c76c41be32f904179efed29c0ca04d53f3996c
usr.bin/mkuzip/mkuzip.8|man8/mkuzip.8|93ad57f1258de6b9e6e1ddd06456ec6bab1fe585cc852b93eebe7029581af0fd|93ad57f1258de6b9e6e1ddd06456ec6bab1fe585cc852b93eebe7029581af0fd|fa9896e082a1046ff4fbc75fcba4d18d1f2efc19
usr.bin/msgs/msgs.1|man1/msgs.1|072cf6b14cfd2c190c19601ee9ba4ea4df26a0b3ef07577220e1baba67a7c7de|072cf6b14cfd2c190c19601ee9ba4ea4df26a0b3ef07577220e1baba67a7c7de|b2c76c41be32f904179efed29c0ca04d53f3996c
usr.bin/mt/mt.1|man1/mt.1|18c8f1e5581cd3aeddcc25fa20350d42c2534e8942a6241659c4374ee7fafd78|18c8f1e5581cd3aeddcc25fa20350d42c2534e8942a6241659c4374ee7fafd78|b2c76c41be32f904179efed29c0ca04d53f3996c
usr.bin/ncal/ncal.1|man1/ncal.1|2bcdb14e963f2dfd7d6c5a6a212358004ed7213bd34c7bfb09320d8dc28e3471|2bcdb14e963f2dfd7d6c5a6a212358004ed7213bd34c7bfb09320d8dc28e3471|fa9896e082a1046ff4fbc75fcba4d18d1f2efc19
usr.bin/netstat/netstat.1|man1/netstat.1|8b119dad0f5473acf3936cd38856250e35ef4257dad4726b749441d6a47a306a|8b119dad0f5473acf3936cd38856250e35ef4257dad4726b749441d6a47a306a|b2c76c41be32f904179efed29c0ca04d53f3996c
usr.bin/newgrp/newgrp.1|man1/newgrp.1|f23336e3874113b5ff683e0a97afe5cf1936fc7a03eee7819a71ceb4e106381f|f23336e3874113b5ff683e0a97afe5cf1936fc7a03eee7819a71ceb4e106381f|fa9896e082a1046ff4fbc75fcba4d18d1f2efc19
usr.bin/newkey/newkey.8|man8/newkey.8|b915c0111cf013a7661f2d59542ee345c1afab8c174989f6c604e5debe4f418b|b915c0111cf013a7661f2d59542ee345c1afab8c174989f6c604e5debe4f418b|5b980017909a40179ab6f11d739cea8b450b6bf6
usr.bin/nfsstat/nfsstat.1|man1/nfsstat.1|42c2f4a17a8459e6c0e29ed7ba22486a0668d39f5eb0551598a9b882db308f3d|42c2f4a17a8459e6c0e29ed7ba22486a0668d39f5eb0551598a9b882db308f3d|b2c76c41be32f904179efed29c0ca04d53f3996c
usr.bin/nice/nice.1|man1/nice.1|75e3f4e7f7d3f108bf95570c5edaa93a2f7023d80d9229e0147340d19a9a15e9|75e3f4e7f7d3f108bf95570c5edaa93a2f7023d80d9229e0147340d19a9a15e9|b2c76c41be32f904179efed29c0ca04d53f3996c
usr.bin/nl/nl.1|man1/nl.1|0247654ea4837c810564d93265284e416ff9fef7d2f8642bc92d01c181e29f7a|0247654ea4837c810564d93265284e416ff9fef7d2f8642bc92d01c181e29f7a|b2c76c41be32f904179efed29c0ca04d53f3996c
usr.bin/nohup/nohup.1|man1/nohup.1|55602d08e0d7060ff6cadb0a908e6adaecb05fa492cdaa4c5970d3f5245dc2de|55602d08e0d7060ff6cadb0a908e6adaecb05fa492cdaa4c5970d3f5245dc2de|b2c76c41be32f904179efed29c0ca04d53f3996c
usr.bin/pagesize/pagesize.1|man1/pagesize.1|d6fc8693339f8d1aed00691dd90641373a616953dc6f9f24e0ff840cae89401c|d6fc8693339f8d1aed00691dd90641373a616953dc6f9f24e0ff840cae89401c|b2c76c41be32f904179efed29c0ca04d53f3996c
usr.bin/passwd/passwd.1|man1/passwd.1|2837fe0915fdb44214604c67be653b50a984335b1be614dbc3d559377faad201|2837fe0915fdb44214604c67be653b50a984335b1be614dbc3d559377faad201|b2c76c41be32f904179efed29c0ca04d53f3996c
usr.bin/paste/paste.1|man1/paste.1|edefb4f6a0ce8a82fafb496b48cc806c4df85e2749c149b33fd942a7818b7a8a|edefb4f6a0ce8a82fafb496b48cc806c4df85e2749c149b33fd942a7818b7a8a|b2c76c41be32f904179efed29c0ca04d53f3996c
usr.bin/patch/patch.1|man1/patch.1|d856252fef5fec3a0ad16d077ca621eef45c99272c547825022040dc91d7bdcc|d856252fef5fec3a0ad16d077ca621eef45c99272c547825022040dc91d7bdcc|b2c76c41be32f904179efed29c0ca04d53f3996c
usr.bin/pathchk/pathchk.1|man1/pathchk.1|b24268dc4018cb8ffcf117582ebc874bc4be30cfc92918e9c17bbb23d0662b3b|b24268dc4018cb8ffcf117582ebc874bc4be30cfc92918e9c17bbb23d0662b3b|fa9896e082a1046ff4fbc75fcba4d18d1f2efc19
usr.bin/perror/perror.1|man1/perror.1|77a4c08f8d8628f70360bc456f6580d24611f22685874cfb7abd22435519a99c|77a4c08f8d8628f70360bc456f6580d24611f22685874cfb7abd22435519a99c|fa9896e082a1046ff4fbc75fcba4d18d1f2efc19
usr.bin/posixshmcontrol/posixshmcontrol.1|man1/posixshmcontrol.1|ab4d920536c6850f2362717ae04fbac565cb2a9566608b85d58a86d1358e8409|ab4d920536c6850f2362717ae04fbac565cb2a9566608b85d58a86d1358e8409|fa9896e082a1046ff4fbc75fcba4d18d1f2efc19
usr.bin/pr/pr.1|man1/pr.1|95067762fffc04b6e7d0a37ade4fd5128a26308c013d40766a5575ae4d75a6bb|95067762fffc04b6e7d0a37ade4fd5128a26308c013d40766a5575ae4d75a6bb|b2c76c41be32f904179efed29c0ca04d53f3996c
usr.bin/printenv/printenv.1|man1/printenv.1|5cf23a5dd2c0efcb4aab94e0602eba945f5aa8a020046cd3baa72764bc5bd60f|5cf23a5dd2c0efcb4aab94e0602eba945f5aa8a020046cd3baa72764bc5bd60f|b2c76c41be32f904179efed29c0ca04d53f3996c
usr.bin/printf/printf.1|man1/printf.1|b6da339f3f834543477288518ee7d7167061906e0542f88242d5874e1bd20f47|b6da339f3f834543477288518ee7d7167061906e0542f88242d5874e1bd20f47|b2c76c41be32f904179efed29c0ca04d53f3996c
usr.bin/proccontrol/proccontrol.1|man1/proccontrol.1|00c5fe2b20798821a97d05dcad4029ab827f29d0c13a301d3a35abb9917f3d59|00c5fe2b20798821a97d05dcad4029ab827f29d0c13a301d3a35abb9917f3d59|8977587e89cbf221b1819d0a873fe53311de2fbd
usr.bin/procstat/procstat.1|man1/procstat.1|8b8ebe527e08e18cffae6af4bfc5a291ea833628becdf74e10f91611a4a85cf4|8b8ebe527e08e18cffae6af4bfc5a291ea833628becdf74e10f91611a4a85cf4|fa9896e082a1046ff4fbc75fcba4d18d1f2efc19
usr.bin/protect/protect.1|man1/protect.1|7a8133e7af7c1937b4b601c1d71478553d4dafe4460e04a842bed47518ebff76|7a8133e7af7c1937b4b601c1d71478553d4dafe4460e04a842bed47518ebff76|fa9896e082a1046ff4fbc75fcba4d18d1f2efc19
usr.bin/quota/quota.1|man1/quota.1|3d99b5e3a85b9fa1b45e382e77a989d4fb2d392ff3577c5bbb107aec86a068ca|3d99b5e3a85b9fa1b45e382e77a989d4fb2d392ff3577c5bbb107aec86a068ca|b2c76c41be32f904179efed29c0ca04d53f3996c
usr.bin/rctl/rctl.8|man8/rctl.8|562c8c91b74ce096ae0808d858b6b449d24f1243d37e2f4ee43b7a7d0520a394|562c8c91b74ce096ae0808d858b6b449d24f1243d37e2f4ee43b7a7d0520a394|fa9896e082a1046ff4fbc75fcba4d18d1f2efc19
usr.bin/renice/renice.8|man8/renice.8|2af8d157c3291906c00239d24e5a74d01ad029c8cb58976b676091e1e3338c8c|2af8d157c3291906c00239d24e5a74d01ad029c8cb58976b676091e1e3338c8c|b2c76c41be32f904179efed29c0ca04d53f3996c
usr.bin/resizewin/resizewin.1|man1/resizewin.1|63bde13ee62452f3c52002abd7022a51780222e7a9f3dadd778f663a58156776|63bde13ee62452f3c52002abd7022a51780222e7a9f3dadd778f663a58156776|fa9896e082a1046ff4fbc75fcba4d18d1f2efc19
usr.bin/rev/rev.1|man1/rev.1|a6fce881bd2f380486979c9b34800c399e3c9f4d1d84461d9b62751e1e72a3b3|a6fce881bd2f380486979c9b34800c399e3c9f4d1d84461d9b62751e1e72a3b3|b2c76c41be32f904179efed29c0ca04d53f3996c
usr.bin/revoke/revoke.1|man1/revoke.1|a58ec30b886540acdabbd5b3a687d84ac7cabc236f0629bca374b7699dc17455|a58ec30b886540acdabbd5b3a687d84ac7cabc236f0629bca374b7699dc17455|fa9896e082a1046ff4fbc75fcba4d18d1f2efc19
usr.bin/rpcgen/rpcgen.1|man1/rpcgen.1|e8e3bdf749131b30e1e26ddd5aec5598e802b0c6e6ec138a23965cedf4f1ce50|e8e3bdf749131b30e1e26ddd5aec5598e802b0c6e6ec138a23965cedf4f1ce50|b2c76c41be32f904179efed29c0ca04d53f3996c
usr.bin/rpcinfo/rpcinfo.8|man8/rpcinfo.8|af3162bed07ef386ac56e4ead6c45056e7fb31a1115e4c41076a116a1242abe0|af3162bed07ef386ac56e4ead6c45056e7fb31a1115e4c41076a116a1242abe0|b2c76c41be32f904179efed29c0ca04d53f3996c
usr.bin/rs/rs.1|man1/rs.1|3568e66e09d9cc73c6f444bf775cfd624c195ccbbc863c8f345ac324ae76cdfe|3568e66e09d9cc73c6f444bf775cfd624c195ccbbc863c8f345ac324ae76cdfe|b2c76c41be32f904179efed29c0ca04d53f3996c
usr.bin/rup/rup.1|man1/rup.1|14044f9a44bc1aa2837789718b04fba6a734bd9b6078b793d0088a2852f0ac0b|14044f9a44bc1aa2837789718b04fba6a734bd9b6078b793d0088a2852f0ac0b|fa9896e082a1046ff4fbc75fcba4d18d1f2efc19
usr.bin/ruptime/ruptime.1|man1/ruptime.1|f99509df3ba1a84d6646e13815c48395b82580e75305f2e0539ffc162a55ef0b|f99509df3ba1a84d6646e13815c48395b82580e75305f2e0539ffc162a55ef0b|b2c76c41be32f904179efed29c0ca04d53f3996c
usr.bin/rusers/rusers.1|man1/rusers.1|3005d3e74dadcf60da02a763aa05a0abb668e90140ffdbf2342d23433d08f773|3005d3e74dadcf60da02a763aa05a0abb668e90140ffdbf2342d23433d08f773|b2c76c41be32f904179efed29c0ca04d53f3996c
usr.bin/rwall/rwall.1|man1/rwall.1|db53acac5e241234c74c0c210d426d2b5b0e2f8132700509fc527e101acfaf77|db53acac5e241234c74c0c210d426d2b5b0e2f8132700509fc527e101acfaf77|b2c76c41be32f904179efed29c0ca04d53f3996c
usr.bin/rwho/rwho.1|man1/rwho.1|b95a29ec642b030a53b35d5bfaba65ce552d98e1380790bda346b8e2c4582d57|b95a29ec642b030a53b35d5bfaba65ce552d98e1380790bda346b8e2c4582d57|b2c76c41be32f904179efed29c0ca04d53f3996c
usr.bin/script/script.1|man1/script.1|c19f73d5279df9120994f08f8139ca2f6270baad8782b9f79818cb89e64b5876|c19f73d5279df9120994f08f8139ca2f6270baad8782b9f79818cb89e64b5876|b2c76c41be32f904179efed29c0ca04d53f3996c
usr.bin/sdiff/sdiff.1|man1/sdiff.1|eacc81c21b3706c7b9c02dc315f1d7107834a787e8b4ed1acfe50951d0e3622d|eacc81c21b3706c7b9c02dc315f1d7107834a787e8b4ed1acfe50951d0e3622d|b2c76c41be32f904179efed29c0ca04d53f3996c
usr.bin/sed/sed.1|man1/sed.1|cfa17dd82a949cd1cdd41501864339d4521420fab3f4db7f749dfc6ea067ea72|cfa17dd82a949cd1cdd41501864339d4521420fab3f4db7f749dfc6ea067ea72|b2c76c41be32f904179efed29c0ca04d53f3996c
usr.bin/seq/seq.1|man1/seq.1|b9b79fd3c44df604bcaa8c6c923b525cfcc253f06b6a8fed2fdee25dd259e238|b9b79fd3c44df604bcaa8c6c923b525cfcc253f06b6a8fed2fdee25dd259e238|fa9896e082a1046ff4fbc75fcba4d18d1f2efc19
usr.bin/shar/shar.1|man1/shar.1|03ccc29a4bf61b87d1ee2dce92b8f0f63d9783ba92439cfac47098890e9eff86|03ccc29a4bf61b87d1ee2dce92b8f0f63d9783ba92439cfac47098890e9eff86|b2c76c41be32f904179efed29c0ca04d53f3996c
usr.bin/showmount/showmount.8|man8/showmount.8|16687ce36766fed22493276cc18627b5b4beb4251650973ddd82816757894af3|16687ce36766fed22493276cc18627b5b4beb4251650973ddd82816757894af3|b2c76c41be32f904179efed29c0ca04d53f3996c
usr.bin/sockstat/sockstat.1|man1/sockstat.1|eb941258f4ee36796a8c6d91ec864548c8754fdd817243b2883e8a9392a4b0e3|eb941258f4ee36796a8c6d91ec864548c8754fdd817243b2883e8a9392a4b0e3|e738085b94631f90e21a49852538ac95974baf44
usr.bin/soelim/soelim.1|man1/soelim.1|7d21fc1daea03b0d80454acf00c5f2ccf541e22b1bbacc059bc8d8d6530d9e19|7d21fc1daea03b0d80454acf00c5f2ccf541e22b1bbacc059bc8d8d6530d9e19|fa9896e082a1046ff4fbc75fcba4d18d1f2efc19
usr.bin/split/split.1|man1/split.1|19097154ce40750e7c6ac871e9600dffada72f9e532893a288e2051fa595150b|19097154ce40750e7c6ac871e9600dffada72f9e532893a288e2051fa595150b|b2c76c41be32f904179efed29c0ca04d53f3996c
usr.bin/ssh-copy-id/ssh-copy-id.1|man1/ssh-copy-id.1|de80042818b96948cf2902a2708c9c7f80352285fb1089d8d773b60968a63928|de80042818b96948cf2902a2708c9c7f80352285fb1089d8d773b60968a63928|fa9896e082a1046ff4fbc75fcba4d18d1f2efc19
usr.bin/stat/stat.1|man1/stat.1|fb13c620d514d970b8aad906ce78d9820cbf50361eeab2e5d8cb17bd0a6664a4|fb13c620d514d970b8aad906ce78d9820cbf50361eeab2e5d8cb17bd0a6664a4|fa9896e082a1046ff4fbc75fcba4d18d1f2efc19
usr.bin/stdbuf/stdbuf.1|man1/stdbuf.1|fb8b8f35240c48a5269aa42d12653e529781577c6b9d45cda9b1d834e589f125|fb8b8f35240c48a5269aa42d12653e529781577c6b9d45cda9b1d834e589f125|fa9896e082a1046ff4fbc75fcba4d18d1f2efc19
usr.bin/su/su.1|man1/su.1|c7f1e1a86988a5a89735f93284e89fe9d0b7180dcc12b891f6a6d2101ffec44d|c7f1e1a86988a5a89735f93284e89fe9d0b7180dcc12b891f6a6d2101ffec44d|b2c76c41be32f904179efed29c0ca04d53f3996c
usr.bin/systat/systat.1|man1/systat.1|4a406704de0da95bef670e44c96179b3f7d427f1f976d4d8b77f4ab1368f9573|4a406704de0da95bef670e44c96179b3f7d427f1f976d4d8b77f4ab1368f9573|b2c76c41be32f904179efed29c0ca04d53f3996c
usr.bin/tabs/tabs.1|man1/tabs.1|76fde693007ef41f5a7c8290888f24b42a582965620d863da580d58250a0b2b9|76fde693007ef41f5a7c8290888f24b42a582965620d863da580d58250a0b2b9|fa9896e082a1046ff4fbc75fcba4d18d1f2efc19
usr.bin/tail/tail.1|man1/tail.1|dcd4c035c51fbcbbdbfa692a6aa7b505c418da48b670105b899d7b0a5f826acf|dcd4c035c51fbcbbdbfa692a6aa7b505c418da48b670105b899d7b0a5f826acf|b2c76c41be32f904179efed29c0ca04d53f3996c
usr.bin/talk/talk.1|man1/talk.1|f4eb80975cf0705a3c3be2af63751b41ea1a8f3ebf9eeb299324fb2f078c6fe6|f4eb80975cf0705a3c3be2af63751b41ea1a8f3ebf9eeb299324fb2f078c6fe6|b2c76c41be32f904179efed29c0ca04d53f3996c
usr.bin/tcopy/tcopy.1|man1/tcopy.1|48ee1aada0d6c59b9318014ec357d1c4912aa840bf202cdad3713c7bbf857b27|48ee1aada0d6c59b9318014ec357d1c4912aa840bf202cdad3713c7bbf857b27|b2c76c41be32f904179efed29c0ca04d53f3996c
usr.bin/tee/tee.1|man1/tee.1|e83a7260495f385fa1e665a74b1c4ff688e5a2c74692789f3e87cb8bbb32639d|e83a7260495f385fa1e665a74b1c4ff688e5a2c74692789f3e87cb8bbb32639d|b2c76c41be32f904179efed29c0ca04d53f3996c
usr.bin/tftp/tftp.1|man1/tftp.1|67c8043dd9b4520c0b860034894b225afb3854b36eca0c54391f1054f3ccaf1e|67c8043dd9b4520c0b860034894b225afb3854b36eca0c54391f1054f3ccaf1e|b2c76c41be32f904179efed29c0ca04d53f3996c
usr.bin/time/time.1|man1/time.1|1124ac9513a90b03b3920f0f6faa65867d18f463dbafdf0ef329f7ea5a57957e|1124ac9513a90b03b3920f0f6faa65867d18f463dbafdf0ef329f7ea5a57957e|b2c76c41be32f904179efed29c0ca04d53f3996c
usr.bin/tip/tip/cu.1|man1/cu.1|c93897931ce0eb72ccc4fa49d4c427eecb65740f1d5f4f606d91b8a6cb25642c|c93897931ce0eb72ccc4fa49d4c427eecb65740f1d5f4f606d91b8a6cb25642c|b2c76c41be32f904179efed29c0ca04d53f3996c
usr.bin/tip/tip/tip.1|man1/tip.1|0678bb70fedf58d0136208f931c910f540129a06d7f9762e9e549409f29bd0f2|0678bb70fedf58d0136208f931c910f540129a06d7f9762e9e549409f29bd0f2|b2c76c41be32f904179efed29c0ca04d53f3996c
usr.bin/top/top.1|man1/top.1|17c858b6ef6cae13f332666d710606c287c67052786ac8eedcd3e3845f4f6c05|17c858b6ef6cae13f332666d710606c287c67052786ac8eedcd3e3845f4f6c05|b2c76c41be32f904179efed29c0ca04d53f3996c
usr.bin/touch/touch.1|man1/touch.1|3a0306d52105b7ad4bc1d1b6f064b4cb538ade10f3ea0f5e190077ee35f2a077|3a0306d52105b7ad4bc1d1b6f064b4cb538ade10f3ea0f5e190077ee35f2a077|b2c76c41be32f904179efed29c0ca04d53f3996c
usr.bin/tr/tr.1|man1/tr.1|0da6a2fab98c0e903eddf1bcc69ff2e3d71ac5ac2064cf14bef55063f82a3810|0da6a2fab98c0e903eddf1bcc69ff2e3d71ac5ac2064cf14bef55063f82a3810|b2c76c41be32f904179efed29c0ca04d53f3996c
usr.bin/true/true.1|man1/true.1|5ed9dc6d88f041d0c0d5a3063c435ebbdefa0b2d2442e87c34f1e22ce6d6abfd|5ed9dc6d88f041d0c0d5a3063c435ebbdefa0b2d2442e87c34f1e22ce6d6abfd|b2c76c41be32f904179efed29c0ca04d53f3996c
usr.bin/truncate/truncate.1|man1/truncate.1|9fe9ff93abcd51a6994c753af2d46650e6e337cea881dd7934b474cb616a2da6|9fe9ff93abcd51a6994c753af2d46650e6e337cea881dd7934b474cb616a2da6|fa9896e082a1046ff4fbc75fcba4d18d1f2efc19
usr.bin/truss/truss.1|man1/truss.1|c399c4422a24bbf669fd2b5e3522f56ca4f40f7a3c39acb2249c85b81a3b02c6|c399c4422a24bbf669fd2b5e3522f56ca4f40f7a3c39acb2249c85b81a3b02c6|b2c76c41be32f904179efed29c0ca04d53f3996c
usr.bin/tsort/tsort.1|man1/tsort.1|8da100f146d6a4955b0a7677bcc3943d71c7bd6039256f5e382600e229431f04|8da100f146d6a4955b0a7677bcc3943d71c7bd6039256f5e382600e229431f04|b2c76c41be32f904179efed29c0ca04d53f3996c
usr.bin/tty/tty.1|man1/tty.1|f96dde71e90ae19b58ab2c111957e25878fcc5aaa22b99f3337779145c53de32|f96dde71e90ae19b58ab2c111957e25878fcc5aaa22b99f3337779145c53de32|b2c76c41be32f904179efed29c0ca04d53f3996c
usr.bin/ul/ul.1|man1/ul.1|a1e0dadee6134ca33a96aa2a4cf2404cee9c3870dd4648910154f486f8fcb64d|a1e0dadee6134ca33a96aa2a4cf2404cee9c3870dd4648910154f486f8fcb64d|b2c76c41be32f904179efed29c0ca04d53f3996c
usr.bin/uname/uname.1|man1/uname.1|d5023a497349beaff7fa91ec231acea21a0603aa2a6b92de3c5a465620883334|d5023a497349beaff7fa91ec231acea21a0603aa2a6b92de3c5a465620883334|b2c76c41be32f904179efed29c0ca04d53f3996c
usr.bin/uniq/uniq.1|man1/uniq.1|9bd3de90d3a10eaf5d808f952f350fb66e19fa56ca7152c443042e41c9e0e9ce|9bd3de90d3a10eaf5d808f952f350fb66e19fa56ca7152c443042e41c9e0e9ce|b2c76c41be32f904179efed29c0ca04d53f3996c
usr.bin/units/units.1|man1/units.1|bade8a6e7e47fbfde5cf8179a3e495a655c642c3ac6b00a8f3aa7942f7a1d3a5|bade8a6e7e47fbfde5cf8179a3e495a655c642c3ac6b00a8f3aa7942f7a1d3a5|b2c76c41be32f904179efed29c0ca04d53f3996c
usr.bin/usbhidaction/usbhidaction.1|man1/usbhidaction.1|31f671384863ecad9681e157fb4ae5d27423c267c37ddec67569ad8c147b05fb|31f671384863ecad9681e157fb4ae5d27423c267c37ddec67569ad8c147b05fb|b2c76c41be32f904179efed29c0ca04d53f3996c
usr.bin/usbhidctl/usbhidctl.1|man1/usbhidctl.1|065c24dba83e69d46ae1c8ebfc5302caab636b5b523afc2cb0e56de0154c1981|065c24dba83e69d46ae1c8ebfc5302caab636b5b523afc2cb0e56de0154c1981|b2c76c41be32f904179efed29c0ca04d53f3996c
usr.bin/users/users.1|man1/users.1|7082ea0c7d418586ef5d014c93bacfc09977adf95afefe7e053a76c946242960|7082ea0c7d418586ef5d014c93bacfc09977adf95afefe7e053a76c946242960|b2c76c41be32f904179efed29c0ca04d53f3996c
usr.bin/vgrind/vgrind.1|man1/vgrind.1|8dd7fbc3f8997d17a96229203ae245fabad66b02bee0948ad1cef9d7e18237bf|8dd7fbc3f8997d17a96229203ae245fabad66b02bee0948ad1cef9d7e18237bf|b2c76c41be32f904179efed29c0ca04d53f3996c
usr.bin/vmstat/vmstat.8|man8/vmstat.8|5278b4a1178542d01a0a5c2fa4c0fa78eb688a7d52cf816e4035411f88897945|5278b4a1178542d01a0a5c2fa4c0fa78eb688a7d52cf816e4035411f88897945|b2c76c41be32f904179efed29c0ca04d53f3996c
usr.bin/vtfontcvt/vtfontcvt.8|man8/vtfontcvt.8|403f059937c480c07c8986e0d9f3d31f49c16fe4d2c4b9a41618e1ae4fd7ea1e|403f059937c480c07c8986e0d9f3d31f49c16fe4d2c4b9a41618e1ae4fd7ea1e|fa9896e082a1046ff4fbc75fcba4d18d1f2efc19
usr.bin/w/uptime.1|man1/uptime.1|e9aa5e03869e5f46c3841c61267066616fa575faa9ab127051e98e70e0f06f44|e9aa5e03869e5f46c3841c61267066616fa575faa9ab127051e98e70e0f06f44|b2c76c41be32f904179efed29c0ca04d53f3996c
usr.bin/w/w.1|man1/w.1|a7d5d9492939afe6f09fc1d67af337e42e01a47c9c1088e75a3fcf2689a9942f|a7d5d9492939afe6f09fc1d67af337e42e01a47c9c1088e75a3fcf2689a9942f|b2c76c41be32f904179efed29c0ca04d53f3996c
usr.bin/wall/wall.1|man1/wall.1|4530bc5db8405404a0a0ad99aa24d71e73c60a62826f827b900c1123e663930e|4530bc5db8405404a0a0ad99aa24d71e73c60a62826f827b900c1123e663930e|b2c76c41be32f904179efed29c0ca04d53f3996c
usr.bin/wc/wc.1|man1/wc.1|16d49e8cf4b089989f7352143dc8ad862d92b273983703b636d72d6fae9653dc|16d49e8cf4b089989f7352143dc8ad862d92b273983703b636d72d6fae9653dc|b2c76c41be32f904179efed29c0ca04d53f3996c
usr.bin/what/what.1|man1/what.1|6320e11776cd629281883021d5e4eb9631ef8fca2fb0f2d8e2b5b3356826fdd9|6320e11776cd629281883021d5e4eb9631ef8fca2fb0f2d8e2b5b3356826fdd9|fa9896e082a1046ff4fbc75fcba4d18d1f2efc19
usr.bin/whereis/whereis.1|man1/whereis.1|76026a3b9c49a0f87ee519497642aec952c8122019ee7ac14c40817003131add|76026a3b9c49a0f87ee519497642aec952c8122019ee7ac14c40817003131add|fa9896e082a1046ff4fbc75fcba4d18d1f2efc19
usr.bin/which/which.1|man1/which.1|6137a50fb0fdca8ac8fd07805b15f4c5888c3a890e6e22f3587680f254e2dc61|6137a50fb0fdca8ac8fd07805b15f4c5888c3a890e6e22f3587680f254e2dc61|fa9896e082a1046ff4fbc75fcba4d18d1f2efc19
usr.bin/who/who.1|man1/who.1|47b7ca4539b17d91ac697922eb6276c1e6be23c040b1913248b7f42bdad26d50|47b7ca4539b17d91ac697922eb6276c1e6be23c040b1913248b7f42bdad26d50|b2c76c41be32f904179efed29c0ca04d53f3996c
usr.bin/whois/whois.1|man1/whois.1|96cdce495a62e6d5da90be5726433e16e6874df89dc672ac55a0bad8e42f550c|96cdce495a62e6d5da90be5726433e16e6874df89dc672ac55a0bad8e42f550c|b2c76c41be32f904179efed29c0ca04d53f3996c
usr.bin/write/write.1|man1/write.1|d1e2c1af04df74658ced36fe258d5161d4f740a928b941dfc43dcde5febaca12|d1e2c1af04df74658ced36fe258d5161d4f740a928b941dfc43dcde5febaca12|b2c76c41be32f904179efed29c0ca04d53f3996c
usr.bin/xargs/xargs.1|man1/xargs.1|076ca0303c5d06d26ed0502e451952f3f0ee23c1b520cca6e93e5954ca7e70aa|076ca0303c5d06d26ed0502e451952f3f0ee23c1b520cca6e93e5954ca7e70aa|b2c76c41be32f904179efed29c0ca04d53f3996c
usr.bin/xinstall/install.1|man1/install.1|ec62cfb8d47f4b00b2fddc96dd4747aebe8d9446d85b01cdaf1763c432dfcbb2|ec62cfb8d47f4b00b2fddc96dd4747aebe8d9446d85b01cdaf1763c432dfcbb2|b2c76c41be32f904179efed29c0ca04d53f3996c
usr.bin/xstr/xstr.1|man1/xstr.1|a38a3d316c15fd7f89594ea1caea5609ea601f9524225f6ac5eff545b4b1898a|a38a3d316c15fd7f89594ea1caea5609ea601f9524225f6ac5eff545b4b1898a|b2c76c41be32f904179efed29c0ca04d53f3996c
usr.bin/yes/yes.1|man1/yes.1|5a3a5b5e0321a6644c2f261102682485face6e67144e450178d85e50bc3fb4d1|5a3a5b5e0321a6644c2f261102682485face6e67144e450178d85e50bc3fb4d1|b2c76c41be32f904179efed29c0ca04d53f3996c
usr.bin/ypcat/ypcat.1|man1/ypcat.1|03e74b26e40fddf25cae4c1c0d509d064bc8ed5bd10debc5850c278e3bded651|03e74b26e40fddf25cae4c1c0d509d064bc8ed5bd10debc5850c278e3bded651|fa9896e082a1046ff4fbc75fcba4d18d1f2efc19
usr.bin/ypmatch/ypmatch.1|man1/ypmatch.1|4d9f95fba317c7e503c0c55254752172f77fcd8a56da84fa7afbcaea865312c4|4d9f95fba317c7e503c0c55254752172f77fcd8a56da84fa7afbcaea865312c4|fa9896e082a1046ff4fbc75fcba4d18d1f2efc19
usr.bin/ypwhich/ypwhich.1|man1/ypwhich.1|85a4b74abea18c45cb883ce2c5bc98281430a2fb348ffeca81434594dd71dbba|85a4b74abea18c45cb883ce2c5bc98281430a2fb348ffeca81434594dd71dbba|fa9896e082a1046ff4fbc75fcba4d18d1f2efc19
usr.sbin/ac/ac.8|man8/ac.8|9a754f150f64808283569992eff72bf16c67b3796b10da59ff6b81fc25abfce7|9a754f150f64808283569992eff72bf16c67b3796b10da59ff6b81fc25abfce7|fa9896e082a1046ff4fbc75fcba4d18d1f2efc19
usr.sbin/accton/accton.8|man8/accton.8|a4f2305972208aa591775b9dc7e5394a45dfea9f9f6e7d999f458c3d2c27b162|a4f2305972208aa591775b9dc7e5394a45dfea9f9f6e7d999f458c3d2c27b162|b2c76c41be32f904179efed29c0ca04d53f3996c
usr.sbin/acpi/acpiconf/acpiconf.8|man8/acpiconf.8|16805e9c24714666860c3baf908fd4ac6a6e48df56895a71c5c7a7cd66233f6c|16805e9c24714666860c3baf908fd4ac6a6e48df56895a71c5c7a7cd66233f6c|e738085b94631f90e21a49852538ac95974baf44
usr.sbin/acpi/acpidb/acpidb.8|man8/acpidb.8|76f68a1b4ce0f3d9207c885702b2aab7c5dd7a1cd28e1a97862c55a5bb27db54|76f68a1b4ce0f3d9207c885702b2aab7c5dd7a1cd28e1a97862c55a5bb27db54|fa9896e082a1046ff4fbc75fcba4d18d1f2efc19
usr.sbin/acpi/acpidump/acpidump.8|man8/acpidump.8|ccfd0e5043febac7d9825a28877ef6c71065f6b320444a80035b6bf5ae6d8443|ccfd0e5043febac7d9825a28877ef6c71065f6b320444a80035b6bf5ae6d8443|fa9896e082a1046ff4fbc75fcba4d18d1f2efc19
usr.sbin/acpi/iasl/iasl.8|man8/iasl.8|f7aba9d5ca18a5720e22aea73114004bbd1cf58267abe9f29eb824cd614e4111|f7aba9d5ca18a5720e22aea73114004bbd1cf58267abe9f29eb824cd614e4111|fa9896e082a1046ff4fbc75fcba4d18d1f2efc19
usr.sbin/adduser/adduser.8|man8/adduser.8|f04159ba863f8616d97e50b850770777d7924390f58baf1b73e26fabafeb1e4a|f04159ba863f8616d97e50b850770777d7924390f58baf1b73e26fabafeb1e4a|fa9896e082a1046ff4fbc75fcba4d18d1f2efc19
usr.sbin/adduser/rmuser.8|man8/rmuser.8|7576f043b18db638061a9990bf197455caee13b14fd7c1cf299a5c8515dd65f1|7576f043b18db638061a9990bf197455caee13b14fd7c1cf299a5c8515dd65f1|fa9896e082a1046ff4fbc75fcba4d18d1f2efc19
usr.sbin/apm/apm.8|man8/apm.8|dc66b8684b6aa2b4130e192a50a33b639278a19618feda74db3b855db510eec5|dc66b8684b6aa2b4130e192a50a33b639278a19618feda74db3b855db510eec5|fa9896e082a1046ff4fbc75fcba4d18d1f2efc19
usr.sbin/apmd/apmd.8|man8/apmd.8|c7520b651194677beb6c931df4ddd02f26a67013e34b5114b26248318d402fb7|c7520b651194677beb6c931df4ddd02f26a67013e34b5114b26248318d402fb7|b2c76c41be32f904179efed29c0ca04d53f3996c
usr.sbin/arp/arp.8|man8/arp.8|55c5b4336fb6f628631d8d084cd2ee92215a85cb124dc00df5ac8cb5a00548fa|55c5b4336fb6f628631d8d084cd2ee92215a85cb124dc00df5ac8cb5a00548fa|b2c76c41be32f904179efed29c0ca04d53f3996c
usr.sbin/autofs/automount.8|man8/automount.8|8bd3b0421f98b89294570793486481011b6aaa5b62d4f989a3b6e95a0d3ff542|8bd3b0421f98b89294570793486481011b6aaa5b62d4f989a3b6e95a0d3ff542|fa9896e082a1046ff4fbc75fcba4d18d1f2efc19
usr.sbin/autofs/automountd.8|man8/automountd.8|b4469f74725215e7eba31ea5378d8917ab4d865e51ee16c3b88ca65ef0e46402|b4469f74725215e7eba31ea5378d8917ab4d865e51ee16c3b88ca65ef0e46402|fa9896e082a1046ff4fbc75fcba4d18d1f2efc19
usr.sbin/autofs/autounmountd.8|man8/autounmountd.8|342ad5df4671164e303f510e381a4380798c179cfba687265481d1a9e6b6cf3f|342ad5df4671164e303f510e381a4380798c179cfba687265481d1a9e6b6cf3f|fa9896e082a1046ff4fbc75fcba4d18d1f2efc19
usr.sbin/bhyve/bhyve.8|man8/bhyve.8|7c00438b9a69ffec7a86655a0fe69e7f103a596df76750148f8f6c94f12315f8|7c00438b9a69ffec7a86655a0fe69e7f103a596df76750148f8f6c94f12315f8|2d3d2475c99f0be30ec4bb15eae5a435039c742e
usr.sbin/bhyvectl/bhyvectl.8|man8/bhyvectl.8|e14a1edadd8a78a22c8851537e56b34a307240d3dd2f83a84e3cffd289a2d800|e14a1edadd8a78a22c8851537e56b34a307240d3dd2f83a84e3cffd289a2d800|fa9896e082a1046ff4fbc75fcba4d18d1f2efc19
usr.sbin/bhyveload/bhyveload.8|man8/bhyveload.8|cc942a6868cbc79ffa0edf7f7dffcaacd67a01d2aed4a8e5842eff3f7d3a52ed|cc942a6868cbc79ffa0edf7f7dffcaacd67a01d2aed4a8e5842eff3f7d3a52ed|fa9896e082a1046ff4fbc75fcba4d18d1f2efc19
usr.sbin/binmiscctl/binmiscctl.8|man8/binmiscctl.8|bfaa243e678ee7e1acfa6cf615f16f50eda08e0b4b516856805b24d5f1dc0a16|bfaa243e678ee7e1acfa6cf615f16f50eda08e0b4b516856805b24d5f1dc0a16|fa9896e082a1046ff4fbc75fcba4d18d1f2efc19
usr.sbin/bluetooth/ath3kfw/ath3kfw.8|man8/ath3kfw.8|83670b773ad8e9fed1cdc2eef6b6454e10ac6b8ce01e82d9aac5651f864580b5|83670b773ad8e9fed1cdc2eef6b6454e10ac6b8ce01e82d9aac5651f864580b5|fa9896e082a1046ff4fbc75fcba4d18d1f2efc19
usr.sbin/bluetooth/bcmfw/bcmfw.8|man8/bcmfw.8|69b37bc47bb1aef24517363faa93f460e9cc14a6da67e7709950addebaf465af|69b37bc47bb1aef24517363faa93f460e9cc14a6da67e7709950addebaf465af|b2c76c41be32f904179efed29c0ca04d53f3996c
usr.sbin/bluetooth/bluetooth-config/bluetooth-config.8|man8/bluetooth-config.8|a64a19e09799cf959c7a6f4ae49a5d2b4d9a649ce7b1ba7e4d52f4058500d253|a64a19e09799cf959c7a6f4ae49a5d2b4d9a649ce7b1ba7e4d52f4058500d253|fa9896e082a1046ff4fbc75fcba4d18d1f2efc19
usr.sbin/bluetooth/bthidcontrol/bthidcontrol.8|man8/bthidcontrol.8|064664215b2d54034a7df0700aad78a36fa5e2bb197742cb803183237f5e090c|064664215b2d54034a7df0700aad78a36fa5e2bb197742cb803183237f5e090c|b2c76c41be32f904179efed29c0ca04d53f3996c
usr.sbin/bluetooth/bthidd/bthidd.8|man8/bthidd.8|ad9e70289953455a7feda81e189a0857fe7d7a82709fbf790d05e4030be0feb0|ad9e70289953455a7feda81e189a0857fe7d7a82709fbf790d05e4030be0feb0|b2c76c41be32f904179efed29c0ca04d53f3996c
usr.sbin/bluetooth/btpand/btpand.8|man8/btpand.8|0b968cc4e8196be91cdb52f335a513a8880dfc0ae7876a637476361ca95979d8|0b968cc4e8196be91cdb52f335a513a8880dfc0ae7876a637476361ca95979d8|b2c76c41be32f904179efed29c0ca04d53f3996c
usr.sbin/bluetooth/hccontrol/hccontrol.8|man8/hccontrol.8|0d6ac43121f8df2a0887100b804ec7bee1cb59285cd2e82d22c008273ac4edbf|0d6ac43121f8df2a0887100b804ec7bee1cb59285cd2e82d22c008273ac4edbf|b2c76c41be32f904179efed29c0ca04d53f3996c
usr.sbin/bluetooth/hcsecd/hcsecd.8|man8/hcsecd.8|5e56bb78ab694f12b3e75bb31c24fbe92fea4dae58801e25410615b2d3100677|5e56bb78ab694f12b3e75bb31c24fbe92fea4dae58801e25410615b2d3100677|b2c76c41be32f904179efed29c0ca04d53f3996c
usr.sbin/bluetooth/iwmbtfw/iwmbtfw.8|man8/iwmbtfw.8|c3c955fd92b9bedf9f55bb8a555c0bf3b64bd26147278ea2cff7e9bdf15b1e0e|c3c955fd92b9bedf9f55bb8a555c0bf3b64bd26147278ea2cff7e9bdf15b1e0e|fa9896e082a1046ff4fbc75fcba4d18d1f2efc19
usr.sbin/bluetooth/l2control/l2control.8|man8/l2control.8|0a2e8a0a83caace401d293de051f50c27a0c12f0d92fbef8187a74afcf591163|0a2e8a0a83caace401d293de051f50c27a0c12f0d92fbef8187a74afcf591163|b2c76c41be32f904179efed29c0ca04d53f3996c
usr.sbin/bluetooth/l2ping/l2ping.8|man8/l2ping.8|f52c9f21d4856c1da7af55b7386233cc7ffc94f44da9126c51530f900c3bf171|f52c9f21d4856c1da7af55b7386233cc7ffc94f44da9126c51530f900c3bf171|b2c76c41be32f904179efed29c0ca04d53f3996c
usr.sbin/bluetooth/rfcomm_pppd/rfcomm_pppd.8|man8/rfcomm_pppd.8|56c6696e526dc2cee6c9ae52daed288e62231d9d332d778c5c049d3f15b2acea|56c6696e526dc2cee6c9ae52daed288e62231d9d332d778c5c049d3f15b2acea|b2c76c41be32f904179efed29c0ca04d53f3996c
usr.sbin/bluetooth/sdpcontrol/sdpcontrol.8|man8/sdpcontrol.8|bbd08346c3acc2bb32ee55d7dcedb060ae34506339338ea6a2ab60a3fb3ab539|bbd08346c3acc2bb32ee55d7dcedb060ae34506339338ea6a2ab60a3fb3ab539|b2c76c41be32f904179efed29c0ca04d53f3996c
usr.sbin/bluetooth/sdpd/sdpd.8|man8/sdpd.8|966c8d36a0ce037d8024d422c28b733be106be00576839593763857af14f18ac|966c8d36a0ce037d8024d422c28b733be106be00576839593763857af14f18ac|b2c76c41be32f904179efed29c0ca04d53f3996c
usr.sbin/boot0cfg/boot0cfg.8|man8/boot0cfg.8|df83ae2e95ae1d537c28da61324f392313d37dc631bc77898f8b6821b9c824b6|df83ae2e95ae1d537c28da61324f392313d37dc631bc77898f8b6821b9c824b6|fa9896e082a1046ff4fbc75fcba4d18d1f2efc19
usr.sbin/bootparamd/bootparamd/bootparamd.8|man8/bootparamd.8|6c5be00aa298d79c86fd16c0f4c124ac44917c46c541e4c27e473f3777ef246b|6c5be00aa298d79c86fd16c0f4c124ac44917c46c541e4c27e473f3777ef246b|b2c76c41be32f904179efed29c0ca04d53f3996c
usr.sbin/boottrace/boottrace.8|man8/boottrace.8|0ac9345635fcba9022994a684b8ad243a3be40902a4a78b7a7e31c6a9f141170|0ac9345635fcba9022994a684b8ad243a3be40902a4a78b7a7e31c6a9f141170|4d846d260e2b9a3d4d0a701462568268cbfe7a5b
usr.sbin/bsdconfig/bsdconfig.8|man8/bsdconfig.8|f47365a5bdbdc2d359d4214d0d5b3875560ff9bd23449222ce3630c78955e8ac|f47365a5bdbdc2d359d4214d0d5b3875560ff9bd23449222ce3630c78955e8ac|fa9896e082a1046ff4fbc75fcba4d18d1f2efc19
usr.sbin/bsdinstall/bsdinstall.8|man8/bsdinstall.8|dac3bb0bb3a2c5bdc4df27f47711a131497a3873e2de875f03c9f8f3cf732fd5|dac3bb0bb3a2c5bdc4df27f47711a131497a3873e2de875f03c9f8f3cf732fd5|fa9896e082a1046ff4fbc75fcba4d18d1f2efc19
usr.sbin/bsdinstall/partedit/sade.8|man8/sade.8|24412bafe251debf16902d2b1c06c97197a25ac3e7714b78bf8e052e9fa93023|24412bafe251debf16902d2b1c06c97197a25ac3e7714b78bf8e052e9fa93023|fa9896e082a1046ff4fbc75fcba4d18d1f2efc19
usr.sbin/bsnmpd/tools/bsnmptools/bsnmpget.1|man1/bsnmpget.1|e2f709972b3c0213be16bc2d92be4ec8440a6bec4e6ed102f9a75c5c49898601|e2f709972b3c0213be16bc2d92be4ec8440a6bec4e6ed102f9a75c5c49898601|fa9896e082a1046ff4fbc75fcba4d18d1f2efc19
usr.sbin/btxld/btxld.8|man8/btxld.8|f1001aea8c5d78fb6738d8c3f5a69fc3324bac2b734648b2f8eef9bf3c4c0b9b|f1001aea8c5d78fb6738d8c3f5a69fc3324bac2b734648b2f8eef9bf3c4c0b9b|fa9896e082a1046ff4fbc75fcba4d18d1f2efc19
usr.sbin/camdd/camdd.8|man8/camdd.8|1c6dd3d751f3ac42502fde7977dbdb1dff89707b4bf6cd41c8eae65adc03025b|1c6dd3d751f3ac42502fde7977dbdb1dff89707b4bf6cd41c8eae65adc03025b|fa9896e082a1046ff4fbc75fcba4d18d1f2efc19
usr.sbin/cdcontrol/cdcontrol.1|man1/cdcontrol.1|570e8c3e55f4bc5de94318ceca8af3ca925610f25379bba5dfd46a92356e30c2|570e8c3e55f4bc5de94318ceca8af3ca925610f25379bba5dfd46a92356e30c2|b2c76c41be32f904179efed29c0ca04d53f3996c
usr.sbin/certctl/certctl.8|man8/certctl.8|eabbecdd671b09ab88e364a36af7c6dec6b859cac30cdd6546042b57a15c2067|eabbecdd671b09ab88e364a36af7c6dec6b859cac30cdd6546042b57a15c2067|fa9896e082a1046ff4fbc75fcba4d18d1f2efc19
usr.sbin/chkgrp/chkgrp.8|man8/chkgrp.8|8ccdf3230c9b382e4b9f6c57f8decaf912a8f958fd209893f961524dc9d5e51a|8ccdf3230c9b382e4b9f6c57f8decaf912a8f958fd209893f961524dc9d5e51a|e738085b94631f90e21a49852538ac95974baf44
usr.sbin/chown/chgrp.1|man1/chgrp.1|27f20bc86cd143daa860c3f2f8f6c1e5d46ed11d352315e17201ff6c62e73762|27f20bc86cd143daa860c3f2f8f6c1e5d46ed11d352315e17201ff6c62e73762|b2c76c41be32f904179efed29c0ca04d53f3996c
usr.sbin/chown/chown.8|man8/chown.8|e902d9cc373c6fa150821e39857b8cdd5afca9b113800e5ec348cf48fa41fe34|e902d9cc373c6fa150821e39857b8cdd5afca9b113800e5ec348cf48fa41fe34|b2c76c41be32f904179efed29c0ca04d53f3996c
usr.sbin/chroot/chroot.8|man8/chroot.8|c630fd8392f47c992c3a6ff1ef547f0c0b8f95e39170db64c1ec74dca505f8d0|c630fd8392f47c992c3a6ff1ef547f0c0b8f95e39170db64c1ec74dca505f8d0|b2c76c41be32f904179efed29c0ca04d53f3996c
usr.sbin/ckdist/ckdist.1|man1/ckdist.1|4943e4b07a59c0680a6be88acd4cbf0ac9abae5ea14a801b599be386fb584b42|4943e4b07a59c0680a6be88acd4cbf0ac9abae5ea14a801b599be386fb584b42|fa9896e082a1046ff4fbc75fcba4d18d1f2efc19
usr.sbin/clear_locks/clear_locks.8|man8/clear_locks.8|40766bbc19bd3a5ee0deef8c994b218c6b71ab34d3dab59e12071cce190137af|40766bbc19bd3a5ee0deef8c994b218c6b71ab34d3dab59e12071cce190137af|fa9896e082a1046ff4fbc75fcba4d18d1f2efc19
usr.sbin/config/config.8|man8/config.8|411325f4fbccf06fd2153994732fe4805c71a4f1272ba6ee04d626d813f82b54|411325f4fbccf06fd2153994732fe4805c71a4f1272ba6ee04d626d813f82b54|b2c76c41be32f904179efed29c0ca04d53f3996c
usr.sbin/cpucontrol/cpucontrol.8|man8/cpucontrol.8|f69d92bb72d0d3fea1d57a5e81bdb39e7b9ab77362459c8f713e9fb7714ad62b|f69d92bb72d0d3fea1d57a5e81bdb39e7b9ab77362459c8f713e9fb7714ad62b|fa9896e082a1046ff4fbc75fcba4d18d1f2efc19
usr.sbin/crashinfo/crashinfo.8|man8/crashinfo.8|f3c91aa1c4e242277aeb6c40bf68fef8333593214d71ede1946cb33827d1552d|f3c91aa1c4e242277aeb6c40bf68fef8333593214d71ede1946cb33827d1552d|fa9896e082a1046ff4fbc75fcba4d18d1f2efc19
usr.sbin/cron/cron/cron.8|man8/cron.8|8487dfd5ccfc51e7f757550b26bcc9b810823c43c128656d62d77d71d64e643c|8487dfd5ccfc51e7f757550b26bcc9b810823c43c128656d62d77d71d64e643c|fe590ffe40f49fe09d8275fbf29f0d46c5b99dc7
usr.sbin/cron/crontab/crontab.1|man1/crontab.1|b920120d24516114cff5b1d679a79a829f114fbe925a9d76fc8d7cbfeda76a40|b920120d24516114cff5b1d679a79a829f114fbe925a9d76fc8d7cbfeda76a40|fe590ffe40f49fe09d8275fbf29f0d46c5b99dc7
usr.sbin/crunch/crunchgen/crunchgen.1|man1/crunchgen.1|6782679c253bc7f51c803dec434073aa6f8267ce1b697a465e9919f4ff74ac03|6782679c253bc7f51c803dec434073aa6f8267ce1b697a465e9919f4ff74ac03|b2c76c41be32f904179efed29c0ca04d53f3996c
usr.sbin/crunch/crunchide/crunchide.1|man1/crunchide.1|a90d1b6586f45791295262c1ae6f9348e2448032bcc55bbb341c4e204bdf9a42|a90d1b6586f45791295262c1ae6f9348e2448032bcc55bbb341c4e204bdf9a42|b2c76c41be32f904179efed29c0ca04d53f3996c
usr.sbin/ctladm/ctladm.8|man8/ctladm.8|0e172f4cc2a720d2757f4e058d85af9eda71abd8eed24ff3e0388999e37d5a84|0e172f4cc2a720d2757f4e058d85af9eda71abd8eed24ff3e0388999e37d5a84|b2c76c41be32f904179efed29c0ca04d53f3996c
usr.sbin/ctld/ctld.8|man8/ctld.8|4d471b71e5beac46282cf4f5f3922850e479cfbf51a8a8066ddda1104749e2e8|4d471b71e5beac46282cf4f5f3922850e479cfbf51a8a8066ddda1104749e2e8|fa9896e082a1046ff4fbc75fcba4d18d1f2efc19
usr.sbin/cxgbetool/cxgbetool.8|man8/cxgbetool.8|62e8f773fc1646dce6cc4ea28cc7d59140db98ab29872c94649ddb13b0ab615e|62e8f773fc1646dce6cc4ea28cc7d59140db98ab29872c94649ddb13b0ab615e|fa9896e082a1046ff4fbc75fcba4d18d1f2efc19
usr.sbin/daemon/daemon.8|man8/daemon.8|5ffc02fd1e578038d8bcb38d84664c7ed035f105c628941717b16697c85817bf|5ffc02fd1e578038d8bcb38d84664c7ed035f105c628941717b16697c85817bf|fa9896e082a1046ff4fbc75fcba4d18d1f2efc19
usr.sbin/dconschat/dconschat.8|man8/dconschat.8|edbe3b7c19e855f059975e39d08e81455a04a0ac94b6448178969dbcf13e067a|edbe3b7c19e855f059975e39d08e81455a04a0ac94b6448178969dbcf13e067a|fa9896e082a1046ff4fbc75fcba4d18d1f2efc19
usr.sbin/devctl/devctl.8|man8/devctl.8|8e4830f87e2bc560f61e8c8ba0cf10f7bf5cfd17cfecd9b636b09b26be3d956a|8e4830f87e2bc560f61e8c8ba0cf10f7bf5cfd17cfecd9b636b09b26be3d956a|fa9896e082a1046ff4fbc75fcba4d18d1f2efc19
usr.sbin/devinfo/devinfo.8|man8/devinfo.8|a3092118dc7221da6ba2123706ef11b0c7d0b267d9b2f42c171797968ef96a3e|a3092118dc7221da6ba2123706ef11b0c7d0b267d9b2f42c171797968ef96a3e|fa9896e082a1046ff4fbc75fcba4d18d1f2efc19
usr.sbin/diskinfo/diskinfo.8|man8/diskinfo.8|6e3b0a2ef1d488b8185b23e2d4f8105659452241c16b9df9e80996584afbb483|6e3b0a2ef1d488b8185b23e2d4f8105659452241c16b9df9e80996584afbb483|fa9896e082a1046ff4fbc75fcba4d18d1f2efc19
usr.sbin/dumpcis/dumpcis.8|man8/dumpcis.8|3e9430f90918a688a3debe7d34e1265b897d5970db2fd3033fa31caab8bb0371|3e9430f90918a688a3debe7d34e1265b897d5970db2fd3033fa31caab8bb0371|fa9896e082a1046ff4fbc75fcba4d18d1f2efc19
usr.sbin/edquota/edquota.8|man8/edquota.8|ef61eea486948209215e2d75815bac61b9efd11487d3365b3d63ed3ca5747305|ef61eea486948209215e2d75815bac61b9efd11487d3365b3d63ed3ca5747305|b2c76c41be32f904179efed29c0ca04d53f3996c
usr.sbin/efibootmgr/efibootmgr.8|man8/efibootmgr.8|32fba5f08726895e2c5b551f6d50b6954dbf0f435aeb8eda908124891fd757a2|32fba5f08726895e2c5b551f6d50b6954dbf0f435aeb8eda908124891fd757a2|fa9896e082a1046ff4fbc75fcba4d18d1f2efc19
usr.sbin/efidp/efidp.8|man8/efidp.8|c2bfa2dd4b545c48856fc0afcff1ebb00011223190d3d16ca404a8ef30a5fbcc|c2bfa2dd4b545c48856fc0afcff1ebb00011223190d3d16ca404a8ef30a5fbcc|fa9896e082a1046ff4fbc75fcba4d18d1f2efc19
usr.sbin/efitable/efitable.8|man8/efitable.8|d379eaf17d9bfe8a8439f4b59239660304d9deb8da7c473fd06c21a20aecab7a|d379eaf17d9bfe8a8439f4b59239660304d9deb8da7c473fd06c21a20aecab7a|fa9896e082a1046ff4fbc75fcba4d18d1f2efc19
usr.sbin/efivar/efivar.8|man8/efivar.8|580f217ffdebac9358808e7ce171502abf8fb7716a6ab93f2755c74d440a1b7b|580f217ffdebac9358808e7ce171502abf8fb7716a6ab93f2755c74d440a1b7b|fa9896e082a1046ff4fbc75fcba4d18d1f2efc19
usr.sbin/efiwake/efiwake.8|man8/efiwake.8|e125c40a812f36b02468c10905a9e5fdde2bfee7cb5d475c28eb4d883a26937d|e125c40a812f36b02468c10905a9e5fdde2bfee7cb5d475c28eb4d883a26937d|4d846d260e2b9a3d4d0a701462568268cbfe7a5b
usr.sbin/etcupdate/etcupdate.8|man8/etcupdate.8|b3f7fa006c9c9f2cae9fac29319a6b7cc78eb2f93e2874a61c3e30af8488f118|b3f7fa006c9c9f2cae9fac29319a6b7cc78eb2f93e2874a61c3e30af8488f118|fa9896e082a1046ff4fbc75fcba4d18d1f2efc19
usr.sbin/extattr/rmextattr.8|man8/rmextattr.8|8b875ff43e60fba837c7f11b26d43f3ddf21c6cd9f626054591992b851abc091|8b875ff43e60fba837c7f11b26d43f3ddf21c6cd9f626054591992b851abc091|fa9896e082a1046ff4fbc75fcba4d18d1f2efc19
usr.sbin/extattrctl/extattrctl.8|man8/extattrctl.8|dea177c70c5fd0f9e59763f744bb42c4d9dfabc9c440c78301cb665b51757c45|dea177c70c5fd0f9e59763f744bb42c4d9dfabc9c440c78301cb665b51757c45|fa9896e082a1046ff4fbc75fcba4d18d1f2efc19
usr.sbin/fdcontrol/fdcontrol.8|man8/fdcontrol.8|6f9a41b2a44409a8ec92886edbac580b788b816e03c6096c242ade12769e8b36|6f9a41b2a44409a8ec92886edbac580b788b816e03c6096c242ade12769e8b36|fa9896e082a1046ff4fbc75fcba4d18d1f2efc19
usr.sbin/fdformat/fdformat.8|man8/fdformat.8|d8038847a86509f85cccf9d7872988b6fc47730cbd309521f2a60fa4f510b912|d8038847a86509f85cccf9d7872988b6fc47730cbd309521f2a60fa4f510b912|fa9896e082a1046ff4fbc75fcba4d18d1f2efc19
usr.sbin/fdread/fdread.1|man1/fdread.1|9686c5dfac87d203a2f0a4dd096ace6c1674b0dcdb6d5c368c313c018064458f|9686c5dfac87d203a2f0a4dd096ace6c1674b0dcdb6d5c368c313c018064458f|fa9896e082a1046ff4fbc75fcba4d18d1f2efc19
usr.sbin/fdwrite/fdwrite.1|man1/fdwrite.1|9fe93f512ab75b0b72392460adb96607d840f831f9516c50a4fb8fcafb3faac7|9fe93f512ab75b0b72392460adb96607d840f831f9516c50a4fb8fcafb3faac7|fa9896e082a1046ff4fbc75fcba4d18d1f2efc19
usr.sbin/fifolog/fifolog_create/fifolog.1|man1/fifolog.1|5811731529e826b0d5366033c19f14c533ab6f03c41f336090ac99aa4dec2bb8|5811731529e826b0d5366033c19f14c533ab6f03c41f336090ac99aa4dec2bb8|fa9896e082a1046ff4fbc75fcba4d18d1f2efc19
usr.sbin/flowctl/flowctl.8|man8/flowctl.8|27bf54270b1f2d80b047937867d3ffa219e11aed58b0ca08964a7921a0acab7e|27bf54270b1f2d80b047937867d3ffa219e11aed58b0ca08964a7921a0acab7e|fa9896e082a1046ff4fbc75fcba4d18d1f2efc19
usr.sbin/freebsd-update/freebsd-update.8|man8/freebsd-update.8|1481c613f50b3b9d98d0cfaf393500ea0fac70550b4c22048b52024778eb40cc|1481c613f50b3b9d98d0cfaf393500ea0fac70550b4c22048b52024778eb40cc|80b003e816849b7809e7c64e01bf3acd543e4357
usr.sbin/fstyp/fstyp.8|man8/fstyp.8|80811ead93e1a87eab12084524511cdfc15861b47b26138db3e5d90b15e0a78f|80811ead93e1a87eab12084524511cdfc15861b47b26138db3e5d90b15e0a78f|fa9896e082a1046ff4fbc75fcba4d18d1f2efc19
usr.sbin/fwcontrol/fwcontrol.8|man8/fwcontrol.8|5d4b3d921b1c094b46762230bfe7b7dc6d5e00f508aa663599eba2773f6da588|5d4b3d921b1c094b46762230bfe7b7dc6d5e00f508aa663599eba2773f6da588|fa9896e082a1046ff4fbc75fcba4d18d1f2efc19
usr.sbin/fwget/fwget.8|man8/fwget.8|06d6ebdcba2f02dbe9be090e1dd0fa5afdcd59c7ba574355798e04d50c11ca15|06d6ebdcba2f02dbe9be090e1dd0fa5afdcd59c7ba574355798e04d50c11ca15|d198b8774d2cfb6f140893e1c6236af9e97d1497
usr.sbin/getfmac/getfmac.8|man8/getfmac.8|19e2181679e0f43042fd512256cc47f29969b2e941c1b6b3e9a4a3b4e9bb9552|19e2181679e0f43042fd512256cc47f29969b2e941c1b6b3e9a4a3b4e9bb9552|fa9896e082a1046ff4fbc75fcba4d18d1f2efc19
usr.sbin/getpmac/getpmac.8|man8/getpmac.8|b5c51c7f0e4892215c567a10dc87c707a8eaa3a4a7d1ac0d6bda10a65045c6ce|b5c51c7f0e4892215c567a10dc87c707a8eaa3a4a7d1ac0d6bda10a65045c6ce|fa9896e082a1046ff4fbc75fcba4d18d1f2efc19
usr.sbin/gpioctl/gpioctl.8|man8/gpioctl.8|3ce561db8e6c9d5a288eaf8fa4083b727d97660df80596a4f36eaf4ad5da606e|3ce561db8e6c9d5a288eaf8fa4083b727d97660df80596a4f36eaf4ad5da606e|fa9896e082a1046ff4fbc75fcba4d18d1f2efc19
usr.sbin/gssd/gssd.8|man8/gssd.8|4c84d18fb9c96e0de5d5404e5252f0101bbe9dad9557ec252a72f8c906674e9e|4c84d18fb9c96e0de5d5404e5252f0101bbe9dad9557ec252a72f8c906674e9e|fa9896e082a1046ff4fbc75fcba4d18d1f2efc19
usr.sbin/gstat/gstat.8|man8/gstat.8|229499be1de6fe56040836e510b73b703a919bd1a4489b36200fec788bf935f2|229499be1de6fe56040836e510b73b703a919bd1a4489b36200fec788bf935f2|fa9896e082a1046ff4fbc75fcba4d18d1f2efc19
usr.sbin/i2c/i2c.8|man8/i2c.8|d6d1488eec8aad1baaaf2c9defd0ac73c9186bcf969fbfdc364ea39899a8a229|d6d1488eec8aad1baaaf2c9defd0ac73c9186bcf969fbfdc364ea39899a8a229|fa9896e082a1046ff4fbc75fcba4d18d1f2efc19
usr.sbin/ifmcstat/ifmcstat.8|man8/ifmcstat.8|673d50014247a9fb492445383b9c2adc7bca4a7205c5286858bf1c419ad968b1|673d50014247a9fb492445383b9c2adc7bca4a7205c5286858bf1c419ad968b1|fa9896e082a1046ff4fbc75fcba4d18d1f2efc19
usr.sbin/inetd/inetd.8|man8/inetd.8|d6a9b4db53c0a25c3a075f599af205f363db9073f086dba2ddfd035a49616be2|d6a9b4db53c0a25c3a075f599af205f363db9073f086dba2ddfd035a49616be2|b2c76c41be32f904179efed29c0ca04d53f3996c
usr.sbin/iostat/iostat.8|man8/iostat.8|3a3a57b501daaaf02341e3f79e17f408e14bcbcfbb99848e1358d546cc421f0b|3a3a57b501daaaf02341e3f79e17f408e14bcbcfbb99848e1358d546cc421f0b|cbc42905e5245030920920f4d3fb31d1a5914a6f
usr.sbin/iovctl/iovctl.8|man8/iovctl.8|8e3c0bfe6a1a9319644561decf52e9c49d9a0c0725f080d16a5908a8b58da3ce|8e3c0bfe6a1a9319644561decf52e9c49d9a0c0725f080d16a5908a8b58da3ce|fa9896e082a1046ff4fbc75fcba4d18d1f2efc19
usr.sbin/ip6addrctl/ip6addrctl.8|man8/ip6addrctl.8|081157f21d7e35377981a2a5b673d28ad563e859e8a42e40bc6a4ab0695183db|081157f21d7e35377981a2a5b673d28ad563e859e8a42e40bc6a4ab0695183db|fa9896e082a1046ff4fbc75fcba4d18d1f2efc19
usr.sbin/ipfwpcap/ipfwpcap.8|man8/ipfwpcap.8|e27ea13791887038c821be64702119c0181b34fd2da822165dde35be2cba3b9b|e27ea13791887038c821be64702119c0181b34fd2da822165dde35be2cba3b9b|fa9896e082a1046ff4fbc75fcba4d18d1f2efc19
usr.sbin/iscsid/iscsid.8|man8/iscsid.8|24edd6b405f7e46feb6eb7031cf709993ee35bcdba831d6554fa4732ff94da68|24edd6b405f7e46feb6eb7031cf709993ee35bcdba831d6554fa4732ff94da68|fa9896e082a1046ff4fbc75fcba4d18d1f2efc19
usr.sbin/jail/jail.8|man8/jail.8|ef90e5e1fc1373ef2a1cd013d84466eba1d8861ad424e13df5f2e2e57977cf1f|ef90e5e1fc1373ef2a1cd013d84466eba1d8861ad424e13df5f2e2e57977cf1f|ad4f4146ef30b52890593a5f00ff151be75d729b
usr.sbin/jexec/jexec.8|man8/jexec.8|8157ed45d6d024567559ffc4a0cd0a59a2c27e40cf6771817279a38aedebcd17|8157ed45d6d024567559ffc4a0cd0a59a2c27e40cf6771817279a38aedebcd17|fa9896e082a1046ff4fbc75fcba4d18d1f2efc19
usr.sbin/jls/jls.8|man8/jls.8|0feb8bc6a03f6d2106bd14dc7f00fa7b42a34d897a33bba76b9eaf53166133da|0feb8bc6a03f6d2106bd14dc7f00fa7b42a34d897a33bba76b9eaf53166133da|fa9896e082a1046ff4fbc75fcba4d18d1f2efc19
usr.sbin/kbdcontrol/kbdcontrol.1|man1/kbdcontrol.1|de7f9675db41ced52117d300e14947fb01f41236f6d477542685e075d3f897d3|de7f9675db41ced52117d300e14947fb01f41236f6d477542685e075d3f897d3|b2c76c41be32f904179efed29c0ca04d53f3996c
usr.sbin/kbdmap/kbdmap.1|man1/kbdmap.1|890ea8bf6256a62696bbc436164e876bffc252541f7178de490252bbaf3a6086|890ea8bf6256a62696bbc436164e876bffc252541f7178de490252bbaf3a6086|fa9896e082a1046ff4fbc75fcba4d18d1f2efc19
usr.sbin/keyserv/keyserv.8|man8/keyserv.8|1c05304c8e9bbd4a953b8e1266d2b6ba7acc68a3e1682b5cf9ca07411b439c39|1c05304c8e9bbd4a953b8e1266d2b6ba7acc68a3e1682b5cf9ca07411b439c39|5b980017909a40179ab6f11d739cea8b450b6bf6
usr.sbin/kldxref/kldxref.8|man8/kldxref.8|79e7cf4053fd1d6e2605e412b5822a12c2274ab2efd53bc87ee52156c563edad|79e7cf4053fd1d6e2605e412b5822a12c2274ab2efd53bc87ee52156c563edad|e738085b94631f90e21a49852538ac95974baf44
usr.sbin/lastlogin/lastlogin.8|man8/lastlogin.8|c437472f055555e2fb8ce20122e108a482e6ccf9132fde293209a7257a7c6ede|c437472f055555e2fb8ce20122e108a482e6ccf9132fde293209a7257a7c6ede|b2c76c41be32f904179efed29c0ca04d53f3996c
usr.sbin/lpr/chkprintcap/chkprintcap.8|man8/chkprintcap.8|052c43fa6c010fa0e8d2d046daad4ca6f23f9987d2eb2af43e9e38ccb527e7c8|052c43fa6c010fa0e8d2d046daad4ca6f23f9987d2eb2af43e9e38ccb527e7c8|fa9896e082a1046ff4fbc75fcba4d18d1f2efc19
usr.sbin/lpr/lp/lp.1|man1/lp.1|e01b345d06467e2e94a95fd60eee44989a6f4a424243ef462cd500a22c49a394|e01b345d06467e2e94a95fd60eee44989a6f4a424243ef462cd500a22c49a394|fa9896e082a1046ff4fbc75fcba4d18d1f2efc19
usr.sbin/lpr/lpc/lpc.8|man8/lpc.8|018dcf80fba7bcfb47ec572c159774d47b241ffc70b26f239cfd7216c1e250e3|018dcf80fba7bcfb47ec572c159774d47b241ffc70b26f239cfd7216c1e250e3|b2c76c41be32f904179efed29c0ca04d53f3996c
usr.sbin/lpr/lpd/lpd.8|man8/lpd.8|f89bd9fb195241c3d647457b723bc6106908d1fe92240ae0f2a3afec1577115a|f89bd9fb195241c3d647457b723bc6106908d1fe92240ae0f2a3afec1577115a|b2c76c41be32f904179efed29c0ca04d53f3996c
usr.sbin/lpr/lpq/lpq.1|man1/lpq.1|683dc39805f90997ecfda1278651c17bf948e93ef8c93187c9853f73d9ba3381|683dc39805f90997ecfda1278651c17bf948e93ef8c93187c9853f73d9ba3381|b2c76c41be32f904179efed29c0ca04d53f3996c
usr.sbin/lpr/lpr/lpr.1|man1/lpr.1|9248015afc1b0c0afa8e0d99e075d15ca19bc83b048e0b07a1a7ad75f3f4ae41|9248015afc1b0c0afa8e0d99e075d15ca19bc83b048e0b07a1a7ad75f3f4ae41|b2c76c41be32f904179efed29c0ca04d53f3996c
usr.sbin/lpr/lprm/lprm.1|man1/lprm.1|ef1c1884bb8dda57fbc9daa6f873ef829ef8e5e21d59b6406b56ddf179326527|ef1c1884bb8dda57fbc9daa6f873ef829ef8e5e21d59b6406b56ddf179326527|b2c76c41be32f904179efed29c0ca04d53f3996c
usr.sbin/lpr/lptest/lptest.1|man1/lptest.1|4378926e4c71a09e70d6d282087cd47eb38963f3bb2e442d86bc3ee424cecb5d|4378926e4c71a09e70d6d282087cd47eb38963f3bb2e442d86bc3ee424cecb5d|b2c76c41be32f904179efed29c0ca04d53f3996c
usr.sbin/lpr/pac/pac.8|man8/pac.8|c563c0daef5479c29cea4e9c239bb853a2891f3801f01dd2584ea0b622570581|c563c0daef5479c29cea4e9c239bb853a2891f3801f01dd2584ea0b622570581|b2c76c41be32f904179efed29c0ca04d53f3996c
usr.sbin/lptcontrol/lptcontrol.8|man8/lptcontrol.8|fda5a3b286431ec841e1790242bc444dd4a640d8c9e2559070dd8971a8e50f3f|fda5a3b286431ec841e1790242bc444dd4a640d8c9e2559070dd8971a8e50f3f|fa9896e082a1046ff4fbc75fcba4d18d1f2efc19
usr.sbin/mailwrapper/mailwrapper.8|man8/mailwrapper.8|92ef15f9367a8bcc41b0ab5c6973bd93377d72f2434d54319869d517826e4e58|92ef15f9367a8bcc41b0ab5c6973bd93377d72f2434d54319869d517826e4e58|b2c76c41be32f904179efed29c0ca04d53f3996c
usr.sbin/makefs/makefs.8|man8/makefs.8|a0ffcd2d29161d99680cfb5faad0a007df3b8a96b76c0ed7b63d1826ae30557d|a0ffcd2d29161d99680cfb5faad0a007df3b8a96b76c0ed7b63d1826ae30557d|fa9896e082a1046ff4fbc75fcba4d18d1f2efc19
usr.sbin/manctl/manctl.8|man8/manctl.8|566eade2496c81c2cea60074600bc212d754491ee169a1464b7ec4426797447a|566eade2496c81c2cea60074600bc212d754491ee169a1464b7ec4426797447a|fa9896e082a1046ff4fbc75fcba4d18d1f2efc19
usr.sbin/memcontrol/memcontrol.8|man8/memcontrol.8|c2e071bced7c1408bee4a80875b86b4a78cd627c2ad9db9db955161ff9c2a2f2|c2e071bced7c1408bee4a80875b86b4a78cd627c2ad9db9db955161ff9c2a2f2|fa9896e082a1046ff4fbc75fcba4d18d1f2efc19
usr.sbin/mergemaster/mergemaster.8|man8/mergemaster.8|429126c8def9747b72ac459da2741dc9b92c7638cee941896ffe5bcdd54b7ec8|429126c8def9747b72ac459da2741dc9b92c7638cee941896ffe5bcdd54b7ec8|fa9896e082a1046ff4fbc75fcba4d18d1f2efc19
usr.sbin/mfiutil/mfiutil.8|man8/mfiutil.8|c9cd315a9c721a1fbe582c2cbd90ddde15f3751763cc6a471572f106897978b8|c9cd315a9c721a1fbe582c2cbd90ddde15f3751763cc6a471572f106897978b8|fa9896e082a1046ff4fbc75fcba4d18d1f2efc19
usr.sbin/mixer/mixer.8|man8/mixer.8|ca6a8a767c73fba0212d71dcc7198acf253bdc421d9d69e770c5e9679d137de9|ca6a8a767c73fba0212d71dcc7198acf253bdc421d9d69e770c5e9679d137de9|fa9896e082a1046ff4fbc75fcba4d18d1f2efc19
usr.sbin/mld6query/mld6query.8|man8/mld6query.8|3112bf13b1a8466374688e94c3a3918d42ad87ca674edaf471e94f3efc708a61|3112bf13b1a8466374688e94c3a3918d42ad87ca674edaf471e94f3efc708a61|fa9896e082a1046ff4fbc75fcba4d18d1f2efc19
usr.sbin/mlx5tool/mlx5tool.8|man8/mlx5tool.8|3e7ce1c9469bd9f19911d0e08eedb53c985bd7adaa29eb1853e39dd94043ecea|3e7ce1c9469bd9f19911d0e08eedb53c985bd7adaa29eb1853e39dd94043ecea|fa9896e082a1046ff4fbc75fcba4d18d1f2efc19
usr.sbin/mlxcontrol/mlxcontrol.8|man8/mlxcontrol.8|a7d719589f0ac12707120da4030f03e8bfe256c8f2a5536ae4efeb9eac4b0b5d|a7d719589f0ac12707120da4030f03e8bfe256c8f2a5536ae4efeb9eac4b0b5d|fa9896e082a1046ff4fbc75fcba4d18d1f2efc19
usr.sbin/mountd/mountd.8|man8/mountd.8|b2d689cf8fac3f0371b710ade217436983cc5393b6e7b68d7ebb8ced063ea49c|b2d689cf8fac3f0371b710ade217436983cc5393b6e7b68d7ebb8ced063ea49c|b2c76c41be32f904179efed29c0ca04d53f3996c
usr.sbin/moused/moused.8|man8/moused.8|c0061ac96319b1427b22885b363cb96218b531b92c0f2b37aa202b7622dca231|c0061ac96319b1427b22885b363cb96218b531b92c0f2b37aa202b7622dca231|fa9896e082a1046ff4fbc75fcba4d18d1f2efc19
usr.sbin/mpsutil/mpsutil.8|man8/mpsutil.8|4beb37388c42c3363625db33bc84b45da1ec12f95e49b5fd437860dac49885d1|4beb37388c42c3363625db33bc84b45da1ec12f95e49b5fd437860dac49885d1|fa9896e082a1046ff4fbc75fcba4d18d1f2efc19
usr.sbin/mptable/mptable.1|man1/mptable.1|0cb0efc2436b699ec0cb3d2ee0e1e6a61cc40fc3865542724de4bafd7f6c647d|0cb0efc2436b699ec0cb3d2ee0e1e6a61cc40fc3865542724de4bafd7f6c647d|fa9896e082a1046ff4fbc75fcba4d18d1f2efc19
usr.sbin/mptutil/mptutil.8|man8/mptutil.8|4110ac108f9d9d7e892efaa3d33119c5319bb1b63e47b0a1c6a380f42196aa1d|4110ac108f9d9d7e892efaa3d33119c5319bb1b63e47b0a1c6a380f42196aa1d|fa9896e082a1046ff4fbc75fcba4d18d1f2efc19
usr.sbin/mtest/mtest.8|man8/mtest.8|fea5ee6f1971fd2f24f815b9a42f153d196a831827c07e4c275d10e3c8cfffba|fea5ee6f1971fd2f24f815b9a42f153d196a831827c07e4c275d10e3c8cfffba|fa9896e082a1046ff4fbc75fcba4d18d1f2efc19
usr.sbin/ndp/ndp.8|man8/ndp.8|05fef5045c49a2ea5512e79850c69e39e5d03e1a5d04f9c2bca066890a063303|05fef5045c49a2ea5512e79850c69e39e5d03e1a5d04f9c2bca066890a063303|fa9896e082a1046ff4fbc75fcba4d18d1f2efc19
usr.sbin/newsyslog/newsyslog.8|man8/newsyslog.8|b8c6a96ddfc99c15770526906110403fa9ea852d5ca032c7895d63440534129a|b8c6a96ddfc99c15770526906110403fa9ea852d5ca032c7895d63440534129a|b2c76c41be32f904179efed29c0ca04d53f3996c
usr.sbin/nfscbd/nfscbd.8|man8/nfscbd.8|2b6b0047012248086e37c9df1f1d86b0fcaa26ef1f2b5ed3d1f357ff3be63f98|2b6b0047012248086e37c9df1f1d86b0fcaa26ef1f2b5ed3d1f357ff3be63f98|fa9896e082a1046ff4fbc75fcba4d18d1f2efc19
usr.sbin/nfsd/nfsd.8|man8/nfsd.8|af4927adf3fc0a32e24c12abc6e813a77c6d0ab9f9096b2410d1eeb12df92513|af4927adf3fc0a32e24c12abc6e813a77c6d0ab9f9096b2410d1eeb12df92513|b2c76c41be32f904179efed29c0ca04d53f3996c
usr.sbin/nfsdumpstate/nfsdumpstate.8|man8/nfsdumpstate.8|fa2b097e46158bd44a0ca487059cb98387e03e395aac3bb180cb67c2c76580fe|fa2b097e46158bd44a0ca487059cb98387e03e395aac3bb180cb67c2c76580fe|fa9896e082a1046ff4fbc75fcba4d18d1f2efc19
usr.sbin/nfsrevoke/nfsrevoke.8|man8/nfsrevoke.8|c9393615ba4f7e94a3bbabede9d21ae6237c3504c9075b59016f28441594deba|c9393615ba4f7e94a3bbabede9d21ae6237c3504c9075b59016f28441594deba|fa9896e082a1046ff4fbc75fcba4d18d1f2efc19
usr.sbin/nfsuserd/nfsuserd.8|man8/nfsuserd.8|e27515dc2231c8cc5f0aa6986cd2cf0c5c480764b815f8ec1d382d842c8676eb|e27515dc2231c8cc5f0aa6986cd2cf0c5c480764b815f8ec1d382d842c8676eb|fa9896e082a1046ff4fbc75fcba4d18d1f2efc19
usr.sbin/ngctl/ngctl.8|man8/ngctl.8|3ee990b40acbad03aec0197ac6dd922f3049424710db7ac443fe807853709011|3ee990b40acbad03aec0197ac6dd922f3049424710db7ac443fe807853709011|fa9896e082a1046ff4fbc75fcba4d18d1f2efc19
usr.sbin/nghook/nghook.8|man8/nghook.8|5a97d20516c80d30a2bef436cd9a5cf95ea1816717290130341d02fba06ab393|5a97d20516c80d30a2bef436cd9a5cf95ea1816717290130341d02fba06ab393|fa9896e082a1046ff4fbc75fcba4d18d1f2efc19
usr.sbin/nologin/nologin.8|man8/nologin.8|3e4168af2c45e36ef77c29d38909e810b50317fcebf17edffc799cc60c057a47|3e4168af2c45e36ef77c29d38909e810b50317fcebf17edffc799cc60c057a47|b2c76c41be32f904179efed29c0ca04d53f3996c
usr.sbin/nscd/nscd.8|man8/nscd.8|1596512242a2aa3be0cd5795d84986671163e5b427e2e3ae94d2bd15b6b14380|1596512242a2aa3be0cd5795d84986671163e5b427e2e3ae94d2bd15b6b14380|fa9896e082a1046ff4fbc75fcba4d18d1f2efc19
usr.sbin/ntp/doc/ntp-keygen.8|man8/ntp-keygen.8|cc0e5681866f0a484fc6c6b649ad235934bb7ec80130ea62d2d1c6c5f0333f47|cc0e5681866f0a484fc6c6b649ad235934bb7ec80130ea62d2d1c6c5f0333f47|fa9896e082a1046ff4fbc75fcba4d18d1f2efc19
usr.sbin/ntp/doc/ntpd.8|man8/ntpd.8|a1ff223466e6c031d63baafbb63b73a77de1d95753f5db12e0854d3c65cd6730|a1ff223466e6c031d63baafbb63b73a77de1d95753f5db12e0854d3c65cd6730|fa9896e082a1046ff4fbc75fcba4d18d1f2efc19
usr.sbin/ntp/doc/ntpdate.8|man8/ntpdate.8|911bf1040136209513792f3b499ab2ae86fb33b3a16a6626ebb0649a0831a0c1|911bf1040136209513792f3b499ab2ae86fb33b3a16a6626ebb0649a0831a0c1|fa9896e082a1046ff4fbc75fcba4d18d1f2efc19
usr.sbin/ntp/doc/ntpdc.8|man8/ntpdc.8|50e5448676a68a8e817a069f8fb34e103d2aeaecefb9368a5fffddc91218696d|50e5448676a68a8e817a069f8fb34e103d2aeaecefb9368a5fffddc91218696d|fa9896e082a1046ff4fbc75fcba4d18d1f2efc19
usr.sbin/ntp/doc/ntpq.8|man8/ntpq.8|4eb6f831cfea96a4f747ef19dc133b69d6a3c8e6e0a59e602eade03a8f6763f0|4eb6f831cfea96a4f747ef19dc133b69d6a3c8e6e0a59e602eade03a8f6763f0|fa9896e082a1046ff4fbc75fcba4d18d1f2efc19
usr.sbin/ntp/doc/ntptime.8|man8/ntptime.8|80e1792b3fdda885b7f2932907cba29f4b56e1573b42fcb2a12b54ea207f140a|80e1792b3fdda885b7f2932907cba29f4b56e1573b42fcb2a12b54ea207f140a|fa9896e082a1046ff4fbc75fcba4d18d1f2efc19
usr.sbin/ntp/doc/ntptrace.8|man8/ntptrace.8|c701810548e87fd0f7b3c9f64f6658c328565d7a01cd28dcc4373451c1168170|c701810548e87fd0f7b3c9f64f6658c328565d7a01cd28dcc4373451c1168170|fa9896e082a1046ff4fbc75fcba4d18d1f2efc19
usr.sbin/ntp/doc/sntp.8|man8/sntp.8|099891d62a456ed8b8c812e647cb567758620c81aa79190edec2b5f3d1d4c8f9|099891d62a456ed8b8c812e647cb567758620c81aa79190edec2b5f3d1d4c8f9|fa9896e082a1046ff4fbc75fcba4d18d1f2efc19
usr.sbin/nvram/nvram.8|man8/nvram.8|eb3598d717a0b070c296af0bfceb0737873fe3293a48b4eabe8fd3cce0058014|eb3598d717a0b070c296af0bfceb0737873fe3293a48b4eabe8fd3cce0058014|fa9896e082a1046ff4fbc75fcba4d18d1f2efc19
usr.sbin/ofwdump/ofwdump.8|man8/ofwdump.8|a6485f8c04febe91095b70eef81a0f54ed5caa260b27401124dad8773ad70551|a6485f8c04febe91095b70eef81a0f54ed5caa260b27401124dad8773ad70551|fa9896e082a1046ff4fbc75fcba4d18d1f2efc19
usr.sbin/pciconf/pciconf.8|man8/pciconf.8|15058198045d5d473a6de0e54bf8d90fad63ab61b1ff27ee6b94466f480d389e|15058198045d5d473a6de0e54bf8d90fad63ab61b1ff27ee6b94466f480d389e|fa9896e082a1046ff4fbc75fcba4d18d1f2efc19
usr.sbin/periodic/periodic.8|man8/periodic.8|dd8b7c8e3b040a82c7c4dd9b11c7e1d9e804ce99093808fad686b621a6a30145|dd8b7c8e3b040a82c7c4dd9b11c7e1d9e804ce99093808fad686b621a6a30145|fa9896e082a1046ff4fbc75fcba4d18d1f2efc19
usr.sbin/pmcannotate/pmcannotate.8|man8/pmcannotate.8|c875945194e437e657af996841d411183216a63cdd3f2abd121abf856b247a95|c875945194e437e657af996841d411183216a63cdd3f2abd121abf856b247a95|fa9896e082a1046ff4fbc75fcba4d18d1f2efc19
usr.sbin/pmccontrol/pmccontrol.8|man8/pmccontrol.8|50ad2ab9f08980596b6d14dea7fa1844123a0610c5c02c139179314a93b29a55|50ad2ab9f08980596b6d14dea7fa1844123a0610c5c02c139179314a93b29a55|fa9896e082a1046ff4fbc75fcba4d18d1f2efc19
usr.sbin/pmcstat/pmcstat.8|man8/pmcstat.8|d39ae5a9f83a6b65751d7921fb0cf82386cbf3c64b8c9dea2b8eec98481e4b0d|d39ae5a9f83a6b65751d7921fb0cf82386cbf3c64b8c9dea2b8eec98481e4b0d|fa9896e082a1046ff4fbc75fcba4d18d1f2efc19
usr.sbin/pmcstudy/pmcstudy.8|man8/pmcstudy.8|18270ea83ea8330aa87bfb4b44a40356c80ba86a9af8f1f7f0b6fb3c2192f7f0|18270ea83ea8330aa87bfb4b44a40356c80ba86a9af8f1f7f0b6fb3c2192f7f0|fa9896e082a1046ff4fbc75fcba4d18d1f2efc19
usr.sbin/pnfsdscopymr/pnfsdscopymr.8|man8/pnfsdscopymr.8|acaad16566eff28d9648ce08324fe66d7dfc29a1ff805f6dbd202ea1090f94c7|acaad16566eff28d9648ce08324fe66d7dfc29a1ff805f6dbd202ea1090f94c7|fa9896e082a1046ff4fbc75fcba4d18d1f2efc19
usr.sbin/pnfsdsfile/pnfsdsfile.8|man8/pnfsdsfile.8|98f096c9b5a70913f9f1eab1dfe0c27948f2c0fdf0f18e33d965d0af6003f7e4|98f096c9b5a70913f9f1eab1dfe0c27948f2c0fdf0f18e33d965d0af6003f7e4|fa9896e082a1046ff4fbc75fcba4d18d1f2efc19
usr.sbin/pnfsdskill/pnfsdskill.8|man8/pnfsdskill.8|f575ef929408fcd7843af5dfbb80122ca643cb3779c17dcab6f5f33b38c12d62|f575ef929408fcd7843af5dfbb80122ca643cb3779c17dcab6f5f33b38c12d62|fa9896e082a1046ff4fbc75fcba4d18d1f2efc19
usr.sbin/powerd/powerd.8|man8/powerd.8|f86b5b81d654f4c43b881e8651af3d45da36e492e1a4e6a3ef8b8567c5abc16f|f86b5b81d654f4c43b881e8651af3d45da36e492e1a4e6a3ef8b8567c5abc16f|fa9896e082a1046ff4fbc75fcba4d18d1f2efc19
usr.sbin/ppp/ppp.8|man8/ppp.8|95e6fe8e4d5621507e7df90d78d2417253d7a529e6ecfaf2297f9e9b5e5c12d0|95e6fe8e4d5621507e7df90d78d2417253d7a529e6ecfaf2297f9e9b5e5c12d0|fa9896e082a1046ff4fbc75fcba4d18d1f2efc19
usr.sbin/pppctl/pppctl.8|man8/pppctl.8|cc593dca1b373ab964ebe56a659912e53d952f25f8a2f1425f0af5079cdc07e7|cc593dca1b373ab964ebe56a659912e53d952f25f8a2f1425f0af5079cdc07e7|b2c76c41be32f904179efed29c0ca04d53f3996c
usr.sbin/prometheus_sysctl_exporter/prometheus_sysctl_exporter.8|man8/prometheus_sysctl_exporter.8|a0234b0b83cd371f0bb583b2c43ebabb6f5aa0cb8f9690958102abdc5fdf3aa0|a0234b0b83cd371f0bb583b2c43ebabb6f5aa0cb8f9690958102abdc5fdf3aa0|fa9896e082a1046ff4fbc75fcba4d18d1f2efc19
usr.sbin/pstat/pstat.8|man8/pstat.8|908606ba1551d8f1b26f6922e44889335131076226fb36954470c29633809137|908606ba1551d8f1b26f6922e44889335131076226fb36954470c29633809137|b2c76c41be32f904179efed29c0ca04d53f3996c
usr.sbin/pw/pw.8|man8/pw.8|904b0095745d7bb7673a7e690240cf3514bf1bc1445eeeea8cfdc4eea42ca3ee|904b0095745d7bb7673a7e690240cf3514bf1bc1445eeeea8cfdc4eea42ca3ee|fa9896e082a1046ff4fbc75fcba4d18d1f2efc19
usr.sbin/pwd_mkdb/pwd_mkdb.8|man8/pwd_mkdb.8|e02a37f4a3bfa221dce4bd567a6f02fbc6b2a82db32884a963f34a878f7cfc46|e02a37f4a3bfa221dce4bd567a6f02fbc6b2a82db32884a963f34a878f7cfc46|b2c76c41be32f904179efed29c0ca04d53f3996c
usr.sbin/pwm/pwm.8|man8/pwm.8|160fe7f2f0ea93d68f37cefed6dabdc77296998082d11f45432e93d8e9572e33|160fe7f2f0ea93d68f37cefed6dabdc77296998082d11f45432e93d8e9572e33|fa9896e082a1046ff4fbc75fcba4d18d1f2efc19
usr.sbin/quot/quot.8|man8/quot.8|46705b4897014da94110754ece77bdffa3d03cab033799b43f1dec1bea82a95d|46705b4897014da94110754ece77bdffa3d03cab033799b43f1dec1bea82a95d|fa9896e082a1046ff4fbc75fcba4d18d1f2efc19
usr.sbin/quotaon/quotaon.8|man8/quotaon.8|6bcbb7c3abbdea6a3481a17db921481760193fe2998fed42f3e931972ef611a3|6bcbb7c3abbdea6a3481a17db921481760193fe2998fed42f3e931972ef611a3|b2c76c41be32f904179efed29c0ca04d53f3996c
usr.sbin/rarpd/rarpd.8|man8/rarpd.8|1acb340491d4725c57648ad17e1d274c378d357c53a17455112d8585971620d9|1acb340491d4725c57648ad17e1d274c378d357c53a17455112d8585971620d9|fa9896e082a1046ff4fbc75fcba4d18d1f2efc19
usr.sbin/repquota/repquota.8|man8/repquota.8|aa612bf6a6c538a8f62b736bf337ffe3586c75b96b6d7c0bfcea0d945c6a06e8|aa612bf6a6c538a8f62b736bf337ffe3586c75b96b6d7c0bfcea0d945c6a06e8|b2c76c41be32f904179efed29c0ca04d53f3996c
usr.sbin/rip6query/rip6query.8|man8/rip6query.8|522d332afa84e507d0ff09a80f5d756e6485ae2badb7eaaec5c5e21ae12da2df|522d332afa84e507d0ff09a80f5d756e6485ae2badb7eaaec5c5e21ae12da2df|b2c76c41be32f904179efed29c0ca04d53f3996c
usr.sbin/rmt/rmt.8|man8/rmt.8|64075ecd02f86d2e3878d1ea846ca11052b3cedd79a5363dac835352587b0577|64075ecd02f86d2e3878d1ea846ca11052b3cedd79a5363dac835352587b0577|b2c76c41be32f904179efed29c0ca04d53f3996c
usr.sbin/route6d/route6d.8|man8/route6d.8|25fe21b8f0303105ea34aed4461339b2d1c12926cb58641222ecf838f81072fe|25fe21b8f0303105ea34aed4461339b2d1c12926cb58641222ecf838f81072fe|fa9896e082a1046ff4fbc75fcba4d18d1f2efc19
usr.sbin/rpc.lockd/rpc.lockd.8|man8/rpc.lockd.8|da683b028f6ec3623ad55f6a7e01839dd506338b328a8c512d138f623c6977e2|da683b028f6ec3623ad55f6a7e01839dd506338b328a8c512d138f623c6977e2|fa9896e082a1046ff4fbc75fcba4d18d1f2efc19
usr.sbin/rpc.statd/rpc.statd.8|man8/rpc.statd.8|ccf9a63ae9709ef5a46ab9afb0e31cb8d54c26eb980259af8aff992fe321232c|ccf9a63ae9709ef5a46ab9afb0e31cb8d54c26eb980259af8aff992fe321232c|fa9896e082a1046ff4fbc75fcba4d18d1f2efc19
usr.sbin/rpc.tlsclntd/rpc.tlsclntd.8|man8/rpc.tlsclntd.8|de0eeab23a1204d2f7265104c666c984eff2a03c4bcda59101ebc8c113782edc|de0eeab23a1204d2f7265104c666c984eff2a03c4bcda59101ebc8c113782edc|fa9896e082a1046ff4fbc75fcba4d18d1f2efc19
usr.sbin/rpc.tlsservd/rpc.tlsservd.8|man8/rpc.tlsservd.8|f94adbb17ad98ab5d908099f6d381e9d8e3e39fc4d05e4b4aac3f70b557bdde9|f94adbb17ad98ab5d908099f6d381e9d8e3e39fc4d05e4b4aac3f70b557bdde9|fa9896e082a1046ff4fbc75fcba4d18d1f2efc19
usr.sbin/rpc.umntall/rpc.umntall.8|man8/rpc.umntall.8|4f09371db42c8e0e332aa11d93aa3c610bf538e1513f44501371caccd9690bb0|4f09371db42c8e0e332aa11d93aa3c610bf538e1513f44501371caccd9690bb0|fa9896e082a1046ff4fbc75fcba4d18d1f2efc19
usr.sbin/rpc.yppasswdd/rpc.yppasswdd.8|man8/rpc.yppasswdd.8|a95016b58560f386cb1951dbcb5c68c379643470064c3af8e608e52091505a85|a95016b58560f386cb1951dbcb5c68c379643470064c3af8e608e52091505a85|fa9896e082a1046ff4fbc75fcba4d18d1f2efc19
usr.sbin/rpc.ypxfrd/rpc.ypxfrd.8|man8/rpc.ypxfrd.8|520e0821f3d8a3979f10aa4bc1c7f8d6b133223cb6f4e357245b443b2d1818e7|520e0821f3d8a3979f10aa4bc1c7f8d6b133223cb6f4e357245b443b2d1818e7|fa9896e082a1046ff4fbc75fcba4d18d1f2efc19
usr.sbin/rpcbind/rpcbind.8|man8/rpcbind.8|77f5e66f283513273b4d73775bdb63b9f0ba76534d81a4a9bd84bc3043e3dc03|77f5e66f283513273b4d73775bdb63b9f0ba76534d81a4a9bd84bc3043e3dc03|b2c76c41be32f904179efed29c0ca04d53f3996c
usr.sbin/rrenumd/rrenumd.8|man8/rrenumd.8|990f6ac764499c1ca86bed8856f40ddf1946be161f323ceaaf2d6c161d52f9fe|990f6ac764499c1ca86bed8856f40ddf1946be161f323ceaaf2d6c161d52f9fe|fa9896e082a1046ff4fbc75fcba4d18d1f2efc19
usr.sbin/rtadvctl/rtadvctl.8|man8/rtadvctl.8|e1f1871bf69d923715a6250368aff8a63edc190a1ad5288bc9140e87166ec65a|e1f1871bf69d923715a6250368aff8a63edc190a1ad5288bc9140e87166ec65a|fa9896e082a1046ff4fbc75fcba4d18d1f2efc19
usr.sbin/rtadvd/rtadvd.8|man8/rtadvd.8|4b08d8dac8f2cab398ffa954fb7e575403fcb32c1bc35881bca4ef8e2581304e|4b08d8dac8f2cab398ffa954fb7e575403fcb32c1bc35881bca4ef8e2581304e|fa9896e082a1046ff4fbc75fcba4d18d1f2efc19
usr.sbin/rtprio/rtprio.1|man1/rtprio.1|1f4cbf5c58da162f14ff74920a0b479282d90aeb59e8872a55b1bf934a4b1d7d|1f4cbf5c58da162f14ff74920a0b479282d90aeb59e8872a55b1bf934a4b1d7d|fa9896e082a1046ff4fbc75fcba4d18d1f2efc19
usr.sbin/rtsold/rtsold.8|man8/rtsold.8|714fdd4f18c98a81b868f2e161a2304452b7ffdb9d88a2b2a1831bc009116879|714fdd4f18c98a81b868f2e161a2304452b7ffdb9d88a2b2a1831bc009116879|fa9896e082a1046ff4fbc75fcba4d18d1f2efc19
usr.sbin/rwhod/rwhod.8|man8/rwhod.8|1e0f8cfcd268847a8083aca62b49ddf96a40ee3664b39aae77e12881eaa7b18f|1e0f8cfcd268847a8083aca62b49ddf96a40ee3664b39aae77e12881eaa7b18f|b2c76c41be32f904179efed29c0ca04d53f3996c
usr.sbin/sa/sa.8|man8/sa.8|66efd426f0d7c766f1cf2433221b8f3dea2ea13be9a4aba7bd52c4998ce983a4|66efd426f0d7c766f1cf2433221b8f3dea2ea13be9a4aba7bd52c4998ce983a4|fa9896e082a1046ff4fbc75fcba4d18d1f2efc19
usr.sbin/service/service.8|man8/service.8|f7b6eb482f6378d30fcf4c1eba28591ed5da2b43292f938738473c50977da08f|f7b6eb482f6378d30fcf4c1eba28591ed5da2b43292f938738473c50977da08f|fa9896e082a1046ff4fbc75fcba4d18d1f2efc19
usr.sbin/services_mkdb/services_mkdb.8|man8/services_mkdb.8|952ebea6147100463e994356be62fe8e1941e285513b820a76471ab87b5a0e20|952ebea6147100463e994356be62fe8e1941e285513b820a76471ab87b5a0e20|fa9896e082a1046ff4fbc75fcba4d18d1f2efc19
usr.sbin/sesutil/sesutil.8|man8/sesutil.8|bf952fd9d5c41ef0a256dba53f97f59955d247aef0a558d31a738f10282fc593|bf952fd9d5c41ef0a256dba53f97f59955d247aef0a558d31a738f10282fc593|fa9896e082a1046ff4fbc75fcba4d18d1f2efc19
usr.sbin/setfib/setfib.1|man1/setfib.1|5d7e408f7d634e159e844477a846c42e92c64262590fb6accf0f97bf54f7907c|5d7e408f7d634e159e844477a846c42e92c64262590fb6accf0f97bf54f7907c|fa9896e082a1046ff4fbc75fcba4d18d1f2efc19
usr.sbin/setfmac/setfmac.8|man8/setfmac.8|406e6584b6c35373e872c520afa6234fe9754e3bfc12c0b848b5f6e3eaf105ee|406e6584b6c35373e872c520afa6234fe9754e3bfc12c0b848b5f6e3eaf105ee|fa9896e082a1046ff4fbc75fcba4d18d1f2efc19
usr.sbin/setfmac/setfsmac.8|man8/setfsmac.8|b25969b8885ca5b1a46ae5ee6c245664b2f5081ab644c7923bd0ca0889ada677|b25969b8885ca5b1a46ae5ee6c245664b2f5081ab644c7923bd0ca0889ada677|fa9896e082a1046ff4fbc75fcba4d18d1f2efc19
usr.sbin/setpmac/setpmac.8|man8/setpmac.8|1e4f2296cc886dc06527c48b382cf00363dd5d255e3620043c1d2b5523873935|1e4f2296cc886dc06527c48b382cf00363dd5d255e3620043c1d2b5523873935|fa9896e082a1046ff4fbc75fcba4d18d1f2efc19
usr.sbin/smbmsg/smbmsg.8|man8/smbmsg.8|74998dd2b60bd979ad7ef5268d278ad1a03bdbfcc75dfdc3768496e3abba4c05|74998dd2b60bd979ad7ef5268d278ad1a03bdbfcc75dfdc3768496e3abba4c05|fa9896e082a1046ff4fbc75fcba4d18d1f2efc19
usr.sbin/snapinfo/snapinfo.8|man8/snapinfo.8|808e8e6114897bb8e7302b5e96f8d195c20eb4c60dea801b1892b6b04195ce81|808e8e6114897bb8e7302b5e96f8d195c20eb4c60dea801b1892b6b04195ce81|fa9896e082a1046ff4fbc75fcba4d18d1f2efc19
usr.sbin/spi/spi.8|man8/spi.8|a9debf1a43d0bbd8d75a62b86003e22f9ecee42706cb9c7ecd5cce7614a2ef83|a9debf1a43d0bbd8d75a62b86003e22f9ecee42706cb9c7ecd5cce7614a2ef83|fa9896e082a1046ff4fbc75fcba4d18d1f2efc19
usr.sbin/spkrtest/spkrtest.8|man8/spkrtest.8|3e033e11fac47ac8035ac9420b7abee83e3554f66c330b68983e9a2cc19aa578|3e033e11fac47ac8035ac9420b7abee83e3554f66c330b68983e9a2cc19aa578|fa9896e082a1046ff4fbc75fcba4d18d1f2efc19
usr.sbin/spray/spray.8|man8/spray.8|279e87e092144ad6fb837e0d78da824a993a04df252e87b56dc0a23feac52dff|279e87e092144ad6fb837e0d78da824a993a04df252e87b56dc0a23feac52dff|fa9896e082a1046ff4fbc75fcba4d18d1f2efc19
usr.sbin/syslogd/syslogd.8|man8/syslogd.8|1f012bd6b93f4d943958ad1c955eaf45cc9c2abb34e58db009bffa6c30c88e2e|1f012bd6b93f4d943958ad1c955eaf45cc9c2abb34e58db009bffa6c30c88e2e|b2c76c41be32f904179efed29c0ca04d53f3996c
usr.sbin/sysrc/sysrc.8|man8/sysrc.8|d5e971520b13091f58d731d934a7f469fcb4ae2675ed34d2f3cf5a0a243cc601|d5e971520b13091f58d731d934a7f469fcb4ae2675ed34d2f3cf5a0a243cc601|fa9896e082a1046ff4fbc75fcba4d18d1f2efc19
usr.sbin/tcpdrop/tcpdrop.8|man8/tcpdrop.8|095cb724cd5d9c6fcfda08b5a885c1bd3cfe4b948a81773d7819b62c4da30bf0|095cb724cd5d9c6fcfda08b5a885c1bd3cfe4b948a81773d7819b62c4da30bf0|fa9896e082a1046ff4fbc75fcba4d18d1f2efc19
usr.sbin/tcpsso/tcpsso.8|man8/tcpsso.8|c16cac5ff42001232e1e1d77d01905d45b8cbc947a886ba64432cf58e8328fb1|c16cac5ff42001232e1e1d77d01905d45b8cbc947a886ba64432cf58e8328fb1|4d846d260e2b9a3d4d0a701462568268cbfe7a5b
usr.sbin/traceroute6/traceroute6.8|man8/traceroute6.8|0590bd18aba2df9623b1df8580176fd6a94581aaeae9c8d37c78d750f8c9d45b|0590bd18aba2df9623b1df8580176fd6a94581aaeae9c8d37c78d750f8c9d45b|fa9896e082a1046ff4fbc75fcba4d18d1f2efc19
usr.sbin/trim/trim.8|man8/trim.8|3c995b340224765025349798e743ba253b5cd1d8c2138c901a24f52dd57b1d36|3c995b340224765025349798e743ba253b5cd1d8c2138c901a24f52dd57b1d36|fa9896e082a1046ff4fbc75fcba4d18d1f2efc19
usr.sbin/tzsetup/tzsetup.8|man8/tzsetup.8|455cf3af8379a75139a32759a9b8d7e4e2c7d2f93775680f76af37f0c6df1656|455cf3af8379a75139a32759a9b8d7e4e2c7d2f93775680f76af37f0c6df1656|fa9896e082a1046ff4fbc75fcba4d18d1f2efc19
usr.sbin/uathload/uathload.8|man8/uathload.8|1604cf7d53bc69da6684878ddf46d9d865ded11e15a7216860ebfd3519cf5fa1|1604cf7d53bc69da6684878ddf46d9d865ded11e15a7216860ebfd3519cf5fa1|fa9896e082a1046ff4fbc75fcba4d18d1f2efc19
usr.sbin/uefisign/uefisign.8|man8/uefisign.8|f61300af7e2f4aab8bcbbeeecccfd1f03fb84dbc11a890c01976fa80fbb32b98|f61300af7e2f4aab8bcbbeeecccfd1f03fb84dbc11a890c01976fa80fbb32b98|fa9896e082a1046ff4fbc75fcba4d18d1f2efc19
usr.sbin/ugidfw/ugidfw.8|man8/ugidfw.8|8dd2a1628181360ac0f71bc173ae358a5db1bf2cadc90615051463f76cd81d2f|8dd2a1628181360ac0f71bc173ae358a5db1bf2cadc90615051463f76cd81d2f|fa9896e082a1046ff4fbc75fcba4d18d1f2efc19
usr.sbin/uhsoctl/uhsoctl.1|man1/uhsoctl.1|da65f10cdd022fc7c27e559fada06c505e384ba17aedfdc2a870f0c8372af4b2|da65f10cdd022fc7c27e559fada06c505e384ba17aedfdc2a870f0c8372af4b2|fa9896e082a1046ff4fbc75fcba4d18d1f2efc19
usr.sbin/usbconfig/usbconfig.8|man8/usbconfig.8|d39da38fa3c89a6ec2b7c910b313f9cc25296932c73d5bc4cb6c927595964c0d|d39da38fa3c89a6ec2b7c910b313f9cc25296932c73d5bc4cb6c927595964c0d|b2c76c41be32f904179efed29c0ca04d53f3996c
usr.sbin/usbdump/usbdump.8|man8/usbdump.8|e716bb2bb311de29855f2796879195f3b0f1d4ecb9062275c5773e2b33ea0f3e|e716bb2bb311de29855f2796879195f3b0f1d4ecb9062275c5773e2b33ea0f3e|fa9896e082a1046ff4fbc75fcba4d18d1f2efc19
usr.sbin/utx/utx.8|man8/utx.8|b510b26fffa660ae5a73876ce559c8da9863e61da3f24ad174e0c9dab8c68cd5|b510b26fffa660ae5a73876ce559c8da9863e61da3f24ad174e0c9dab8c68cd5|fa9896e082a1046ff4fbc75fcba4d18d1f2efc19
usr.sbin/valectl/valectl.8|man8/valectl.8|fa93c95e50cf47173980d0bed58fa82db62399599574edc6127b630bb14aa175|fa93c95e50cf47173980d0bed58fa82db62399599574edc6127b630bb14aa175|fa9896e082a1046ff4fbc75fcba4d18d1f2efc19
usr.sbin/vidcontrol/vidcontrol.1|man1/vidcontrol.1|1992d79242c3a77af1b1ada9fec540508751877c659b790384a3be327b603998|1992d79242c3a77af1b1ada9fec540508751877c659b790384a3be327b603998|b2c76c41be32f904179efed29c0ca04d53f3996c
usr.sbin/vigr/vigr.8|man8/vigr.8|c60c0eade1afc6e85dda4770475e1024726095bce63d5fbc86de509d087fa881|c60c0eade1afc6e85dda4770475e1024726095bce63d5fbc86de509d087fa881|fa9896e082a1046ff4fbc75fcba4d18d1f2efc19
usr.sbin/vipw/vipw.8|man8/vipw.8|22151b75d7bc651aa3d83bdc3ad689d7f23d5c663292cd4441d9aa8f09cd1898|22151b75d7bc651aa3d83bdc3ad689d7f23d5c663292cd4441d9aa8f09cd1898|b2c76c41be32f904179efed29c0ca04d53f3996c
usr.sbin/wake/wake.8|man8/wake.8|292e0932792db4d922c7f2fa2d3779779b2494b47344301b888c3c919da0bd97|292e0932792db4d922c7f2fa2d3779779b2494b47344301b888c3c919da0bd97|fa9896e082a1046ff4fbc75fcba4d18d1f2efc19
usr.sbin/watch/watch.8|man8/watch.8|744a834cdf6afa36ecec0b30d264052c1cb16d49a401a85bc5e55cc80db31f57|744a834cdf6afa36ecec0b30d264052c1cb16d49a401a85bc5e55cc80db31f57|fa9896e082a1046ff4fbc75fcba4d18d1f2efc19
usr.sbin/watchdogd/watchdog.8|man8/watchdog.8|e593c621f82d8f4783cc6aceb6d7f91dff6a0267f8daaac46c6c08399df988f0|e593c621f82d8f4783cc6aceb6d7f91dff6a0267f8daaac46c6c08399df988f0|fa9896e082a1046ff4fbc75fcba4d18d1f2efc19
usr.sbin/watchdogd/watchdogd.8|man8/watchdogd.8|3e212bb714f6b70a320fa800baac5c9e600a89e07ae02d6e82e360724aa26a1a|3e212bb714f6b70a320fa800baac5c9e600a89e07ae02d6e82e360724aa26a1a|fa9896e082a1046ff4fbc75fcba4d18d1f2efc19
usr.sbin/wlandebug/wlandebug.8|man8/wlandebug.8|3d92fc59c4b0bf7a4b04be4ded6a73b915178bf06c147789ce7cfbcaa818a98f|3d92fc59c4b0bf7a4b04be4ded6a73b915178bf06c147789ce7cfbcaa818a98f|fa9896e082a1046ff4fbc75fcba4d18d1f2efc19
usr.sbin/wpa/hostapd/hostapd.8|man8/hostapd.8|8011d80b82eec43ff42ac2a08c24cdf3ca5b74e7de89b378d28108a1ee17e6b9|8011d80b82eec43ff42ac2a08c24cdf3ca5b74e7de89b378d28108a1ee17e6b9|fa9896e082a1046ff4fbc75fcba4d18d1f2efc19
usr.sbin/wpa/hostapd_cli/hostapd_cli.8|man8/hostapd_cli.8|945efddaf5468163500fe410c54d78ec9c9e86081ab6de900cfbb5835ea18a7b|945efddaf5468163500fe410c54d78ec9c9e86081ab6de900cfbb5835ea18a7b|fa9896e082a1046ff4fbc75fcba4d18d1f2efc19
usr.sbin/wpa/wpa_cli/wpa_cli.8|man8/wpa_cli.8|ccea04893b0c799fac891757c0a67afce64d2e3f3f168afa6e1d97bab5c703e5|ccea04893b0c799fac891757c0a67afce64d2e3f3f168afa6e1d97bab5c703e5|fa9896e082a1046ff4fbc75fcba4d18d1f2efc19
usr.sbin/wpa/wpa_passphrase/wpa_passphrase.8|man8/wpa_passphrase.8|6975e6f3a4d3539f752a6bf18dae965fd76798e1498dbe65076fc52aeb0fbcd9|6975e6f3a4d3539f752a6bf18dae965fd76798e1498dbe65076fc52aeb0fbcd9|fa9896e082a1046ff4fbc75fcba4d18d1f2efc19
usr.sbin/wpa/wpa_supplicant/wpa_supplicant.8|man8/wpa_supplicant.8|a5a9ea16a730576c376c4a3f4649cb2ef3c6a0a83567560fdcafb2bfb33c2cc8|a5a9ea16a730576c376c4a3f4649cb2ef3c6a0a83567560fdcafb2bfb33c2cc8|fa9896e082a1046ff4fbc75fcba4d18d1f2efc19
usr.sbin/yp_mkdb/yp_mkdb.8|man8/yp_mkdb.8|deed6fffa65ac1a8313f87c4b2749b88e0269013a5d21dbb41516ca812e736df|deed6fffa65ac1a8313f87c4b2749b88e0269013a5d21dbb41516ca812e736df|fa9896e082a1046ff4fbc75fcba4d18d1f2efc19
usr.sbin/ypbind/ypbind.8|man8/ypbind.8|cc5ff337962bc9a82a11fea53d09b5293a4f580f384cd38b33df961938fad7de|cc5ff337962bc9a82a11fea53d09b5293a4f580f384cd38b33df961938fad7de|fa9896e082a1046ff4fbc75fcba4d18d1f2efc19
usr.sbin/ypldap/ypldap.8|man8/ypldap.8|adbf5901c7457680487788463962b523e5439b6d681779e56d1a736c00225e30|adbf5901c7457680487788463962b523e5439b6d681779e56d1a736c00225e30|b2c76c41be32f904179efed29c0ca04d53f3996c
usr.sbin/yppoll/yppoll.8|man8/yppoll.8|0dc1930aea544d62713d5245c2af7847b5e77f558122f6d90d363f32ac0a75ca|0dc1930aea544d62713d5245c2af7847b5e77f558122f6d90d363f32ac0a75ca|b2c76c41be32f904179efed29c0ca04d53f3996c
usr.sbin/yppush/yppush.8|man8/yppush.8|29970fbaa8fb38f3b07e6f628dee45875dd97b0c9dc7b08259ea604d7c733f70|29970fbaa8fb38f3b07e6f628dee45875dd97b0c9dc7b08259ea604d7c733f70|fa9896e082a1046ff4fbc75fcba4d18d1f2efc19
usr.sbin/ypserv/ypinit.8|man8/ypinit.8|8c73a2db64388bd306b72fe655123f9ffde4f29a1c2403d9d298c71d0d855e0d|8c73a2db64388bd306b72fe655123f9ffde4f29a1c2403d9d298c71d0d855e0d|fa9896e082a1046ff4fbc75fcba4d18d1f2efc19
usr.sbin/ypserv/ypserv.8|man8/ypserv.8|8a1bf2a862789cdd83de864d10aa6fb5a84e61178e4ae2e1daf3dc86f7d1f6ed|8a1bf2a862789cdd83de864d10aa6fb5a84e61178e4ae2e1daf3dc86f7d1f6ed|fa9896e082a1046ff4fbc75fcba4d18d1f2efc19
usr.sbin/ypset/ypset.8|man8/ypset.8|6b6f6d466d5a4929616ddfa658582fddead46a6a6c73589ed52dad0764e13c0d|6b6f6d466d5a4929616ddfa658582fddead46a6a6c73589ed52dad0764e13c0d|fa9896e082a1046ff4fbc75fcba4d18d1f2efc19
usr.sbin/zonectl/zonectl.8|man8/zonectl.8|5a52ebf90d91968d23d3abc6e9ff844f2b11792cd75a3ac23e3bbfbe3043906a|5a52ebf90d91968d23d3abc6e9ff844f2b11792cd75a3ac23e3bbfbe3043906a|fa9896e082a1046ff4fbc75fcba4d18d1f2efc19
usr.sbin/zzz/zzz.8|man8/zzz.8|7b8d86e70d508ca91ffe1574a6247699b4f67a29a5cbb4953130449266e9598e|7b8d86e70d508ca91ffe1574a6247699b4f67a29a5cbb4953130449266e9598e|fa9896e082a1046ff4fbc75fcba4d18d1f2efc19
