# Format: src_path|target_path|orig_hash|last_existed_orig_hash|git_commit_hash
# Generated by man-tr-scan.sh. Do not edit manually.
bin/cat/cat.1|man1/cat.1|48dd1741c9daf1b3db4a289866165429357aa7574bb2b4412de09ac880ff782b|48dd1741c9daf1b3db4a289866165429357aa7574bb2b4412de09ac880ff782b|10b84b88f08afed6850a21c1ccffeed9f9fc607b
bin/chflags/chflags.1|man1/chflags.1|1956de5102c3521de3352348ebcb76abbf28168e9988b199a4db185db08cd135|1956de5102c3521de3352348ebcb76abbf28168e9988b199a4db185db08cd135|90aea514c6249118e880d75972d063362f4bf492
bin/chio/chio.1|man1/chio.1|201cd5177c59025c3976f71865da7f40c62ceff4d90ed8475127d138aa2821a1|201cd5177c59025c3976f71865da7f40c62ceff4d90ed8475127d138aa2821a1|fa9896e082a1046ff4fbc75fcba4d18d1f2efc19
bin/chmod/chmod.1|man1/chmod.1|16b07ab041f93a87ff6886d9543de92a7cf92b3e1fd1cc25475930c62570a29f|16b07ab041f93a87ff6886d9543de92a7cf92b3e1fd1cc25475930c62570a29f|90aea514c6249118e880d75972d063362f4bf492
bin/cp/cp.1|man1/cp.1|4029015f641eae2b0cb0d502a665ee8700ee310a4daefc3e0d9dc0ac6dc4931f|4029015f641eae2b0cb0d502a665ee8700ee310a4daefc3e0d9dc0ac6dc4931f|2d6b33f801d5352b8e078db83f6c90f6fe8291bb
bin/cpuset/cpuset.1|man1/cpuset.1|b9752bcd33438d926fb7f8e738632272ed68e70136efd4c38ae1f0713514d6c6|b9752bcd33438d926fb7f8e738632272ed68e70136efd4c38ae1f0713514d6c6|fa9896e082a1046ff4fbc75fcba4d18d1f2efc19
bin/date/date.1|man1/date.1|1db2a16134d386a35ee7e75c0bd930e028856e5db882996abece4218a60e73cd|1db2a16134d386a35ee7e75c0bd930e028856e5db882996abece4218a60e73cd|21628c79d541b55b5e60231cefec73ca31719b6d
bin/dd/dd.1|man1/dd.1|64fc91dccbeaef50e3f011590fcb6341c4c0c9e64e5fcb4dcde848ce0ef7c15a|64fc91dccbeaef50e3f011590fcb6341c4c0c9e64e5fcb4dcde848ce0ef7c15a|90aea514c6249118e880d75972d063362f4bf492
bin/df/df.1|man1/df.1|ff21dc1b1524a353fad453159f45167a66427f7bd05688d9c6e070cd1c2fea4f|ff21dc1b1524a353fad453159f45167a66427f7bd05688d9c6e070cd1c2fea4f|cc61a0793a0e7db8601e5eba1242befb810a5844
bin/domainname/domainname.1|man1/domainname.1|2ed2c94c6b381869ba6573aa1c445b7d990f0558ceec25268b63059393c4d267|2ed2c94c6b381869ba6573aa1c445b7d990f0558ceec25268b63059393c4d267|90405e1d63ff919705422745f19a8b56a37f5ac0
bin/echo/echo.1|man1/echo.1|ffd12085131967b4ace8cfe69a337148497a6943db1fd41582e5c09695a7fdb3|ffd12085131967b4ace8cfe69a337148497a6943db1fd41582e5c09695a7fdb3|7e68976408e4df21e120e2d6440392302cac84f3
bin/ed/ed.1|man1/ed.1|17fc06379b651da1330490dded3c250507dfb8fe06ed5c28182dade910ae87b7|17fc06379b651da1330490dded3c250507dfb8fe06ed5c28182dade910ae87b7|84886bf93ae96ee4d19cd7f31696ba368cabddae
bin/expr/expr.1|man1/expr.1|23d961c0927f87387fef7457adb5e51805aa37aef623af915e70b2ad06f7ce0a|23d961c0927f87387fef7457adb5e51805aa37aef623af915e70b2ad06f7ce0a|fa9896e082a1046ff4fbc75fcba4d18d1f2efc19
bin/freebsd-version/freebsd-version.1|man1/freebsd-version.1|f85823a2852b2613a8ce56205eac329c628b103b5d4801e116e4c2a72af2a894|f85823a2852b2613a8ce56205eac329c628b103b5d4801e116e4c2a72af2a894|fcc3096f004116d8bb8a753bb2f2181f2949a806
bin/getfacl/getfacl.1|man1/getfacl.1|490907499f73d7add81a5c8a54b3835327816001cb9f1a10cbefea4762663db7|490907499f73d7add81a5c8a54b3835327816001cb9f1a10cbefea4762663db7|8bf37c868f45e73345b791f9abc6c5a07a1629db
bin/hostname/hostname.1|man1/hostname.1|7b9bb0cebd93ebe97ec1dcd1ec2cf50569999ba42a68f7ab8d5c4b5fe8d34773|7b9bb0cebd93ebe97ec1dcd1ec2cf50569999ba42a68f7ab8d5c4b5fe8d34773|26cf4a61f693339ca261d3acaf4d01290acc525e
bin/kenv/kenv.1|man1/kenv.1|12b3bdf5a0e4f3db6e605fc5bbd8dd7a2eb4a46a017fe7d48ff51e433d56b3ad|12b3bdf5a0e4f3db6e605fc5bbd8dd7a2eb4a46a017fe7d48ff51e433d56b3ad|fa9896e082a1046ff4fbc75fcba4d18d1f2efc19
bin/kill/kill.1|man1/kill.1|bbcddd8edb9c085e9251f6b2a4cd431ac86f9c9a52dfffe5131cc4becf9d1874|bbcddd8edb9c085e9251f6b2a4cd431ac86f9c9a52dfffe5131cc4becf9d1874|d6c2d4fe975c70975bdc6bec76d044408f6dcb8c
bin/ln/ln.1|man1/ln.1|75707f9c251c5f9eeabc523bbaf0850dcf34a98e53d6db3349a1737a99c82fef|75707f9c251c5f9eeabc523bbaf0850dcf34a98e53d6db3349a1737a99c82fef|90aea514c6249118e880d75972d063362f4bf492
bin/ls/ls.1|man1/ls.1|f4a811d5c5de5d42afda3e801d0af515744aba3537f675d947df095d4987f271|f4a811d5c5de5d42afda3e801d0af515744aba3537f675d947df095d4987f271|4ed2448a4f2b32d0c4055c282e4cc2b691d621ed
bin/mkdir/mkdir.1|man1/mkdir.1|af69cb32a64ab0195806cd9716b38749edd39e6d1198ff2aff1d06f4ff0288c5|af69cb32a64ab0195806cd9716b38749edd39e6d1198ff2aff1d06f4ff0288c5|90aea514c6249118e880d75972d063362f4bf492
bin/mv/mv.1|man1/mv.1|2e8eb33de5438eac448ee54f25351d4dd35876590dec2dabff561927fb61d735|2e8eb33de5438eac448ee54f25351d4dd35876590dec2dabff561927fb61d735|90aea514c6249118e880d75972d063362f4bf492
bin/nproc/nproc.1|man1/nproc.1|c4503df6517aa66a7698c62b79a480901f2980548bde7c50f6be437f253ad583|c4503df6517aa66a7698c62b79a480901f2980548bde7c50f6be437f253ad583|1e078fb6021ebb5ccfb092fe9e5befcf4054ac0b
bin/pax/pax.1|man1/pax.1|bd789ca6e50eb0bc8ea656c3070270e7dfbb52d40764831631645277a3212941|bd789ca6e50eb0bc8ea656c3070270e7dfbb52d40764831631645277a3212941|90aea514c6249118e880d75972d063362f4bf492
bin/pkill/pkill.1|man1/pkill.1|c626bea9440df89a280e8ddcb51f2e8f259f83d4a23a9f1c04a9842f953c8b3d|c626bea9440df89a280e8ddcb51f2e8f259f83d4a23a9f1c04a9842f953c8b3d|88a2d48d39d9845e36c8e95a9204001b11e7257e
bin/ps/ps.1|man1/ps.1|4e235480969a2d2e8aaa15ed4806792cea4f7265286031a8bdb5dca62256c7a7|4e235480969a2d2e8aaa15ed4806792cea4f7265286031a8bdb5dca62256c7a7|cc61a0793a0e7db8601e5eba1242befb810a5844
bin/pwait/pwait.1|man1/pwait.1|46947ad7d85905a76e00edd6eaf19d02136470a3248009d46544c247c2274c6c|46947ad7d85905a76e00edd6eaf19d02136470a3248009d46544c247c2274c6c|b763c111ad2ecc22387b07f71842b1b1ab317835
bin/pwd/pwd.1|man1/pwd.1|31caee3d57082c743e2c096977df2e6f50b76cce2915947b5902f5e24f9b68a7|31caee3d57082c743e2c096977df2e6f50b76cce2915947b5902f5e24f9b68a7|90aea514c6249118e880d75972d063362f4bf492
bin/realpath/realpath.1|man1/realpath.1|bb502a2dc91d3253650d694c5b102302e9c285de4f5eff1a393f48128ab05f67|bb502a2dc91d3253650d694c5b102302e9c285de4f5eff1a393f48128ab05f67|90aea514c6249118e880d75972d063362f4bf492
bin/rm/rm.1|man1/rm.1|7a0c01242dd084bfacf8e5a1296b00a72ca4637ee9b441ec4faa567f78afdfe7|7a0c01242dd084bfacf8e5a1296b00a72ca4637ee9b441ec4faa567f78afdfe7|90aea514c6249118e880d75972d063362f4bf492
bin/rmdir/rmdir.1|man1/rmdir.1|291ca56d642beb216d187c5c4e5ceebba7cd950b056d3b9abb8d1288da73b8aa|291ca56d642beb216d187c5c4e5ceebba7cd950b056d3b9abb8d1288da73b8aa|6e1fc0118033f42b7c0d3623c8f67a89ebecabb2
bin/setfacl/setfacl.1|man1/setfacl.1|1a2d2fb9ee3d81621b3b0953d77af982de4de6a69c30a79add5c5743b2d8ecff|1a2d2fb9ee3d81621b3b0953d77af982de4de6a69c30a79add5c5743b2d8ecff|fa9896e082a1046ff4fbc75fcba4d18d1f2efc19
bin/sh/sh.1|man1/sh.1|7b5afea0cacff3373f3d4ebe10b36d39b6ce439687bbe54877cc9c95202c9440|7b5afea0cacff3373f3d4ebe10b36d39b6ce439687bbe54877cc9c95202c9440|868a119cf4d2a0ebf566cf39961fef0051e56c90
bin/sleep/sleep.1|man1/sleep.1|357c7d7441cf903932f0febb8d4d42720e31573b695354f5b290248e2b4f64ca|357c7d7441cf903932f0febb8d4d42720e31573b695354f5b290248e2b4f64ca|2295cae7e606d75016575927c3d8729745abb17a
bin/stty/stty.1|man1/stty.1|5212fcfa53608f332070dc4bfd25f29c7ea67dea2367ee27e3439f4aa69543f6|5212fcfa53608f332070dc4bfd25f29c7ea67dea2367ee27e3439f4aa69543f6|90aea514c6249118e880d75972d063362f4bf492
bin/sync/sync.8|man8/sync.8|9e4cd8f43094f8ad30ee5bc8cdc1a06d8a117f160b09f62ed8aa513432803034|9e4cd8f43094f8ad30ee5bc8cdc1a06d8a117f160b09f62ed8aa513432803034|177ba183076bd6fe6b29b1d657b954cca256506b
bin/test/test.1|man1/test.1|197cf89768a68cba6513f7bd45263ad9ab3b5beec85964c16108e04e96caeb16|197cf89768a68cba6513f7bd45263ad9ab3b5beec85964c16108e04e96caeb16|90aea514c6249118e880d75972d063362f4bf492
bin/timeout/timeout.1|man1/timeout.1|20d26624ec376838ba2d019a5d45151e288f9e5b0342187a0e691f88658b7117|20d26624ec376838ba2d019a5d45151e288f9e5b0342187a0e691f88658b7117|c362781c8d6a878ac93f3debc45d401bd5296eee
bin/uuidgen/uuidgen.1|man1/uuidgen.1|f1e69105a5ac58d54b04040dfbc22e3a0aeb75d82ec020665fe20b0c70f60e14|f1e69105a5ac58d54b04040dfbc22e3a0aeb75d82ec020665fe20b0c70f60e14|abed9ab6eaad625ab9059d9799694876a4ae5b07
cddl/contrib/opensolaris/cmd/dtrace/dtrace.1|man1/dtrace.1|12201ec0e0a194748ff414fba50e51e4d7a830d5289af876a7997a1e8596bbcc|12201ec0e0a194748ff414fba50e51e4d7a830d5289af876a7997a1e8596bbcc|1acfb873cf2e59f9ddf53602cbc67fa810c878a6
cddl/contrib/opensolaris/cmd/lockstat/lockstat.1|man1/lockstat.1|84435bd9cc0305e6acd8b1869882ca16487e700f20f023a175207f170e4e9470|84435bd9cc0305e6acd8b1869882ca16487e700f20f023a175207f170e4e9470|f53355131f65d64e7643d734dbcd4fb2a5de20ed
cddl/usr.bin/ctfconvert/ctfconvert.1|man1/ctfconvert.1|f2784528fe6a1816a4810bdd798cb7da9334bc4ece021f14e5ad75faa21442d7|f2784528fe6a1816a4810bdd798cb7da9334bc4ece021f14e5ad75faa21442d7|3fd42db26c3dd0882cf69c54850a59e79b027e33
cddl/usr.bin/ctfdump/ctfdump.1|man1/ctfdump.1|dafc3852261e508b9edd96ff24f3b1f2ae156c6346e6a060985bd572e89154e4|dafc3852261e508b9edd96ff24f3b1f2ae156c6346e6a060985bd572e89154e4|fa9896e082a1046ff4fbc75fcba4d18d1f2efc19
cddl/usr.bin/ctfmerge/ctfmerge.1|man1/ctfmerge.1|204a6b7c845c7a52cd09248f4698ff8bb807c61c62c1a06e139dcde447b80f51|204a6b7c845c7a52cd09248f4698ff8bb807c61c62c1a06e139dcde447b80f51|fa9896e082a1046ff4fbc75fcba4d18d1f2efc19
cddl/usr.sbin/dwatch/dwatch.1|man1/dwatch.1|ae702d481ab2552c4baf1e0f950a53727ca36d2ea810a35c71d02233f0960838|ae702d481ab2552c4baf1e0f950a53727ca36d2ea810a35c71d02233f0960838|7fbe9f370c319a71ac6adb0287389d419eb28ef4
cddl/usr.sbin/plockstat/plockstat.1|man1/plockstat.1|340e17d78b0b6b3c5fd70ff061d5f90c680c72f2804840923961937bd9d160a2|340e17d78b0b6b3c5fd70ff061d5f90c680c72f2804840923961937bd9d160a2|fa9896e082a1046ff4fbc75fcba4d18d1f2efc19
cddl/usr.sbin/zfsd/zfsd.8|man8/zfsd.8|3b7dbf07450fb7021ee5f221ee9714b0108650742f79af8b1e71128a2db71f98|3b7dbf07450fb7021ee5f221ee9714b0108650742f79af8b1e71128a2db71f98|c801836ff43deea3c86935abcad1069bfcd3989c
contrib/atf/atf-sh/atf-check.1|man1/atf-check.1|0cf36cc17045c7820d2647e2e37180671773de3641a73b0c7e5fd449d3d23c37|0cf36cc17045c7820d2647e2e37180671773de3641a73b0c7e5fd449d3d23c37|c203bd70b5957f85616424b6fa374479372d06e3
contrib/atf/atf-sh/atf-sh.1|man1/atf-sh.1|94201c5f7fae55cd937fcd19eea367d6451e02708479e6fc3fc319ee1b74d23d|94201c5f7fae55cd937fcd19eea367d6451e02708479e6fc3fc319ee1b74d23d|b93c1b1a3b046e4d36d85cb7265c25e19b793388
contrib/atf/doc/atf-test-program.1|man1/atf-test-program.1|4345092c9734875112ac7b104337af71c7dd67e29fac36e21a6924310424aad7|4345092c9734875112ac7b104337af71c7dd67e29fac36e21a6924310424aad7|0677dfd1c4dadb62482e2c72fa4c6720902128a4
contrib/bc/manuals/bc/A.1|man1/A.1|f7df3907d6edc03ca2b094017bf3fa8a351edd5dbd1c3b0fc7a0b909d78fcb88|f7df3907d6edc03ca2b094017bf3fa8a351edd5dbd1c3b0fc7a0b909d78fcb88|4c178fe36e01f84f3c65f6953cbe8dbe5b3fc908
contrib/bc/manuals/bc/E.1|man1/E.1|c9232b0228bf0c4f10f9e4979038588754fc425c8b8aa7b6fce3f849045a72be|c9232b0228bf0c4f10f9e4979038588754fc425c8b8aa7b6fce3f849045a72be|4c178fe36e01f84f3c65f6953cbe8dbe5b3fc908
contrib/bc/manuals/bc/EH.1|man1/EH.1|102bbed1d67e5f3563c2859d1062c3fd65177c3d0655bc3144eaa74bd36c3162|102bbed1d67e5f3563c2859d1062c3fd65177c3d0655bc3144eaa74bd36c3162|4c178fe36e01f84f3c65f6953cbe8dbe5b3fc908
contrib/bc/manuals/bc/EHN.1|man1/EHN.1|666ac2631b97733a83a4ef0b95b7e3f075f9adc97e57c6e33c9c71ef414ee105|666ac2631b97733a83a4ef0b95b7e3f075f9adc97e57c6e33c9c71ef414ee105|4c178fe36e01f84f3c65f6953cbe8dbe5b3fc908
contrib/bc/manuals/bc/EN.1|man1/EN.1|c434f1b45607465f35acb5fef7d0b38d37c1114e760515ce7d9cfb647410b657|c434f1b45607465f35acb5fef7d0b38d37c1114e760515ce7d9cfb647410b657|4c178fe36e01f84f3c65f6953cbe8dbe5b3fc908
contrib/bc/manuals/bc/H.1|man1/H.1|d49c36a541682539ef4154ff844cbb5855da9ce044a7a435156ce30d119eead1|d49c36a541682539ef4154ff844cbb5855da9ce044a7a435156ce30d119eead1|4c178fe36e01f84f3c65f6953cbe8dbe5b3fc908
contrib/bc/manuals/bc/HN.1|man1/HN.1|0d0ddf230b2cc06f64547ecc9055ab3b8349a231e0e7c74bef6998a7901d4461|0d0ddf230b2cc06f64547ecc9055ab3b8349a231e0e7c74bef6998a7901d4461|4c178fe36e01f84f3c65f6953cbe8dbe5b3fc908
contrib/bc/manuals/bc/N.1|man1/N.1|7bae3cd90a095c86b9302dd972d0f9b55fedfe8cca1020499190b6b554feaa6c|7bae3cd90a095c86b9302dd972d0f9b55fedfe8cca1020499190b6b554feaa6c|4c178fe36e01f84f3c65f6953cbe8dbe5b3fc908
contrib/bc/manuals/dc/A.1|man1/A.1|6f39ac1a75a4a45b06684c2df04e1e4fe4a6c70bbdf68f9754275aefeef92874|6f39ac1a75a4a45b06684c2df04e1e4fe4a6c70bbdf68f9754275aefeef92874|4c178fe36e01f84f3c65f6953cbe8dbe5b3fc908
contrib/bc/manuals/dc/E.1|man1/E.1|66cf1aa29900964872375902ed463baecd9ab80a887642652c81f0186666bb47|66cf1aa29900964872375902ed463baecd9ab80a887642652c81f0186666bb47|4c178fe36e01f84f3c65f6953cbe8dbe5b3fc908
contrib/bc/manuals/dc/EH.1|man1/EH.1|3d6555ad544b0b8fd0f2d9b120000eeb1bcfa62d601e12465043c60cd215f75f|3d6555ad544b0b8fd0f2d9b120000eeb1bcfa62d601e12465043c60cd215f75f|4c178fe36e01f84f3c65f6953cbe8dbe5b3fc908
contrib/bc/manuals/dc/EHN.1|man1/EHN.1|1fe6acd533ac8bc7493cdcc77e10f70c7505671e896faff2973eb9e7b85078f2|1fe6acd533ac8bc7493cdcc77e10f70c7505671e896faff2973eb9e7b85078f2|4c178fe36e01f84f3c65f6953cbe8dbe5b3fc908
contrib/bc/manuals/dc/EN.1|man1/EN.1|2e9502cfc2389061a53856efff1f941d762210318f59d56f8879a1acaa050a4d|2e9502cfc2389061a53856efff1f941d762210318f59d56f8879a1acaa050a4d|4c178fe36e01f84f3c65f6953cbe8dbe5b3fc908
contrib/bc/manuals/dc/H.1|man1/H.1|5ddd9f0145bd76e3ffd7dbfecb48ab27825c4682bcc7aac8c5dd534b30589363|5ddd9f0145bd76e3ffd7dbfecb48ab27825c4682bcc7aac8c5dd534b30589363|4c178fe36e01f84f3c65f6953cbe8dbe5b3fc908
contrib/bc/manuals/dc/HN.1|man1/HN.1|df8009b10e194f30822b635c97113b1d71785fbe9a9386d9434fb8523f68709b|df8009b10e194f30822b635c97113b1d71785fbe9a9386d9434fb8523f68709b|4c178fe36e01f84f3c65f6953cbe8dbe5b3fc908
contrib/bc/manuals/dc/N.1|man1/N.1|c59bde85323eba5f19831727c2d4685e209164d54d206269f9f3a92283ead5d5|c59bde85323eba5f19831727c2d4685e209164d54d206269f9f3a92283ead5d5|4c178fe36e01f84f3c65f6953cbe8dbe5b3fc908
contrib/blocklist/bin/blacklistctl.8|man8/blacklistctl.8|7a03c0e875ad96c58c3536002ef5791f407c4603dcce2ae85c868998858944b5|7a03c0e875ad96c58c3536002ef5791f407c4603dcce2ae85c868998858944b5|c4f2ac409c98536a97c0ec7e6dbb09f36f2b18ba
contrib/blocklist/bin/blacklistd.8|man8/blacklistd.8|d3b3fe275f256365a709fa4d83f38a4a5cdf9b25a125e958d6cb0b5308353adc|d3b3fe275f256365a709fa4d83f38a4a5cdf9b25a125e958d6cb0b5308353adc|621d4b1d01d55567de08ccec98120be5be7d257b
contrib/blocklist/bin/blocklistctl.8|man8/blocklistctl.8|a3be06a942f7cf0abf53d38383bc2d30f7cd7c1007e74b2883e3c33d96dc2ee0|a3be06a942f7cf0abf53d38383bc2d30f7cd7c1007e74b2883e3c33d96dc2ee0|4afb96fdd272c2dd5863482529825be2686dcd7f
contrib/blocklist/bin/blocklistd.8|man8/blocklistd.8|b6af32116e8f5608dd3f0e61c6b268a5187745f7bd13adff7da8c631b386eab5|b6af32116e8f5608dd3f0e61c6b268a5187745f7bd13adff7da8c631b386eab5|e2dcc9fc4d2e6722190cf15bc5bf5dc2e9132ab5
contrib/bmake/bmake.1|man1/bmake.1|2c01128622dcaaecbaca46c86452f27cf4c80b64a035dc71d0170d87f5b0c672|2c01128622dcaaecbaca46c86452f27cf4c80b64a035dc71d0170d87f5b0c672|a8c56be47166295d37600ff81fc1857db87b3a9b
contrib/bmake/make.1|man1/make.1|6621ba1f0dac907c24730252dc189f1e99d8a1f614d6e1e4fcdf434e1d0e8b0f|6621ba1f0dac907c24730252dc189f1e99d8a1f614d6e1e4fcdf434e1d0e8b0f|a8c56be47166295d37600ff81fc1857db87b3a9b
contrib/bsddialog/utility/bsddialog.1|man1/bsddialog.1|af7618b68569401a8a0947097b003bbed1e75f294f2ce93ad299ce284cc056be|af7618b68569401a8a0947097b003bbed1e75f294f2ce93ad299ce284cc056be|0595e10ec77383a3038c45fbd9fcdb6922c971fe
contrib/bsnmp/gensnmpdef/gensnmpdef.1|man1/gensnmpdef.1|bf652f3e132dd5ff585a786e5703584262dc6a8eecac63becb248dc3a81265bd|bf652f3e132dd5ff585a786e5703584262dc6a8eecac63becb248dc3a81265bd|e1d581b289848ffa97c452756dc52d45efb68a01
contrib/bsnmp/gensnmptree/gensnmptree.1|man1/gensnmptree.1|c814420483a9921953d26522932ad076f7216e5a25daeded87c4097898179ce2|c814420483a9921953d26522932ad076f7216e5a25daeded87c4097898179ce2|4ac8f4067096a9d4a00e41cd53bd5c4fa295fd15
contrib/bsnmp/snmpd/bsnmpd.1|man1/bsnmpd.1|a5c6fc557c885512f233497362ffa0d57b9a249e50a2c100bc74236db8857639|a5c6fc557c885512f233497362ffa0d57b9a249e50a2c100bc74236db8857639|9ea0bf43e58287466ad183fe758a01498ede4259
contrib/byacc/yacc.1|man1/yacc.1|22de5f75cadccb46c93f41ee2c1edab7a7e7b81051334257e005fbbbfee8a4da|22de5f75cadccb46c93f41ee2c1edab7a7e7b81051334257e005fbbbfee8a4da|822ca3276345b4a67ccbc9b54616d8b205fd37f2
contrib/bzip2/bzip2.1|man1/bzip2.1|396f0caae5a6d108e6315298e76f64723b5e6bfd090869862260035c8c60fab3|396f0caae5a6d108e6315298e76f64723b5e6bfd090869862260035c8c60fab3|51f61fc0c7ece7a30c737341e65455841bc3f04e
contrib/com_err/compile_et.1|man1/compile_et.1|95ab8b4ab558d03c3611385203316940f31413fe0ea08cb4d1a834df15edd568|95ab8b4ab558d03c3611385203316940f31413fe0ea08cb4d1a834df15edd568|aa12cea2ccc6e686d6d31cf67d6bc69cbc1ba744
contrib/dialog/dialog.1|man1/dialog.1|389c3ca672deb402d7ff0961d63a0ac2f02e99c524bc75b3c9116f5b916098f2|389c3ca672deb402d7ff0961d63a0ac2f02e99c524bc75b3c9116f5b916098f2|a96ef4501919d7ac08e94e98dc34b0bdd744802b
contrib/diff/man/cmp.1|man1/cmp.1|9d777c0bbe51abd4d6d92adff3908c2ad349ef0f50f48109809f7d5c874f231f|9d777c0bbe51abd4d6d92adff3908c2ad349ef0f50f48109809f7d5c874f231f|18fd37a72c3a7549d2d4f6c6ea00bdcd2bdaca01
contrib/diff/man/diff.1|man1/diff.1|59619786650a769ec2826dc6cad8294b541ca9fecd51114906b34fe3b900f1df|59619786650a769ec2826dc6cad8294b541ca9fecd51114906b34fe3b900f1df|18fd37a72c3a7549d2d4f6c6ea00bdcd2bdaca01
contrib/diff/man/diff3.1|man1/diff3.1|9ccabb2a40355929413320c2fae76db8812a8793c49cfbd163c1e10c37b0ccac|9ccabb2a40355929413320c2fae76db8812a8793c49cfbd163c1e10c37b0ccac|998db43a8d31330a111205a1bba9707883de8610
contrib/diff/man/sdiff.1|man1/sdiff.1|930d853f4ec680cc60696b42244c6d361dcb8cb1fc7983840dfc7d65a05aa134|930d853f4ec680cc60696b42244c6d361dcb8cb1fc7983840dfc7d65a05aa134|18fd37a72c3a7549d2d4f6c6ea00bdcd2bdaca01
contrib/dma/dma.8|man8/dma.8|820345fd83d46d435bcf1e32f10c9fb479ef7217fa42b79b627dea84869802da|820345fd83d46d435bcf1e32f10c9fb479ef7217fa42b79b627dea84869802da|fbe95b885f3431b1d8003545b32e8ffa88f2d16b
contrib/ee/ee.1|man1/ee.1|c75ab5c8ad54d6d3b9c0b28de5a1d7ee9a8af953a19db919f6b76e6fea06598e|c75ab5c8ad54d6d3b9c0b28de5a1d7ee9a8af953a19db919f6b76e6fea06598e|6580cc162dd5297b520fe1be21579bc787974ffb
contrib/elftoolchain/addr2line/addr2line.1|man1/addr2line.1|5b2498976159be2ac73262e1bad38144001aa8e51dc21ea558b2b312a8f8c9df|5b2498976159be2ac73262e1bad38144001aa8e51dc21ea558b2b312a8f8c9df|ae500c1ff8974130f7f2692772cf288b90349e0d
contrib/elftoolchain/ar/ar.1|man1/ar.1|4580ea21d5d99301f91802853b45202bda78b20775f6350b430113f9a901a44c|4580ea21d5d99301f91802853b45202bda78b20775f6350b430113f9a901a44c|ae500c1ff8974130f7f2692772cf288b90349e0d
contrib/elftoolchain/ar/ranlib.1|man1/ranlib.1|ccedff617c7066943148d85f61a45569f32891121599e80c4625f03b5aaea12c|ccedff617c7066943148d85f61a45569f32891121599e80c4625f03b5aaea12c|ae500c1ff8974130f7f2692772cf288b90349e0d
contrib/elftoolchain/brandelf/brandelf.1|man1/brandelf.1|f90e477636f0c2660b9a56e19cf00a805e036bc9bc3d365ca01d55f3b8b3991d|f90e477636f0c2660b9a56e19cf00a805e036bc9bc3d365ca01d55f3b8b3991d|656f49f8e2b0656824a5f10aeb760a00fdd3753f
contrib/elftoolchain/cxxfilt/c++filt.1|man1/c++filt.1|0f0bf096a8a5d2abe2718f125149689862faf8035766c8ee77e138caf06596c8|0f0bf096a8a5d2abe2718f125149689862faf8035766c8ee77e138caf06596c8|ae500c1ff8974130f7f2692772cf288b90349e0d
contrib/elftoolchain/elfcopy/elfcopy.1|man1/elfcopy.1|f37e6a638a924237f7dc12cb3647cfa48dd7b0a6078f4dc9c39d0334a70eb4c0|f37e6a638a924237f7dc12cb3647cfa48dd7b0a6078f4dc9c39d0334a70eb4c0|ae500c1ff8974130f7f2692772cf288b90349e0d
contrib/elftoolchain/elfcopy/mcs.1|man1/mcs.1|caf12eedb536b6250f461fc1dd54a21461c990e79b73cf9e657e8405383f383e|caf12eedb536b6250f461fc1dd54a21461c990e79b73cf9e657e8405383f383e|ae500c1ff8974130f7f2692772cf288b90349e0d
contrib/elftoolchain/elfcopy/strip.1|man1/strip.1|47ddea6087e17da8cb1416c5615c31cd407822d0888d8ab59c1599211e838866|47ddea6087e17da8cb1416c5615c31cd407822d0888d8ab59c1599211e838866|36d7818975359fd2aacb19e4f9442a841dc954bb
contrib/elftoolchain/elfdump/elfdump.1|man1/elfdump.1|da1bd0b1328e1c12757869990dd370d788dd9130ffc2f16e97055fd092a95e17|da1bd0b1328e1c12757869990dd370d788dd9130ffc2f16e97055fd092a95e17|656f49f8e2b0656824a5f10aeb760a00fdd3753f
contrib/elftoolchain/nm/nm.1|man1/nm.1|530e09c03140f1c4dad776c9490ba4c5f9efacb1565f6eb7561d139f38d59c0e|530e09c03140f1c4dad776c9490ba4c5f9efacb1565f6eb7561d139f38d59c0e|ae500c1ff8974130f7f2692772cf288b90349e0d
contrib/elftoolchain/readelf/readelf.1|man1/readelf.1|b1ae6b821bcc7d8e5c14df3553c4623b86a9ff7de2e06992a40008f1290f4a06|b1ae6b821bcc7d8e5c14df3553c4623b86a9ff7de2e06992a40008f1290f4a06|deef4b8ce8ba7292fe5088bf9f6d4e2e35662fe8
contrib/elftoolchain/size/size.1|man1/size.1|dfe8585ffa19b70d73b2b9b41cbfc6adc95bc61e20cf986c1f568b540dad0a68|dfe8585ffa19b70d73b2b9b41cbfc6adc95bc61e20cf986c1f568b540dad0a68|b00fe64f4acfe315181f65999af16e9a7bdc600b
contrib/elftoolchain/strings/strings.1|man1/strings.1|c6e2ed0bef8a566b63ee627c5adbc3fc475869cf8f65a868452d7aed58d6a93d|c6e2ed0bef8a566b63ee627c5adbc3fc475869cf8f65a868452d7aed58d6a93d|839529caa9c35f92b638dbe074655598e7a6bb6f
contrib/expat/doc/xmlwf.1|man1/xmlwf.1|4b5ed7f205befa0c90078e7141081cec1c255eeca9e19a2f9e95f70e6d331e5f|4b5ed7f205befa0c90078e7141081cec1c255eeca9e19a2f9e95f70e6d331e5f|860583c83ef2acf0c974ea59d6393071121bce2b
contrib/hyperv/tools/hv_kvp_daemon.8|man8/hv_kvp_daemon.8|6de1702cf0c8e39a0db57d0da4e5be0ed16320cc6e02a28d9eb28bbff6e8dec6|6de1702cf0c8e39a0db57d0da4e5be0ed16320cc6e02a28d9eb28bbff6e8dec6|1545452c5448d6e1f030b8142eb85db172d2c816
contrib/hyperv/tools/hv_vss_daemon.8|man8/hv_vss_daemon.8|cbb50cc28cd86a74bad71fc8454880e5cb856c209531e8437456bf5b1e696656|cbb50cc28cd86a74bad71fc8454880e5cb856c209531e8437456bf5b1e696656|168fce73b59d6023cab45d063a452551a1f2103e
contrib/ldns-host/ldns-host.1|man1/ldns-host.1|e0c7f654193234e1066cd0a018821fcf8a9910fc8a9e8f7a991d7294306efb2b|e0c7f654193234e1066cd0a018821fcf8a9910fc8a9e8f7a991d7294306efb2b|3f68b24e10aeb1a1cd85f2d349da44138d52c501
contrib/ldns/drill/drill.1|man1/drill.1|c4076ed4d7651a734446d6eb8613b966e23443973fd2545a964882a8de91a5b3|c4076ed4d7651a734446d6eb8613b966e23443973fd2545a964882a8de91a5b3|986ba33c7a3bc8f5ba13c7a9d6512602f6e32c61
contrib/ldns/packaging/ldns-config.1|man1/ldns-config.1|ddb92b0a629adb7fd38a551b4d8087a5d3f6fcec5c8d012c3ff14141eddf3730|ddb92b0a629adb7fd38a551b4d8087a5d3f6fcec5c8d012c3ff14141eddf3730|986ba33c7a3bc8f5ba13c7a9d6512602f6e32c61
contrib/libarchive/cat/bsdcat.1|man1/bsdcat.1|604e2e140654e602a79341244664490415719ee7cbd3d077e69b3b079142acac|604e2e140654e602a79341244664490415719ee7cbd3d077e69b3b079142acac|bd66c1b43e33540205dbc1187c2f2a15c58b57ba
contrib/libarchive/cpio/bsdcpio.1|man1/bsdcpio.1|36ac9b490ecfaf92ab939f6f24b30f941cb5c25e16be2d5a3f0e96d2dfc7bcb4|36ac9b490ecfaf92ab939f6f24b30f941cb5c25e16be2d5a3f0e96d2dfc7bcb4|bd66c1b43e33540205dbc1187c2f2a15c58b57ba
contrib/libarchive/tar/bsdtar.1|man1/bsdtar.1|e7efc124af2d9c47214a69dfb403ffb168a741bf279620c912df25b48a6a9cf7|e7efc124af2d9c47214a69dfb403ffb168a741bf279620c912df25b48a6a9cf7|2e113ef82465598b8c26e0ca415fbe90677fbd47
contrib/libarchive/unzip/bsdunzip.1|man1/bsdunzip.1|21887322e9c5a9d103bdd58ea714f3983e5b17c86d57b2aec96ec4678cf18a3d|21887322e9c5a9d103bdd58ea714f3983e5b17c86d57b2aec96ec4678cf18a3d|bd66c1b43e33540205dbc1187c2f2a15c58b57ba
contrib/libder/derdump/derdump.1|man1/derdump.1|7fd66f6064cf0954b64c051eb4b80cb2cfa9ec2a0d235b3310428201c811e7ce|7fd66f6064cf0954b64c051eb4b80cb2cfa9ec2a0d235b3310428201c811e7ce|35c0a8c449fd2b7f75029ebed5e10852240f0865
contrib/libdiff/man/diff.1|man1/diff.1|84118d0d9dc2304172f2176d510a6ac84ca06d6fe6cd3aff941198fa9fd983e9|84118d0d9dc2304172f2176d510a6ac84ca06d6fe6cd3aff941198fa9fd983e9|59c8e88e72633afbc47a4ace0d2170d00d51f7dc
contrib/libfido2/man/fido2-assert.1|man1/fido2-assert.1|17cff8c23f8ed88ed8fbb4b6cbc8acab7d9c30be20fa443cac6839e9afc7d545|17cff8c23f8ed88ed8fbb4b6cbc8acab7d9c30be20fa443cac6839e9afc7d545|60a517b66a69b8c011b04063ef63a938738719bd
contrib/libfido2/man/fido2-cred.1|man1/fido2-cred.1|8c0cbc7728c75def1f657168f901a2ddb5a729d44d480ebb5f9420ae17ce90cf|8c0cbc7728c75def1f657168f901a2ddb5a729d44d480ebb5f9420ae17ce90cf|60a517b66a69b8c011b04063ef63a938738719bd
contrib/libfido2/man/fido2-token.1|man1/fido2-token.1|58926ec8838295598c66049d77515e1455574919443a58499940d7f2c50ec63d|58926ec8838295598c66049d77515e1455574919443a58499940d7f2c50ec63d|2ccfa855b2fc331819953e3de1b1c15ce5b95a7e
contrib/libpcap/pcap-config.1|man1/pcap-config.1|ce055bc5eac57796c0722c40bfc9bd46b6bb41e8b91c82403769dd4ca9f73083|ce055bc5eac57796c0722c40bfc9bd46b6bb41e8b91c82403769dd4ca9f73083|afdbf109c6a661a729938f68211054a0a50d38ac
contrib/libxo/xo/xo.1|man1/xo.1|0fd51437369d2addbf4ab36b0e2141cf4451a8ec1a89f22f7a10152e843daea1|0fd51437369d2addbf4ab36b0e2141cf4451a8ec1a89f22f7a10152e843daea1|34b867ca30479cec104fd069178df294f8ea35f1
contrib/libxo/xohtml/xohtml.1|man1/xohtml.1|2279f67d137888673591cfced5bc93749c10fac4babd064097411f173a47679c|2279f67d137888673591cfced5bc93749c10fac4babd064097411f173a47679c|fd5e3f3ec6c6248e892c9e7b2f17da3bfe7b6837
contrib/libxo/xolint/xolint.1|man1/xolint.1|5dc9e607257af8ac133c17d946f5741dfac644de14714668acfc6e3f0d7549b0|5dc9e607257af8ac133c17d946f5741dfac644de14714668acfc6e3f0d7549b0|fd5e3f3ec6c6248e892c9e7b2f17da3bfe7b6837
contrib/libxo/xopo/xopo.1|man1/xopo.1|3dee6d4401acbfa2d7df62b0e958cb86bbf3c16948276b3e7ef9216cd2786444|3dee6d4401acbfa2d7df62b0e958cb86bbf3c16948276b3e7ef9216cd2786444|fd5e3f3ec6c6248e892c9e7b2f17da3bfe7b6837
contrib/llvm-project/lld/docs/ld.lld.1|man1/ld.lld.1|55a050dd5b511c5877fe569e12395b3eb60f6ec1ba2dce87a0804deca2e2f437|55a050dd5b511c5877fe569e12395b3eb60f6ec1ba2dce87a0804deca2e2f437|0fca6ea1d4eea4c934cfff25ac9ee8ad6fe95583
contrib/lua/doc/lua.1|man1/lua.1|aba7788e9d9d3050ff57c3fc40047d46d79b83baa66507572b36c43c3b7534d5|aba7788e9d9d3050ff57c3fc40047d46d79b83baa66507572b36c43c3b7534d5|3068d706eabe99f930fb01d3cbfd74ff1f0eb5a2
contrib/lua/doc/luac.1|man1/luac.1|09bb1187e9397981ed1c4b75c7441cd0796bed1ed5f42f94a29542495700faf6|09bb1187e9397981ed1c4b75c7441cd0796bed1ed5f42f94a29542495700faf6|8e3e3a7ae841ccf6f6ac30a2eeab85df5d7f04bc
contrib/mandoc/apropos.1|man1/apropos.1|448e419afe55cea5b4a4d8eaf964f9dee7dabc0983992da8f18d0082bf641ff0|448e419afe55cea5b4a4d8eaf964f9dee7dabc0983992da8f18d0082bf641ff0|6d38604fc532a3fc060788e3ce40464b46047eaf
contrib/mandoc/catman.8|man8/catman.8|3328024846d5f2e188dae22ba34b8daa9ac54876d2b29936438f9cbdf73335e0|3328024846d5f2e188dae22ba34b8daa9ac54876d2b29936438f9cbdf73335e0|06410c1b51637e5e1f392d553b5008948af58014
contrib/mandoc/demandoc.1|man1/demandoc.1|51d0b383346f0719e349c736518903aef61b9cfa9d07d2f318eb9728ec84d6d6|51d0b383346f0719e349c736518903aef61b9cfa9d07d2f318eb9728ec84d6d6|c1c95add8c80843ba15d784f95c361d795b1f593
contrib/mandoc/makewhatis.8|man8/makewhatis.8|46139e7b0b949dcba9b0db63a65f2bd07f2b4a9ef3f78a42870e3945256c1d89|46139e7b0b949dcba9b0db63a65f2bd07f2b4a9ef3f78a42870e3945256c1d89|c1c95add8c80843ba15d784f95c361d795b1f593
contrib/mandoc/man.1|man1/man.1|b7b293ddcc5e05feb5208c577a9da44ac1f76a3e19b2fc5958695496dd15a846|b7b293ddcc5e05feb5208c577a9da44ac1f76a3e19b2fc5958695496dd15a846|80c12959679ab203459dc20eb9ece3a7328b7de5
contrib/mandoc/man.cgi.8|man8/man.cgi.8|c26d2bca3c86c81d6ea476e63c50092e845b6818a14d68ee0c263a3f7ac76c80|c26d2bca3c86c81d6ea476e63c50092e845b6818a14d68ee0c263a3f7ac76c80|c1c95add8c80843ba15d784f95c361d795b1f593
contrib/mandoc/man.options.1|man1/man.options.1|12296b6c2d2d1a6833312db404581fa844a499123ba28a1ec6dfe70c041be200|12296b6c2d2d1a6833312db404581fa844a499123ba28a1ec6dfe70c041be200|955d9b0a1093131ac18d57d2764ee716fd428dd9
contrib/mandoc/mandoc.1|man1/mandoc.1|147411cc9ef2cdb7aeef8b70f0908ff7b67c2987c0539a564f1b73b5b32df0af|147411cc9ef2cdb7aeef8b70f0908ff7b67c2987c0539a564f1b73b5b32df0af|955d9b0a1093131ac18d57d2764ee716fd428dd9
contrib/mandoc/mandocd.8|man8/mandocd.8|039af740b0d546c1fa9d585416beed1e0a3df564c6e80653672f33d2dba7f27b|039af740b0d546c1fa9d585416beed1e0a3df564c6e80653672f33d2dba7f27b|06410c1b51637e5e1f392d553b5008948af58014
contrib/mandoc/soelim.1|man1/soelim.1|c17eafe7897039f5da44abfe7c5b11209ef07b59695662260d3e9d38999dfaf0|c17eafe7897039f5da44abfe7c5b11209ef07b59695662260d3e9d38999dfaf0|61d06d6bd19dafe8ea971dd43e8328fa1b473456
contrib/mtree/mtree.8|man8/mtree.8|b9fbee224d9e06828b6c7f04bc4f1e8edd69bc79a8c2bab227d9bf086a25786b|b9fbee224d9e06828b6c7f04bc4f1e8edd69bc79a8c2bab227d9bf086a25786b|da232c04ab9eba3d3a7fc73881daff847071e9fd
contrib/ncurses/man/clear.1|man1/clear.1|d8ad176ffaa2c630cd383dd0c917fa6f89dcd0bbb203d8aa7f96800f5a751825|d8ad176ffaa2c630cd383dd0c917fa6f89dcd0bbb203d8aa7f96800f5a751825|21817992b3314c908ab50f0bb88d2ee750b9c4ac
contrib/ncurses/man/tabs.1|man1/tabs.1|67b27e7cf20aed4fdbf5b2a8cee3deba841e06f314d9e21877dda168379b59ba|67b27e7cf20aed4fdbf5b2a8cee3deba841e06f314d9e21877dda168379b59ba|21817992b3314c908ab50f0bb88d2ee750b9c4ac
contrib/ncurses/man/tput.1|man1/tput.1|3d9600469d68ac75078f81b259cc85a82a3d169652bbaa8075e35eb9f800c387|3d9600469d68ac75078f81b259cc85a82a3d169652bbaa8075e35eb9f800c387|21817992b3314c908ab50f0bb88d2ee750b9c4ac
contrib/ncurses/man/tset.1|man1/tset.1|cf6b4daffa58d6ff60c03086d5b7961758a6a4b1ade0a71a02b9e127dc2d1648|cf6b4daffa58d6ff60c03086d5b7961758a6a4b1ade0a71a02b9e127dc2d1648|21817992b3314c908ab50f0bb88d2ee750b9c4ac
contrib/netcat/nc.1|man1/nc.1|3bd339d3b31b476d22d056a20c3c4defd71112ae48adc5866b0c1c8891d3936d|3bd339d3b31b476d22d056a20c3c4defd71112ae48adc5866b0c1c8891d3936d|6d3d1fc3a30453be19831f79399bcba0ae822ad1
contrib/nvi/man/vi.1|man1/vi.1|6b2f5a19e1eacc10261ffeb339c9522dbdba15e48e6a9f4f2d002d81ce218b61|6b2f5a19e1eacc10261ffeb339c9522dbdba15e48e6a9f4f2d002d81ce218b61|4087ffdbce725367566bc3fc60a959292daac99d
contrib/ofed/infiniband-diags/man/check_lft_balance.8|man8/check_lft_balance.8|205d39b56899691e432d82553415497c189fea2895de2adc1891d571e9d8af88|205d39b56899691e432d82553415497c189fea2895de2adc1891d571e9d8af88|d6b92ffa990dc57d8a969a98e3ca4e25ba39cbb2
contrib/ofed/infiniband-diags/man/dump_fts.8|man8/dump_fts.8|30b52c7310383ab4e78794a03dfa7dbe5ca712f6bd21ac5ef9c6771ad0ea6440|30b52c7310383ab4e78794a03dfa7dbe5ca712f6bd21ac5ef9c6771ad0ea6440|d6b92ffa990dc57d8a969a98e3ca4e25ba39cbb2
contrib/ofed/infiniband-diags/man/ibaddr.8|man8/ibaddr.8|9a149bc8192c181dd1fba58ac7d107f1039924562d524002a09da173a9c952c9|9a149bc8192c181dd1fba58ac7d107f1039924562d524002a09da173a9c952c9|d6b92ffa990dc57d8a969a98e3ca4e25ba39cbb2
contrib/ofed/infiniband-diags/man/ibcacheedit.8|man8/ibcacheedit.8|c23e23ed58e9f198743a76a7cdde158d411b99b549e8fe8300bb3aeee17e0fc4|c23e23ed58e9f198743a76a7cdde158d411b99b549e8fe8300bb3aeee17e0fc4|d6b92ffa990dc57d8a969a98e3ca4e25ba39cbb2
contrib/ofed/infiniband-diags/man/ibccconfig.8|man8/ibccconfig.8|db7924da770ad3116932d6f2be557a239d5d06dc993182051dd80f1f9380887d|db7924da770ad3116932d6f2be557a239d5d06dc993182051dd80f1f9380887d|d6b92ffa990dc57d8a969a98e3ca4e25ba39cbb2
contrib/ofed/infiniband-diags/man/ibccquery.8|man8/ibccquery.8|09df75b898755552b05b7c44c1223910fd010eadf76e5bb1240ff4c4fd5d4327|09df75b898755552b05b7c44c1223910fd010eadf76e5bb1240ff4c4fd5d4327|d6b92ffa990dc57d8a969a98e3ca4e25ba39cbb2
contrib/ofed/infiniband-diags/man/ibfindnodesusing.8|man8/ibfindnodesusing.8|bd341f5b2cff7973b0b6ef3372c2e6c49067db62b134a8846ffabf54739706cf|bd341f5b2cff7973b0b6ef3372c2e6c49067db62b134a8846ffabf54739706cf|d6b92ffa990dc57d8a969a98e3ca4e25ba39cbb2
contrib/ofed/infiniband-diags/man/ibhosts.8|man8/ibhosts.8|68d855fe2034ab54672d1adcdf258179415dad3830ef8eb3c54d19fa15eb887a|68d855fe2034ab54672d1adcdf258179415dad3830ef8eb3c54d19fa15eb887a|d6b92ffa990dc57d8a969a98e3ca4e25ba39cbb2
contrib/ofed/infiniband-diags/man/ibidsverify.8|man8/ibidsverify.8|6b44f6d7535daea4d58b93a966e2ea0d14dacb204ae479da09a0471657dbd770|6b44f6d7535daea4d58b93a966e2ea0d14dacb204ae479da09a0471657dbd770|d6b92ffa990dc57d8a969a98e3ca4e25ba39cbb2
contrib/ofed/infiniband-diags/man/iblinkinfo.8|man8/iblinkinfo.8|7c161a1e642035b4de739d433886f1bbaa2860f8e19cc77c19358d5a313b2925|7c161a1e642035b4de739d433886f1bbaa2860f8e19cc77c19358d5a313b2925|d6b92ffa990dc57d8a969a98e3ca4e25ba39cbb2
contrib/ofed/infiniband-diags/man/ibnetdiscover.8|man8/ibnetdiscover.8|1907881bdb707874c19be1326d0a0f87fa58129ea4c5ecfe4a86fd2b029d3456|1907881bdb707874c19be1326d0a0f87fa58129ea4c5ecfe4a86fd2b029d3456|d6b92ffa990dc57d8a969a98e3ca4e25ba39cbb2
contrib/ofed/infiniband-diags/man/ibnodes.8|man8/ibnodes.8|e76aef78d49a4f5f9d3d0b2712d0bd66f738467896c98af47fadbe94abf69c53|e76aef78d49a4f5f9d3d0b2712d0bd66f738467896c98af47fadbe94abf69c53|d6b92ffa990dc57d8a969a98e3ca4e25ba39cbb2
contrib/ofed/infiniband-diags/man/ibping.8|man8/ibping.8|782dc7960033427e4db9d590dbe5c440f2b366786230a3ec61d24e8d4ef1fd41|782dc7960033427e4db9d590dbe5c440f2b366786230a3ec61d24e8d4ef1fd41|d6b92ffa990dc57d8a969a98e3ca4e25ba39cbb2
contrib/ofed/infiniband-diags/man/ibportstate.8|man8/ibportstate.8|ea99eac54adeae7083fcbc5e659e0a41ad10aaa9db07a54d4470635587313184|ea99eac54adeae7083fcbc5e659e0a41ad10aaa9db07a54d4470635587313184|d6b92ffa990dc57d8a969a98e3ca4e25ba39cbb2
contrib/ofed/infiniband-diags/man/ibqueryerrors.8|man8/ibqueryerrors.8|196a82d3edcc5b8501cb6e5c81a89e100b355e9106635a1676440c7542bc1f95|196a82d3edcc5b8501cb6e5c81a89e100b355e9106635a1676440c7542bc1f95|d6b92ffa990dc57d8a969a98e3ca4e25ba39cbb2
contrib/ofed/infiniband-diags/man/ibroute.8|man8/ibroute.8|4cda4ebd18e1e55942f75fb828ccfef9bc45e75da2f9df0717cd085a17182a4c|4cda4ebd18e1e55942f75fb828ccfef9bc45e75da2f9df0717cd085a17182a4c|d6b92ffa990dc57d8a969a98e3ca4e25ba39cbb2
contrib/ofed/infiniband-diags/man/ibrouters.8|man8/ibrouters.8|4982b1b3229a2816e77d982de371eb7d29d06cf30dbb462a0163f6b5b232de36|4982b1b3229a2816e77d982de371eb7d29d06cf30dbb462a0163f6b5b232de36|d6b92ffa990dc57d8a969a98e3ca4e25ba39cbb2
contrib/ofed/infiniband-diags/man/ibstat.8|man8/ibstat.8|a7b0d775ffdbd09ce482b6f02026ca85a2511fa935986361bc45d1893789eb43|a7b0d775ffdbd09ce482b6f02026ca85a2511fa935986361bc45d1893789eb43|d6b92ffa990dc57d8a969a98e3ca4e25ba39cbb2
contrib/ofed/infiniband-diags/man/ibstatus.8|man8/ibstatus.8|4a357592752ad1d11c1831693ca2cfefeacb23bfa8138050b83e3a404f550c60|4a357592752ad1d11c1831693ca2cfefeacb23bfa8138050b83e3a404f550c60|d6b92ffa990dc57d8a969a98e3ca4e25ba39cbb2
contrib/ofed/infiniband-diags/man/ibswitches.8|man8/ibswitches.8|db38f64f9c9ed32be6821b3d0b8251eabf1b08e941dea3fc2222eb32970089bf|db38f64f9c9ed32be6821b3d0b8251eabf1b08e941dea3fc2222eb32970089bf|d6b92ffa990dc57d8a969a98e3ca4e25ba39cbb2
contrib/ofed/infiniband-diags/man/ibsysstat.8|man8/ibsysstat.8|cfecb9e08d8b2884bcc6c80029b75cbb59779e013826c7c72b1c84ab58235148|cfecb9e08d8b2884bcc6c80029b75cbb59779e013826c7c72b1c84ab58235148|d6b92ffa990dc57d8a969a98e3ca4e25ba39cbb2
contrib/ofed/infiniband-diags/man/ibtracert.8|man8/ibtracert.8|e4a7d6e54a033c7ae319929ddacbc273cdbaa3d80578d70be8e57f8c29ae91d0|e4a7d6e54a033c7ae319929ddacbc273cdbaa3d80578d70be8e57f8c29ae91d0|d6b92ffa990dc57d8a969a98e3ca4e25ba39cbb2
contrib/ofed/infiniband-diags/man/infiniband-diags.8|man8/infiniband-diags.8|adbd4ed673782ecbb0bedd91bce6c07b98d8eca4075f132c0b6c58536d1177ea|adbd4ed673782ecbb0bedd91bce6c07b98d8eca4075f132c0b6c58536d1177ea|d6b92ffa990dc57d8a969a98e3ca4e25ba39cbb2
contrib/ofed/infiniband-diags/man/perfquery.8|man8/perfquery.8|366c27c16f4eafdff794182fe7eedc22fd82be32f217bcec256eb77d5286c8b2|366c27c16f4eafdff794182fe7eedc22fd82be32f217bcec256eb77d5286c8b2|d6b92ffa990dc57d8a969a98e3ca4e25ba39cbb2
contrib/ofed/infiniband-diags/man/saquery.8|man8/saquery.8|3ec0b481e56e8ebf862b6d424283cb722adb2ae6c7f29646416a76ca3d8d652a|3ec0b481e56e8ebf862b6d424283cb722adb2ae6c7f29646416a76ca3d8d652a|d6b92ffa990dc57d8a969a98e3ca4e25ba39cbb2
contrib/ofed/infiniband-diags/man/sminfo.8|man8/sminfo.8|e60664ddcbb94b7a1da1cdf1d2faa2df200fecba247e1c2a6fccc74f7d9a46da|e60664ddcbb94b7a1da1cdf1d2faa2df200fecba247e1c2a6fccc74f7d9a46da|d6b92ffa990dc57d8a969a98e3ca4e25ba39cbb2
contrib/ofed/infiniband-diags/man/smpdump.8|man8/smpdump.8|0b53cf0de191e71641be4373c9a25e377d180c289dfdfce6790cab8943f3a6f1|0b53cf0de191e71641be4373c9a25e377d180c289dfdfce6790cab8943f3a6f1|d6b92ffa990dc57d8a969a98e3ca4e25ba39cbb2
contrib/ofed/infiniband-diags/man/smpquery.8|man8/smpquery.8|fe910d031a15c5309cef6c4cc6728bca36fc6928bd857122ab111b4a684900cc|fe910d031a15c5309cef6c4cc6728bca36fc6928bd857122ab111b4a684900cc|d6b92ffa990dc57d8a969a98e3ca4e25ba39cbb2
contrib/ofed/infiniband-diags/man/vendstat.8|man8/vendstat.8|6d4ee7dbab0653b16c2e14205c2d4b4b9f796d558779008b2a528f42d4aa1d8e|6d4ee7dbab0653b16c2e14205c2d4b4b9f796d558779008b2a528f42d4aa1d8e|d6b92ffa990dc57d8a969a98e3ca4e25ba39cbb2
contrib/ofed/libibverbs/man/ibv_asyncwatch.1|man1/ibv_asyncwatch.1|5b60e85087acabbd8c048ccfe1ea467e8d885b820698fb6fd3e540f7f5ffe484|5b60e85087acabbd8c048ccfe1ea467e8d885b820698fb6fd3e540f7f5ffe484|d6b92ffa990dc57d8a969a98e3ca4e25ba39cbb2
contrib/ofed/libibverbs/man/ibv_devices.1|man1/ibv_devices.1|6e6b2397342574c8928d482cd62a5217d1f1c8b9c7c414087b815d62acea69a2|6e6b2397342574c8928d482cd62a5217d1f1c8b9c7c414087b815d62acea69a2|d6b92ffa990dc57d8a969a98e3ca4e25ba39cbb2
contrib/ofed/libibverbs/man/ibv_devinfo.1|man1/ibv_devinfo.1|7a2135019118ef5956740547c31b557b23ca829932497cb4174069c497f2ffa8|7a2135019118ef5956740547c31b557b23ca829932497cb4174069c497f2ffa8|d6b92ffa990dc57d8a969a98e3ca4e25ba39cbb2
contrib/ofed/libibverbs/man/ibv_rc_pingpong.1|man1/ibv_rc_pingpong.1|aa393e9947b9aec13366b932dc203af44d0d5cc6b08bf8190984f917cb1e9d4f|aa393e9947b9aec13366b932dc203af44d0d5cc6b08bf8190984f917cb1e9d4f|d6b92ffa990dc57d8a969a98e3ca4e25ba39cbb2
contrib/ofed/libibverbs/man/ibv_srq_pingpong.1|man1/ibv_srq_pingpong.1|8d2a6f301c76e4c2d1b9943d4bcd5c46a5fd7bb91af665dca7aba78756501e01|8d2a6f301c76e4c2d1b9943d4bcd5c46a5fd7bb91af665dca7aba78756501e01|d6b92ffa990dc57d8a969a98e3ca4e25ba39cbb2
contrib/ofed/libibverbs/man/ibv_uc_pingpong.1|man1/ibv_uc_pingpong.1|7ce11c3a45fa16a9085998f4b48e0679007aba5cb0a2ed09c9dcdbd0a428c6cf|7ce11c3a45fa16a9085998f4b48e0679007aba5cb0a2ed09c9dcdbd0a428c6cf|d6b92ffa990dc57d8a969a98e3ca4e25ba39cbb2
contrib/ofed/libibverbs/man/ibv_ud_pingpong.1|man1/ibv_ud_pingpong.1|0842ffdc8d916b1383892bf2730da63a97921ed764238a942e836a332d95bda1|0842ffdc8d916b1383892bf2730da63a97921ed764238a942e836a332d95bda1|d6b92ffa990dc57d8a969a98e3ca4e25ba39cbb2
contrib/ofed/libibverbs/man/ibv_xsrq_pingpong.1|man1/ibv_xsrq_pingpong.1|28a1ccb477b0926d3e47d985b2d9dd671bc3e43b7118195591100b7f5e2341fa|28a1ccb477b0926d3e47d985b2d9dd671bc3e43b7118195591100b7f5e2341fa|d6b92ffa990dc57d8a969a98e3ca4e25ba39cbb2
contrib/ofed/librdmacm/man/cmtime.1|man1/cmtime.1|5987fca99055f6f217a6db529a1f9b7792d87ba8ab897dd9d0e1d788b2fab36b|5987fca99055f6f217a6db529a1f9b7792d87ba8ab897dd9d0e1d788b2fab36b|d6b92ffa990dc57d8a969a98e3ca4e25ba39cbb2
contrib/ofed/librdmacm/man/mckey.1|man1/mckey.1|92e6db13084bd368993d638e30351accaa12464229840a71461090eded2d20d8|92e6db13084bd368993d638e30351accaa12464229840a71461090eded2d20d8|d6b92ffa990dc57d8a969a98e3ca4e25ba39cbb2
contrib/ofed/librdmacm/man/rcopy.1|man1/rcopy.1|eca91a28d7507d540e15ad6dc4962d337a320157e5eef2bde1a1d972ae4899b8|eca91a28d7507d540e15ad6dc4962d337a320157e5eef2bde1a1d972ae4899b8|d6b92ffa990dc57d8a969a98e3ca4e25ba39cbb2
contrib/ofed/librdmacm/man/rdma_client.1|man1/rdma_client.1|d1a2584bd2bd17f13b11f9a81098112d4029d2f29370217256a96b0e309be5ed|d1a2584bd2bd17f13b11f9a81098112d4029d2f29370217256a96b0e309be5ed|d6b92ffa990dc57d8a969a98e3ca4e25ba39cbb2
contrib/ofed/librdmacm/man/rdma_server.1|man1/rdma_server.1|c78654676a38cf08d1fdf40617e7b1fae86574ff605ba5405b6871770ea8af55|c78654676a38cf08d1fdf40617e7b1fae86574ff605ba5405b6871770ea8af55|d6b92ffa990dc57d8a969a98e3ca4e25ba39cbb2
contrib/ofed/librdmacm/man/rdma_xclient.1|man1/rdma_xclient.1|c6ca21e77a87d5a3ca5f959d65cda0347b19a2d795efa8df1a8dabdc969dc9ee|c6ca21e77a87d5a3ca5f959d65cda0347b19a2d795efa8df1a8dabdc969dc9ee|d6b92ffa990dc57d8a969a98e3ca4e25ba39cbb2
contrib/ofed/librdmacm/man/rdma_xserver.1|man1/rdma_xserver.1|a7af44d16707e287bf487d4a03c9ba62e4c7ce94da9fe0440820291f772a3f07|a7af44d16707e287bf487d4a03c9ba62e4c7ce94da9fe0440820291f772a3f07|d6b92ffa990dc57d8a969a98e3ca4e25ba39cbb2
contrib/ofed/librdmacm/man/riostream.1|man1/riostream.1|85df7cd22b6626f4e3dccf0effe05dec31be6513ecf1ace50e6dd0e4b10384bc|85df7cd22b6626f4e3dccf0effe05dec31be6513ecf1ace50e6dd0e4b10384bc|d6b92ffa990dc57d8a969a98e3ca4e25ba39cbb2
contrib/ofed/librdmacm/man/rping.1|man1/rping.1|80e6c1a0b6a0136d87440e1863ce2603e6cdbe2282209fb5a89b0639f380176a|80e6c1a0b6a0136d87440e1863ce2603e6cdbe2282209fb5a89b0639f380176a|d6b92ffa990dc57d8a969a98e3ca4e25ba39cbb2
contrib/ofed/librdmacm/man/rstream.1|man1/rstream.1|0b898d5d105f4d9bd49d2ccbbd5a268dd98438af7a908305319097d1bb325575|0b898d5d105f4d9bd49d2ccbbd5a268dd98438af7a908305319097d1bb325575|d6b92ffa990dc57d8a969a98e3ca4e25ba39cbb2
contrib/ofed/librdmacm/man/ucmatose.1|man1/ucmatose.1|2e30018823c5aa9fb9bd0a4703602f264d7535c63bd1c45a155dd742002646a4|2e30018823c5aa9fb9bd0a4703602f264d7535c63bd1c45a155dd742002646a4|d6b92ffa990dc57d8a969a98e3ca4e25ba39cbb2
contrib/ofed/librdmacm/man/udaddy.1|man1/udaddy.1|461932ba38f5c7aa42c51919f012c4aa1947c20453378843a453f8f50f4bca69|461932ba38f5c7aa42c51919f012c4aa1947c20453378843a453f8f50f4bca69|d6b92ffa990dc57d8a969a98e3ca4e25ba39cbb2
contrib/ofed/librdmacm/man/udpong.1|man1/udpong.1|45759356a062b89971a759e5724e5a93d3f86a423dd003c1600a506757866116|45759356a062b89971a759e5724e5a93d3f86a423dd003c1600a506757866116|d6b92ffa990dc57d8a969a98e3ca4e25ba39cbb2
contrib/ofed/opensm/man/opensm.8|man8/opensm.8|5e2e9e154203230dd5adcc1425f66b5acb5706a3b7d6fb48d2a7d16fa929be55|5e2e9e154203230dd5adcc1425f66b5acb5706a3b7d6fb48d2a7d16fa929be55|d6b92ffa990dc57d8a969a98e3ca4e25ba39cbb2
contrib/one-true-awk/awk.1|man1/awk.1|743dee3c3bba4847553c70c344237305d3b6276b53d6fdf92eb112b79fb334a1|743dee3c3bba4847553c70c344237305d3b6276b53d6fdf92eb112b79fb334a1|eb690a0576e8cf5412124477eace3bb765068c3d
contrib/openbsm/bin/audit/audit.8|man8/audit.8|247a99a396afdc0158940543052fad044759e8ec5fa9879bd385ce1a6ee987c5|247a99a396afdc0158940543052fad044759e8ec5fa9879bd385ce1a6ee987c5|b6a05070fa77edc7ce6e60b61623fd806e807be6
contrib/openbsm/bin/auditd/auditd.8|man8/auditd.8|cee950467ab1f1926c52b0addba31fba52e4e57ec74d9d5696708696ffd72d95|cee950467ab1f1926c52b0addba31fba52e4e57ec74d9d5696708696ffd72d95|72a600a7a1908f1e778f54e08bd60a93be87dd33
contrib/openbsm/bin/auditdistd/auditdistd.8|man8/auditdistd.8|802cf89e68f3b7c8d780b01ee8ee6ea12ba985ae5e3c71b0d7b54caa98f9c32d|802cf89e68f3b7c8d780b01ee8ee6ea12ba985ae5e3c71b0d7b54caa98f9c32d|b6a05070fa77edc7ce6e60b61623fd806e807be6
contrib/openbsm/bin/auditfilterd/auditfilterd.8|man8/auditfilterd.8|8b5f1f438f9ff1fd4bd6e42ddc6970eef0ac0b493f2783c1e78bf30600c0730a|8b5f1f438f9ff1fd4bd6e42ddc6970eef0ac0b493f2783c1e78bf30600c0730a|b6a05070fa77edc7ce6e60b61623fd806e807be6
contrib/openbsm/bin/auditreduce/auditreduce.1|man1/auditreduce.1|9ab241aa13a66168a4cbdd3d65bc341c7e0162e775020b09f2d913c8e961c5a1|9ab241aa13a66168a4cbdd3d65bc341c7e0162e775020b09f2d913c8e961c5a1|71f8f48356585b1777d5d6a940c86f810bd20c6a
contrib/openbsm/bin/praudit/praudit.1|man1/praudit.1|a1cd57e952029d663e14013c78f819b76b27194c42e3bb67adae2338124fcd67|a1cd57e952029d663e14013c78f819b76b27194c42e3bb67adae2338124fcd67|6f3d7c0ea8941c53c455d060b6ece34e55c5871d
contrib/openpam/bin/pamtest/pamtest.1|man1/pamtest.1|70c255057079de34c8ec606c0f494b59ae58e27f554692280a1ea4fd58b52465|70c255057079de34c8ec606c0f494b59ae58e27f554692280a1ea4fd58b52465|45538173c120eadca115fd7e56c657905bf73771
contrib/openpam/bin/su/su.1|man1/su.1|3672f014ecd201cd0b5c1a6fe532d2c2258744a1271965ef986a1e281beb7159|3672f014ecd201cd0b5c1a6fe532d2c2258744a1271965ef986a1e281beb7159|45538173c120eadca115fd7e56c657905bf73771
contrib/pf/authpf/authpf.8|man8/authpf.8|5534d6de2976053240e2b17131df41717434e25edbcefaa9e6bc7cef3ba16ce5|5534d6de2976053240e2b17131df41717434e25edbcefaa9e6bc7cef3ba16ce5|1a720cbec513210fa2e85c3882741ef2f6dc5f35
contrib/pf/ftp-proxy/ftp-proxy.8|man8/ftp-proxy.8|0a3c49f6b14ea216fb377588a7a4f338d027fa060f9fcd256317a91bd8feaa2f|0a3c49f6b14ea216fb377588a7a4f338d027fa060f9fcd256317a91bd8feaa2f|e0bfbfce7922dd3c28eb072b599c6bb8f65f039e
contrib/pf/pflogd/pflogd.8|man8/pflogd.8|479abaff86b5a2b75c5d08d6a872d5233bd097bb456b566907c15187e701559f|479abaff86b5a2b75c5d08d6a872d5233bd097bb456b566907c15187e701559f|2bda75506d9596e367637208846ba605a938a0db
contrib/pf/tftp-proxy/tftp-proxy.8|man8/tftp-proxy.8|360088481509cf312226e5c52d2f8e0e1e276abf46f1a9032aa23c19fd256b71|360088481509cf312226e5c52d2f8e0e1e276abf46f1a9032aa23c19fd256b71|67ecd4f3a477a0ca5b76a1694f89755df27a8679
contrib/pnpinfo/pnpinfo.8|man8/pnpinfo.8|57c886b1c0a256b13e51e8bc441e023729e5716b43e253135700ba630f47fbd9|57c886b1c0a256b13e51e8bc441e023729e5716b43e253135700ba630f47fbd9|99f3b482da15db6f2ae4702d592b53dd36d4cf55
contrib/sendmail/contrib/qtool.8|man8/qtool.8|4936cb1687bffa9e37d4d229b0b17244a21d9ac4452af66a4088754b2e6d83ea|4936cb1687bffa9e37d4d229b0b17244a21d9ac4452af66a4088754b2e6d83ea|4313cc83440a39bdf976f955b1d4d3f3c4d1552f
contrib/sendmail/editmap/editmap.8|man8/editmap.8|e6016fce66c6fe51a21fca35ee73260498055f366ff22bb606fc45de680a18c7|e6016fce66c6fe51a21fca35ee73260498055f366ff22bb606fc45de680a18c7|2fb4f839f3fc72ce2bab12f9ba4760f97f73e97f
contrib/sendmail/mail.local/mail.local.8|man8/mail.local.8|3bf1c1d1840cff91750b36f1ed9e8bac903b7af6c3d18f5f4e262d1d9e9ddb73|3bf1c1d1840cff91750b36f1ed9e8bac903b7af6c3d18f5f4e262d1d9e9ddb73|4313cc83440a39bdf976f955b1d4d3f3c4d1552f
contrib/sendmail/mailstats/mailstats.8|man8/mailstats.8|5f160e5bbab06092bc483111a9bf27ace20eed17e3e6b858231dd07fa06c3806|5f160e5bbab06092bc483111a9bf27ace20eed17e3e6b858231dd07fa06c3806|2fb4f839f3fc72ce2bab12f9ba4760f97f73e97f
contrib/sendmail/makemap/makemap.8|man8/makemap.8|a9b00ce0a92f4080c63b193cc8c7370e4652dba9b606d60088d509aba9f3ea93|a9b00ce0a92f4080c63b193cc8c7370e4652dba9b606d60088d509aba9f3ea93|d39bd2c1388b520fcba9abed1932acacead60fba
contrib/sendmail/praliases/praliases.8|man8/praliases.8|c1aef6934fed76b9626ff2424a6a5cc9806871f865f05c8c693588190a67dc4b|c1aef6934fed76b9626ff2424a6a5cc9806871f865f05c8c693588190a67dc4b|2fb4f839f3fc72ce2bab12f9ba4760f97f73e97f
contrib/sendmail/rmail/rmail.8|man8/rmail.8|dd5d0f22197d3870ebe689f946ac4999f89982a95b4f76ef7a21a3f027ab036f|dd5d0f22197d3870ebe689f946ac4999f89982a95b4f76ef7a21a3f027ab036f|2fb4f839f3fc72ce2bab12f9ba4760f97f73e97f
contrib/sendmail/smrsh/smrsh.8|man8/smrsh.8|281c2095e5c5c09edc8178e618f279d68dff8bd3cacb921636c3a7a947f9c885|281c2095e5c5c09edc8178e618f279d68dff8bd3cacb921636c3a7a947f9c885|4313cc83440a39bdf976f955b1d4d3f3c4d1552f
contrib/sendmail/src/mailq.1|man1/mailq.1|2e9657e567341cad7fc317e7b62788c392cd732d6c92f047c8bad94bbde63b09|2e9657e567341cad7fc317e7b62788c392cd732d6c92f047c8bad94bbde63b09|2fb4f839f3fc72ce2bab12f9ba4760f97f73e97f
contrib/sendmail/src/newaliases.1|man1/newaliases.1|59e9e2cc41de375910cc543f1de859f7cc2c1890453818c6d058c7c30f94072b|59e9e2cc41de375910cc543f1de859f7cc2c1890453818c6d058c7c30f94072b|e504946ee119c4bd3940bea798bd47e85b0a25d0
contrib/sendmail/src/sendmail.8|man8/sendmail.8|d022eeec6c743d26f4423215c46eba8e5eb55ce00b3a9e60f83294aa959be7ba|d022eeec6c743d26f4423215c46eba8e5eb55ce00b3a9e60f83294aa959be7ba|d39bd2c1388b520fcba9abed1932acacead60fba
contrib/sendmail/vacation/vacation.1|man1/vacation.1|329f4da68d7088ddb24eed9a3830f7ccaed3d3fe18357213061caced2f31c694|329f4da68d7088ddb24eed9a3830f7ccaed3d3fe18357213061caced2f31c694|d39bd2c1388b520fcba9abed1932acacead60fba
contrib/smbfs/mount_smbfs/mount_smbfs.8|man8/mount_smbfs.8|cdfeb207e52023ac773360579566c7f5ea21044b45c2ee204d8de05a4885ff53|cdfeb207e52023ac773360579566c7f5ea21044b45c2ee204d8de05a4885ff53|dddf29712f38ba1d804c02bcfd02d24098ae48b0
contrib/smbfs/smbutil/smbutil.1|man1/smbutil.1|024c7eb9783b84b8e18bae88c2f7e138928982cbc9e02a1f9f9150968b6285a0|024c7eb9783b84b8e18bae88c2f7e138928982cbc9e02a1f9f9150968b6285a0|dddf29712f38ba1d804c02bcfd02d24098ae48b0
contrib/sqlite3/sqlite3.1|man1/sqlite3.1|fce028b10c38bf5d90f7e5cc913c3aad97ca032d004a45c5dfca8c127d0d73b8|fce028b10c38bf5d90f7e5cc913c3aad97ca032d004a45c5dfca8c127d0d73b8|ec994981447e8a974426660b5071bc405280af73
contrib/tcp_wrappers/tcpd.8|man8/tcpd.8|d0626be914d4497ea05849f10620038afb107d83d5773213c8193263b4e9ea59|d0626be914d4497ea05849f10620038afb107d83d5773213c8193263b4e9ea59|2aef693010b252e8cff0ce46a6ebf15b74c82219
contrib/tcp_wrappers/tcpdchk.8|man8/tcpdchk.8|d506a593dccc2b8ceb0187f9881e694b1c3b729902eabe8a32189cd506c8b682|d506a593dccc2b8ceb0187f9881e694b1c3b729902eabe8a32189cd506c8b682|2aef693010b252e8cff0ce46a6ebf15b74c82219
contrib/tcp_wrappers/tcpdmatch.8|man8/tcpdmatch.8|0b218ee3f808f922988856c2e24fcac7e02a7f7f8d5a8f16fb07fac9dc3954e9|0b218ee3f808f922988856c2e24fcac7e02a7f7f8d5a8f16fb07fac9dc3954e9|2aef693010b252e8cff0ce46a6ebf15b74c82219
contrib/telnet/telnet/telnet.1|man1/telnet.1|aa6c0de0d7ebb1f5a39c55b0d39712c338a63027baeaaded6e88381acc5d7fef|aa6c0de0d7ebb1f5a39c55b0d39712c338a63027baeaaded6e88381acc5d7fef|d2e0204ec0ace5a65e688a35a960e949624f3cb2
contrib/tnftp/src/ftp.1|man1/ftp.1|4ba00e9acd642e835db0f057ba50f6b14dc12d5dddf0cdb731a7fbc040e259f1|4ba00e9acd642e835db0f057ba50f6b14dc12d5dddf0cdb731a7fbc040e259f1|259bb93b80c0881a2b089e2836d92334477f09ef
contrib/ts/ts.1|man1/ts.1|2b0338a1ba952afdb4f30b8f3f0fee5b3a65c58bc6831239e68217dce9c22719|2b0338a1ba952afdb4f30b8f3f0fee5b3a65c58bc6831239e68217dce9c22719|3d516b853179b9cc02d358410ef9b64c593022ce
contrib/tzcode/date.1|man1/date.1|b3fbdcd1870b6b293394e95445713456a7cc9bb41972ec4535a012dc27a601c3|b3fbdcd1870b6b293394e95445713456a7cc9bb41972ec4535a012dc27a601c3|967a49a21a27380ba1c545c746b4f1badabefd77
contrib/tzcode/tzselect.8|man8/tzselect.8|ca0fb2f731e5722367d201052125ed11b95d138b34bfeac71eacebfa5d2d389d|ca0fb2f731e5722367d201052125ed11b95d138b34bfeac71eacebfa5d2d389d|967a49a21a27380ba1c545c746b4f1badabefd77
contrib/tzcode/zdump.8|man8/zdump.8|c18695c807d3253d3d3c7b1546a6479ce932c913ca10df54b392918330c03d16|c18695c807d3253d3d3c7b1546a6479ce932c913ca10df54b392918330c03d16|967a49a21a27380ba1c545c746b4f1badabefd77
contrib/tzcode/zic.8|man8/zic.8|76e9c6f0c4607224ad2a8c5ad71382f6431b10f6bb8548a9e7b32de7a9ac9620|76e9c6f0c4607224ad2a8c5ad71382f6431b10f6bb8548a9e7b32de7a9ac9620|967a49a21a27380ba1c545c746b4f1badabefd77
contrib/unbound/doc/unbound-anchor.8|man8/unbound-anchor.8|ccc9f83e80f41bb4b091f4e263a63fcbebd4d8ee8b23220830d992332ecd4422|ccc9f83e80f41bb4b091f4e263a63fcbebd4d8ee8b23220830d992332ecd4422|abe8e3aecea6f33bb0eb578a44834aacdcfaef05
contrib/unbound/doc/unbound-checkconf.8|man8/unbound-checkconf.8|4fcbf7f7885a8de134d5da0c06c934c55d37c79205983f108220dc82b40cd703|4fcbf7f7885a8de134d5da0c06c934c55d37c79205983f108220dc82b40cd703|abe8e3aecea6f33bb0eb578a44834aacdcfaef05
contrib/unbound/doc/unbound-control.8|man8/unbound-control.8|18c45188df9e8765515889437574e214d2943dc7e7180247845bac1e787ec6a9|18c45188df9e8765515889437574e214d2943dc7e7180247845bac1e787ec6a9|abe8e3aecea6f33bb0eb578a44834aacdcfaef05
contrib/unbound/doc/unbound-host.1|man1/unbound-host.1|a5fc870afe357a528cc9d1bf8320277e1a3b778c21778da93996e4a17fafaa11|a5fc870afe357a528cc9d1bf8320277e1a3b778c21778da93996e4a17fafaa11|abe8e3aecea6f33bb0eb578a44834aacdcfaef05
contrib/unbound/doc/unbound.8|man8/unbound.8|e81724ceffa903826e30dda2163bfd9bb444254bccebdbb57f1b7cb6077eda01|e81724ceffa903826e30dda2163bfd9bb444254bccebdbb57f1b7cb6077eda01|abe8e3aecea6f33bb0eb578a44834aacdcfaef05
contrib/unifdef/unifdef.1|man1/unifdef.1|34274dd5e4e7f2deef6b27c64cac0fb547d2b84ea048e7f6b877d23447488656|34274dd5e4e7f2deef6b27c64cac0fb547d2b84ea048e7f6b877d23447488656|049b7608f41bf4e93ac6de718c45bef261f6977d
contrib/unvis/unvis.1|man1/unvis.1|6ea50c0d4ba753f022cf80e3ade088eb740cec91bd46fd97c87d046c8bd8fd3d|6ea50c0d4ba753f022cf80e3ade088eb740cec91bd46fd97c87d046c8bd8fd3d|f1f890804985a1043da42a5def13c79dc005f5e9
contrib/vis/vis.1|man1/vis.1|0af94f81c763940599fe6fd63f277b89e16f98617c51ab906dc54dce7cf41d13|0af94f81c763940599fe6fd63f277b89e16f98617c51ab906dc54dce7cf41d13|15fccd86b9dd17ca2cc1a70b060a2b1a1bf8470b
contrib/wireguard-tools/man/wg.8|man8/wg.8|9e434e23208befc87b5c3efe1b8d0890d2fd297f33ab18d5d9cbe811a809c0c0|9e434e23208befc87b5c3efe1b8d0890d2fd297f33ab18d5d9cbe811a809c0c0|137de4b34d45192985e21f6d6163533da547fbac
contrib/wpa/hostapd/hostapd.8|man8/hostapd.8|c0cbb364da8d7c36b9557ca040eaaf3974205e96563001190b44aacfc78a1ee5|c0cbb364da8d7c36b9557ca040eaaf3974205e96563001190b44aacfc78a1ee5|5b9c547c072b84410b50897cc53710c75b2f6b74
contrib/wpa/hostapd/hostapd_cli.1|man1/hostapd_cli.1|1c69dfbe2c3256748b41cdf59f74ed8de38fc763fcf1f6abb402f30e0f1e375d|1c69dfbe2c3256748b41cdf59f74ed8de38fc763fcf1f6abb402f30e0f1e375d|e28a4053b110e06768631ac8401ed4a3c05e68a5
contrib/xz/src/lzmainfo/lzmainfo.1|man1/lzmainfo.1|4eba273eb9257a613279dc9a2faa4101724f1ce95bb21efd39125e095ff5b336|4eba273eb9257a613279dc9a2faa4101724f1ce95bb21efd39125e095ff5b336|3b35e7ee8de9b0260149a2b77e87a2b9c7a36244
contrib/xz/src/xz/xz.1|man1/xz.1|6ee34684ef627989fe6f523525a560162b93f9eb9da00f59373a1b96c0ddbf1c|6ee34684ef627989fe6f523525a560162b93f9eb9da00f59373a1b96c0ddbf1c|128836d304d93f2d00eb14069c27089ab46c38d4
contrib/xz/src/xzdec/xzdec.1|man1/xzdec.1|51571323562d054206a2bb00dddcdd8bd967b164d53df827ce679495c18a69d4|51571323562d054206a2bb00dddcdd8bd967b164d53df827ce679495c18a69d4|3b35e7ee8de9b0260149a2b77e87a2b9c7a36244
crypto/heimdal/admin/ktutil.8|man8/ktutil.8|fb3a4a79e26cd7dafea2957460505da34c161d61cef7f652dbc01d5bf8efa7c7|fb3a4a79e26cd7dafea2957460505da34c161d61cef7f652dbc01d5bf8efa7c7|ae77177087c655fc883075af4f425b37e032cd05
crypto/heimdal/appl/afsutil/afslog.1|man1/afslog.1|4e66df11583fe6dec5360f6253505ea2f50337535d2f10cb6456c3ae7c5fd9e2|4e66df11583fe6dec5360f6253505ea2f50337535d2f10cb6456c3ae7c5fd9e2|ae77177087c655fc883075af4f425b37e032cd05
crypto/heimdal/appl/afsutil/pagsh.1|man1/pagsh.1|d825c530af6a167179df6380246e2a3747e037d890d054121ba2110706500f81|d825c530af6a167179df6380246e2a3747e037d890d054121ba2110706500f81|ae77177087c655fc883075af4f425b37e032cd05
crypto/heimdal/appl/ftp/ftp/ftp.1|man1/ftp.1|fdad121d24a1f68d8d1920e0aeba5b2220d2a1d5ec316b2ecbb32ce46fb1d3d9|fdad121d24a1f68d8d1920e0aeba5b2220d2a1d5ec316b2ecbb32ce46fb1d3d9|fc55c20355d889bf3d3f81d94b3614a0c4253fa0
crypto/heimdal/appl/ftp/ftpd/ftpd.8|man8/ftpd.8|0f504303b760845d9cd7f5d2ceac5d7af2ce602f0bb23d86b456efffab7e6363|0f504303b760845d9cd7f5d2ceac5d7af2ce602f0bb23d86b456efffab7e6363|ae77177087c655fc883075af4f425b37e032cd05
crypto/heimdal/appl/kf/kf.1|man1/kf.1|b0ed7d23aa6e18c804d6a8295efe78c12e086e99b769ff0816954caf3831b780|b0ed7d23aa6e18c804d6a8295efe78c12e086e99b769ff0816954caf3831b780|ae77177087c655fc883075af4f425b37e032cd05
crypto/heimdal/appl/kf/kfd.8|man8/kfd.8|34ac61c829111c45482bec275047bd23bade8601ce1c5369370fdba75348b9a8|34ac61c829111c45482bec275047bd23bade8601ce1c5369370fdba75348b9a8|ae77177087c655fc883075af4f425b37e032cd05
crypto/heimdal/appl/login/login.1|man1/login.1|f3a207a1beae9cada9cdee44a1da6f343f289a28c7c77fe00f39e239146f8de7|f3a207a1beae9cada9cdee44a1da6f343f289a28c7c77fe00f39e239146f8de7|ae77177087c655fc883075af4f425b37e032cd05
crypto/heimdal/appl/push/pfrom.1|man1/pfrom.1|5a310cf94b34910a3659183bef3b819f57ca75776f3c3a40fd13d8a389d562dc|5a310cf94b34910a3659183bef3b819f57ca75776f3c3a40fd13d8a389d562dc|ae77177087c655fc883075af4f425b37e032cd05
crypto/heimdal/appl/push/push.8|man8/push.8|314485a324d8006db15c4ebba9f50503a1b2395fc287230e73e1e60725224b78|314485a324d8006db15c4ebba9f50503a1b2395fc287230e73e1e60725224b78|ae77177087c655fc883075af4f425b37e032cd05
crypto/heimdal/appl/rcp/rcp.1|man1/rcp.1|8c1d0e72ca32272ebc37a95414d92c737109f838d3051f74864bf9a6fff3f4da|8c1d0e72ca32272ebc37a95414d92c737109f838d3051f74864bf9a6fff3f4da|ae77177087c655fc883075af4f425b37e032cd05
crypto/heimdal/appl/rsh/rsh.1|man1/rsh.1|b8771833db5254092416ed4d1a02b3708ae1662b41d7f514be1fcf53c45ce492|b8771833db5254092416ed4d1a02b3708ae1662b41d7f514be1fcf53c45ce492|fc55c20355d889bf3d3f81d94b3614a0c4253fa0
crypto/heimdal/appl/rsh/rshd.8|man8/rshd.8|bcf2e6ec632216ef0e32db2ae3b951e54422d435b5da4ea172578028c4e4e748|bcf2e6ec632216ef0e32db2ae3b951e54422d435b5da4ea172578028c4e4e748|ae77177087c655fc883075af4f425b37e032cd05
crypto/heimdal/appl/su/su.1|man1/su.1|1ff0f5618e7ff540a247e2972b27a05a151484fd4cd05003006c6566a2c3ff74|1ff0f5618e7ff540a247e2972b27a05a151484fd4cd05003006c6566a2c3ff74|ae77177087c655fc883075af4f425b37e032cd05
crypto/heimdal/appl/telnet/telnet/telnet.1|man1/telnet.1|25c114f498349d15d409c26d9ff43dcd3cbbcf9407721288f7e3aa83423f02b6|25c114f498349d15d409c26d9ff43dcd3cbbcf9407721288f7e3aa83423f02b6|c19800e8cd5640693f36f2040db4ab5e8d738146
crypto/heimdal/appl/telnet/telnetd/telnetd.8|man8/telnetd.8|079f8e523ee7fdd54547c229fd8774340bd6930702919774e9a59530ced8f4fc|079f8e523ee7fdd54547c229fd8774340bd6930702919774e9a59530ced8f4fc|c19800e8cd5640693f36f2040db4ab5e8d738146
crypto/heimdal/kadmin/kadmin.8|man8/kadmin.8|0d0f8ba2bf39679f666670ddbb7e366540cf585a146051867d2068c1bdfce33c|0d0f8ba2bf39679f666670ddbb7e366540cf585a146051867d2068c1bdfce33c|23fbea8cf2f360dd45cb69c98f6f2931fff3721e
crypto/heimdal/kadmin/kadmind.8|man8/kadmind.8|5c55e83b38a830644edc1312b590732c0b0c24b5b0672003dc05d0ec19fda337|5c55e83b38a830644edc1312b590732c0b0c24b5b0672003dc05d0ec19fda337|ae77177087c655fc883075af4f425b37e032cd05
crypto/heimdal/kcm/kcm.8|man8/kcm.8|7d03d71924715abc379e520ef1c909ce0976521065a54d4ac40814fddae38f04|7d03d71924715abc379e520ef1c909ce0976521065a54d4ac40814fddae38f04|53d908d6eb9dc5b40c2c0179eeb85e1d21e32577
crypto/heimdal/kdc/hprop.8|man8/hprop.8|b1caa19f941aa7a5b9c4ef3046af519e1731ff94c808c192826b30b6d0a54267|b1caa19f941aa7a5b9c4ef3046af519e1731ff94c808c192826b30b6d0a54267|ae77177087c655fc883075af4f425b37e032cd05
crypto/heimdal/kdc/hpropd.8|man8/hpropd.8|5d1057ed8a0f59d418656802a12ef7eae14e77f3ac6ac1ae7ed8f5d21eb62fd0|5d1057ed8a0f59d418656802a12ef7eae14e77f3ac6ac1ae7ed8f5d21eb62fd0|ae77177087c655fc883075af4f425b37e032cd05
crypto/heimdal/kdc/kdc.8|man8/kdc.8|c9a4c52fcf865f47f1b43eb319a101c4c7b11e7dea86e4fe74ac071276cee5a3|c9a4c52fcf865f47f1b43eb319a101c4c7b11e7dea86e4fe74ac071276cee5a3|53d908d6eb9dc5b40c2c0179eeb85e1d21e32577
crypto/heimdal/kdc/kstash.8|man8/kstash.8|e78ef0c36ebd53d2e16360c219c66860df6965061c4ef9bcaf7d58df5d376e99|e78ef0c36ebd53d2e16360c219c66860df6965061c4ef9bcaf7d58df5d376e99|ae77177087c655fc883075af4f425b37e032cd05
crypto/heimdal/kdc/string2key.8|man8/string2key.8|ab214f341b4e6b2aaa39d164a6ef962e7c4e946a654ec6bad8e8dd99f2db1a4c|ab214f341b4e6b2aaa39d164a6ef962e7c4e946a654ec6bad8e8dd99f2db1a4c|ae77177087c655fc883075af4f425b37e032cd05
crypto/heimdal/kpasswd/kpasswd.1|man1/kpasswd.1|6430a7e8346df1d1968f5bcc5b6d31ad724f1afeb7338fdf3c7112004a8cdade|6430a7e8346df1d1968f5bcc5b6d31ad724f1afeb7338fdf3c7112004a8cdade|ae77177087c655fc883075af4f425b37e032cd05
crypto/heimdal/kpasswd/kpasswdd.8|man8/kpasswdd.8|d81f75e4e58f9ed24d33bc6fdc2adee61bce6bcaede19635c26cf76044148eaa|d81f75e4e58f9ed24d33bc6fdc2adee61bce6bcaede19635c26cf76044148eaa|ae77177087c655fc883075af4f425b37e032cd05
crypto/heimdal/kuser/copy_cred_cache.1|man1/copy_cred_cache.1|69b8aee2f88fffd636df8719a605718ad5653bb9c2dfc037a5bcc97b153dd030|69b8aee2f88fffd636df8719a605718ad5653bb9c2dfc037a5bcc97b153dd030|ae77177087c655fc883075af4f425b37e032cd05
crypto/heimdal/kuser/kdestroy.1|man1/kdestroy.1|1471847cf9f833122bb9d506e0b417b455873acc60c60c350fd0b6c5ceaba808|1471847cf9f833122bb9d506e0b417b455873acc60c60c350fd0b6c5ceaba808|ae77177087c655fc883075af4f425b37e032cd05
crypto/heimdal/kuser/kdigest.8|man8/kdigest.8|cadf84849114542e8eaa7c50e6534800b22daa60d8638df5e8129174792b9980|cadf84849114542e8eaa7c50e6534800b22daa60d8638df5e8129174792b9980|ae77177087c655fc883075af4f425b37e032cd05
crypto/heimdal/kuser/kgetcred.1|man1/kgetcred.1|fe1affdd466f39ccae2fdc533eec0de632c094e7180f6a71d0b4ac79f8f8bacb|fe1affdd466f39ccae2fdc533eec0de632c094e7180f6a71d0b4ac79f8f8bacb|ae77177087c655fc883075af4f425b37e032cd05
crypto/heimdal/kuser/kimpersonate.8|man8/kimpersonate.8|ca3627854d50f60f2b9c005fb4d6dc25269ad189d738f89fa94d7e49686c4402|ca3627854d50f60f2b9c005fb4d6dc25269ad189d738f89fa94d7e49686c4402|ae77177087c655fc883075af4f425b37e032cd05
crypto/heimdal/kuser/kinit.1|man1/kinit.1|b16d1e28b292e9922311022ee9d6f2a2877297c8c8dac310310209757cf153fd|b16d1e28b292e9922311022ee9d6f2a2877297c8c8dac310310209757cf153fd|ae77177087c655fc883075af4f425b37e032cd05
crypto/heimdal/kuser/klist.1|man1/klist.1|e697742463d74c9ea321a730a4c16a9163ab7e4e5d357330396de843bae3de38|e697742463d74c9ea321a730a4c16a9163ab7e4e5d357330396de843bae3de38|ae77177087c655fc883075af4f425b37e032cd05
crypto/heimdal/kuser/kswitch.1|man1/kswitch.1|6f78afac5c7bdf35732ad5b7d3bc28dd8b62bb4554f88e415c22964e57dbb07d|6f78afac5c7bdf35732ad5b7d3bc28dd8b62bb4554f88e415c22964e57dbb07d|ae77177087c655fc883075af4f425b37e032cd05
crypto/heimdal/lib/kadm5/iprop-log.8|man8/iprop-log.8|1a90edb2fabe7868ea4c89141dde259d6de6c77ac5968de0a35d1095a6c01b66|1a90edb2fabe7868ea4c89141dde259d6de6c77ac5968de0a35d1095a6c01b66|ae77177087c655fc883075af4f425b37e032cd05
crypto/heimdal/lib/kadm5/iprop.8|man8/iprop.8|a61bf1fcb84d376504f7ab12ab7cd211cc7a6691f95f7442876b6f0898c042b0|a61bf1fcb84d376504f7ab12ab7cd211cc7a6691f95f7442876b6f0898c042b0|ae77177087c655fc883075af4f425b37e032cd05
crypto/heimdal/lib/krb5/kerberos.8|man8/kerberos.8|10a914576fbb27fff46716ee25f0fde1d1729b678c8a41649a1c4de4049ec60d|10a914576fbb27fff46716ee25f0fde1d1729b678c8a41649a1c4de4049ec60d|80ba60f64394fab3cda10d5921af896ed1c57c5f
crypto/heimdal/lib/krb5/verify_krb5_conf.8|man8/verify_krb5_conf.8|93ffe849e795236fe52fa1b77e47bf95d380c7e7ec61fd53c4a474c835d84306|93ffe849e795236fe52fa1b77e47bf95d380c7e7ec61fd53c4a474c835d84306|ae77177087c655fc883075af4f425b37e032cd05
crypto/heimdal/tools/krb5-config.1|man1/krb5-config.1|86ddcdef5c768d75e2e34538de1b20733ca54387941d9bf0c01099eeeadc8872|86ddcdef5c768d75e2e34538de1b20733ca54387941d9bf0c01099eeeadc8872|ae77177087c655fc883075af4f425b37e032cd05
crypto/krb5/src/util/et/compile_et.1|man1/compile_et.1|0551257f030abd29d04f1f51cf373ecbf354565275edd42bec4390174ca26034|0551257f030abd29d04f1f51cf373ecbf354565275edd42bec4390174ca26034|7f2fe78b9dd5f51c821d771b63d2e096f6fd49e9
crypto/openssh/contrib/ssh-copy-id.1|man1/ssh-copy-id.1|ab85a3d3a7267eba91744582ec53ec5bd778188469bf3bd5900013bdac5ee990|ab85a3d3a7267eba91744582ec53ec5bd778188469bf3bd5900013bdac5ee990|3d9fd9fcb432750f3716b28f6ccb0104cd9d351a
crypto/openssh/scp.1|man1/scp.1|523f2172219534a3c56cbe9f723323695ff28e8c92882f386eb752d9152c3187|523f2172219534a3c56cbe9f723323695ff28e8c92882f386eb752d9152c3187|8e28d84935f2f0ee081d44f9803f3052b960e50b
crypto/openssh/sftp-server.8|man8/sftp-server.8|0ad9fa901005a1fdd7feaf4366d4f925bc7a1497b8db6a7199eba6f2126f16ce|0ad9fa901005a1fdd7feaf4366d4f925bc7a1497b8db6a7199eba6f2126f16ce|19261079b74319502c6ffa1249920079f0f69a72
crypto/openssh/sftp.1|man1/sftp.1|bccb8b8020cd5522e3923a98e305d5122fc5b280a3ffe90ea380a1fbc13ccd6f|bccb8b8020cd5522e3923a98e305d5122fc5b280a3ffe90ea380a1fbc13ccd6f|8e28d84935f2f0ee081d44f9803f3052b960e50b
crypto/openssh/ssh-add.1|man1/ssh-add.1|95bb8424ae31516ac4684fb66c8bd88bff35db0fec9d4a11087c0e12f6fb15c1|95bb8424ae31516ac4684fb66c8bd88bff35db0fec9d4a11087c0e12f6fb15c1|0fdf8fae8b569bf9fff3b5171e669dcd7cf9c79e
crypto/openssh/ssh-agent.1|man1/ssh-agent.1|fe34e417ac5cf28fd713a3482d1cb6b48d24634351a3cc9f3e066ab3338c2627|fe34e417ac5cf28fd713a3482d1cb6b48d24634351a3cc9f3e066ab3338c2627|8e28d84935f2f0ee081d44f9803f3052b960e50b
crypto/openssh/ssh-keygen.1|man1/ssh-keygen.1|4c5c8a53b023ad0d4e2d7ac852090dc073fc6a91b8f739b4225f1803974044ff|4c5c8a53b023ad0d4e2d7ac852090dc073fc6a91b8f739b4225f1803974044ff|8e28d84935f2f0ee081d44f9803f3052b960e50b
crypto/openssh/ssh-keyscan.1|man1/ssh-keyscan.1|971142d8a06dc83f334a76f42bc50ba3d488976e238de3ff67f0f679e98744fe|971142d8a06dc83f334a76f42bc50ba3d488976e238de3ff67f0f679e98744fe|0fdf8fae8b569bf9fff3b5171e669dcd7cf9c79e
crypto/openssh/ssh-keysign.8|man8/ssh-keysign.8|daa9b36c220f9c700718d2af0f8e3b9beb41f379f7cf9ddb0e84ce0f1ab940bb|daa9b36c220f9c700718d2af0f8e3b9beb41f379f7cf9ddb0e84ce0f1ab940bb|0fdf8fae8b569bf9fff3b5171e669dcd7cf9c79e
crypto/openssh/ssh-pkcs11-helper.8|man8/ssh-pkcs11-helper.8|9d81e0a7c54656fb44dadc4ad8265566fa51979d377281a192cb936af71e7a2b|9d81e0a7c54656fb44dadc4ad8265566fa51979d377281a192cb936af71e7a2b|38a52bd3b5cac3da6f7f6eef3dd050e6aa08ebb3
crypto/openssh/ssh-sk-helper.8|man8/ssh-sk-helper.8|8f2bd8a60120f2fc140f68da58c368393ad2b25ff70b48580fe99a80fab2301a|8f2bd8a60120f2fc140f68da58c368393ad2b25ff70b48580fe99a80fab2301a|38a52bd3b5cac3da6f7f6eef3dd050e6aa08ebb3
crypto/openssh/ssh.1|man1/ssh.1|c7b714035bf3f7bb59a9b9f66358174617bdae8aa080ef146022d3f2aa719c60|c7b714035bf3f7bb59a9b9f66358174617bdae8aa080ef146022d3f2aa719c60|8e28d84935f2f0ee081d44f9803f3052b960e50b
crypto/openssh/sshd.8|man8/sshd.8|74a866ef1b65d242b554a0a74865109675c365c0d8a5d43b6d59549e6e86783c|74a866ef1b65d242b554a0a74865109675c365c0d8a5d43b6d59549e6e86783c|3d9fd9fcb432750f3716b28f6ccb0104cd9d351a
lib/geom/cache/gcache.8|man8/gcache.8|691d0f6567d22de6f00c4d834ca5ddd448f4a11a0174b2d40156e413930e7364|691d0f6567d22de6f00c4d834ca5ddd448f4a11a0174b2d40156e413930e7364|fa9896e082a1046ff4fbc75fcba4d18d1f2efc19
lib/geom/concat/gconcat.8|man8/gconcat.8|02dd31675c1e05df99cb7705404bf2345946537718c7bd5d3b018bc839dbff44|02dd31675c1e05df99cb7705404bf2345946537718c7bd5d3b018bc839dbff44|27bd6c32bbb49a592a0dfbec5f211a7c2fed31d6
lib/geom/eli/geli.8|man8/geli.8|eb36de45c851b2e604210ecddd001e55ead1591f040c65b680b053d9551f2e4d|eb36de45c851b2e604210ecddd001e55ead1591f040c65b680b053d9551f2e4d|c803e26f24164b2f2a8545598552a221c0e225a4
lib/geom/journal/gjournal.8|man8/gjournal.8|8cca4a9cbcd601f86f932121faec1846fd6bf4d31f1ae6425f70da3042ed4ce6|8cca4a9cbcd601f86f932121faec1846fd6bf4d31f1ae6425f70da3042ed4ce6|1d479bf6b4741fdc24490ad7179bbef0a78af288
lib/geom/label/glabel.8|man8/glabel.8|43755f4dac856721253ee05d69ee8f8de291e3667d5043285e0c52c3b777f093|43755f4dac856721253ee05d69ee8f8de291e3667d5043285e0c52c3b777f093|c80c104cbd52db994c0f2757bd1c6d014744022c
lib/geom/mirror/gmirror.8|man8/gmirror.8|163c508fa9fd37621fe59b522b83dff7e035eace8f98d777c4d5127478c604e2|163c508fa9fd37621fe59b522b83dff7e035eace8f98d777c4d5127478c604e2|27bd6c32bbb49a592a0dfbec5f211a7c2fed31d6
lib/geom/mountver/gmountver.8|man8/gmountver.8|3d1af36e753fc69410a3ed1cee797cdd95bc2b6581c1b179a68925e2c979bb5a|3d1af36e753fc69410a3ed1cee797cdd95bc2b6581c1b179a68925e2c979bb5a|fa9896e082a1046ff4fbc75fcba4d18d1f2efc19
lib/geom/multipath/gmultipath.8|man8/gmultipath.8|3554b7959090cbda867b2ce81cfba34a35bf799bddce20ae3618b637cb8a3f21|3554b7959090cbda867b2ce81cfba34a35bf799bddce20ae3618b637cb8a3f21|fa9896e082a1046ff4fbc75fcba4d18d1f2efc19
lib/geom/nop/gnop.8|man8/gnop.8|d10a067059fea0c3e33c5654511c6d7ccd95b08f94eb5fe31c2adbaf51f8c4b4|d10a067059fea0c3e33c5654511c6d7ccd95b08f94eb5fe31c2adbaf51f8c4b4|fa9896e082a1046ff4fbc75fcba4d18d1f2efc19
lib/geom/part/gpart.8|man8/gpart.8|ea6b871f3a338ec2a88bd36c1193c1017824795fe91fed82240bb00e0203518f|ea6b871f3a338ec2a88bd36c1193c1017824795fe91fed82240bb00e0203518f|d35b039af944f68fe99bb3ad2f0c6d5ec7917096
lib/geom/raid/graid.8|man8/graid.8|5f8b31f4d645fcf73df8b2cfa17045418dedae8c26c65d875fa97ee586de4b97|5f8b31f4d645fcf73df8b2cfa17045418dedae8c26c65d875fa97ee586de4b97|fa38579f317d5c2ff2926fab9b12ee6d429bd155
lib/geom/raid3/graid3.8|man8/graid3.8|8da5e22e4e92fab50529142d5aced459aff9199221c882be9e929bed95ab481e|8da5e22e4e92fab50529142d5aced459aff9199221c882be9e929bed95ab481e|27bd6c32bbb49a592a0dfbec5f211a7c2fed31d6
lib/geom/shsec/gshsec.8|man8/gshsec.8|1565878ec49ff2c01df74d5aa16ef20ed23f22124e3f60e18a6f67d782bfde60|1565878ec49ff2c01df74d5aa16ef20ed23f22124e3f60e18a6f67d782bfde60|5f6d85cb1b53c99f0995a81a18fa9f9dc0e887bd
lib/geom/stripe/gstripe.8|man8/gstripe.8|4a86102d4f26d339e4830f1de47ad7604098cca846f2c530d0a3a7c4a80cfa23|4a86102d4f26d339e4830f1de47ad7604098cca846f2c530d0a3a7c4a80cfa23|27bd6c32bbb49a592a0dfbec5f211a7c2fed31d6
lib/geom/union/gunion.8|man8/gunion.8|ae50e2f8187ff24ae42553155b8195ebbee9af98ee6a08b64320d2d5818afd0f|ae50e2f8187ff24ae42553155b8195ebbee9af98ee6a08b64320d2d5818afd0f|fa9896e082a1046ff4fbc75fcba4d18d1f2efc19
lib/geom/virstor/gvirstor.8|man8/gvirstor.8|ad9d948cadc770f053ab1f75849b93e36f207bb0340eacabdae2c104588c382d|ad9d948cadc770f053ab1f75849b93e36f207bb0340eacabdae2c104588c382d|fa9896e082a1046ff4fbc75fcba4d18d1f2efc19
lib/libpam/modules/pam_chroot/pam_chroot.8|man8/pam_chroot.8|fdbed8ab6c8c469822e19566f54e147dd1c0e63461f4ab0206c662f83910e4fe|fdbed8ab6c8c469822e19566f54e147dd1c0e63461f4ab0206c662f83910e4fe|6e1fc0118033f42b7c0d3623c8f67a89ebecabb2
lib/libpam/modules/pam_deny/pam_deny.8|man8/pam_deny.8|2ed7e670987b0fbd3a59102380d2247e8284c44a961e61a79c2df3bba3290c48|2ed7e670987b0fbd3a59102380d2247e8284c44a961e61a79c2df3bba3290c48|6e1fc0118033f42b7c0d3623c8f67a89ebecabb2
lib/libpam/modules/pam_echo/pam_echo.8|man8/pam_echo.8|7ea3efe33aaaba19890e59c7ebb151f06ed0c5773ada2c6d0727e76da616d0be|7ea3efe33aaaba19890e59c7ebb151f06ed0c5773ada2c6d0727e76da616d0be|6e1fc0118033f42b7c0d3623c8f67a89ebecabb2
lib/libpam/modules/pam_exec/pam_exec.8|man8/pam_exec.8|b5c6b94d0097012802a7eb327357dab7ced03b167c8e3bd741b71041ae31daf7|b5c6b94d0097012802a7eb327357dab7ced03b167c8e3bd741b71041ae31daf7|6e1fc0118033f42b7c0d3623c8f67a89ebecabb2
lib/libpam/modules/pam_ftpusers/pam_ftpusers.8|man8/pam_ftpusers.8|8a9eacb7e1f11c0afa4bdf9554a230bec7549a64c3db9283ba4990db928ff073|8a9eacb7e1f11c0afa4bdf9554a230bec7549a64c3db9283ba4990db928ff073|6e1fc0118033f42b7c0d3623c8f67a89ebecabb2
lib/libpam/modules/pam_group/pam_group.8|man8/pam_group.8|d1d9616489ce14fba87d6cddefb114236af88cbd74b43f5eb4015ca4069b846f|d1d9616489ce14fba87d6cddefb114236af88cbd74b43f5eb4015ca4069b846f|6e1fc0118033f42b7c0d3623c8f67a89ebecabb2
lib/libpam/modules/pam_guest/pam_guest.8|man8/pam_guest.8|58d2768c100f1637bc33f35619cd6e5459c9ad1d600984b35ae5cd614e0257c6|58d2768c100f1637bc33f35619cd6e5459c9ad1d600984b35ae5cd614e0257c6|6e1fc0118033f42b7c0d3623c8f67a89ebecabb2
lib/libpam/modules/pam_krb5/pam-krb5.8|man8/pam-krb5.8|96b05349162a98dd126ea500267ffb54c24ea9679cad6e2eacd6f2735b0ca2ec|96b05349162a98dd126ea500267ffb54c24ea9679cad6e2eacd6f2735b0ca2ec|bada4c39b20c4378b485cff061c3b8da688e1621
lib/libpam/modules/pam_krb5/pam_krb5.8|man8/pam_krb5.8|8f5ef7119a29c740aaceb72d1ab4b8fee51d8d416b2c4d2e8502070b1923b106|8f5ef7119a29c740aaceb72d1ab4b8fee51d8d416b2c4d2e8502070b1923b106|6e1fc0118033f42b7c0d3623c8f67a89ebecabb2
lib/libpam/modules/pam_ksu/pam_ksu.8|man8/pam_ksu.8|29a63f25df7ccfc144061d4e7dd9e3f294fb4620ec7673ba2cd99d2f7eeca826|29a63f25df7ccfc144061d4e7dd9e3f294fb4620ec7673ba2cd99d2f7eeca826|6e1fc0118033f42b7c0d3623c8f67a89ebecabb2
lib/libpam/modules/pam_lastlog/pam_lastlog.8|man8/pam_lastlog.8|a389714e523bcf8acc4f543c734ab7104d916b675780072c463cf0689826c9d5|a389714e523bcf8acc4f543c734ab7104d916b675780072c463cf0689826c9d5|6e1fc0118033f42b7c0d3623c8f67a89ebecabb2
lib/libpam/modules/pam_login_access/pam_login_access.8|man8/pam_login_access.8|e7dd87da1df1c0623ea8b7f241f6d080869eaf0fbd2719351db1571c97783cf1|e7dd87da1df1c0623ea8b7f241f6d080869eaf0fbd2719351db1571c97783cf1|fa9896e082a1046ff4fbc75fcba4d18d1f2efc19
lib/libpam/modules/pam_nologin/pam_nologin.8|man8/pam_nologin.8|64b4170a204ad16dd6060428b58d4037977c5bb9c3024321c7a38087c6feee8b|64b4170a204ad16dd6060428b58d4037977c5bb9c3024321c7a38087c6feee8b|6e1fc0118033f42b7c0d3623c8f67a89ebecabb2
lib/libpam/modules/pam_passwdqc/pam_passwdqc.8|man8/pam_passwdqc.8|e79377252871f67420135bfcebb104516603fc9f66ad20043d054411fa359851|e79377252871f67420135bfcebb104516603fc9f66ad20043d054411fa359851|6e1fc0118033f42b7c0d3623c8f67a89ebecabb2
lib/libpam/modules/pam_permit/pam_permit.8|man8/pam_permit.8|a31f66d529a7131219c8c74d9f614140c0a6b46a0286b47393ef772cb6ac20c7|a31f66d529a7131219c8c74d9f614140c0a6b46a0286b47393ef772cb6ac20c7|6e1fc0118033f42b7c0d3623c8f67a89ebecabb2
lib/libpam/modules/pam_radius/pam_radius.8|man8/pam_radius.8|2cbff43bb4980daef61e9cb7754fe0bd25205d67452bc85c187991d673de5cb1|2cbff43bb4980daef61e9cb7754fe0bd25205d67452bc85c187991d673de5cb1|6e1fc0118033f42b7c0d3623c8f67a89ebecabb2
lib/libpam/modules/pam_rhosts/pam_rhosts.8|man8/pam_rhosts.8|59a100bb57022aee741f5cb22180dc718a591b581a4e6b42457c5bc4125aebfc|59a100bb57022aee741f5cb22180dc718a591b581a4e6b42457c5bc4125aebfc|6e1fc0118033f42b7c0d3623c8f67a89ebecabb2
lib/libpam/modules/pam_rootok/pam_rootok.8|man8/pam_rootok.8|882fd97b585029432056c19573119e357f267730af6cd6f0e3a9f9b882b56cc5|882fd97b585029432056c19573119e357f267730af6cd6f0e3a9f9b882b56cc5|6e1fc0118033f42b7c0d3623c8f67a89ebecabb2
lib/libpam/modules/pam_securetty/pam_securetty.8|man8/pam_securetty.8|ad6110fa926bdba3aee5d615dcd5eb9c5b8790e3713e3e7928e98c46823ff131|ad6110fa926bdba3aee5d615dcd5eb9c5b8790e3713e3e7928e98c46823ff131|6e1fc0118033f42b7c0d3623c8f67a89ebecabb2
lib/libpam/modules/pam_self/pam_self.8|man8/pam_self.8|41a673e3bcc90ed37665e9f0f4722d1573464a35e16765bdf3da0ddb2b02bbe0|41a673e3bcc90ed37665e9f0f4722d1573464a35e16765bdf3da0ddb2b02bbe0|6e1fc0118033f42b7c0d3623c8f67a89ebecabb2
lib/libpam/modules/pam_ssh/pam_ssh.8|man8/pam_ssh.8|0bc1fdf3754f827deb985a61e85322b1eb94b662d9eff9ba509f98c1b22fd85b|0bc1fdf3754f827deb985a61e85322b1eb94b662d9eff9ba509f98c1b22fd85b|6e1fc0118033f42b7c0d3623c8f67a89ebecabb2
lib/libpam/modules/pam_tacplus/pam_tacplus.8|man8/pam_tacplus.8|199ae05da8e1f635e564a558a012189b7a747673f95e72bdcae50a265de6f5be|199ae05da8e1f635e564a558a012189b7a747673f95e72bdcae50a265de6f5be|fa9896e082a1046ff4fbc75fcba4d18d1f2efc19
lib/libpam/modules/pam_unix/pam_unix.8|man8/pam_unix.8|a9d4bd09d705d437153828a67f85fbe4c2f762bc9d6957d461216bd8350c8cc3|a9d4bd09d705d437153828a67f85fbe4c2f762bc9d6957d461216bd8350c8cc3|6e1fc0118033f42b7c0d3623c8f67a89ebecabb2
lib/libpam/modules/pam_xdg/pam_xdg.8|man8/pam_xdg.8|091f9e31bf381aafb085fb7eeb295c215072836e727bd69c4e5d05db30eb3317|091f9e31bf381aafb085fb7eeb295c215072836e727bd69c4e5d05db30eb3317|616bb0b230835e8b88d032e2026854ad031afea2
lib/nss_tacplus/nss_tacplus.8|man8/nss_tacplus.8|fa675874a086aee7163a7aaaed922c45e511c96601828b68a0ee304828455df8|fa675874a086aee7163a7aaaed922c45e511c96601828b68a0ee304828455df8|246aec9a3ce305272f35e6416910024f602a03c1
libexec/bootpd/bootpd.8|man8/bootpd.8|72986a1b5e488968ee90b01ac452738b1fb4751e2b40bc904d2f9f4a7a6fd58f|72986a1b5e488968ee90b01ac452738b1fb4751e2b40bc904d2f9f4a7a6fd58f|fa9896e082a1046ff4fbc75fcba4d18d1f2efc19
libexec/bootpd/tools/bootpef/bootpef.8|man8/bootpef.8|af0c2e1b6f449fbfa48ccf1054b5854faf718d35c2584a3d55852492fb313f81|af0c2e1b6f449fbfa48ccf1054b5854faf718d35c2584a3d55852492fb313f81|b2c76c41be32f904179efed29c0ca04d53f3996c
libexec/bootpd/tools/bootptest/bootptest.8|man8/bootptest.8|c4f952c739257f1913acfac2990c3461380c539db924ee322b024e542b3e67eb|c4f952c739257f1913acfac2990c3461380c539db924ee322b024e542b3e67eb|b2c76c41be32f904179efed29c0ca04d53f3996c
libexec/comsat/comsat.8|man8/comsat.8|6c390013d58ab07c8bb2d1e3915cf5143bf172bf85f60c73f7996db133cb39d9|6c390013d58ab07c8bb2d1e3915cf5143bf172bf85f60c73f7996db133cb39d9|43581d7b6617959e4452094d9330ef020034a6c9
libexec/fingerd/fingerd.8|man8/fingerd.8|7bb58f77b9862c4a08892c6d1e0a029497c251cfc1226adddc4a9d98b4ec7169|7bb58f77b9862c4a08892c6d1e0a029497c251cfc1226adddc4a9d98b4ec7169|43581d7b6617959e4452094d9330ef020034a6c9
libexec/flua/flua.1|man1/flua.1|d8e9c5c46a093fa994e9cc4f2b71eb72237924e519539726ee9baca30e28a73a|d8e9c5c46a093fa994e9cc4f2b71eb72237924e519539726ee9baca30e28a73a|cbe50f7c20cf0ca484d29cf345864a18c29850e7
libexec/getty/getty.8|man8/getty.8|872bb6ee580e68a66ccafca13d54bdb96f590d5eb3c9d7c6f66e1d9eb3c40cdf|872bb6ee580e68a66ccafca13d54bdb96f590d5eb3c9d7c6f66e1d9eb3c40cdf|43581d7b6617959e4452094d9330ef020034a6c9
libexec/makewhatis.local/makewhatis.local.8|man8/makewhatis.local.8|cd09044d62cc89681b5fa37946605829ae599352b7c2a51d391b7cc5373db749|cd09044d62cc89681b5fa37946605829ae599352b7c2a51d391b7cc5373db749|fa9896e082a1046ff4fbc75fcba4d18d1f2efc19
libexec/mknetid/mknetid.8|man8/mknetid.8|0bd08d9d62ba69b29591898869f06f33c1c6914f0869cbe88051e5d26646ff7f|0bd08d9d62ba69b29591898869f06f33c1c6914f0869cbe88051e5d26646ff7f|fa9896e082a1046ff4fbc75fcba4d18d1f2efc19
libexec/phttpget/phttpget.8|man8/phttpget.8|562e4cd944a2a8db7b504fed09bb3cc29b51f787c342ae4cef4cf4bbd55ea524|562e4cd944a2a8db7b504fed09bb3cc29b51f787c342ae4cef4cf4bbd55ea524|9b30b96c1fa4ee0dfc540878fbb3247bf92d19eb
libexec/pppoed/pppoed.8|man8/pppoed.8|0e249d8cecfb3526352f7564d3ad534f32dc59cc0942c0201418a046691b2c1b|0e249d8cecfb3526352f7564d3ad534f32dc59cc0942c0201418a046691b2c1b|fa9896e082a1046ff4fbc75fcba4d18d1f2efc19
libexec/rbootd/rbootd.8|man8/rbootd.8|34bae35f0d82bab8e432e9239fb8e2691486317a7963cce2d62685b75211d61f|34bae35f0d82bab8e432e9239fb8e2691486317a7963cce2d62685b75211d61f|43581d7b6617959e4452094d9330ef020034a6c9
libexec/revnetgroup/revnetgroup.8|man8/revnetgroup.8|d0647ad0e7476b3bb40f82c5456d5e8aa18285cadb6a756b63706a061b852a7d|d0647ad0e7476b3bb40f82c5456d5e8aa18285cadb6a756b63706a061b852a7d|fa9896e082a1046ff4fbc75fcba4d18d1f2efc19
libexec/rpc.rquotad/rpc.rquotad.8|man8/rpc.rquotad.8|190617a7f1f624a58b16b7cb877441bd997dc5e482869c48bdda854bace22373|190617a7f1f624a58b16b7cb877441bd997dc5e482869c48bdda854bace22373|fa9896e082a1046ff4fbc75fcba4d18d1f2efc19
libexec/rpc.rstatd/rpc.rstatd.8|man8/rpc.rstatd.8|98f4bd873f3eb16c597b5d76ba62bb12dab90d37e4e68caad183f72cc45b86ae|98f4bd873f3eb16c597b5d76ba62bb12dab90d37e4e68caad183f72cc45b86ae|fa9896e082a1046ff4fbc75fcba4d18d1f2efc19
libexec/rpc.rusersd/rpc.rusersd.8|man8/rpc.rusersd.8|6cc5f53de4d46c3067b3f6dece6b0b584cad1c346d81d0a2ad0a744d322048c2|6cc5f53de4d46c3067b3f6dece6b0b584cad1c346d81d0a2ad0a744d322048c2|fa9896e082a1046ff4fbc75fcba4d18d1f2efc19
libexec/rpc.rwalld/rpc.rwalld.8|man8/rpc.rwalld.8|413d15e2f7063cb06e14f1a3ec88b0737dbcb7c10de45e7000cc3780b05af340|413d15e2f7063cb06e14f1a3ec88b0737dbcb7c10de45e7000cc3780b05af340|fa9896e082a1046ff4fbc75fcba4d18d1f2efc19
libexec/rpc.sprayd/rpc.sprayd.8|man8/rpc.sprayd.8|5b02e5ba28ea26824f54f77f8bc60aa66f1d7e3483622e36b27eeecd0922251f|5b02e5ba28ea26824f54f77f8bc60aa66f1d7e3483622e36b27eeecd0922251f|fa9896e082a1046ff4fbc75fcba4d18d1f2efc19
libexec/rtld-elf/rtld.1|man1/rtld.1|6456d3b739e66baef2033577e40e6c920d29db2076fea64da4e1eb5412aecbdf|6456d3b739e66baef2033577e40e6c920d29db2076fea64da4e1eb5412aecbdf|16d000bdac54d7153f33a0d050bcc4307b702751
libexec/save-entropy/save-entropy.8|man8/save-entropy.8|f0eb5ecad1645fbce3d27e39d150e60ab4388bad28488f3dfaff19943f9d4ffb|f0eb5ecad1645fbce3d27e39d150e60ab4388bad28488f3dfaff19943f9d4ffb|8dc9b10e388da19d63b3dd718a8243e8e969091d
libexec/talkd/talkd.8|man8/talkd.8|97c170902b9f460faf60830920c41e223adc82fbf37cf7a872b0b4fb08960f0e|97c170902b9f460faf60830920c41e223adc82fbf37cf7a872b0b4fb08960f0e|43581d7b6617959e4452094d9330ef020034a6c9
libexec/tftpd/tftpd.8|man8/tftpd.8|daa0feccef0bcdbe21d8daa78f52668f63a81db09c1b4184b0ef8eaa76516662|daa0feccef0bcdbe21d8daa78f52668f63a81db09c1b4184b0ef8eaa76516662|79c342aaf86feb4efbd15383f54e4fe7bdc9da7b
libexec/ypxfr/ypxfr.8|man8/ypxfr.8|6f7951261961f6d093ee09ed001770f0a2065f7ebe46aafbef234beedc618990|6f7951261961f6d093ee09ed001770f0a2065f7ebe46aafbef234beedc618990|fa9896e082a1046ff4fbc75fcba4d18d1f2efc19
sbin/adjkerntz/adjkerntz.8|man8/adjkerntz.8|51b026e63e9cfa1bd28fdd258b7761fec3872069332bf446e9812d59b3110c70|51b026e63e9cfa1bd28fdd258b7761fec3872069332bf446e9812d59b3110c70|ad57cea9e633cac5ef3f17ce0a82160bc32d7f63
sbin/bectl/bectl.8|man8/bectl.8|bf4d7a73603c67e9397dc8dbc61e0d4709612f9ef175f172b9b40ef077b4a2cb|bf4d7a73603c67e9397dc8dbc61e0d4709612f9ef175f172b9b40ef077b4a2cb|d7baf5f70802a9045f5792a7063b2614bf17356a
sbin/bsdlabel/bsdlabel.8|man8/bsdlabel.8|e80f5db1029c9c609c764ddc73a9417621638b0a08ce448dab913b3f8baea951|e80f5db1029c9c609c764ddc73a9417621638b0a08ce448dab913b3f8baea951|fcf8720e9f873eceefa34496b04e6b8a9b541e4d
sbin/camcontrol/camcontrol.8|man8/camcontrol.8|c31cec96ec055cc07af2a35e07b9a07fcafc30a9277864001d606bb44226a412|c31cec96ec055cc07af2a35e07b9a07fcafc30a9277864001d606bb44226a412|d1e652bf04bd94ed3469a5a2fcb6938b3f4dcbc0
sbin/ccdconfig/ccdconfig.8|man8/ccdconfig.8|5ffd389ed14d77a18112e02930714872f232e638299bcb6ad15f20d2f8035d00|5ffd389ed14d77a18112e02930714872f232e638299bcb6ad15f20d2f8035d00|8432ddac21b3da5fa45b4f934e90e80deaa9cabf
sbin/clri/clri.8|man8/clri.8|440fd749ae1a60acef06342e0c3c8cca2140d0bdd2fa4d96a01bf1bf8d0af687|440fd749ae1a60acef06342e0c3c8cca2140d0bdd2fa4d96a01bf1bf8d0af687|51e16cb8fc536913f490ac6bc9c17e92ebd0411b
sbin/comcontrol/comcontrol.8|man8/comcontrol.8|805dd37d7183a081c187eab25eee955a3f3b0e370b763fbf042302f1d8135a83|805dd37d7183a081c187eab25eee955a3f3b0e370b763fbf042302f1d8135a83|4b4cf0d52c43e33c32983df60a8ea16b3d9e2f20
sbin/conscontrol/conscontrol.8|man8/conscontrol.8|6d7fc9c6efd1c650e327570d5b82c7a3915855ec1fb88cae49ff711095887de2|6d7fc9c6efd1c650e327570d5b82c7a3915855ec1fb88cae49ff711095887de2|de2ab11ff955faa32bfffe5b2401b444a7c138f2
sbin/ddb/ddb.8|man8/ddb.8|98bbd44b40bedb8cfeee64e93ae1067b21912e7c9857707d45a9accc3735a2ff|98bbd44b40bedb8cfeee64e93ae1067b21912e7c9857707d45a9accc3735a2ff|fa9896e082a1046ff4fbc75fcba4d18d1f2efc19
sbin/decryptcore/decryptcore.8|man8/decryptcore.8|2d1c1c5e2d8472c13ed0fd6fbbed286748588681383c58aa8610dadddcc400a0|2d1c1c5e2d8472c13ed0fd6fbbed286748588681383c58aa8610dadddcc400a0|fa9896e082a1046ff4fbc75fcba4d18d1f2efc19
sbin/devd/devd.8|man8/devd.8|e61630e38321cc470b55a3fd543179d4091c54d6e924b472ca13b8594c35ac5b|e61630e38321cc470b55a3fd543179d4091c54d6e924b472ca13b8594c35ac5b|38a5520692d8202087ae04d1e1ba3dae42b994fa
sbin/devfs/devfs.8|man8/devfs.8|6cdf2ba99f4bd6a00d0d7e8bc4772340c56a24b2d8857456a75ee1dd81c55410|6cdf2ba99f4bd6a00d0d7e8bc4772340c56a24b2d8857456a75ee1dd81c55410|1a720cbec513210fa2e85c3882741ef2f6dc5f35
sbin/devmatch/devmatch.8|man8/devmatch.8|9918ad1d63dbff29be3a921ed1205d7d45a0f75d05b271054e54e76c73edcee3|9918ad1d63dbff29be3a921ed1205d7d45a0f75d05b271054e54e76c73edcee3|7a71b350237e0b1804abc160b804a204dc409cf2
sbin/dhclient/dhclient-script.8|man8/dhclient-script.8|171597fc8c87595c3bb0198b0de5cd39abecee4b8bbe0530c7aa7a4eaddca818|171597fc8c87595c3bb0198b0de5cd39abecee4b8bbe0530c7aa7a4eaddca818|fa9896e082a1046ff4fbc75fcba4d18d1f2efc19
sbin/dhclient/dhclient.8|man8/dhclient.8|268a2bfe2abbe81b5c50d5fca96f77088582213d7e9cdca81f903900b3616428|268a2bfe2abbe81b5c50d5fca96f77088582213d7e9cdca81f903900b3616428|84fce4b67adc1ed1882d9371eb5d92dbbc79766d
sbin/dmesg/dmesg.8|man8/dmesg.8|d3182cec459494e7ad4634ee8ddbac3401a4d43aef5ee53ea367c038bcac07b2|d3182cec459494e7ad4634ee8ddbac3401a4d43aef5ee53ea367c038bcac07b2|a14c4d0708f5a749dc9342a2efbac28fd419c0e2
sbin/dump/dump.8|man8/dump.8|8b945017441c78ea6b737a91b02b5b6602fb6700f62fbb12a31a4c567420dad4|8b945017441c78ea6b737a91b02b5b6602fb6700f62fbb12a31a4c567420dad4|51e16cb8fc536913f490ac6bc9c17e92ebd0411b
sbin/dumpfs/dumpfs.8|man8/dumpfs.8|55c92180c9a774420fb101cdc8e573d386c3b6fa2a663fce74f918281859d101|55c92180c9a774420fb101cdc8e573d386c3b6fa2a663fce74f918281859d101|51e16cb8fc536913f490ac6bc9c17e92ebd0411b
sbin/dumpon/dumpon.8|man8/dumpon.8|c641de735353628e766457676e8f2909431bdec5e37416b76a482d95b6fe238f|c641de735353628e766457676e8f2909431bdec5e37416b76a482d95b6fe238f|776626f09e594c2846de222e399f27b8a7c5601d
sbin/etherswitchcfg/etherswitchcfg.8|man8/etherswitchcfg.8|a6d73a54d0a327393cae8eed4436a13d6b09ff100ae0f589450a2ee9e0b38c01|a6d73a54d0a327393cae8eed4436a13d6b09ff100ae0f589450a2ee9e0b38c01|fa9896e082a1046ff4fbc75fcba4d18d1f2efc19
sbin/fdisk/fdisk.8|man8/fdisk.8|7b85a25c52dccbd03aebe7634623a89d752f1afee537e375148f5fcff1d26554|7b85a25c52dccbd03aebe7634623a89d752f1afee537e375148f5fcff1d26554|61d4640720e52e127147cc66bd3259ccb10911a3
sbin/ffsinfo/ffsinfo.8|man8/ffsinfo.8|0730ce4ba14e78c964a7f672f4231ec298ccfa38fcb49b27d83601c8d17c6ac1|0730ce4ba14e78c964a7f672f4231ec298ccfa38fcb49b27d83601c8d17c6ac1|27bd6c32bbb49a592a0dfbec5f211a7c2fed31d6
sbin/fsck/fsck.8|man8/fsck.8|0f5ac6ffa47a746bab421225143d91827768f730448ab0971cf6b5129761a9f2|0f5ac6ffa47a746bab421225143d91827768f730448ab0971cf6b5129761a9f2|fa9896e082a1046ff4fbc75fcba4d18d1f2efc19
sbin/fsck_ffs/fsck_ffs.8|man8/fsck_ffs.8|25f037eb7b4c15afd7f31714ecd8e33eb3c3b18dac8ee3a947c503ce19e4df41|25f037eb7b4c15afd7f31714ecd8e33eb3c3b18dac8ee3a947c503ce19e4df41|1a720cbec513210fa2e85c3882741ef2f6dc5f35
sbin/fsck_msdosfs/fsck_msdosfs.8|man8/fsck_msdosfs.8|30abdd8632ac86ea572ca8fe501de2f87cebecfb3dcbaa633f4cb88fc1c53446|30abdd8632ac86ea572ca8fe501de2f87cebecfb3dcbaa633f4cb88fc1c53446|93f4377caba08e4a47fb9f1878bf609bd4181564
sbin/fsdb/fsdb.8|man8/fsdb.8|21ecd76b7e76eb753618247ab3037a130166242a499f9248761ef7eb32526d0f|21ecd76b7e76eb753618247ab3037a130166242a499f9248761ef7eb32526d0f|fa9896e082a1046ff4fbc75fcba4d18d1f2efc19
sbin/fsirand/fsirand.8|man8/fsirand.8|a31a77f45b74a550d6535572b03da16fa41e1cf9893b7cde89e37a3148a9179a|a31a77f45b74a550d6535572b03da16fa41e1cf9893b7cde89e37a3148a9179a|b2c76c41be32f904179efed29c0ca04d53f3996c
sbin/geom/core/geom.8|man8/geom.8|1e58dba5bcb7cced1c1bdfd2e054e6799fcddb4dff036e407884ff4462b735ab|1e58dba5bcb7cced1c1bdfd2e054e6799fcddb4dff036e407884ff4462b735ab|e51036fbf3f896e8802ed0a5ef06ae1bcd7c0737
sbin/ggate/ggatec/ggatec.8|man8/ggatec.8|4a3d2db05e81cdaef4b9d0ca5af1752607e39ce55ffc6820d3ffe25c8fb62904|4a3d2db05e81cdaef4b9d0ca5af1752607e39ce55ffc6820d3ffe25c8fb62904|1b1e392aed4957a38c49599512b4f65b844a0772
sbin/ggate/ggated/ggated.8|man8/ggated.8|db39bf4df8b83e0d6649c2369c6dcc5717b4d87463143f6e9d54d8ff7f70894a|db39bf4df8b83e0d6649c2369c6dcc5717b4d87463143f6e9d54d8ff7f70894a|1b1e392aed4957a38c49599512b4f65b844a0772
sbin/ggate/ggatel/ggatel.8|man8/ggatel.8|0cf99e36ef99a26f297e06747294c7d40f590651864624ca22dc4630d56c0cdf|0cf99e36ef99a26f297e06747294c7d40f590651864624ca22dc4630d56c0cdf|4f2ef756a404df70272b79c16fa7b1689cb0118b
sbin/growfs/growfs.8|man8/growfs.8|d5815e7b16fca6459e8205a2ca0600afbeec0963760e31d25194fa4961f8430e|d5815e7b16fca6459e8205a2ca0600afbeec0963760e31d25194fa4961f8430e|27bd6c32bbb49a592a0dfbec5f211a7c2fed31d6
sbin/hastctl/hastctl.8|man8/hastctl.8|8a12442fdf6a796c7d7c6366bd08afa907cc7ba03601a5298a552b67e12a075f|8a12442fdf6a796c7d7c6366bd08afa907cc7ba03601a5298a552b67e12a075f|5c2bc3db201a4fe8d7911cf816bea104d5dc2138
sbin/hastd/hastd.8|man8/hastd.8|4360e98117bc7b43170083805c144a3b50a97e79d860ff0607b61db2022d1a50|4360e98117bc7b43170083805c144a3b50a97e79d860ff0607b61db2022d1a50|5c2bc3db201a4fe8d7911cf816bea104d5dc2138
sbin/ifconfig/ifconfig.8|man8/ifconfig.8|c03f240af8d635967fc7dc8eacf03a517dcf116a2c853942b4e18336207dfd61|c03f240af8d635967fc7dc8eacf03a517dcf116a2c853942b4e18336207dfd61|6efc9b0e6a6745425098e68e0f0cf375f3d1cb8e
sbin/init/init.8|man8/init.8|2dadd7a24e0c749de86b8b876a9c43bbd36a01e14e475d5611fa3719bdad3c42|2dadd7a24e0c749de86b8b876a9c43bbd36a01e14e475d5611fa3719bdad3c42|d21e322d563e0fd1f92c22205c2ced4bcd22dc23
sbin/ipf/ipf/ipf.8|man8/ipf.8|819e36679ddcf3d926ad0040e7b845403af4132c4b411c632d245a54e126271b|819e36679ddcf3d926ad0040e7b845403af4132c4b411c632d245a54e126271b|e413da1358194fe2e3c75a914b9192ffbc67dfdd
sbin/ipf/ipfs/ipfs.8|man8/ipfs.8|f32516495e025818f80bac211003496f77e7985271e49026d534006838485e6a|f32516495e025818f80bac211003496f77e7985271e49026d534006838485e6a|e413da1358194fe2e3c75a914b9192ffbc67dfdd
sbin/ipf/ipfstat/ipfstat.8|man8/ipfstat.8|378e5dba2863c0a3a8a214bd7a47925026121167ff9401584beb58e8e5e7dd39|378e5dba2863c0a3a8a214bd7a47925026121167ff9401584beb58e8e5e7dd39|b2c76c41be32f904179efed29c0ca04d53f3996c
sbin/ipf/ipftest/ipftest.1|man1/ipftest.1|433af5567d0a41ba8084021f6f78af904fffd5a7b16869c841bbe46b3fe53d8a|433af5567d0a41ba8084021f6f78af904fffd5a7b16869c841bbe46b3fe53d8a|347dd0539f3a75fdf2128dd4620ca99e96f311e9
sbin/ipf/ipmon/ipmon.8|man8/ipmon.8|7bda79e9616895c75dca5b3f3f2ae1d2238cd4ba668c8a20ff743e141cee13f8|7bda79e9616895c75dca5b3f3f2ae1d2238cd4ba668c8a20ff743e141cee13f8|e413da1358194fe2e3c75a914b9192ffbc67dfdd
sbin/ipf/ipnat/ipnat.1|man1/ipnat.1|ed500f5903afafb845aa02d648f9e6ee8386bf3a602c8367c25bd1580165ca55|ed500f5903afafb845aa02d648f9e6ee8386bf3a602c8367c25bd1580165ca55|e413da1358194fe2e3c75a914b9192ffbc67dfdd
sbin/ipf/ipnat/ipnat.8|man8/ipnat.8|12b2a4bac9b7cc5713bfe3032939da00863f4358d4c4632c6043d89be4b1fdf1|12b2a4bac9b7cc5713bfe3032939da00863f4358d4c4632c6043d89be4b1fdf1|e413da1358194fe2e3c75a914b9192ffbc67dfdd
sbin/ipf/ippool/ippool.8|man8/ippool.8|ec7e8f68dcd096afd354f49659515cc7be6194853efaa40a156368a6a768c7dd|ec7e8f68dcd096afd354f49659515cc7be6194853efaa40a156368a6a768c7dd|e413da1358194fe2e3c75a914b9192ffbc67dfdd
sbin/ipf/ipscan/ipscan.8|man8/ipscan.8|a0facef1301811cbfa4311e684be1f6828005b58e9b33929ee016bd25c69ed0d|a0facef1301811cbfa4311e684be1f6828005b58e9b33929ee016bd25c69ed0d|e413da1358194fe2e3c75a914b9192ffbc67dfdd
sbin/ipf/ipsend/ipresend.1|man1/ipresend.1|c4a7c01b63580016ee5389d0550ac0cafe77d74a910df5b7b082a604c1a6770d|c4a7c01b63580016ee5389d0550ac0cafe77d74a910df5b7b082a604c1a6770d|e413da1358194fe2e3c75a914b9192ffbc67dfdd
sbin/ipf/ipsend/ipsend.1|man1/ipsend.1|b622b32a4f9715a7e01765d4c5ec595e0a4a2b7a4274c4b58f26dc56a2599cdd|b622b32a4f9715a7e01765d4c5ec595e0a4a2b7a4274c4b58f26dc56a2599cdd|31034044ff27443489cb416ca520c07421712f69
sbin/ipf/ipsend/iptest.1|man1/iptest.1|b7b5ddd7d45af89987f89088f6444baf6e5cea10e15500baf211f74ee65b009e|b7b5ddd7d45af89987f89088f6444baf6e5cea10e15500baf211f74ee65b009e|e413da1358194fe2e3c75a914b9192ffbc67dfdd
sbin/ipfw/ipfw.8|man8/ipfw.8|2579be5e57feae454ee8887f4217268f450962443ea5b7b423a52e32d1f879f4|2579be5e57feae454ee8887f4217268f450962443ea5b7b423a52e32d1f879f4|3c76623ad55369c3998b2b00d7322f8aeedc98fd
sbin/kldconfig/kldconfig.8|man8/kldconfig.8|ff6631d7bfd66ba81069a75c618c0a224fc0cc14f0ecd0052bc376480ac897fa|ff6631d7bfd66ba81069a75c618c0a224fc0cc14f0ecd0052bc376480ac897fa|fa9896e082a1046ff4fbc75fcba4d18d1f2efc19
sbin/kldload/kldload.8|man8/kldload.8|8a7e8ff42813dc4fc5bc0502d73838e23975eb2633cf09a5ef130ec2b5f3ed35|8a7e8ff42813dc4fc5bc0502d73838e23975eb2633cf09a5ef130ec2b5f3ed35|64db9a0f82863d212ac0bcd49bc0254ccb9dd1ac
sbin/kldstat/kldstat.8|man8/kldstat.8|12531d1b7571e7f14a9af7c673a070121228153aaa7d71f772ebb7b996273f72|12531d1b7571e7f14a9af7c673a070121228153aaa7d71f772ebb7b996273f72|8d5d97372361aadb3d6cdfc5f5d1f8edcaa825aa
sbin/kldunload/kldunload.8|man8/kldunload.8|4a2d5497e7ff81ab6bc9f2e07d20164d294f048d1635af8b2bd693e7d08fbc16|4a2d5497e7ff81ab6bc9f2e07d20164d294f048d1635af8b2bd693e7d08fbc16|fa9896e082a1046ff4fbc75fcba4d18d1f2efc19
sbin/ldconfig/ldconfig.8|man8/ldconfig.8|9e117e23a305f892ffe3385544bec5ba400a5f17e6a793829948a846898609dd|9e117e23a305f892ffe3385544bec5ba400a5f17e6a793829948a846898609dd|dab59af3bcc7cb7ba01569d3044894b3e860ad56
sbin/md5/md5.1|man1/md5.1|f9288831552d012977e04e903abd180c773687f2ea246cd5f3758ad2951a0cf1|f9288831552d012977e04e903abd180c773687f2ea246cd5f3758ad2951a0cf1|f3343fe4a64fe6a25b4e09ab9061a45f82e5abc1
sbin/mdconfig/mdconfig.8|man8/mdconfig.8|342395114a5df0e6f17cfd9ffca9163f5af7f2960a8c92fb4d256337dbb5aca4|342395114a5df0e6f17cfd9ffca9163f5af7f2960a8c92fb4d256337dbb5aca4|e461c7bc7dde5dc84dc9e04cb623c6f567bfe6e5
sbin/mdmfs/mdmfs.8|man8/mdmfs.8|d90c0e40c9580cd6097ea68b50393bd619dd965bbb246671f7468bfdc7f11a56|d90c0e40c9580cd6097ea68b50393bd619dd965bbb246671f7468bfdc7f11a56|1a720cbec513210fa2e85c3882741ef2f6dc5f35
sbin/mknod/mknod.8|man8/mknod.8|a056952291f32b41ff1c79f34df31c0d1daeeb3eee6437ad2344caae0f0f710d|a056952291f32b41ff1c79f34df31c0d1daeeb3eee6437ad2344caae0f0f710d|1a720cbec513210fa2e85c3882741ef2f6dc5f35
sbin/mksnap_ffs/mksnap_ffs.8|man8/mksnap_ffs.8|0d8d6f18098f4e4c65629561a1b2c72ab2d4c098a03842084cd5247ef2400879|0d8d6f18098f4e4c65629561a1b2c72ab2d4c098a03842084cd5247ef2400879|aa1a1e7dc42f954832a63c340de61f771b27278e
sbin/mount/mount.8|man8/mount.8|a8d8860577c183b1c260c683890862147c9ef4a35e1174094bb3f34d94a11471|a8d8860577c183b1c260c683890862147c9ef4a35e1174094bb3f34d94a11471|cc61a0793a0e7db8601e5eba1242befb810a5844
sbin/mount_cd9660/mount_cd9660.8|man8/mount_cd9660.8|d8a78c91a41f8d7d73f5559e2cd93f78e233c029f7019cd6680b0eae7348416a|d8a78c91a41f8d7d73f5559e2cd93f78e233c029f7019cd6680b0eae7348416a|dde3a7e15be175e8b733cfc42bbb2a2c15810311
sbin/mount_fusefs/mount_fusefs.8|man8/mount_fusefs.8|7db3658f83e58048d6b98b31c5578ee4da04c49248769cb73a4c1ed5db7c05e0|7db3658f83e58048d6b98b31c5578ee4da04c49248769cb73a4c1ed5db7c05e0|fa9896e082a1046ff4fbc75fcba4d18d1f2efc19
sbin/mount_msdosfs/mount_msdosfs.8|man8/mount_msdosfs.8|72cd7a20626cd9c40fd560ca7ce5dbaf835925c70ed4ebfc60c1a67807e7dca4|72cd7a20626cd9c40fd560ca7ce5dbaf835925c70ed4ebfc60c1a67807e7dca4|93f4377caba08e4a47fb9f1878bf609bd4181564
sbin/mount_nfs/mount_nfs.8|man8/mount_nfs.8|14b444976d758b29cb19a076d6ca8b9c31382c2f21b9e6a74e6a93d15c52bd2e|14b444976d758b29cb19a076d6ca8b9c31382c2f21b9e6a74e6a93d15c52bd2e|91a74536a159e49cee76ae4eb3ce05e2ef70c773
sbin/mount_nullfs/mount_nullfs.8|man8/mount_nullfs.8|aaba5783d9fb70a630fb930d6a84d1db88daf282ffc3871ec4098740f15b6c45|aaba5783d9fb70a630fb930d6a84d1db88daf282ffc3871ec4098740f15b6c45|1a720cbec513210fa2e85c3882741ef2f6dc5f35
sbin/mount_udf/mount_udf.8|man8/mount_udf.8|0025fbd3d729622db3d03bf19c0a196f596159b8c326669c705876f8203f253d|0025fbd3d729622db3d03bf19c0a196f596159b8c326669c705876f8203f253d|fa9896e082a1046ff4fbc75fcba4d18d1f2efc19
sbin/mount_unionfs/mount_unionfs.8|man8/mount_unionfs.8|ea3bf84b799d59b19c8c66a247fe64ae13edc3b1cd3ada909854da0284b73cc5|ea3bf84b799d59b19c8c66a247fe64ae13edc3b1cd3ada909854da0284b73cc5|51e16cb8fc536913f490ac6bc9c17e92ebd0411b
sbin/natd/natd.8|man8/natd.8|70381a90a7afe7cdc9677d4213fc5270d5c79fc230068c06e49246099d8e50c6|70381a90a7afe7cdc9677d4213fc5270d5c79fc230068c06e49246099d8e50c6|ef18594985c0d569650b44b0ba0171a6fd8703a5
sbin/newfs/newfs.8|man8/newfs.8|6314fad39214c4142a50d010887f59ba13ca0820a9bc1f5ba7b112a080cb4ed8|6314fad39214c4142a50d010887f59ba13ca0820a9bc1f5ba7b112a080cb4ed8|27bd6c32bbb49a592a0dfbec5f211a7c2fed31d6
sbin/newfs_msdos/newfs_msdos.8|man8/newfs_msdos.8|21b6afb0df4f5af2f7a699083a7de22f1d14e4dee5a358bf4e713e4b095e83e3|21b6afb0df4f5af2f7a699083a7de22f1d14e4dee5a358bf4e713e4b095e83e3|5c13952f167dc80aae3cfe879ca33f76a3da610e
sbin/nfsiod/nfsiod.8|man8/nfsiod.8|fad89e70338fb785576c57faedacedd896a54f55dc2d2ab28f8c517466baa15c|fad89e70338fb785576c57faedacedd896a54f55dc2d2ab28f8c517466baa15c|51e16cb8fc536913f490ac6bc9c17e92ebd0411b
sbin/nos-tun/nos-tun.8|man8/nos-tun.8|40d130515521b89fd40a282850442272f0b9c10e80c8818129eeb3933189ddb6|40d130515521b89fd40a282850442272f0b9c10e80c8818129eeb3933189ddb6|fa9896e082a1046ff4fbc75fcba4d18d1f2efc19
sbin/nvmecontrol/nvmecontrol.8|man8/nvmecontrol.8|fc7407821c1f48a62237c75f252ddf2430ce60c50cfd05657b149d7e8ae1e766|fc7407821c1f48a62237c75f252ddf2430ce60c50cfd05657b149d7e8ae1e766|72170a4174e0ba50e349918667973a158a94ed8f
sbin/pfctl/pfctl.8|man8/pfctl.8|f85090e3b46f0d82647aee2e52cb88178cf3641001ffc1b9d35d1352da20f482|f85090e3b46f0d82647aee2e52cb88178cf3641001ffc1b9d35d1352da20f482|063dc452cc963e87553d5afb501df062c7f37eb8
sbin/pfilctl/pfilctl.8|man8/pfilctl.8|390698e5672f0f491970e29fd9247882db0df4df9e28c28ce7fdabe33e0df235|390698e5672f0f491970e29fd9247882db0df4df9e28c28ce7fdabe33e0df235|fa9896e082a1046ff4fbc75fcba4d18d1f2efc19
sbin/pflowctl/pflowctl.8|man8/pflowctl.8|a0ece42b9ca28d45ed0d57de47affff3dc58efc2fa25fd44338b5c150fc37fad|a0ece42b9ca28d45ed0d57de47affff3dc58efc2fa25fd44338b5c150fc37fad|d21e322d563e0fd1f92c22205c2ced4bcd22dc23
sbin/ping/ping.8|man8/ping.8|e36f88e7efefd12bb32f0231c95a27c72984f35bec03dbd666499fb139d432f1|e36f88e7efefd12bb32f0231c95a27c72984f35bec03dbd666499fb139d432f1|6ba2a0846fe304be8e7aa933fbfd25fb0ae16091
sbin/quotacheck/quotacheck.8|man8/quotacheck.8|f518d373923b58e3406593e61aa064e8e65ce3592c7006f3bcf431efca9f3a91|f518d373923b58e3406593e61aa064e8e65ce3592c7006f3bcf431efca9f3a91|51e16cb8fc536913f490ac6bc9c17e92ebd0411b
sbin/rcorder/rcorder.8|man8/rcorder.8|b997b201459153074d55df0ebc8f22f7c1f7c583f02408015a9a3cca4268bf9d|b997b201459153074d55df0ebc8f22f7c1f7c583f02408015a9a3cca4268bf9d|31f6889564a45a6793d0e26f3da3d3009648dd39
sbin/reboot/boot_i386.8|man8/boot_i386.8|6f3a72d1d587de1847240ae1a797d72636098de088f5ef4dd0dcd90594e0aa38|6f3a72d1d587de1847240ae1a797d72636098de088f5ef4dd0dcd90594e0aa38|b8437cbae173308180fbaddc6a74bfb6f8c4410b
sbin/reboot/nextboot.8|man8/nextboot.8|f74b03e161ed4444707e0adfde032d94bce45c27afbfa5d8e2726d30fe50588a|f74b03e161ed4444707e0adfde032d94bce45c27afbfa5d8e2726d30fe50588a|fa9896e082a1046ff4fbc75fcba4d18d1f2efc19
sbin/reboot/reboot.8|man8/reboot.8|c405511c2fba2a18f2e922102d51d7fd8e899fa5315e885e829a38469a769b89|c405511c2fba2a18f2e922102d51d7fd8e899fa5315e885e829a38469a769b89|94c1c907f8c78d8c8ad34b6a7d374384f8fb71b6
sbin/recoverdisk/recoverdisk.1|man1/recoverdisk.1|7424f94729f8d6038e94601015f6e85d626b0cadbb09951d898743f938b2cff8|7424f94729f8d6038e94601015f6e85d626b0cadbb09951d898743f938b2cff8|e88b7dcac8701b6d925b8c7c66eada5143c37e16
sbin/restore/restore.8|man8/restore.8|6383fff12c3a283ee14041cd12357d29c7661584d5207e8c4a3c8a7732142c3e|6383fff12c3a283ee14041cd12357d29c7661584d5207e8c4a3c8a7732142c3e|51e16cb8fc536913f490ac6bc9c17e92ebd0411b
sbin/route/route.8|man8/route.8|ce567f45c46354cc2929410ac8344c2ebc971d19fe75c6ef5eff430d9575f663|ce567f45c46354cc2929410ac8344c2ebc971d19fe75c6ef5eff430d9575f663|aa5d3dec9df9379ab610f426e9653d1a55b254e5
sbin/routed/routed.8|man8/routed.8|cdbe311d242a20f2dd2b61302b7208b1493cfb064392ebb78bd27f3a81acdacc|cdbe311d242a20f2dd2b61302b7208b1493cfb064392ebb78bd27f3a81acdacc|4b7cdb5a420f518fbe1968a6916b6d017f54025d
sbin/routed/rtquery/rtquery.8|man8/rtquery.8|1c849eb5295315dfb31fe653a23f15d44d94294fe49bc0420a1f85d2ad49b1ac|1c849eb5295315dfb31fe653a23f15d44d94294fe49bc0420a1f85d2ad49b1ac|4b7cdb5a420f518fbe1968a6916b6d017f54025d
sbin/savecore/savecore.8|man8/savecore.8|0084cf386b136d0b91b0f1399641f522881d6e5e5ac196553de45275103816d9|0084cf386b136d0b91b0f1399641f522881d6e5e5ac196553de45275103816d9|cc61a0793a0e7db8601e5eba1242befb810a5844
sbin/setkey/setkey.8|man8/setkey.8|4b025bd465ae0746a66cab4c6f4f89b78b73cb4a931b13ed5d81513c22023762|4b025bd465ae0746a66cab4c6f4f89b78b73cb4a931b13ed5d81513c22023762|4f39ff1ea0a037a3c7751a74cf7ffa02e969d061
sbin/shutdown/shutdown.8|man8/shutdown.8|eae9372b50eadab458c83b15604976165505a8c95e52d77e44d5d75babe519c0|eae9372b50eadab458c83b15604976165505a8c95e52d77e44d5d75babe519c0|7fb88c20eccc3fd2118fda2ba58d7afe2b87f7e3
sbin/swapon/swapon.8|man8/swapon.8|d0e514a863dd5cfc475bab05b41e5539e5ee4d7ebddd5522b4b7eee018a8ff21|d0e514a863dd5cfc475bab05b41e5539e5ee4d7ebddd5522b4b7eee018a8ff21|51e16cb8fc536913f490ac6bc9c17e92ebd0411b
sbin/sysctl/sysctl.8|man8/sysctl.8|a6af20ccfdd6c036144f2f81911f0f6322eec8b01addad25f10ccf66c748fe76|a6af20ccfdd6c036144f2f81911f0f6322eec8b01addad25f10ccf66c748fe76|08aa7128dea4d14811ae4a0225d7c678869cfe62
sbin/tunefs/tunefs.8|man8/tunefs.8|bed93f8846c0cf02c50baf863464d8f052eae99638f5f7b9df2517961eb1093b|bed93f8846c0cf02c50baf863464d8f052eae99638f5f7b9df2517961eb1093b|1a720cbec513210fa2e85c3882741ef2f6dc5f35
sbin/umbctl/umbctl.8|man8/umbctl.8|6ce40371278ce65ef5938c360991ec33b2ab3adbc268a8b938d48d91327828c4|6ce40371278ce65ef5938c360991ec33b2ab3adbc268a8b938d48d91327828c4|0f1bf1c22a0c97e84a4db19197a75952487aa20b
sbin/umount/umount.8|man8/umount.8|2c00de440b997bb2d867adb9619037a5cd1031c8ee822aba325b58e3bc2456f6|2c00de440b997bb2d867adb9619037a5cd1031c8ee822aba325b58e3bc2456f6|6e1fc0118033f42b7c0d3623c8f67a89ebecabb2
sbin/veriexec/veriexec.8|man8/veriexec.8|e0f3333c0f235a4b33fc8cfa6ce32fa16b4252f92b8b26341ed22aaa57421d10|e0f3333c0f235a4b33fc8cfa6ce32fa16b4252f92b8b26341ed22aaa57421d10|04907571427d6fdfbe582e971ff52df700c0df44
sbin/zfsbootcfg/zfsbootcfg.8|man8/zfsbootcfg.8|7efad4e0ed73e080a04613a82941c9c8b8da4605e493739957f5850bb4125918|7efad4e0ed73e080a04613a82941c9c8b8da4605e493739957f5850bb4125918|a3b72d89c7028a2254381e4d2b126416dee3fbb5
secure/usr.bin/openssl/man/CA.pl.1|man1/CA.pl.1|da9ee5e5d0a6c84ad0fcd880e40a09d1496a9a6f98b11aa8e88b5108cfab74e9|da9ee5e5d0a6c84ad0fcd880e40a09d1496a9a6f98b11aa8e88b5108cfab74e9|0f6e90c4cc4f9bb006de556b46db0dcb3283491a
secure/usr.bin/openssl/man/openssl-asn1parse.1|man1/openssl-asn1parse.1|4e29d1f22872e632d3e7fe8fd80605b0039d1e7179459df209eab0b11eeb851f|4e29d1f22872e632d3e7fe8fd80605b0039d1e7179459df209eab0b11eeb851f|0f6e90c4cc4f9bb006de556b46db0dcb3283491a
secure/usr.bin/openssl/man/openssl-ca.1|man1/openssl-ca.1|20c371998306fa5ab8bb8da9c8c9685f342b098e55b05f0b0eec3921790f8309|20c371998306fa5ab8bb8da9c8c9685f342b098e55b05f0b0eec3921790f8309|0f6e90c4cc4f9bb006de556b46db0dcb3283491a
secure/usr.bin/openssl/man/openssl-ciphers.1|man1/openssl-ciphers.1|450616160688691b7fc3ab330b20b9f586ee76afdd53e6784e0df337722344ab|450616160688691b7fc3ab330b20b9f586ee76afdd53e6784e0df337722344ab|0f6e90c4cc4f9bb006de556b46db0dcb3283491a
secure/usr.bin/openssl/man/openssl-cmds.1|man1/openssl-cmds.1|c374459d76410349dd567a60a8f91605cc385bde451635660af11f0812ebfb7e|c374459d76410349dd567a60a8f91605cc385bde451635660af11f0812ebfb7e|0f6e90c4cc4f9bb006de556b46db0dcb3283491a
secure/usr.bin/openssl/man/openssl-cmp.1|man1/openssl-cmp.1|a4e7c3a54c6a685666a1b10309beed08b44d68f1eafe945729ea8f93fcb501e3|a4e7c3a54c6a685666a1b10309beed08b44d68f1eafe945729ea8f93fcb501e3|0f6e90c4cc4f9bb006de556b46db0dcb3283491a
secure/usr.bin/openssl/man/openssl-cms.1|man1/openssl-cms.1|da739199a7189fad89d7799cba4a381914e867146d82a3f6158ba92e835e9ced|da739199a7189fad89d7799cba4a381914e867146d82a3f6158ba92e835e9ced|0f6e90c4cc4f9bb006de556b46db0dcb3283491a
secure/usr.bin/openssl/man/openssl-crl.1|man1/openssl-crl.1|fc9fa0070c6cc38a82391c986fe181c93fd2e3bd6e8ac538d89dc49088da82da|fc9fa0070c6cc38a82391c986fe181c93fd2e3bd6e8ac538d89dc49088da82da|0f6e90c4cc4f9bb006de556b46db0dcb3283491a
secure/usr.bin/openssl/man/openssl-crl2pkcs7.1|man1/openssl-crl2pkcs7.1|cda1a044bd034fa839b757bc438ff85c8655543158f516621f3ad19d6dcb8e11|cda1a044bd034fa839b757bc438ff85c8655543158f516621f3ad19d6dcb8e11|0f6e90c4cc4f9bb006de556b46db0dcb3283491a
secure/usr.bin/openssl/man/openssl-dgst.1|man1/openssl-dgst.1|b3a300e54587cf23ead272792fa9a5cfbabfed6d10ea3aef72213d97d0af8ba6|b3a300e54587cf23ead272792fa9a5cfbabfed6d10ea3aef72213d97d0af8ba6|0f6e90c4cc4f9bb006de556b46db0dcb3283491a
secure/usr.bin/openssl/man/openssl-dhparam.1|man1/openssl-dhparam.1|8241019b8ef3637345450c14361e012fb11906edacf7f02b89fb13033899425e|8241019b8ef3637345450c14361e012fb11906edacf7f02b89fb13033899425e|0f6e90c4cc4f9bb006de556b46db0dcb3283491a
secure/usr.bin/openssl/man/openssl-dsa.1|man1/openssl-dsa.1|d82443c841b1cc0c2e58190d1b7795a68f1e91648becc121655cc8ecbfd74c8e|d82443c841b1cc0c2e58190d1b7795a68f1e91648becc121655cc8ecbfd74c8e|0f6e90c4cc4f9bb006de556b46db0dcb3283491a
secure/usr.bin/openssl/man/openssl-dsaparam.1|man1/openssl-dsaparam.1|d203f0e24e0727442b621689b709c762903379982a9702ea5c7e250a89588afe|d203f0e24e0727442b621689b709c762903379982a9702ea5c7e250a89588afe|0f6e90c4cc4f9bb006de556b46db0dcb3283491a
secure/usr.bin/openssl/man/openssl-ec.1|man1/openssl-ec.1|d29028d02af63dc7c3f4b74d96fa8efe2dc035fcdb5bd3b7bb11864abcb44ab8|d29028d02af63dc7c3f4b74d96fa8efe2dc035fcdb5bd3b7bb11864abcb44ab8|0f6e90c4cc4f9bb006de556b46db0dcb3283491a
secure/usr.bin/openssl/man/openssl-ecparam.1|man1/openssl-ecparam.1|7c1b720bbfae4300cd0800a03712524bedb1948e758be4513b166a727dbb1f11|7c1b720bbfae4300cd0800a03712524bedb1948e758be4513b166a727dbb1f11|0f6e90c4cc4f9bb006de556b46db0dcb3283491a
secure/usr.bin/openssl/man/openssl-enc.1|man1/openssl-enc.1|157c8230a125717f80ad14c583901745926c67d2f74d0cd30231d7ad33bc8f72|157c8230a125717f80ad14c583901745926c67d2f74d0cd30231d7ad33bc8f72|0f6e90c4cc4f9bb006de556b46db0dcb3283491a
secure/usr.bin/openssl/man/openssl-engine.1|man1/openssl-engine.1|635b4a687a10d61292ea379274aaf4681f7a9123ef96c1529c67ea9b60521660|635b4a687a10d61292ea379274aaf4681f7a9123ef96c1529c67ea9b60521660|0f6e90c4cc4f9bb006de556b46db0dcb3283491a
secure/usr.bin/openssl/man/openssl-errstr.1|man1/openssl-errstr.1|17a9cf92a31a51353fc7725aa5f5a4c11a19c394eab32f3f30f93aab3e381e72|17a9cf92a31a51353fc7725aa5f5a4c11a19c394eab32f3f30f93aab3e381e72|0f6e90c4cc4f9bb006de556b46db0dcb3283491a
secure/usr.bin/openssl/man/openssl-fipsinstall.1|man1/openssl-fipsinstall.1|7b0f5e3e4d01eab359145e9b3129c20e000584fd24a0c941883ac9bcd868ada0|7b0f5e3e4d01eab359145e9b3129c20e000584fd24a0c941883ac9bcd868ada0|0f6e90c4cc4f9bb006de556b46db0dcb3283491a
secure/usr.bin/openssl/man/openssl-format-options.1|man1/openssl-format-options.1|c31e655285ac07038232a9c3c1786ffc261a37191b0e3fe43f8ff44a59b7c644|c31e655285ac07038232a9c3c1786ffc261a37191b0e3fe43f8ff44a59b7c644|0f6e90c4cc4f9bb006de556b46db0dcb3283491a
secure/usr.bin/openssl/man/openssl-gendsa.1|man1/openssl-gendsa.1|18262782de73b15f8e2dd99a2703e0254617ae760c7ecfa7403657b5fc3e023e|18262782de73b15f8e2dd99a2703e0254617ae760c7ecfa7403657b5fc3e023e|0f6e90c4cc4f9bb006de556b46db0dcb3283491a
secure/usr.bin/openssl/man/openssl-genpkey.1|man1/openssl-genpkey.1|b252611023b34592fd99b5725b1d37dfc9a2c3721c44d97c7f6625b74dd32f73|b252611023b34592fd99b5725b1d37dfc9a2c3721c44d97c7f6625b74dd32f73|0f6e90c4cc4f9bb006de556b46db0dcb3283491a
secure/usr.bin/openssl/man/openssl-genrsa.1|man1/openssl-genrsa.1|622fee02b686f45d965d008f93639e0121e9051964778aab572e70963fd937f3|622fee02b686f45d965d008f93639e0121e9051964778aab572e70963fd937f3|0f6e90c4cc4f9bb006de556b46db0dcb3283491a
secure/usr.bin/openssl/man/openssl-info.1|man1/openssl-info.1|28791a7c049d76944ac9ea30eba3a33e41d62d1a3df07e86cb794cd56e17e3ed|28791a7c049d76944ac9ea30eba3a33e41d62d1a3df07e86cb794cd56e17e3ed|0f6e90c4cc4f9bb006de556b46db0dcb3283491a
secure/usr.bin/openssl/man/openssl-kdf.1|man1/openssl-kdf.1|8627a4c9ce07a3e8c4ad33bbce0fdce8a2aa3be989006ad67a6db0d95313ef86|8627a4c9ce07a3e8c4ad33bbce0fdce8a2aa3be989006ad67a6db0d95313ef86|0f6e90c4cc4f9bb006de556b46db0dcb3283491a
secure/usr.bin/openssl/man/openssl-list.1|man1/openssl-list.1|cae269d07ba4a448f4ca54353c512d6792ec20f7cf2dfb4a38f43574ad4f6e7b|cae269d07ba4a448f4ca54353c512d6792ec20f7cf2dfb4a38f43574ad4f6e7b|0f6e90c4cc4f9bb006de556b46db0dcb3283491a
secure/usr.bin/openssl/man/openssl-mac.1|man1/openssl-mac.1|48f9da5230b12c989198e1317eae75f1e7c61fb378cbdcd93a4514c95c939d79|48f9da5230b12c989198e1317eae75f1e7c61fb378cbdcd93a4514c95c939d79|0f6e90c4cc4f9bb006de556b46db0dcb3283491a
secure/usr.bin/openssl/man/openssl-namedisplay-options.1|man1/openssl-namedisplay-options.1|eae1ad3afa775591187feda4abe46382acc1a4c6335e2c14fce32d14184de3ba|eae1ad3afa775591187feda4abe46382acc1a4c6335e2c14fce32d14184de3ba|0f6e90c4cc4f9bb006de556b46db0dcb3283491a
secure/usr.bin/openssl/man/openssl-nseq.1|man1/openssl-nseq.1|d7eff5869e63579aeace897d8c6433dfaaaadb86342119b740ba3aa8dcf8ab15|d7eff5869e63579aeace897d8c6433dfaaaadb86342119b740ba3aa8dcf8ab15|0f6e90c4cc4f9bb006de556b46db0dcb3283491a
secure/usr.bin/openssl/man/openssl-ocsp.1|man1/openssl-ocsp.1|776230c4fcab6ca3f380fcde2e783d6963cd1583f5fbb6ef2712fb287dcc2ac7|776230c4fcab6ca3f380fcde2e783d6963cd1583f5fbb6ef2712fb287dcc2ac7|0f6e90c4cc4f9bb006de556b46db0dcb3283491a
secure/usr.bin/openssl/man/openssl-passphrase-options.1|man1/openssl-passphrase-options.1|dadfa8f72b2010555b8a997c4a25862edf18e8ec15165a1d71048da24837fb13|dadfa8f72b2010555b8a997c4a25862edf18e8ec15165a1d71048da24837fb13|0f6e90c4cc4f9bb006de556b46db0dcb3283491a
secure/usr.bin/openssl/man/openssl-passwd.1|man1/openssl-passwd.1|a0e66024ae76cd0200661a64a6b800a3a6d79f975a0c96068442a9a4975c1ada|a0e66024ae76cd0200661a64a6b800a3a6d79f975a0c96068442a9a4975c1ada|0f6e90c4cc4f9bb006de556b46db0dcb3283491a
secure/usr.bin/openssl/man/openssl-pkcs12.1|man1/openssl-pkcs12.1|7c312149ebca59d69d7c28ac8ba61a6a2727a0378fd97aa863c73583be3498bd|7c312149ebca59d69d7c28ac8ba61a6a2727a0378fd97aa863c73583be3498bd|0f6e90c4cc4f9bb006de556b46db0dcb3283491a
secure/usr.bin/openssl/man/openssl-pkcs7.1|man1/openssl-pkcs7.1|3d1622691cbde1b9ecbe76c94d6ce123b7e3a878494f639c454ddc3c4b48b2dd|3d1622691cbde1b9ecbe76c94d6ce123b7e3a878494f639c454ddc3c4b48b2dd|0f6e90c4cc4f9bb006de556b46db0dcb3283491a
secure/usr.bin/openssl/man/openssl-pkcs8.1|man1/openssl-pkcs8.1|a4f627dbbd396b98c1cc697cf2526d08e65328ce8c3ceff4e6b55ed6ff5e23e0|a4f627dbbd396b98c1cc697cf2526d08e65328ce8c3ceff4e6b55ed6ff5e23e0|0f6e90c4cc4f9bb006de556b46db0dcb3283491a
secure/usr.bin/openssl/man/openssl-pkey.1|man1/openssl-pkey.1|0de1c10e81794e5e12be46b691b9f1fe05d7591d5e66e6100ad24cf504ec3b5e|0de1c10e81794e5e12be46b691b9f1fe05d7591d5e66e6100ad24cf504ec3b5e|0f6e90c4cc4f9bb006de556b46db0dcb3283491a
secure/usr.bin/openssl/man/openssl-pkeyparam.1|man1/openssl-pkeyparam.1|58f8cfb73179167215b56f37184a572736592e0a1260954f4c8aa4b5d19674e5|58f8cfb73179167215b56f37184a572736592e0a1260954f4c8aa4b5d19674e5|0f6e90c4cc4f9bb006de556b46db0dcb3283491a
secure/usr.bin/openssl/man/openssl-pkeyutl.1|man1/openssl-pkeyutl.1|a0e6ea7e66678459711cb28d10f6eafd1958be0009c34e0fa38c649fb6aca680|a0e6ea7e66678459711cb28d10f6eafd1958be0009c34e0fa38c649fb6aca680|0f6e90c4cc4f9bb006de556b46db0dcb3283491a
secure/usr.bin/openssl/man/openssl-prime.1|man1/openssl-prime.1|d39d9d7099a5e30dbc6867f66aa2d4cc87b9f53a1a437b55f1679df28346890f|d39d9d7099a5e30dbc6867f66aa2d4cc87b9f53a1a437b55f1679df28346890f|0f6e90c4cc4f9bb006de556b46db0dcb3283491a
secure/usr.bin/openssl/man/openssl-rand.1|man1/openssl-rand.1|59f55d81984e8d4d08106e4ea349f61ac14ca5366d62e233db011d503431ea2f|59f55d81984e8d4d08106e4ea349f61ac14ca5366d62e233db011d503431ea2f|0f6e90c4cc4f9bb006de556b46db0dcb3283491a
secure/usr.bin/openssl/man/openssl-rehash.1|man1/openssl-rehash.1|25c3c5f2e386dea0f918f82b7dda50a03c864b10119727db40e0692ccbef4aed|25c3c5f2e386dea0f918f82b7dda50a03c864b10119727db40e0692ccbef4aed|0f6e90c4cc4f9bb006de556b46db0dcb3283491a
secure/usr.bin/openssl/man/openssl-req.1|man1/openssl-req.1|788309694692e892e76cddf242917fc9efd2524d11507e72e13fd1be5d2f4223|788309694692e892e76cddf242917fc9efd2524d11507e72e13fd1be5d2f4223|0f6e90c4cc4f9bb006de556b46db0dcb3283491a
secure/usr.bin/openssl/man/openssl-rsa.1|man1/openssl-rsa.1|a75a2c9aa517c5b511d0ea7027ae87119796c339b2cbdb9f7da4e547e379dbb1|a75a2c9aa517c5b511d0ea7027ae87119796c339b2cbdb9f7da4e547e379dbb1|0f6e90c4cc4f9bb006de556b46db0dcb3283491a
secure/usr.bin/openssl/man/openssl-rsautl.1|man1/openssl-rsautl.1|36de2e1c47932f01ee0c6b8550782814803fd3f5a97e6035f279e3f7b74dd067|36de2e1c47932f01ee0c6b8550782814803fd3f5a97e6035f279e3f7b74dd067|0f6e90c4cc4f9bb006de556b46db0dcb3283491a
secure/usr.bin/openssl/man/openssl-s_client.1|man1/openssl-s_client.1|7e0c392f4cd81a0d16ae5378755a8220c12faf6577078f834aa5e70907cc4c8a|7e0c392f4cd81a0d16ae5378755a8220c12faf6577078f834aa5e70907cc4c8a|0f6e90c4cc4f9bb006de556b46db0dcb3283491a
secure/usr.bin/openssl/man/openssl-s_server.1|man1/openssl-s_server.1|7ba841ada9ed9b6ac930e89a7e7b9cec31861564d9c03371d92f5c50f2b07b14|7ba841ada9ed9b6ac930e89a7e7b9cec31861564d9c03371d92f5c50f2b07b14|0f6e90c4cc4f9bb006de556b46db0dcb3283491a
secure/usr.bin/openssl/man/openssl-s_time.1|man1/openssl-s_time.1|cfec157691317d6c0fa39d66b6dc45a2425693d34b5ff534c41308ea8cd8cd9d|cfec157691317d6c0fa39d66b6dc45a2425693d34b5ff534c41308ea8cd8cd9d|0f6e90c4cc4f9bb006de556b46db0dcb3283491a
secure/usr.bin/openssl/man/openssl-sess_id.1|man1/openssl-sess_id.1|d2dcc125925b9c1f7b1471851df83b9d18b3b784c112a2209ac2a57a26e569e8|d2dcc125925b9c1f7b1471851df83b9d18b3b784c112a2209ac2a57a26e569e8|0f6e90c4cc4f9bb006de556b46db0dcb3283491a
secure/usr.bin/openssl/man/openssl-skeyutl.1|man1/openssl-skeyutl.1|dfb1d586d6540a7ed56df6274119c911aad31302cd9fa675e22f07ae4411ea70|dfb1d586d6540a7ed56df6274119c911aad31302cd9fa675e22f07ae4411ea70|0f6e90c4cc4f9bb006de556b46db0dcb3283491a
secure/usr.bin/openssl/man/openssl-smime.1|man1/openssl-smime.1|aebce9fffe96072c8ba4061275aeeebcd17807cc728247a5a45e95f6f209f6c5|aebce9fffe96072c8ba4061275aeeebcd17807cc728247a5a45e95f6f209f6c5|0f6e90c4cc4f9bb006de556b46db0dcb3283491a
secure/usr.bin/openssl/man/openssl-speed.1|man1/openssl-speed.1|14d258f0a4bac28df732377a0016dc02a47fce15c2bbe222d0dccef404af9caa|14d258f0a4bac28df732377a0016dc02a47fce15c2bbe222d0dccef404af9caa|0f6e90c4cc4f9bb006de556b46db0dcb3283491a
secure/usr.bin/openssl/man/openssl-spkac.1|man1/openssl-spkac.1|d8268a04246a88b69b24c5cfd156f44333c45151c892a0340726843818425fab|d8268a04246a88b69b24c5cfd156f44333c45151c892a0340726843818425fab|0f6e90c4cc4f9bb006de556b46db0dcb3283491a
secure/usr.bin/openssl/man/openssl-srp.1|man1/openssl-srp.1|2a1b72b58b4c7bc33d2f92797a437ce800fcbbc792ba0188011048cefadf27a5|2a1b72b58b4c7bc33d2f92797a437ce800fcbbc792ba0188011048cefadf27a5|0f6e90c4cc4f9bb006de556b46db0dcb3283491a
secure/usr.bin/openssl/man/openssl-storeutl.1|man1/openssl-storeutl.1|0d9b478ac861d3664be4118dc726ea350540564d10e295edb3878d9786d87a11|0d9b478ac861d3664be4118dc726ea350540564d10e295edb3878d9786d87a11|0f6e90c4cc4f9bb006de556b46db0dcb3283491a
secure/usr.bin/openssl/man/openssl-ts.1|man1/openssl-ts.1|d0c9777a7c86e317e01dbc4905af7db1e268c03d6259b93311b595f6edf7417a|d0c9777a7c86e317e01dbc4905af7db1e268c03d6259b93311b595f6edf7417a|0f6e90c4cc4f9bb006de556b46db0dcb3283491a
secure/usr.bin/openssl/man/openssl-verification-options.1|man1/openssl-verification-options.1|f5c55e4deb3e80e6b21421d54b38da798490518d33f5d62b8b2e071b7ce2d6ed|f5c55e4deb3e80e6b21421d54b38da798490518d33f5d62b8b2e071b7ce2d6ed|0f6e90c4cc4f9bb006de556b46db0dcb3283491a
secure/usr.bin/openssl/man/openssl-verify.1|man1/openssl-verify.1|fd1a4676f4f3545ee190195c9cc5969c8a3a61076eea9f2e3a79405bb14fd963|fd1a4676f4f3545ee190195c9cc5969c8a3a61076eea9f2e3a79405bb14fd963|0f6e90c4cc4f9bb006de556b46db0dcb3283491a
secure/usr.bin/openssl/man/openssl-version.1|man1/openssl-version.1|ff6f46277c4c1549431b8026ac066f863798ec821048dadc399cf28b62ff2514|ff6f46277c4c1549431b8026ac066f863798ec821048dadc399cf28b62ff2514|0f6e90c4cc4f9bb006de556b46db0dcb3283491a
secure/usr.bin/openssl/man/openssl-x509.1|man1/openssl-x509.1|94807aee0868bcac967017770715d27745c9d3dbceedfbf1d08aa219b549e50a|94807aee0868bcac967017770715d27745c9d3dbceedfbf1d08aa219b549e50a|0f6e90c4cc4f9bb006de556b46db0dcb3283491a
secure/usr.bin/openssl/man/openssl.1|man1/openssl.1|80d5d9a4f78500d75eaa5bfad602581cf6e090d92b33f9e2f5cfca71c3045141|80d5d9a4f78500d75eaa5bfad602581cf6e090d92b33f9e2f5cfca71c3045141|0f6e90c4cc4f9bb006de556b46db0dcb3283491a
secure/usr.bin/openssl/man/tsget.1|man1/tsget.1|e100f290164d9fa34461c33a275c10c4b4673b294c0f1a75ff5fcc863ce180b4|e100f290164d9fa34461c33a275c10c4b4673b294c0f1a75ff5fcc863ce180b4|0f6e90c4cc4f9bb006de556b46db0dcb3283491a
share/examples/ipfilter/mkfilters.1|man1/mkfilters.1|5870d60dd4a97a5307c7627419c0bf58ecb777eb0c16735aecd72254916241df|5870d60dd4a97a5307c7627419c0bf58ecb777eb0c16735aecd72254916241df|b2c76c41be32f904179efed29c0ca04d53f3996c
share/examples/mdoc/example.1|man1/example.1|564c4c310f8a8b0471524d5789bbd8bfc28b164a612eefd1a63afd3b346bb8e2|564c4c310f8a8b0471524d5789bbd8bfc28b164a612eefd1a63afd3b346bb8e2|4d846d260e2b9a3d4d0a701462568268cbfe7a5b
share/examples/scsi_target/scsi_target.8|man8/scsi_target.8|9083270226e7a84c9386cbecbbd39af7561822b5a27c4c7e84ded82c71586dbd|9083270226e7a84c9386cbecbbd39af7561822b5a27c4c7e84ded82c71586dbd|fa9896e082a1046ff4fbc75fcba4d18d1f2efc19
share/man/man1/builtin.1|man1/builtin.1|a173918a8261b46e66edbb32611ae4b3917a4d89bc5611c83c0622add89ed5a0|a173918a8261b46e66edbb32611ae4b3917a4d89bc5611c83c0622add89ed5a0|42df4faf7004aabb4f06acd71f860f12977db3ad
share/man/man1/intro.1|man1/intro.1|1c11ba7a3923150bc9c9a29cf491a978f5aa3fd1ec2e2d05cd52a39b9fea4d2e|1c11ba7a3923150bc9c9a29cf491a978f5aa3fd1ec2e2d05cd52a39b9fea4d2e|cc0af6d5a6c2b10b8655945abdd4ab110cb11998
share/man/man8/beinstall.8|man8/beinstall.8|80eada8d4948276a3d3dc72fc8e01baa44abc794f728049f403862853cfcd96f|80eada8d4948276a3d3dc72fc8e01baa44abc794f728049f403862853cfcd96f|b07689d1f2a268317bead0d785407b2f7dd7de78
share/man/man8/crash.8|man8/crash.8|df049993c01f99ff0fe4d3b68d13d35c33872d7a206a99c2d1b0fa2d8ab47d50|df049993c01f99ff0fe4d3b68d13d35c33872d7a206a99c2d1b0fa2d8ab47d50|c9868af774ec24bcf6914fc971378e9723eb44ab
share/man/man8/debug.sh.8|man8/debug.sh.8|4886f71769c017188861b74251f28f3eeaa2520b0b6ee254777fd08ec600038f|4886f71769c017188861b74251f28f3eeaa2520b0b6ee254777fd08ec600038f|c7c3ef8949021696029fb73a513678578a9f8a46
share/man/man8/diskless.8|man8/diskless.8|8ac547549578642bcfb9acd7ee09580738dce1e1abc02d24d2ac5e888dd8dc81|8ac547549578642bcfb9acd7ee09580738dce1e1abc02d24d2ac5e888dd8dc81|7e3b6b249f54f5b22eae14dfa48ef7891bc4eac1
share/man/man8/intro.8|man8/intro.8|c18afeeebed307cbbf53346d1572886606473dd13185edc1afcb85326e17bd58|c18afeeebed307cbbf53346d1572886606473dd13185edc1afcb85326e17bd58|259bb93b80c0881a2b089e2836d92334477f09ef
share/man/man8/nanobsd.8|man8/nanobsd.8|f30b9c3936a0baf52322ce91d9034fffa24d565618a213f1816324007d6ced52|f30b9c3936a0baf52322ce91d9034fffa24d565618a213f1816324007d6ced52|fbc4e90c5ca6186ade53d29bf3e69aab6ad1cbc3
share/man/man8/rc.8|man8/rc.8|5c825051a66efa8c5603d1e4e782df85036539e3f8f40b1c243f556a273a8966|5c825051a66efa8c5603d1e4e782df85036539e3f8f40b1c243f556a273a8966|9dc67a70650b99872316d7ff95ef45ea4c5b455a
share/man/man8/rc.subr.8|man8/rc.subr.8|e7b7b5eafe8bcff45ad7e193fc899e3cecfbc4767983dbf138b6a7fc20c35908|e7b7b5eafe8bcff45ad7e193fc899e3cecfbc4767983dbf138b6a7fc20c35908|a5ad360ff9b7fb2ef3f7f31b8c29c332026b0e01
share/man/man8/rescue.8|man8/rescue.8|079fb7518f1e9207ed01dafca7bd7841935010d12664ab9eb8ac21605d1f79cd|079fb7518f1e9207ed01dafca7bd7841935010d12664ab9eb8ac21605d1f79cd|fa9896e082a1046ff4fbc75fcba4d18d1f2efc19
share/man/man8/uefi.8|man8/uefi.8|f27ce1f638fd6187894257318c0737f4a17c988aa40aff00ae7d96e85d777f54|f27ce1f638fd6187894257318c0737f4a17c988aa40aff00ae7d96e85d777f54|6e1fc0118033f42b7c0d3623c8f67a89ebecabb2
share/man/man8/yp.8|man8/yp.8|a49fb9de055eb31aa273f644b2cd1601ac4e3612bd23d514c6c0a45a522e9e4b|a49fb9de055eb31aa273f644b2cd1601ac4e3612bd23d514c6c0a45a522e9e4b|97759ccc715c4b365432c16d763c50eecfcb1100
stand/efi/gptboot/gptboot.efi.8|man8/gptboot.efi.8|0be75c82097f5be3698863a195cd7f98bf82cfed667e3c20d705847459b53bdf|0be75c82097f5be3698863a195cd7f98bf82cfed667e3c20d705847459b53bdf|fa9896e082a1046ff4fbc75fcba4d18d1f2efc19
stand/forth/beastie.4th.8|man8/beastie.4th.8|fb5ef33447ff5011074fcdf817a325e7e0c89542bf8796256e07f498a832b2e6|fb5ef33447ff5011074fcdf817a325e7e0c89542bf8796256e07f498a832b2e6|fa9896e082a1046ff4fbc75fcba4d18d1f2efc19
stand/forth/brand.4th.8|man8/brand.4th.8|dbbc61d41354b06d0dadbbec68def5267e7808c2e29324c059b3a730e36de196|dbbc61d41354b06d0dadbbec68def5267e7808c2e29324c059b3a730e36de196|fa9896e082a1046ff4fbc75fcba4d18d1f2efc19
stand/forth/check-password.4th.8|man8/check-password.4th.8|a7cc044aec235e4ed001e13eff6a4eac0a343bb350a79474f8d3690e035872ce|a7cc044aec235e4ed001e13eff6a4eac0a343bb350a79474f8d3690e035872ce|fa9896e082a1046ff4fbc75fcba4d18d1f2efc19
stand/forth/color.4th.8|man8/color.4th.8|ecdce2760a63765ebd913bb9b72780eb9cdf53cd1759a27c583c48ee74c8b88a|ecdce2760a63765ebd913bb9b72780eb9cdf53cd1759a27c583c48ee74c8b88a|fa9896e082a1046ff4fbc75fcba4d18d1f2efc19
stand/forth/delay.4th.8|man8/delay.4th.8|c25e66519c96ccdc8736c4e658c82d5d8febd23562b7d2117ba2e85467f467ce|c25e66519c96ccdc8736c4e658c82d5d8febd23562b7d2117ba2e85467f467ce|fa9896e082a1046ff4fbc75fcba4d18d1f2efc19
stand/forth/loader.4th.8|man8/loader.4th.8|6581710d31a3105d66c7b573f0b272ddc7079632512537a0cea3ab2f8bb0917f|6581710d31a3105d66c7b573f0b272ddc7079632512537a0cea3ab2f8bb0917f|fa9896e082a1046ff4fbc75fcba4d18d1f2efc19
stand/forth/menu.4th.8|man8/menu.4th.8|0fbca4a722f69be525232b6f9b35c1e0a0b2975dc97a69c842f9732cbb4b8992|0fbca4a722f69be525232b6f9b35c1e0a0b2975dc97a69c842f9732cbb4b8992|37798b1d5dd12cd5e842b6f99135a2e4af8cf9e0
stand/forth/menusets.4th.8|man8/menusets.4th.8|137dc2d69e922c86c7ca6438d6652e2b577b10b77149d34423400c5559dfdf92|137dc2d69e922c86c7ca6438d6652e2b577b10b77149d34423400c5559dfdf92|fa9896e082a1046ff4fbc75fcba4d18d1f2efc19
stand/forth/version.4th.8|man8/version.4th.8|8df6dcf57d860f17af36e03cc3ae0a805d5e7b1c4dca010afb75269dbf451ab2|8df6dcf57d860f17af36e03cc3ae0a805d5e7b1c4dca010afb75269dbf451ab2|fa9896e082a1046ff4fbc75fcba4d18d1f2efc19
stand/i386/cdboot/cdboot.8|man8/cdboot.8|f4ccb012b34de58967ab5f86ab5c9c40d68ede8e6da12f8cf6ef71f28ad19fb2|f4ccb012b34de58967ab5f86ab5c9c40d68ede8e6da12f8cf6ef71f28ad19fb2|ecdb0b79bf93a2b8392694bd266c5930ca42bab5
stand/i386/gptboot/gptboot.8|man8/gptboot.8|421ba7a89516304ef5d0a67dfd364c3994125a28f2ddb222b0cc37afa3684755|421ba7a89516304ef5d0a67dfd364c3994125a28f2ddb222b0cc37afa3684755|fa9896e082a1046ff4fbc75fcba4d18d1f2efc19
stand/i386/gptzfsboot/gptzfsboot.8|man8/gptzfsboot.8|91e814aba4cc73dd1588eedc1b2a952a1106126b8e77ccc321ef46b6091c476c|91e814aba4cc73dd1588eedc1b2a952a1106126b8e77ccc321ef46b6091c476c|fa9896e082a1046ff4fbc75fcba4d18d1f2efc19
stand/i386/isoboot/isoboot.8|man8/isoboot.8|aed58509e42111b20d98e5e037820639a5d28f79c6fb98c6112bc4b1251de68e|aed58509e42111b20d98e5e037820639a5d28f79c6fb98c6112bc4b1251de68e|fa9896e082a1046ff4fbc75fcba4d18d1f2efc19
stand/i386/pxeldr/pxeboot.8|man8/pxeboot.8|e1f32b963c682cb9e3eb01a8480c18986aff081733d74bedad97c57d3bfe3f30|e1f32b963c682cb9e3eb01a8480c18986aff081733d74bedad97c57d3bfe3f30|fa9896e082a1046ff4fbc75fcba4d18d1f2efc19
stand/lua/cli.lua.8|man8/cli.lua.8|cb0dc80cbf0f541532785e81c8aa8ca2dff5647780feac1b0694f6857139ab2c|cb0dc80cbf0f541532785e81c8aa8ca2dff5647780feac1b0694f6857139ab2c|c637cd700e09b24564ddac60021700e5e6dc44b9
stand/lua/color.lua.8|man8/color.lua.8|b92e796399d2beb18dda6699f1f27c5718cfa5b1fed988eb9ac82883a8a9b5bb|b92e796399d2beb18dda6699f1f27c5718cfa5b1fed988eb9ac82883a8a9b5bb|5d59c1b4f14e2fa6388b1d75ee3243085f1c69f2
stand/lua/config.lua.8|man8/config.lua.8|5801b67c52c1e9c48fd9f71bdbd52e366026da3222d8d141e0bb5d9e7d76553f|5801b67c52c1e9c48fd9f71bdbd52e366026da3222d8d141e0bb5d9e7d76553f|5d59c1b4f14e2fa6388b1d75ee3243085f1c69f2
stand/lua/core.lua.8|man8/core.lua.8|28aa21a81791be017d0f333f028c85c672f1945d68960a822774c8be83b4bafc|28aa21a81791be017d0f333f028c85c672f1945d68960a822774c8be83b4bafc|5d59c1b4f14e2fa6388b1d75ee3243085f1c69f2
stand/lua/drawer.lua.8|man8/drawer.lua.8|53132dca98d5797ff17b887ecb59175cfb8b9eccb6913e84dcaebc3c261fe184|53132dca98d5797ff17b887ecb59175cfb8b9eccb6913e84dcaebc3c261fe184|5d59c1b4f14e2fa6388b1d75ee3243085f1c69f2
stand/lua/gfx.lua.8|man8/gfx.lua.8|70268b6b2a36937f3ff7f68737067a8d7d1bf0a6be6c04ed69eb8f82d343949d|70268b6b2a36937f3ff7f68737067a8d7d1bf0a6be6c04ed69eb8f82d343949d|5d59c1b4f14e2fa6388b1d75ee3243085f1c69f2
stand/lua/hook.lua.8|man8/hook.lua.8|322bc34091e5111e72fe47a419dce7de607a5f7d6a7d94336798e397221e02c4|322bc34091e5111e72fe47a419dce7de607a5f7d6a7d94336798e397221e02c4|5d59c1b4f14e2fa6388b1d75ee3243085f1c69f2
stand/lua/loader.lua.8|man8/loader.lua.8|ba82fe718fe2ca32fb7c978ba05942bc6545c533c2c152f34a81794b6a1977bb|ba82fe718fe2ca32fb7c978ba05942bc6545c533c2c152f34a81794b6a1977bb|5d59c1b4f14e2fa6388b1d75ee3243085f1c69f2
stand/lua/menu.lua.8|man8/menu.lua.8|449398d08076cd89da5ef2a58f4c0ca4ecb70ea6ac567a4d7bf8e88088484445|449398d08076cd89da5ef2a58f4c0ca4ecb70ea6ac567a4d7bf8e88088484445|5d59c1b4f14e2fa6388b1d75ee3243085f1c69f2
stand/lua/password.lua.8|man8/password.lua.8|237d9f89462f0c91fb7508a34f81afe185b91e080b78cdc0c3cc5904c4970e1c|237d9f89462f0c91fb7508a34f81afe185b91e080b78cdc0c3cc5904c4970e1c|5d59c1b4f14e2fa6388b1d75ee3243085f1c69f2
stand/lua/screen.lua.8|man8/screen.lua.8|0a5c161ab6eba1f71892df01b624f5268d5ee1952fe03a409dfcec60c27539e1|0a5c161ab6eba1f71892df01b624f5268d5ee1952fe03a409dfcec60c27539e1|5d59c1b4f14e2fa6388b1d75ee3243085f1c69f2
stand/man/boot1.efi.8|man8/boot1.efi.8|ac1bc3334d9115465136baf7d6125bc56ec13cbe841253ce5fa1e04e9ed39f2a|ac1bc3334d9115465136baf7d6125bc56ec13cbe841253ce5fa1e04e9ed39f2a|6abce6f7b8de60d549b131af427507a0c80255b3
stand/man/loader.8|man8/loader.8|cba468a0c44616f17edd6298e767afc6df0841aaf6e714773a221b11c4aca5be|cba468a0c44616f17edd6298e767afc6df0841aaf6e714773a221b11c4aca5be|d84de55c15016640a03d0ff43898addd5b9323d8
stand/man/loader.efi.8|man8/loader.efi.8|d0dc3545ecb343a6f0079be2d8817958b5c4cb29b0b868bd2a9db384cc973b95|d0dc3545ecb343a6f0079be2d8817958b5c4cb29b0b868bd2a9db384cc973b95|bc919e81e0b7dadf0ef550d83d0ef910cc20c5bf
stand/man/loader_4th.8|man8/loader_4th.8|52395fc91c5aa17bfade61b33c5fd1c1cfca34efd60078f6fa38411afa9d44bf|52395fc91c5aa17bfade61b33c5fd1c1cfca34efd60078f6fa38411afa9d44bf|6abce6f7b8de60d549b131af427507a0c80255b3
stand/man/loader_lua.8|man8/loader_lua.8|19cb6bf79c793e935171cd9b2d7051f28a692538ffe98bc4450b9fbc031154b5|19cb6bf79c793e935171cd9b2d7051f28a692538ffe98bc4450b9fbc031154b5|6abce6f7b8de60d549b131af427507a0c80255b3
stand/man/loader_simp.8|man8/loader_simp.8|638c5ce3badfac8e56435b45282a400648c9c4623d2cc05bf59238ae69f43483|638c5ce3badfac8e56435b45282a400648c9c4623d2cc05bf59238ae69f43483|bba78121411a6ffe04e30960f8e8072a60d788cf
sys/contrib/openzfs/man/man1/cstyle.1|man1/cstyle.1|add08b89b845ed69f27d7de83071583dcbb95bf66b61aad4517442c5f8964f88|add08b89b845ed69f27d7de83071583dcbb95bf66b61aad4517442c5f8964f88|0cafc294bf1223c9ecad5ff0fdf9c064b7ed3e94
sys/contrib/openzfs/man/man1/raidz_test.1|man1/raidz_test.1|0e98bf2b3c984917336deea5b918f93f21ea97bf85759ef9120d4da744464451|0e98bf2b3c984917336deea5b918f93f21ea97bf85759ef9120d4da744464451|61145dc2b94f12f6a47344fb9aac702321880e43
sys/contrib/openzfs/man/man1/test-runner.1|man1/test-runner.1|6c2483f2c2362bc426d90f464f0eabfe633cea721a100e62d5a8fe2f594255af|6c2483f2c2362bc426d90f464f0eabfe633cea721a100e62d5a8fe2f594255af|61145dc2b94f12f6a47344fb9aac702321880e43
sys/contrib/openzfs/man/man1/zarcstat.1|man1/zarcstat.1|d329346ab41ea80fa0dc52640de06720b63fdf11bca0430908b8df665141d246|d329346ab41ea80fa0dc52640de06720b63fdf11bca0430908b8df665141d246|0cafc294bf1223c9ecad5ff0fdf9c064b7ed3e94
sys/contrib/openzfs/man/man1/zhack.1|man1/zhack.1|de2d09f87eeab7a33d31a43f0ddde65cf0e6b1ba7e7443f55a2c520258cdf1a8|de2d09f87eeab7a33d31a43f0ddde65cf0e6b1ba7e7443f55a2c520258cdf1a8|0cafc294bf1223c9ecad5ff0fdf9c064b7ed3e94
sys/contrib/openzfs/man/man1/ztest.1|man1/ztest.1|a916b22cc2420c3510f34cbe3021625357dc4f2c8361b4f0a1be3499702cbad9|a916b22cc2420c3510f34cbe3021625357dc4f2c8361b4f0a1be3499702cbad9|0cafc294bf1223c9ecad5ff0fdf9c064b7ed3e94
sys/contrib/openzfs/man/man1/zvol_wait.1|man1/zvol_wait.1|017efac1cedaea32bd5f0cf769e858a5656f5ab098a86fb80c2f02e7aefcdcbc|017efac1cedaea32bd5f0cf769e858a5656f5ab098a86fb80c2f02e7aefcdcbc|61145dc2b94f12f6a47344fb9aac702321880e43
sys/contrib/openzfs/man/man8/fsck.zfs.8|man8/fsck.zfs.8|9099685c991ba5b3ffeec904a656f2bb2d4ef11a145fd0a6b54327b22330df75|9099685c991ba5b3ffeec904a656f2bb2d4ef11a145fd0a6b54327b22330df75|61145dc2b94f12f6a47344fb9aac702321880e43
sys/contrib/openzfs/man/man8/mount.zfs.8|man8/mount.zfs.8|dbef160a68d67cff31a7d9ecb359a86caa3b77de6f164061259cbda710708a2c|dbef160a68d67cff31a7d9ecb359a86caa3b77de6f164061259cbda710708a2c|61145dc2b94f12f6a47344fb9aac702321880e43
sys/contrib/openzfs/man/man8/vdev_id.8|man8/vdev_id.8|98094fb22944673c5af6526a58e82c0e68879ba5b50c58ecedcd56e9a0d6c74e|98094fb22944673c5af6526a58e82c0e68879ba5b50c58ecedcd56e9a0d6c74e|61145dc2b94f12f6a47344fb9aac702321880e43
sys/contrib/openzfs/man/man8/zdb.8|man8/zdb.8|9962cedab11503534fb58ddeac0c26ea37b154a8817fbfddc15da2566f242b66|9962cedab11503534fb58ddeac0c26ea37b154a8817fbfddc15da2566f242b66|6bf158defbcb2f3c948b28394388179c7e95bd8b
sys/contrib/openzfs/man/man8/zfs-allow.8|man8/zfs-allow.8|640e2e9a7b202554413526319e4d8e565f094cd6b16844807405aba5bb3987b5|640e2e9a7b202554413526319e4d8e565f094cd6b16844807405aba5bb3987b5|0cafc294bf1223c9ecad5ff0fdf9c064b7ed3e94
sys/contrib/openzfs/man/man8/zfs-bookmark.8|man8/zfs-bookmark.8|b659cf169dd1c66a798b1a5e460da460e0a0bf969f78a1e0331f17397510bda8|b659cf169dd1c66a798b1a5e460da460e0a0bf969f78a1e0331f17397510bda8|0cafc294bf1223c9ecad5ff0fdf9c064b7ed3e94
sys/contrib/openzfs/man/man8/zfs-clone.8|man8/zfs-clone.8|ebfbbde6ac27897ffe14d75fc6d0ae3bcad0dc396a15ab70fe2c918af8f85a02|ebfbbde6ac27897ffe14d75fc6d0ae3bcad0dc396a15ab70fe2c918af8f85a02|0cafc294bf1223c9ecad5ff0fdf9c064b7ed3e94
sys/contrib/openzfs/man/man8/zfs-create.8|man8/zfs-create.8|4c7e2a3b3acfad84270da0eac441617f63eba05ad35cad895a9be4f51aa359db|4c7e2a3b3acfad84270da0eac441617f63eba05ad35cad895a9be4f51aa359db|0cafc294bf1223c9ecad5ff0fdf9c064b7ed3e94
sys/contrib/openzfs/man/man8/zfs-destroy.8|man8/zfs-destroy.8|04259cf3c4bd8dc6d8e8b9e9f74e5319ccbc3a68807a510185ac3f8ce02caf79|04259cf3c4bd8dc6d8e8b9e9f74e5319ccbc3a68807a510185ac3f8ce02caf79|0cafc294bf1223c9ecad5ff0fdf9c064b7ed3e94
sys/contrib/openzfs/man/man8/zfs-diff.8|man8/zfs-diff.8|95a21ee34edb8619c6175520d947c62f3255048fb57ed865451fbe9d8ec0c9c0|95a21ee34edb8619c6175520d947c62f3255048fb57ed865451fbe9d8ec0c9c0|0cafc294bf1223c9ecad5ff0fdf9c064b7ed3e94
sys/contrib/openzfs/man/man8/zfs-hold.8|man8/zfs-hold.8|3353020ae7b052eba133ed3f986e7acaf08726e31300239a1d1505b1aab77937|3353020ae7b052eba133ed3f986e7acaf08726e31300239a1d1505b1aab77937|0cafc294bf1223c9ecad5ff0fdf9c064b7ed3e94
sys/contrib/openzfs/man/man8/zfs-jail.8|man8/zfs-jail.8|a160ee2309a58e55c1584897c740c63dce1b61e24a3e1fbafc71b223e93a1ce4|a160ee2309a58e55c1584897c740c63dce1b61e24a3e1fbafc71b223e93a1ce4|7b5b0f43eb061f3af5c862ce8dc38d1be44fc287
sys/contrib/openzfs/man/man8/zfs-list.8|man8/zfs-list.8|30bcfea5b71dc4fd0eb0bfdca8d9ab483b27c548cc0f45b25e93f612171855f3|30bcfea5b71dc4fd0eb0bfdca8d9ab483b27c548cc0f45b25e93f612171855f3|0cafc294bf1223c9ecad5ff0fdf9c064b7ed3e94
sys/contrib/openzfs/man/man8/zfs-load-key.8|man8/zfs-load-key.8|2a0c7ee6d490981aa4e1ab822f76541e22cd2133e50ffcc5dc1346f7e2f6bc88|2a0c7ee6d490981aa4e1ab822f76541e22cd2133e50ffcc5dc1346f7e2f6bc88|0cafc294bf1223c9ecad5ff0fdf9c064b7ed3e94
sys/contrib/openzfs/man/man8/zfs-mount.8|man8/zfs-mount.8|57041238a4edd146fc239080d67047572823e22527a74d8c34c98a23e33c7907|57041238a4edd146fc239080d67047572823e22527a74d8c34c98a23e33c7907|0cafc294bf1223c9ecad5ff0fdf9c064b7ed3e94
sys/contrib/openzfs/man/man8/zfs-program.8|man8/zfs-program.8|a2eb06605d44960784dda4ac2d8fdef31bc4fed349779a196cf25643000692ff|a2eb06605d44960784dda4ac2d8fdef31bc4fed349779a196cf25643000692ff|3a8960711f4319f9b894ea2453c89065ee1b3a10
sys/contrib/openzfs/man/man8/zfs-project.8|man8/zfs-project.8|72558bf23efe74395ce355665f1506e53419688b0ab97e26778ee9a51d35ca01|72558bf23efe74395ce355665f1506e53419688b0ab97e26778ee9a51d35ca01|0cafc294bf1223c9ecad5ff0fdf9c064b7ed3e94
sys/contrib/openzfs/man/man8/zfs-promote.8|man8/zfs-promote.8|f48ac5f147f4c3d47bb21ba9acd1d25f12815dd8e9e9577aa58b6ad4e0d32717|f48ac5f147f4c3d47bb21ba9acd1d25f12815dd8e9e9577aa58b6ad4e0d32717|0cafc294bf1223c9ecad5ff0fdf9c064b7ed3e94
sys/contrib/openzfs/man/man8/zfs-receive.8|man8/zfs-receive.8|41afec29424e1e3cac44f9c4077a5514ad58ece45983428a8e9c9854ab20eff7|41afec29424e1e3cac44f9c4077a5514ad58ece45983428a8e9c9854ab20eff7|61145dc2b94f12f6a47344fb9aac702321880e43
sys/contrib/openzfs/man/man8/zfs-rename.8|man8/zfs-rename.8|d05e8d600deb8a075d53d05472a842285e04d79586c8f2921ccbfd981c931991|d05e8d600deb8a075d53d05472a842285e04d79586c8f2921ccbfd981c931991|0cafc294bf1223c9ecad5ff0fdf9c064b7ed3e94
sys/contrib/openzfs/man/man8/zfs-rewrite.8|man8/zfs-rewrite.8|5de8a942c5b89ba8d08d8961875e3cfe3d4128f83d7cd36882a399154340d92d|5de8a942c5b89ba8d08d8961875e3cfe3d4128f83d7cd36882a399154340d92d|7b5b0f43eb061f3af5c862ce8dc38d1be44fc287
sys/contrib/openzfs/man/man8/zfs-rollback.8|man8/zfs-rollback.8|fd5c8767d89ffc39d49fe4f63dbc7485ef14c2f71a58214eaaf04cfcde4dc9a1|fd5c8767d89ffc39d49fe4f63dbc7485ef14c2f71a58214eaaf04cfcde4dc9a1|071ab5a1f3cbfd29c8fbec27f7e619418adaf074
sys/contrib/openzfs/man/man8/zfs-send.8|man8/zfs-send.8|c1c1c2199245963588b13c0744377fc97cf5a01984a27cdfc4690abc68894659|c1c1c2199245963588b13c0744377fc97cf5a01984a27cdfc4690abc68894659|0cafc294bf1223c9ecad5ff0fdf9c064b7ed3e94
sys/contrib/openzfs/man/man8/zfs-set.8|man8/zfs-set.8|c3e6867fc52262f7f896fd55075107fc6f6e56e5fe4001aa7bbb999d6bbd9f3c|c3e6867fc52262f7f896fd55075107fc6f6e56e5fe4001aa7bbb999d6bbd9f3c|0cafc294bf1223c9ecad5ff0fdf9c064b7ed3e94
sys/contrib/openzfs/man/man8/zfs-share.8|man8/zfs-share.8|c6c3161a703d89e8209b8c38ae3dcfa68d00b2ff36e3ec7f6113147d4ba5e5b4|c6c3161a703d89e8209b8c38ae3dcfa68d00b2ff36e3ec7f6113147d4ba5e5b4|0cafc294bf1223c9ecad5ff0fdf9c064b7ed3e94
sys/contrib/openzfs/man/man8/zfs-snapshot.8|man8/zfs-snapshot.8|f7bdeff0dc587e4e6410c0f0e057ca4992a1ee4ec9c1c3e01e94d0f99a7278ca|f7bdeff0dc587e4e6410c0f0e057ca4992a1ee4ec9c1c3e01e94d0f99a7278ca|0cafc294bf1223c9ecad5ff0fdf9c064b7ed3e94
sys/contrib/openzfs/man/man8/zfs-upgrade.8|man8/zfs-upgrade.8|c7d882cfacbde22aa9fe4515d907f30611952c542bfec4eb9c54a7097b76f3a2|c7d882cfacbde22aa9fe4515d907f30611952c542bfec4eb9c54a7097b76f3a2|0cafc294bf1223c9ecad5ff0fdf9c064b7ed3e94
sys/contrib/openzfs/man/man8/zfs-userspace.8|man8/zfs-userspace.8|f0c50314b9b17cc87bd314e3bac8a020f4d6ad4d703e44b11df70b2cd0fd2d12|f0c50314b9b17cc87bd314e3bac8a020f4d6ad4d703e44b11df70b2cd0fd2d12|0cafc294bf1223c9ecad5ff0fdf9c064b7ed3e94
sys/contrib/openzfs/man/man8/zfs-wait.8|man8/zfs-wait.8|b5d52a3c7d3a596a04db9f39e1a00795d99be6222df4f2a94af5c6adcb13034c|b5d52a3c7d3a596a04db9f39e1a00795d99be6222df4f2a94af5c6adcb13034c|0cafc294bf1223c9ecad5ff0fdf9c064b7ed3e94
sys/contrib/openzfs/man/man8/zfs-zone.8|man8/zfs-zone.8|dc5a03227c07a50466c34cfccbf756d70382089a0d83888b1170b21935d5eab0|dc5a03227c07a50466c34cfccbf756d70382089a0d83888b1170b21935d5eab0|0cafc294bf1223c9ecad5ff0fdf9c064b7ed3e94
sys/contrib/openzfs/man/man8/zfs.8|man8/zfs.8|580231279f4efe0f9fe5e352d75166ee1adb69f9350636c83b27b1d005ec3eac|580231279f4efe0f9fe5e352d75166ee1adb69f9350636c83b27b1d005ec3eac|0cafc294bf1223c9ecad5ff0fdf9c064b7ed3e94
sys/contrib/openzfs/man/man8/zfs_ids_to_path.8|man8/zfs_ids_to_path.8|0ad6f3f774049c61a144ecc080466f3e67bc93eef1080e5d5202a3704e887a65|0ad6f3f774049c61a144ecc080466f3e67bc93eef1080e5d5202a3704e887a65|0cafc294bf1223c9ecad5ff0fdf9c064b7ed3e94
sys/contrib/openzfs/man/man8/zgenhostid.8|man8/zgenhostid.8|44e4c4f22a9cd986fdd1b4a61934304c49f29c8d127ad957087dabad88b5717f|44e4c4f22a9cd986fdd1b4a61934304c49f29c8d127ad957087dabad88b5717f|0cafc294bf1223c9ecad5ff0fdf9c064b7ed3e94
sys/contrib/openzfs/man/man8/zinject.8|man8/zinject.8|d6cd51bcf3ef4c5d1f5619d82ef475e1ee5249a6501bef1faad46da1228ed605|d6cd51bcf3ef4c5d1f5619d82ef475e1ee5249a6501bef1faad46da1228ed605|6bf158defbcb2f3c948b28394388179c7e95bd8b
sys/contrib/openzfs/man/man8/zpool-add.8|man8/zpool-add.8|0124298b348a83682cdf1769aafd036a5f83c6be4ac7398fb06a18246c419cb3|0124298b348a83682cdf1769aafd036a5f83c6be4ac7398fb06a18246c419cb3|61145dc2b94f12f6a47344fb9aac702321880e43
sys/contrib/openzfs/man/man8/zpool-attach.8|man8/zpool-attach.8|0403672ae55364027f01c2cb759601b788455d8584fe34dfc0caef684dcd2232|0403672ae55364027f01c2cb759601b788455d8584fe34dfc0caef684dcd2232|0cafc294bf1223c9ecad5ff0fdf9c064b7ed3e94
sys/contrib/openzfs/man/man8/zpool-checkpoint.8|man8/zpool-checkpoint.8|89c79ab56e14ed9f572f06c056424f120742a72ea018de74e05734f5f28f4ee6|89c79ab56e14ed9f572f06c056424f120742a72ea018de74e05734f5f28f4ee6|0cafc294bf1223c9ecad5ff0fdf9c064b7ed3e94
sys/contrib/openzfs/man/man8/zpool-clear.8|man8/zpool-clear.8|4eb213c8701f2702d376ec0b091bda32280110b11ee6ce560678f2dd0a7ac2dd|4eb213c8701f2702d376ec0b091bda32280110b11ee6ce560678f2dd0a7ac2dd|0cafc294bf1223c9ecad5ff0fdf9c064b7ed3e94
sys/contrib/openzfs/man/man8/zpool-create.8|man8/zpool-create.8|2ea6c2e59a9bf3d68c593bf9c191faa32235b33a339655a420ab269947445011|2ea6c2e59a9bf3d68c593bf9c191faa32235b33a339655a420ab269947445011|0cafc294bf1223c9ecad5ff0fdf9c064b7ed3e94
sys/contrib/openzfs/man/man8/zpool-ddtprune.8|man8/zpool-ddtprune.8|b480588d3760f2990042b3f6ee50ea76e5780cbe2639436ea980f224a54dbc49|b480588d3760f2990042b3f6ee50ea76e5780cbe2639436ea980f224a54dbc49|61145dc2b94f12f6a47344fb9aac702321880e43
sys/contrib/openzfs/man/man8/zpool-destroy.8|man8/zpool-destroy.8|3306d3758563e9920ccbecbc668997ac8897081431b70708b4bfc737a0f447c0|3306d3758563e9920ccbecbc668997ac8897081431b70708b4bfc737a0f447c0|0cafc294bf1223c9ecad5ff0fdf9c064b7ed3e94
sys/contrib/openzfs/man/man8/zpool-detach.8|man8/zpool-detach.8|fd7f8e7855126060466614503ef6443882865af540587d54bd149f99fb25cc60|fd7f8e7855126060466614503ef6443882865af540587d54bd149f99fb25cc60|0cafc294bf1223c9ecad5ff0fdf9c064b7ed3e94
sys/contrib/openzfs/man/man8/zpool-events.8|man8/zpool-events.8|d13b853fa90351d332dea3c381f65804ce21a9e8dba49aa5a2e14e0ee4155db3|d13b853fa90351d332dea3c381f65804ce21a9e8dba49aa5a2e14e0ee4155db3|7b5b0f43eb061f3af5c862ce8dc38d1be44fc287
sys/contrib/openzfs/man/man8/zpool-export.8|man8/zpool-export.8|89045251e34c2072679224b558d3885c6d5bbc5b575495d22278db9e77c4feb9|89045251e34c2072679224b558d3885c6d5bbc5b575495d22278db9e77c4feb9|0cafc294bf1223c9ecad5ff0fdf9c064b7ed3e94
sys/contrib/openzfs/man/man8/zpool-get.8|man8/zpool-get.8|60f72069bd2e533be826d71ad5ae97e34a1c30bff5c3931ffd03024e63f1cdbc|60f72069bd2e533be826d71ad5ae97e34a1c30bff5c3931ffd03024e63f1cdbc|0cafc294bf1223c9ecad5ff0fdf9c064b7ed3e94
sys/contrib/openzfs/man/man8/zpool-history.8|man8/zpool-history.8|340942fa65b2d158ac5b3bc3a2dc88833726d5ec43348336e7ac415ce97998ba|340942fa65b2d158ac5b3bc3a2dc88833726d5ec43348336e7ac415ce97998ba|0cafc294bf1223c9ecad5ff0fdf9c064b7ed3e94
sys/contrib/openzfs/man/man8/zpool-import.8|man8/zpool-import.8|efa1e615491845b5bcf21decb774029cfedde478c18f4950d96291953a103b6e|efa1e615491845b5bcf21decb774029cfedde478c18f4950d96291953a103b6e|0cafc294bf1223c9ecad5ff0fdf9c064b7ed3e94
sys/contrib/openzfs/man/man8/zpool-initialize.8|man8/zpool-initialize.8|31050d31b21e17c023c1f3d89808bb4578fc886648aa8011840b907b10c944f4|31050d31b21e17c023c1f3d89808bb4578fc886648aa8011840b907b10c944f4|0cafc294bf1223c9ecad5ff0fdf9c064b7ed3e94
sys/contrib/openzfs/man/man8/zpool-iostat.8|man8/zpool-iostat.8|376c3d615194cff220c6445dfcd85bb522f3465a12e4c4c5a636cfb3c9f051ec|376c3d615194cff220c6445dfcd85bb522f3465a12e4c4c5a636cfb3c9f051ec|0cafc294bf1223c9ecad5ff0fdf9c064b7ed3e94
sys/contrib/openzfs/man/man8/zpool-labelclear.8|man8/zpool-labelclear.8|2755a556ddf377bb5a2f83bd73c2fa879a01cd4aacc63960964a5245e429c379|2755a556ddf377bb5a2f83bd73c2fa879a01cd4aacc63960964a5245e429c379|0cafc294bf1223c9ecad5ff0fdf9c064b7ed3e94
sys/contrib/openzfs/man/man8/zpool-list.8|man8/zpool-list.8|ad32ba95c97908ac8416d4a432102c1869144ae1441a0f7fcbcc4df3a62b9c51|ad32ba95c97908ac8416d4a432102c1869144ae1441a0f7fcbcc4df3a62b9c51|0cafc294bf1223c9ecad5ff0fdf9c064b7ed3e94
sys/contrib/openzfs/man/man8/zpool-offline.8|man8/zpool-offline.8|b0e864f32ed6c563af9d57e555a84156bc6ace93acf8a995cb98f59dda68f258|b0e864f32ed6c563af9d57e555a84156bc6ace93acf8a995cb98f59dda68f258|0cafc294bf1223c9ecad5ff0fdf9c064b7ed3e94
sys/contrib/openzfs/man/man8/zpool-prefetch.8|man8/zpool-prefetch.8|a92e225e9d270ae36d5341879d0a51c4229d6029154928250969fd61c1a06a49|a92e225e9d270ae36d5341879d0a51c4229d6029154928250969fd61c1a06a49|7b5b0f43eb061f3af5c862ce8dc38d1be44fc287
sys/contrib/openzfs/man/man8/zpool-reguid.8|man8/zpool-reguid.8|20a6a74460a03c6f198bd3a3b7d6b90afbcf1141ed35b011732474a4b1fe0fa5|20a6a74460a03c6f198bd3a3b7d6b90afbcf1141ed35b011732474a4b1fe0fa5|0cafc294bf1223c9ecad5ff0fdf9c064b7ed3e94
sys/contrib/openzfs/man/man8/zpool-remove.8|man8/zpool-remove.8|0dbbcabfb49ed13bf7b78516b15ffb93ff374337f8f7f948787dd0334374b703|0dbbcabfb49ed13bf7b78516b15ffb93ff374337f8f7f948787dd0334374b703|6bf158defbcb2f3c948b28394388179c7e95bd8b
sys/contrib/openzfs/man/man8/zpool-reopen.8|man8/zpool-reopen.8|2ac02e1dbee5845d5f1b278069f1af4508da099922d261f926a8fcdba2379089|2ac02e1dbee5845d5f1b278069f1af4508da099922d261f926a8fcdba2379089|0cafc294bf1223c9ecad5ff0fdf9c064b7ed3e94
sys/contrib/openzfs/man/man8/zpool-replace.8|man8/zpool-replace.8|0e13298220202374110dfe08c3d9196ff533728e444b91794b669467c3092614|0e13298220202374110dfe08c3d9196ff533728e444b91794b669467c3092614|0cafc294bf1223c9ecad5ff0fdf9c064b7ed3e94
sys/contrib/openzfs/man/man8/zpool-resilver.8|man8/zpool-resilver.8|da3fa07e5473633f0b5d793cb27f1a956b0e5973bbd5f09eb58b9512e9caeaf7|da3fa07e5473633f0b5d793cb27f1a956b0e5973bbd5f09eb58b9512e9caeaf7|0cafc294bf1223c9ecad5ff0fdf9c064b7ed3e94
sys/contrib/openzfs/man/man8/zpool-scrub.8|man8/zpool-scrub.8|9236d2ab0805fdfd46dc0cc1cdb2ff1a52b73303b8a966dd98712bd86622f56a|9236d2ab0805fdfd46dc0cc1cdb2ff1a52b73303b8a966dd98712bd86622f56a|0cafc294bf1223c9ecad5ff0fdf9c064b7ed3e94
sys/contrib/openzfs/man/man8/zpool-split.8|man8/zpool-split.8|e25e820e58a95de03bbd421bc78fb6dc81066f47c4f125ab8aa414980b613317|e25e820e58a95de03bbd421bc78fb6dc81066f47c4f125ab8aa414980b613317|0cafc294bf1223c9ecad5ff0fdf9c064b7ed3e94
sys/contrib/openzfs/man/man8/zpool-status.8|man8/zpool-status.8|52ba4b6484caf255750298a400928bf54b88ab11c0aa937dcb13154ca3abd92a|52ba4b6484caf255750298a400928bf54b88ab11c0aa937dcb13154ca3abd92a|0cafc294bf1223c9ecad5ff0fdf9c064b7ed3e94
sys/contrib/openzfs/man/man8/zpool-sync.8|man8/zpool-sync.8|a2750b8f8987ca8de4dd71576bb0488eaef6d655697d7f715c6d96a9243b98b1|a2750b8f8987ca8de4dd71576bb0488eaef6d655697d7f715c6d96a9243b98b1|0cafc294bf1223c9ecad5ff0fdf9c064b7ed3e94
sys/contrib/openzfs/man/man8/zpool-trim.8|man8/zpool-trim.8|d30c0b9bff9cb4e43b1afbe97c1c01f741651242b3b72b612e9246769ebfa3ff|d30c0b9bff9cb4e43b1afbe97c1c01f741651242b3b72b612e9246769ebfa3ff|0cafc294bf1223c9ecad5ff0fdf9c064b7ed3e94
sys/contrib/openzfs/man/man8/zpool-upgrade.8|man8/zpool-upgrade.8|49abb86dafaafdb45db7103f2c6db09132f9979b453debbf584726d591605043|49abb86dafaafdb45db7103f2c6db09132f9979b453debbf584726d591605043|0cafc294bf1223c9ecad5ff0fdf9c064b7ed3e94
sys/contrib/openzfs/man/man8/zpool-wait.8|man8/zpool-wait.8|6270a87f79f2a183b100b8047fda744301ae9b787157ee4e72642d6407140e54|6270a87f79f2a183b100b8047fda744301ae9b787157ee4e72642d6407140e54|0cafc294bf1223c9ecad5ff0fdf9c064b7ed3e94
sys/contrib/openzfs/man/man8/zpool.8|man8/zpool.8|cdb7d6c44b302b5bee838fdc7e9c5083dd0b5567ce7de863757b1e3b70b5bfba|cdb7d6c44b302b5bee838fdc7e9c5083dd0b5567ce7de863757b1e3b70b5bfba|0cafc294bf1223c9ecad5ff0fdf9c064b7ed3e94
sys/contrib/openzfs/man/man8/zpool_influxdb.8|man8/zpool_influxdb.8|9115b101c4d237ab006cc3e6cc336007ecd5d350039ccef0145d3d842606ae5e|9115b101c4d237ab006cc3e6cc336007ecd5d350039ccef0145d3d842606ae5e|61145dc2b94f12f6a47344fb9aac702321880e43
sys/contrib/openzfs/man/man8/zstream.8|man8/zstream.8|87bf2080cc173d5c44d21fcf78a85a61af3f4233ea60e6df195e2c36a0c0ff73|87bf2080cc173d5c44d21fcf78a85a61af3f4233ea60e6df195e2c36a0c0ff73|0cafc294bf1223c9ecad5ff0fdf9c064b7ed3e94
sys/contrib/zstd/programs/zstd.1|man1/zstd.1|7d16c39bb3d7d907e5de1cc0063bdce1ad110d6cc0b879af7139bf6bddca4653|7d16c39bb3d7d907e5de1cc0063bdce1ad110d6cc0b879af7139bf6bddca4653|5ff13fbc199bdf5f0572845351c68ee5ca828e71
sys/contrib/zstd/programs/zstdgrep.1|man1/zstdgrep.1|870be6672462bfa01463ccb19000d51eb37f0cf042c0b40174c9422c92559203|870be6672462bfa01463ccb19000d51eb37f0cf042c0b40174c9422c92559203|5ff13fbc199bdf5f0572845351c68ee5ca828e71
sys/contrib/zstd/programs/zstdless.1|man1/zstdless.1|b81683a9415ae75649f4f65a3d3db0b550245802956867eeac53bb6a24e9b841|b81683a9415ae75649f4f65a3d3db0b550245802956867eeac53bb6a24e9b841|5ff13fbc199bdf5f0572845351c68ee5ca828e71
tools/tools/ath/athrd/athrd.1|man1/athrd.1|d941c1b035e44c8412f6fa61ee180cbc40052800d4aaf7ce5aa0f31cbbc5c7aa|d941c1b035e44c8412f6fa61ee180cbc40052800d4aaf7ce5aa0f31cbbc5c7aa|fa9896e082a1046ff4fbc75fcba4d18d1f2efc19
tools/tools/ether_reflect/ether_reflect.1|man1/ether_reflect.1|eec1622d2c01ee8bc7a261356758b7bec8942c5b928429530e1b3417eee8fb51|eec1622d2c01ee8bc7a261356758b7bec8942c5b928429530e1b3417eee8fb51|6e1fc0118033f42b7c0d3623c8f67a89ebecabb2
tools/tools/fixwhite/fixwhite.1|man1/fixwhite.1|bbce68df307b6dd0ba23197397660380f18958fae65ae806cff11a7458fce0dd|bbce68df307b6dd0ba23197397660380f18958fae65ae806cff11a7458fce0dd|fa9896e082a1046ff4fbc75fcba4d18d1f2efc19
tools/tools/git/git-arc.1|man1/git-arc.1|395f044e7248903c01022bc098d00ef68225ab9d5ca3dc097863158de60821b1|395f044e7248903c01022bc098d00ef68225ab9d5ca3dc097863158de60821b1|20e6354fe78328494176427aa4fc49357d433460
tools/tools/ioat/ioatcontrol.8|man8/ioatcontrol.8|5d4f0688ca748ab754ef53a173ea37f8add1f374de8fd88c1f169a6d28b15e95|5d4f0688ca748ab754ef53a173ea37f8add1f374de8fd88c1f169a6d28b15e95|fa9896e082a1046ff4fbc75fcba4d18d1f2efc19
tools/tools/makeroot/makeroot.8|man8/makeroot.8|f502e887a318b952fd43426f7f0d78e9e780736c8ce0da992cf9635975325559|f502e887a318b952fd43426f7f0d78e9e780736c8ce0da992cf9635975325559|fa9896e082a1046ff4fbc75fcba4d18d1f2efc19
tools/tools/mcgrab/mcgrab.1|man1/mcgrab.1|4b3c8e1e7ae79299cd895a32a3df7418d040e4059ebd7aac3fa3a84c7bc13fbf|4b3c8e1e7ae79299cd895a32a3df7418d040e4059ebd7aac3fa3a84c7bc13fbf|fa9896e082a1046ff4fbc75fcba4d18d1f2efc19
tools/tools/mctest/mctest.1|man1/mctest.1|dd3bb5edfe4dfd3c28803fabb1b734def26919200a9d2c4aa6d6dff40a89f0c5|dd3bb5edfe4dfd3c28803fabb1b734def26919200a9d2c4aa6d6dff40a89f0c5|fa9896e082a1046ff4fbc75fcba4d18d1f2efc19
tools/tools/netmap/bridge.8|man8/bridge.8|f1620f63bf485d8a6a8db329f914ddcef469c6e58a85fe74dee170d96696e296|f1620f63bf485d8a6a8db329f914ddcef469c6e58a85fe74dee170d96696e296|fa9896e082a1046ff4fbc75fcba4d18d1f2efc19
tools/tools/netmap/lb.8|man8/lb.8|d4bb3e67b2367cbe933116d078336c9858d662dd8fed07b08a937978f9141198|d4bb3e67b2367cbe933116d078336c9858d662dd8fed07b08a937978f9141198|fa9896e082a1046ff4fbc75fcba4d18d1f2efc19
tools/tools/netmap/nmreplay.8|man8/nmreplay.8|027cb798ad4265efb9c1776365cc09f031a98ebdb8c95da1d38031d10b22d049|027cb798ad4265efb9c1776365cc09f031a98ebdb8c95da1d38031d10b22d049|fa9896e082a1046ff4fbc75fcba4d18d1f2efc19
tools/tools/netmap/pkt-gen.8|man8/pkt-gen.8|3c4c749df8cbd4ef6f0e680a3822148f358b5543d43bf658ba99d3d018fa2c79|3c4c749df8cbd4ef6f0e680a3822148f358b5543d43bf658ba99d3d018fa2c79|fa9896e082a1046ff4fbc75fcba4d18d1f2efc19
tools/tools/nvmf/nvmfd/nvmfd.8|man8/nvmfd.8|28cf4decd96ee251ddd300c28351dca6432005db452b8bf1dc73be0007e7ed4a|28cf4decd96ee251ddd300c28351dca6432005db452b8bf1dc73be0007e7ed4a|83dc2f33394bfee9e5e64693dda36b69e75718fc
tools/tools/vimage/vimage.8|man8/vimage.8|5238129eb692054801102725bbd130398996f38624c937989370db4a03a7aa3a|5238129eb692054801102725bbd130398996f38624c937989370db4a03a7aa3a|fa9896e082a1046ff4fbc75fcba4d18d1f2efc19
usr.bin/apply/apply.1|man1/apply.1|ca8540e08491c0a83a4655ddf76235306031fe519a2a91ab66dbb464e7cd0920|ca8540e08491c0a83a4655ddf76235306031fe519a2a91ab66dbb464e7cd0920|bdcbfde31e8e9b343f113a1956384bdf30d1ed62
usr.bin/ar/ar.1|man1/ar.1|7d68cf4cbc2444d26c3bda6fbb5169204445f23777cbed374454b6860ee8a493|7d68cf4cbc2444d26c3bda6fbb5169204445f23777cbed374454b6860ee8a493|fa9896e082a1046ff4fbc75fcba4d18d1f2efc19
usr.bin/asa/asa.1|man1/asa.1|c72e850cad5e0de39d471473d820477639adfffc97e573cb29a59ecc76b367fb|c72e850cad5e0de39d471473d820477639adfffc97e573cb29a59ecc76b367fb|58d9d2f8daef8f646372efd6e87a7d4f5e05656b
usr.bin/awk/awk.1|man1/awk.1|161399fb11d9db099da4c1cdeaa16070c316218c99b6a337daf327261cac0539|161399fb11d9db099da4c1cdeaa16070c316218c99b6a337daf327261cac0539|e7a04a110724183c72e25c5c8461f89f50b4d08a
usr.bin/backlight/backlight.8|man8/backlight.8|a50be2a611d1916be13f53cd857798cc444fa5d23e1cde734cb27c0a6af17dcd|a50be2a611d1916be13f53cd857798cc444fa5d23e1cde734cb27c0a6af17dcd|fa9896e082a1046ff4fbc75fcba4d18d1f2efc19
usr.bin/basename/basename.1|man1/basename.1|d68468aafd9e05f4ad9398e174774dbf19337a5b6d7f2ab999f06c008d74486e|d68468aafd9e05f4ad9398e174774dbf19337a5b6d7f2ab999f06c008d74486e|bdcbfde31e8e9b343f113a1956384bdf30d1ed62
usr.bin/beep/beep.1|man1/beep.1|965a237aec3090d84e188680f2b4069075724954104b17c803e04509d19af5b9|965a237aec3090d84e188680f2b4069075724954104b17c803e04509d19af5b9|6e1fc0118033f42b7c0d3623c8f67a89ebecabb2
usr.bin/biff/biff.1|man1/biff.1|1eb9628862353e0c122d1f0a58a4c2c84602afd8cb0eb51287948a4bddf6ac7c|1eb9628862353e0c122d1f0a58a4c2c84602afd8cb0eb51287948a4bddf6ac7c|bdcbfde31e8e9b343f113a1956384bdf30d1ed62
usr.bin/bintrans/bintrans.1|man1/bintrans.1|f6592a358a3ac962673b1d5bf80000ec0386bf876f464b3fc3a19779d3e9eb8d|f6592a358a3ac962673b1d5bf80000ec0386bf876f464b3fc3a19779d3e9eb8d|491db92a1751ae3546cee4e73f43d7146cc9dc9d
usr.bin/bluetooth/bthost/bthost.1|man1/bthost.1|878c03fc307dd4c7333cf30716423396b745efc33f2917872395857c8b099ca1|878c03fc307dd4c7333cf30716423396b745efc33f2917872395857c8b099ca1|b2c76c41be32f904179efed29c0ca04d53f3996c
usr.bin/bluetooth/btsockstat/btsockstat.1|man1/btsockstat.1|6ea1ef382e99aee7929f00a35e03ab0df41b703f8993f458fef2443f01a47966|6ea1ef382e99aee7929f00a35e03ab0df41b703f8993f458fef2443f01a47966|b2c76c41be32f904179efed29c0ca04d53f3996c
usr.bin/bluetooth/rfcomm_sppd/rfcomm_sppd.1|man1/rfcomm_sppd.1|dacaf67ff3aaedeab7ddddf1945935470c4ec373c190470c91cc68ea67f1ab9e|dacaf67ff3aaedeab7ddddf1945935470c4ec373c190470c91cc68ea67f1ab9e|b2c76c41be32f904179efed29c0ca04d53f3996c
usr.bin/brandelf/brandelf.1|man1/brandelf.1|fbe7a585037b174b5efc50ffa7a9618e06f7148d7f0dce48382d9374bbeb2b43|fbe7a585037b174b5efc50ffa7a9618e06f7148d7f0dce48382d9374bbeb2b43|fa9896e082a1046ff4fbc75fcba4d18d1f2efc19
usr.bin/bsdiff/bsdiff/bsdiff.1|man1/bsdiff.1|20930091df3bb27a7408274ef8381fe462d91eabd1899b3d79602cd038f0452f|20930091df3bb27a7408274ef8381fe462d91eabd1899b3d79602cd038f0452f|fa9896e082a1046ff4fbc75fcba4d18d1f2efc19
usr.bin/bsdiff/bspatch/bspatch.1|man1/bspatch.1|4c75e802364aa0b235fffcc31d13f7f06dff3a55c98f81568bcd49c5feb0eed5|4c75e802364aa0b235fffcc31d13f7f06dff3a55c98f81568bcd49c5feb0eed5|fa9896e082a1046ff4fbc75fcba4d18d1f2efc19
usr.bin/c89/c89.1|man1/c89.1|ca91803a833837818a3d8019b085d80a4e8bfe50f645e45149b42d27582b0f83|ca91803a833837818a3d8019b085d80a4e8bfe50f645e45149b42d27582b0f83|fa9896e082a1046ff4fbc75fcba4d18d1f2efc19
usr.bin/c99/c99.1|man1/c99.1|76286415a0b83fffa03612072ae08913933af839720ebace11c87605afdf4499|76286415a0b83fffa03612072ae08913933af839720ebace11c87605afdf4499|b2c76c41be32f904179efed29c0ca04d53f3996c
usr.bin/calendar/calendar.1|man1/calendar.1|3bf3160f59815973a0438018bfedbfef78ac5dcec1b7729a39cdbbb4cba1b853|3bf3160f59815973a0438018bfedbfef78ac5dcec1b7729a39cdbbb4cba1b853|0a82cd4f101c5eb8533a0049aaa3f06f005cf8af
usr.bin/cap_mkdb/cap_mkdb.1|man1/cap_mkdb.1|9eb612772e568a8b42a476a4008a5dd87ca329c3e80c8a9df37d228f9cf28c58|9eb612772e568a8b42a476a4008a5dd87ca329c3e80c8a9df37d228f9cf28c58|bdcbfde31e8e9b343f113a1956384bdf30d1ed62
usr.bin/chat/chat.8|man8/chat.8|6bd313522534a13bd8874bb90a9cbeb6e3c448049843fca77f9e8b8371e57e69|6bd313522534a13bd8874bb90a9cbeb6e3c448049843fca77f9e8b8371e57e69|b2c76c41be32f904179efed29c0ca04d53f3996c
usr.bin/chpass/chpass.1|man1/chpass.1|8fb087a7d1895435a0e6b14af4d80b514d8b14ad0bccff4e6b560b535e7dd1da|8fb087a7d1895435a0e6b14af4d80b514d8b14ad0bccff4e6b560b535e7dd1da|bdcbfde31e8e9b343f113a1956384bdf30d1ed62
usr.bin/cksum/cksum.1|man1/cksum.1|a2c15d000918a12a021cd93dece352cf5cd3541cdd0d385718e82e2a23107a65|a2c15d000918a12a021cd93dece352cf5cd3541cdd0d385718e82e2a23107a65|70445a8061226ad46a7079ce8ad96e89ae45d6c5
usr.bin/clang/bugpoint/bugpoint.1|man1/bugpoint.1|84e3a11b37f4fa7d7b8cc3fb675d57ebd3c4b9cf2d74962224de4ca46264f010|84e3a11b37f4fa7d7b8cc3fb675d57ebd3c4b9cf2d74962224de4ca46264f010|a324c34037ef2e1101962fca4ad0c021253288e1
usr.bin/clang/clang/clang.1|man1/clang.1|ecd67e68e0ff6a1bdbfae38854e0586ea6a06dfd4429cd635361fcfdf983d24f|ecd67e68e0ff6a1bdbfae38854e0586ea6a06dfd4429cd635361fcfdf983d24f|a324c34037ef2e1101962fca4ad0c021253288e1
usr.bin/clang/llc/llc.1|man1/llc.1|73ea918f4447372bb83979e36e9eb8c01f025a895401c055a5466e052e24a6e5|73ea918f4447372bb83979e36e9eb8c01f025a895401c055a5466e052e24a6e5|a324c34037ef2e1101962fca4ad0c021253288e1
usr.bin/clang/lldb-server/lldb-server.1|man1/lldb-server.1|841194ee11a142714ba191f64c2ba761da7408d6c1e1ceb591af9db1f58d2fe0|841194ee11a142714ba191f64c2ba761da7408d6c1e1ceb591af9db1f58d2fe0|b2c76c41be32f904179efed29c0ca04d53f3996c
usr.bin/clang/lldb/lldb.1|man1/lldb.1|d902419c105b1e4ce888ac828a939a489b7999d7e59d02cd70c429f23d8d6a16|d902419c105b1e4ce888ac828a939a489b7999d7e59d02cd70c429f23d8d6a16|b2c76c41be32f904179efed29c0ca04d53f3996c
usr.bin/clang/lli/lli.1|man1/lli.1|2473bdcf6d8a5197b41ca8c9c110db4e50c36882e520cdfe2c25f5fcfd3d2747|2473bdcf6d8a5197b41ca8c9c110db4e50c36882e520cdfe2c25f5fcfd3d2747|a324c34037ef2e1101962fca4ad0c021253288e1
usr.bin/clang/llvm-ar/llvm-ar.1|man1/llvm-ar.1|33239376c714a6e6030ae376aa115004c09fe95df22123009a8a4c28c510feb7|33239376c714a6e6030ae376aa115004c09fe95df22123009a8a4c28c510feb7|a324c34037ef2e1101962fca4ad0c021253288e1
usr.bin/clang/llvm-ar/llvm-ranlib.1|man1/llvm-ranlib.1|f403843d05171c19ed5089976c674b024fac3908aa67ef17e939ecedd80a3b0b|f403843d05171c19ed5089976c674b024fac3908aa67ef17e939ecedd80a3b0b|a324c34037ef2e1101962fca4ad0c021253288e1
usr.bin/clang/llvm-as/llvm-as.1|man1/llvm-as.1|d4a42ffae902fd9028d33c041c727634bbacd4fea24e08681286e1733f1bff50|d4a42ffae902fd9028d33c041c727634bbacd4fea24e08681286e1733f1bff50|a324c34037ef2e1101962fca4ad0c021253288e1
usr.bin/clang/llvm-bcanalyzer/llvm-bcanalyzer.1|man1/llvm-bcanalyzer.1|f9724ebe78b16c9d51638c278c98f8a778c5718c8f5dc6a00ef1120314b79614|f9724ebe78b16c9d51638c278c98f8a778c5718c8f5dc6a00ef1120314b79614|a324c34037ef2e1101962fca4ad0c021253288e1
usr.bin/clang/llvm-cov/llvm-cov.1|man1/llvm-cov.1|6f4c2adca5f5567b35cecf0e026cdacc0c48cdac9062d1de865fd246099c8b6d|6f4c2adca5f5567b35cecf0e026cdacc0c48cdac9062d1de865fd246099c8b6d|a324c34037ef2e1101962fca4ad0c021253288e1
usr.bin/clang/llvm-cxxfilt/llvm-cxxfilt.1|man1/llvm-cxxfilt.1|9edfa5ecc2e60c11722e4ae671cbad146ace7d97b5fbf3ba23d00e225068db26|9edfa5ecc2e60c11722e4ae671cbad146ace7d97b5fbf3ba23d00e225068db26|a324c34037ef2e1101962fca4ad0c021253288e1
usr.bin/clang/llvm-diff/llvm-diff.1|man1/llvm-diff.1|77f77a558849d72ff231f563e53434c3fd5c5feb415bdc63606860fec32df735|77f77a558849d72ff231f563e53434c3fd5c5feb415bdc63606860fec32df735|a324c34037ef2e1101962fca4ad0c021253288e1
usr.bin/clang/llvm-dis/llvm-dis.1|man1/llvm-dis.1|a3fe8f24710c8d73daaa0d7fce40909f0185136a2f0c6805442c67c377595e37|a3fe8f24710c8d73daaa0d7fce40909f0185136a2f0c6805442c67c377595e37|a324c34037ef2e1101962fca4ad0c021253288e1
usr.bin/clang/llvm-dwarfdump/llvm-dwarfdump.1|man1/llvm-dwarfdump.1|4681e202005dff6097f6ebde0951ea29856f36c2d7c5f51d93db2292300c9174|4681e202005dff6097f6ebde0951ea29856f36c2d7c5f51d93db2292300c9174|a324c34037ef2e1101962fca4ad0c021253288e1
usr.bin/clang/llvm-dwarfutil/llvm-dwarfutil.1|man1/llvm-dwarfutil.1|0ad9f480264d37758a0de0c312831652764658d668ca3e6eccd782b4c8299718|0ad9f480264d37758a0de0c312831652764658d668ca3e6eccd782b4c8299718|a324c34037ef2e1101962fca4ad0c021253288e1
usr.bin/clang/llvm-extract/llvm-extract.1|man1/llvm-extract.1|616c524b3a23d14379345227695e1fa1ab2e52451383736abe6fdae09622da84|616c524b3a23d14379345227695e1fa1ab2e52451383736abe6fdae09622da84|a324c34037ef2e1101962fca4ad0c021253288e1
usr.bin/clang/llvm-link/llvm-link.1|man1/llvm-link.1|0d5673e2b54c76e7365cb8c6d30ebb5db2f37678c0192672c6599a69203a1327|0d5673e2b54c76e7365cb8c6d30ebb5db2f37678c0192672c6599a69203a1327|a324c34037ef2e1101962fca4ad0c021253288e1
usr.bin/clang/llvm-mca/llvm-mca.1|man1/llvm-mca.1|ec64b554388703b52d201427e901384ffe35a128a97a68fe55c7a6954e37db31|ec64b554388703b52d201427e901384ffe35a128a97a68fe55c7a6954e37db31|a324c34037ef2e1101962fca4ad0c021253288e1
usr.bin/clang/llvm-nm/llvm-nm.1|man1/llvm-nm.1|f8ed69744186c9dc90ed5ef17ba391d3f727f284d7d4d428993f48462f7521d3|f8ed69744186c9dc90ed5ef17ba391d3f727f284d7d4d428993f48462f7521d3|a324c34037ef2e1101962fca4ad0c021253288e1
usr.bin/clang/llvm-objcopy/llvm-objcopy.1|man1/llvm-objcopy.1|37fa5b8e9a6f6a4c550eeabcd300c4e6c0aa61deaa8340bf9bbbde21ca82a837|37fa5b8e9a6f6a4c550eeabcd300c4e6c0aa61deaa8340bf9bbbde21ca82a837|a324c34037ef2e1101962fca4ad0c021253288e1
usr.bin/clang/llvm-objdump/llvm-objdump.1|man1/llvm-objdump.1|46fe79545128ee632ad66c3d42e3268dc480508924bbca99c9b256dfc2109925|46fe79545128ee632ad66c3d42e3268dc480508924bbca99c9b256dfc2109925|a324c34037ef2e1101962fca4ad0c021253288e1
usr.bin/clang/llvm-pdbutil/llvm-pdbutil.1|man1/llvm-pdbutil.1|33957d20d83266d5186052ad08530a566dd752bfe60a35e4715d16f2d53885b6|33957d20d83266d5186052ad08530a566dd752bfe60a35e4715d16f2d53885b6|a324c34037ef2e1101962fca4ad0c021253288e1
usr.bin/clang/llvm-profdata/llvm-profdata.1|man1/llvm-profdata.1|840f6cf8e91b3ac15068a18a536b7266eb408a844147fa4c62ef91db87fcbcee|840f6cf8e91b3ac15068a18a536b7266eb408a844147fa4c62ef91db87fcbcee|a324c34037ef2e1101962fca4ad0c021253288e1
usr.bin/clang/llvm-readobj/llvm-readelf.1|man1/llvm-readelf.1|84609e1897e6bb856ee8c2c82dff9ff22a0d2d72e30a9b1ac2b9ff9426f28814|84609e1897e6bb856ee8c2c82dff9ff22a0d2d72e30a9b1ac2b9ff9426f28814|a324c34037ef2e1101962fca4ad0c021253288e1
usr.bin/clang/llvm-readobj/llvm-readobj.1|man1/llvm-readobj.1|79d68619e2ae948e7d95c511d70dfc26e305210c60b1025b7877be9452322743|79d68619e2ae948e7d95c511d70dfc26e305210c60b1025b7877be9452322743|a324c34037ef2e1101962fca4ad0c021253288e1
usr.bin/clang/llvm-size/llvm-size.1|man1/llvm-size.1|a65ad5aadefe83f7850becbbca87aef5d95a89a3b2b97e2d2000eee77dac3c6b|a65ad5aadefe83f7850becbbca87aef5d95a89a3b2b97e2d2000eee77dac3c6b|a324c34037ef2e1101962fca4ad0c021253288e1
usr.bin/clang/llvm-strings/llvm-strings.1|man1/llvm-strings.1|516595acc6cd990f6d82125c352689501214bcd5d3a0e97e7c78cc7b5e1a301d|516595acc6cd990f6d82125c352689501214bcd5d3a0e97e7c78cc7b5e1a301d|a324c34037ef2e1101962fca4ad0c021253288e1
usr.bin/clang/llvm-symbolizer/llvm-addr2line.1|man1/llvm-addr2line.1|884a11e4eab1727a597ac8a93228ee3f69d050111f082941755679c328156604|884a11e4eab1727a597ac8a93228ee3f69d050111f082941755679c328156604|a324c34037ef2e1101962fca4ad0c021253288e1
usr.bin/clang/llvm-symbolizer/llvm-symbolizer.1|man1/llvm-symbolizer.1|8e9624aee0b83b4a0d2c37ee5373355d648c4b481e5a179d3851789f7a785671|8e9624aee0b83b4a0d2c37ee5373355d648c4b481e5a179d3851789f7a785671|a324c34037ef2e1101962fca4ad0c021253288e1
usr.bin/clang/opt/opt.1|man1/opt.1|baefa16920d11e4b72cf865384d0cdfd6df4e649d8cab57da8f249b379e70f04|baefa16920d11e4b72cf865384d0cdfd6df4e649d8cab57da8f249b379e70f04|a324c34037ef2e1101962fca4ad0c021253288e1
usr.bin/cmp/cmp.1|man1/cmp.1|8faa25b5288461b94c8af5394559aabce0566d89930fa6436b2cdd797f851950|8faa25b5288461b94c8af5394559aabce0566d89930fa6436b2cdd797f851950|bdcbfde31e8e9b343f113a1956384bdf30d1ed62
usr.bin/col/col.1|man1/col.1|350abdfdbc376c6b5fa1f4926be2afe07a85842d91f69b58aca28a6d8b17b67e|350abdfdbc376c6b5fa1f4926be2afe07a85842d91f69b58aca28a6d8b17b67e|bdcbfde31e8e9b343f113a1956384bdf30d1ed62
usr.bin/colrm/colrm.1|man1/colrm.1|2d4334c74ad816a92b7f35d7783e7f51f1233bf284623d706c601f4aa5d6b8c0|2d4334c74ad816a92b7f35d7783e7f51f1233bf284623d706c601f4aa5d6b8c0|bdcbfde31e8e9b343f113a1956384bdf30d1ed62
usr.bin/column/column.1|man1/column.1|6b70eef6f99ca00f65cd00216c65aa3dcfdb2175f1b7a49509e64f617b728ff6|6b70eef6f99ca00f65cd00216c65aa3dcfdb2175f1b7a49509e64f617b728ff6|313713b24c6d2a3061972c4f431515c4f1b01c77
usr.bin/comm/comm.1|man1/comm.1|d590484fe320c62e633ebec707869933093aa155c18ab9ff682c15198cb2cdd5|d590484fe320c62e633ebec707869933093aa155c18ab9ff682c15198cb2cdd5|bdcbfde31e8e9b343f113a1956384bdf30d1ed62
usr.bin/compress/compress.1|man1/compress.1|e1bc78d1d33cc3a593993e558a5d46cea0f77687e2b304b6aa8da3dd0236cc67|e1bc78d1d33cc3a593993e558a5d46cea0f77687e2b304b6aa8da3dd0236cc67|bdcbfde31e8e9b343f113a1956384bdf30d1ed62
usr.bin/csplit/csplit.1|man1/csplit.1|031bf8027bcc852090b187eba3d854d8c84d4150bb10d22611075452c5972c10|031bf8027bcc852090b187eba3d854d8c84d4150bb10d22611075452c5972c10|fa9896e082a1046ff4fbc75fcba4d18d1f2efc19
usr.bin/ctags/ctags.1|man1/ctags.1|6dda65aa8e652d55e2995ee54563e139497653c8b753877a4cadc9890b373c11|6dda65aa8e652d55e2995ee54563e139497653c8b753877a4cadc9890b373c11|bdcbfde31e8e9b343f113a1956384bdf30d1ed62
usr.bin/ctlstat/ctlstat.8|man8/ctlstat.8|d4d65080c3619ecddc6e916e49d9f38467629d79f2e802a107d5599f80745019|d4d65080c3619ecddc6e916e49d9f38467629d79f2e802a107d5599f80745019|b2c76c41be32f904179efed29c0ca04d53f3996c
usr.bin/cut/cut.1|man1/cut.1|bdbe95b6064af002f5fe326ef136b3c3d9a26c1e3b4f2ad6bd7399f82c6e823e|bdbe95b6064af002f5fe326ef136b3c3d9a26c1e3b4f2ad6bd7399f82c6e823e|bdcbfde31e8e9b343f113a1956384bdf30d1ed62
usr.bin/diff/diff.1|man1/diff.1|69889655ec5f1188fdf07b744f67da3a2259b94ca65666d11790aeb9a8102ae7|69889655ec5f1188fdf07b744f67da3a2259b94ca65666d11790aeb9a8102ae7|e945411697cfaf9e57ef9ffdf9d35dfd9778612b
usr.bin/diff3/diff3.1|man1/diff3.1|9a01208e03daa0b1fa80785c0faa36b76ea0e20cb299dfdd236e705efa9884f0|9a01208e03daa0b1fa80785c0faa36b76ea0e20cb299dfdd236e705efa9884f0|bdcbfde31e8e9b343f113a1956384bdf30d1ed62
usr.bin/dpv/dpv.1|man1/dpv.1|d4f33c0e620d75101d4df6e278e472873da092d7f8d2253f6529ac1f314c7bc8|d4f33c0e620d75101d4df6e278e472873da092d7f8d2253f6529ac1f314c7bc8|fa9896e082a1046ff4fbc75fcba4d18d1f2efc19
usr.bin/dtc/dtc.1|man1/dtc.1|3881423736a2a31303ca3b30e02fb9a8dd542c17a606e7730e686dfc0ca22bbd|3881423736a2a31303ca3b30e02fb9a8dd542c17a606e7730e686dfc0ca22bbd|fa9896e082a1046ff4fbc75fcba4d18d1f2efc19
usr.bin/du/du.1|man1/du.1|7c0577d394daeb8f8377523c18739e7b07131fb9c7d8bf9c9a7adb1930c9e326|7c0577d394daeb8f8377523c18739e7b07131fb9c7d8bf9c9a7adb1930c9e326|cc61a0793a0e7db8601e5eba1242befb810a5844
usr.bin/elfctl/elfctl.1|man1/elfctl.1|ed2101c8acd2598af5888a4b7aa2bcbfcee34356b8345e625f82a0f7dd7d67e8|ed2101c8acd2598af5888a4b7aa2bcbfcee34356b8345e625f82a0f7dd7d67e8|b989c1dd1e2edc8cf7597d276625b454b7b72e6d
usr.bin/elfdump/elfdump.1|man1/elfdump.1|a7c8514ecc3f19ab1bd2747bb1f6ff16df348374fa1acbe85ee1e38ed10009a9|a7c8514ecc3f19ab1bd2747bb1f6ff16df348374fa1acbe85ee1e38ed10009a9|fa9896e082a1046ff4fbc75fcba4d18d1f2efc19
usr.bin/enigma/enigma.1|man1/enigma.1|8ffdd458e9aaaadb2d2ea0a9cc632f57e2f4a38251987da6173b3f926ff6703f|8ffdd458e9aaaadb2d2ea0a9cc632f57e2f4a38251987da6173b3f926ff6703f|fa9896e082a1046ff4fbc75fcba4d18d1f2efc19
usr.bin/env/env.1|man1/env.1|5ec323474a038162350cbee7f913d86f10156d1a3a1704045251a43795b9f8d2|5ec323474a038162350cbee7f913d86f10156d1a3a1704045251a43795b9f8d2|6f6166e49c78f6460732c02bbbba6fcc218221cf
usr.bin/etdump/etdump.1|man1/etdump.1|607b55c7d48cd6bdf23a8618456c5947403d5958b7fd03b0b71458a41f2a3969|607b55c7d48cd6bdf23a8618456c5947403d5958b7fd03b0b71458a41f2a3969|283be95ea29abd7f867e4084bafe368c47f6c038
usr.bin/expand/expand.1|man1/expand.1|4eb9ddd6a6bb88b70879577cef92ce56b012ecd119710771dcede63e41ff93ed|4eb9ddd6a6bb88b70879577cef92ce56b012ecd119710771dcede63e41ff93ed|f3eeeb959c9b00c89a2e1ff009c78162eb398656
usr.bin/false/false.1|man1/false.1|3c76664091739d905a58083d3974f1397f1b4da99c2043c3ec23b3910c22c26f|3c76664091739d905a58083d3974f1397f1b4da99c2043c3ec23b3910c22c26f|bdcbfde31e8e9b343f113a1956384bdf30d1ed62
usr.bin/fetch/fetch.1|man1/fetch.1|91c97f773129f48e13184b2740339ee86d85895e59869703a81af1cd9266a239|91c97f773129f48e13184b2740339ee86d85895e59869703a81af1cd9266a239|2821a7498f65d357c68166e1978b491abef1ca4a
usr.bin/file2c/file2c.1|man1/file2c.1|9b9e8de13cbc93c9b1721b9f564b9fed434cd6ed4df181f7a2e8a1df9f6708b6|9b9e8de13cbc93c9b1721b9f564b9fed434cd6ed4df181f7a2e8a1df9f6708b6|fa9896e082a1046ff4fbc75fcba4d18d1f2efc19
usr.bin/find/find.1|man1/find.1|a7bcb95e93b02c375e15bd93bf5de03c32226f8dd6b3465ee4d560e81a9776d8|a7bcb95e93b02c375e15bd93bf5de03c32226f8dd6b3465ee4d560e81a9776d8|02f394281fd67dc15afb26c51d52f2b4cbf28065
usr.bin/finger/finger.1|man1/finger.1|2d2a4e416f0dbd12400901d854d1269194b52f2ccb4eb901b3bd2cb820fc76dd|2d2a4e416f0dbd12400901d854d1269194b52f2ccb4eb901b3bd2cb820fc76dd|bdcbfde31e8e9b343f113a1956384bdf30d1ed62
usr.bin/fmt/fmt.1|man1/fmt.1|d740e77d725f501f669407b1fc49a514d8df34f116834df0761fd7be20592853|d740e77d725f501f669407b1fc49a514d8df34f116834df0761fd7be20592853|bdcbfde31e8e9b343f113a1956384bdf30d1ed62
usr.bin/fold/fold.1|man1/fold.1|a97f605943f5752c196e119d578b5e47769d775b75251a08117d3c3186d95adb|a97f605943f5752c196e119d578b5e47769d775b75251a08117d3c3186d95adb|bdcbfde31e8e9b343f113a1956384bdf30d1ed62
usr.bin/fortune/strfile/strfile.8|man8/strfile.8|3a526b74d25ab62410bcd34582cdc84ec1da47d419d1949717c3eb922a12627f|3a526b74d25ab62410bcd34582cdc84ec1da47d419d1949717c3eb922a12627f|bdcbfde31e8e9b343f113a1956384bdf30d1ed62
usr.bin/from/from.1|man1/from.1|9103398fcf2736ced47a25bfdfdcdfdee1bff53e7684deca4ab1b130b938419c|9103398fcf2736ced47a25bfdfdcdfdee1bff53e7684deca4ab1b130b938419c|bdcbfde31e8e9b343f113a1956384bdf30d1ed62
usr.bin/fstat/fstat.1|man1/fstat.1|5752abbb3466253bd3af9270737f65ccf327fed39c7528bd7a5e1c282e17df59|5752abbb3466253bd3af9270737f65ccf327fed39c7528bd7a5e1c282e17df59|0ba51e3b638424597add4212958524c9b750dd7b
usr.bin/fstat/fuser.1|man1/fuser.1|1f3794cd8e68177c6f7114d16b691938328372db6fb90c7074ae14a020d19bcc|1f3794cd8e68177c6f7114d16b691938328372db6fb90c7074ae14a020d19bcc|fa9896e082a1046ff4fbc75fcba4d18d1f2efc19
usr.bin/fsync/fsync.1|man1/fsync.1|f035690260d29abf0239cbb2634919bfa2b2354a671977df2cf080d637cd8fa9|f035690260d29abf0239cbb2634919bfa2b2354a671977df2cf080d637cd8fa9|fa9896e082a1046ff4fbc75fcba4d18d1f2efc19
usr.bin/gcore/gcore.1|man1/gcore.1|53c2a1e7d56662b8b261d6753a74980b38e61d755869009ed935a8c21ae9de53|53c2a1e7d56662b8b261d6753a74980b38e61d755869009ed935a8c21ae9de53|bdcbfde31e8e9b343f113a1956384bdf30d1ed62
usr.bin/gencat/gencat.1|man1/gencat.1|6d86fb32d3103fac19e1f2a4283086d0c7d2a7f4241594abb34c929ca8c4f588|6d86fb32d3103fac19e1f2a4283086d0c7d2a7f4241594abb34c929ca8c4f588|fa9896e082a1046ff4fbc75fcba4d18d1f2efc19
usr.bin/genl/genl.1|man1/genl.1|fea1a831081327d4abb8ce49befa63f0c72ea2c638dab8cb33a680c454b67f4c|fea1a831081327d4abb8ce49befa63f0c72ea2c638dab8cb33a680c454b67f4c|13d81ef632ec6ca5e6936ab77e8ac67a8c430033
usr.bin/getaddrinfo/getaddrinfo.1|man1/getaddrinfo.1|2e396980257180ab5c6ed48913ce8083700f3b79c002ee468a792e8dab35056b|2e396980257180ab5c6ed48913ce8083700f3b79c002ee468a792e8dab35056b|9cb98ab7ceeb97b70a4891a4a3a21372158ccf24
usr.bin/getconf/getconf.1|man1/getconf.1|8dd67123fe64bea72a85a3ab3bf5c46a97254dcdf5b9ccdaf4404b282da6f9a8|8dd67123fe64bea72a85a3ab3bf5c46a97254dcdf5b9ccdaf4404b282da6f9a8|fa9896e082a1046ff4fbc75fcba4d18d1f2efc19
usr.bin/getent/getent.1|man1/getent.1|210dbdf0dd63f805093a246d260e8d23eb748e6dc6484a818ad5858b39256a28|210dbdf0dd63f805093a246d260e8d23eb748e6dc6484a818ad5858b39256a28|fa9896e082a1046ff4fbc75fcba4d18d1f2efc19
usr.bin/getopt/getopt.1|man1/getopt.1|c2fcdc4b96b26777b26ad6fa71dad90b49a34023ec6edb14468cdd2df87fdf22|c2fcdc4b96b26777b26ad6fa71dad90b49a34023ec6edb14468cdd2df87fdf22|b2c76c41be32f904179efed29c0ca04d53f3996c
usr.bin/gprof/gprof.1|man1/gprof.1|75efc971741d9873753561c78c6451af0969d57b0976bf269a6779a9a0639edd|75efc971741d9873753561c78c6451af0969d57b0976bf269a6779a9a0639edd|bdcbfde31e8e9b343f113a1956384bdf30d1ed62
usr.bin/grep/grep.1|man1/grep.1|a240be6291e719181e1f0cfed23094452971d280908cad4320f652e5397871da|a240be6291e719181e1f0cfed23094452971d280908cad4320f652e5397871da|bdcbfde31e8e9b343f113a1956384bdf30d1ed62
usr.bin/grep/zgrep.1|man1/zgrep.1|68ba2b14d0ca41ad671489a94eaee62ace8b72ebe3dab36aebf777cf412ff044|68ba2b14d0ca41ad671489a94eaee62ace8b72ebe3dab36aebf777cf412ff044|fa9896e082a1046ff4fbc75fcba4d18d1f2efc19
usr.bin/gzip/gzexe.1|man1/gzexe.1|80a6eb5e8bff4cd531e7263884be06ab31fd0a47834c91a61eb696cf190c9c7c|80a6eb5e8bff4cd531e7263884be06ab31fd0a47834c91a61eb696cf190c9c7c|fa9896e082a1046ff4fbc75fcba4d18d1f2efc19
usr.bin/gzip/gzip.1|man1/gzip.1|820fd0c957c6308e7ebb109357d00477446619c1e39906f9fd1ef7734c0adb1e|820fd0c957c6308e7ebb109357d00477446619c1e39906f9fd1ef7734c0adb1e|bc919e81e0b7dadf0ef550d83d0ef910cc20c5bf
usr.bin/gzip/zdiff.1|man1/zdiff.1|871716e288ad894155b7ffc04923384143e97573338b6a0bf900f0e4a4647c20|871716e288ad894155b7ffc04923384143e97573338b6a0bf900f0e4a4647c20|fa9896e082a1046ff4fbc75fcba4d18d1f2efc19
usr.bin/gzip/zforce.1|man1/zforce.1|51a31e4721592d0c6f255eeaf3b5819ffe38f87351be31ad2c94cbec221d5d72|51a31e4721592d0c6f255eeaf3b5819ffe38f87351be31ad2c94cbec221d5d72|fa9896e082a1046ff4fbc75fcba4d18d1f2efc19
usr.bin/gzip/zmore.1|man1/zmore.1|36c74e30440d6a32611ce7a383d1a7eaafcc3ccd2ece5e7fb49ad21e5ed8c06f|36c74e30440d6a32611ce7a383d1a7eaafcc3ccd2ece5e7fb49ad21e5ed8c06f|fa9896e082a1046ff4fbc75fcba4d18d1f2efc19
usr.bin/gzip/znew.1|man1/znew.1|f4ecc8dbfcca077876bd36ea5b154fff0d1ba45f8f802131f2932a90d6ab7b96|f4ecc8dbfcca077876bd36ea5b154fff0d1ba45f8f802131f2932a90d6ab7b96|fa9896e082a1046ff4fbc75fcba4d18d1f2efc19
usr.bin/head/head.1|man1/head.1|ba9373847fb61b12aaeec754934d01da92fd8c4c4abcc8a00e48c1e78aeaa1f1|ba9373847fb61b12aaeec754934d01da92fd8c4c4abcc8a00e48c1e78aeaa1f1|bdcbfde31e8e9b343f113a1956384bdf30d1ed62
usr.bin/hesinfo/hesinfo.1|man1/hesinfo.1|8935d0176a0dcac2fb5d548512a55946e3ecc0cb332f752e5285dec29d19d0c3|8935d0176a0dcac2fb5d548512a55946e3ecc0cb332f752e5285dec29d19d0c3|fa9896e082a1046ff4fbc75fcba4d18d1f2efc19
usr.bin/hexdump/hexdump.1|man1/hexdump.1|54a33ec27ba0f1effdc0ec894dc3d4fdc676701c921ddf096d577c7f0082aac6|54a33ec27ba0f1effdc0ec894dc3d4fdc676701c921ddf096d577c7f0082aac6|bdcbfde31e8e9b343f113a1956384bdf30d1ed62
usr.bin/hexdump/od.1|man1/od.1|9f17615af9effa8b0d2f527747a36f1c2318bdb96e36128221703d827360a79b|9f17615af9effa8b0d2f527747a36f1c2318bdb96e36128221703d827360a79b|bdcbfde31e8e9b343f113a1956384bdf30d1ed62
usr.bin/iconv/iconv.1|man1/iconv.1|d449af41d18bb7d01afd0fae00e812de9d17ddc4980a53c40807a7e9e47172c0|d449af41d18bb7d01afd0fae00e812de9d17ddc4980a53c40807a7e9e47172c0|b2c76c41be32f904179efed29c0ca04d53f3996c
usr.bin/id/groups.1|man1/groups.1|4207ca6e2000e68c39dc37c6242320bcb063510912ef4f7a5382af065d571fa4|4207ca6e2000e68c39dc37c6242320bcb063510912ef4f7a5382af065d571fa4|bdcbfde31e8e9b343f113a1956384bdf30d1ed62
usr.bin/id/id.1|man1/id.1|14fe77e53be2f3b0952f522ce3a8c7aca25745e27151abe2f502dbffd4660a4c|14fe77e53be2f3b0952f522ce3a8c7aca25745e27151abe2f502dbffd4660a4c|02de2f3b499a571dd1d4123d2524e6a373ab7e59
usr.bin/id/whoami.1|man1/whoami.1|3ab1961f5e23ea8971ee411ccbf6e361f8463b0fe02674da28a903af103bd32c|3ab1961f5e23ea8971ee411ccbf6e361f8463b0fe02674da28a903af103bd32c|bdcbfde31e8e9b343f113a1956384bdf30d1ed62
usr.bin/ident/ident.1|man1/ident.1|451d1ad7cd49d3821da1f02983c2a48ad3171addfea553d8e4dee585bb7a26f1|451d1ad7cd49d3821da1f02983c2a48ad3171addfea553d8e4dee585bb7a26f1|fa9896e082a1046ff4fbc75fcba4d18d1f2efc19
usr.bin/indent/indent.1|man1/indent.1|c2bcdf967ab5040f2cedb5fb2201d19ca3d23eabcf6d91d402fccc1b27b47b20|c2bcdf967ab5040f2cedb5fb2201d19ca3d23eabcf6d91d402fccc1b27b47b20|bdcbfde31e8e9b343f113a1956384bdf30d1ed62
usr.bin/ipcrm/ipcrm.1|man1/ipcrm.1|5cc2db0ecc59f74c2582ff76cc6fdba45bae153a2d64acf7279180d751259f7f|5cc2db0ecc59f74c2582ff76cc6fdba45bae153a2d64acf7279180d751259f7f|fa9896e082a1046ff4fbc75fcba4d18d1f2efc19
usr.bin/ipcs/ipcs.1|man1/ipcs.1|03fc20346656da92fa54112b77ae4be3713a2442330a4c420af16018511daf4f|03fc20346656da92fa54112b77ae4be3713a2442330a4c420af16018511daf4f|fa9896e082a1046ff4fbc75fcba4d18d1f2efc19
usr.bin/iscsictl/iscsictl.8|man8/iscsictl.8|eabecbc6e21fa58aa2c81ffddc2b51ec8dee0826f7d75dd939baa82c1724d127|eabecbc6e21fa58aa2c81ffddc2b51ec8dee0826f7d75dd939baa82c1724d127|cc61a0793a0e7db8601e5eba1242befb810a5844
usr.bin/join/join.1|man1/join.1|9602ccdb53ea857555b87d793cd13425f4d262c96e434a85e37db9e50bb7b2b6|9602ccdb53ea857555b87d793cd13425f4d262c96e434a85e37db9e50bb7b2b6|bdcbfde31e8e9b343f113a1956384bdf30d1ed62
usr.bin/jot/jot.1|man1/jot.1|a8d1144351909a5311f911aeb4b6b6366db47c44b8e885a751eb1cfefcdf131e|a8d1144351909a5311f911aeb4b6b6366db47c44b8e885a751eb1cfefcdf131e|bdcbfde31e8e9b343f113a1956384bdf30d1ed62
usr.bin/kdump/kdump.1|man1/kdump.1|1d345e0b173b03cc69d9151c5c9cd5b0bc4f92d064ef4bdf88544ca21a57aff0|1d345e0b173b03cc69d9151c5c9cd5b0bc4f92d064ef4bdf88544ca21a57aff0|bdcbfde31e8e9b343f113a1956384bdf30d1ed62
usr.bin/killall/killall.1|man1/killall.1|a716bf1425953d5a96a423ce8085828f3b4e033a42dbaecc3cc302ae651f5838|a716bf1425953d5a96a423ce8085828f3b4e033a42dbaecc3cc302ae651f5838|fa9896e082a1046ff4fbc75fcba4d18d1f2efc19
usr.bin/ktrace/ktrace.1|man1/ktrace.1|46a0923a15b17d76c128c70de5ef6b71f96c662016ac7f2a5d55134ead24c0fd|46a0923a15b17d76c128c70de5ef6b71f96c662016ac7f2a5d55134ead24c0fd|96f4be881e8e9e0cb9a6ad2cd9f17f4440983600
usr.bin/ktrdump/ktrdump.8|man8/ktrdump.8|168bd03dc170c4e19d5c1de72597aba32cac78569c4f1c6e20bc8059d9cdb0f2|168bd03dc170c4e19d5c1de72597aba32cac78569c4f1c6e20bc8059d9cdb0f2|fa9896e082a1046ff4fbc75fcba4d18d1f2efc19
usr.bin/lam/lam.1|man1/lam.1|7984f8b3ea81b6a840e2812823fabf6795b4a43b57afefa0e083536e2dc3c2ab|7984f8b3ea81b6a840e2812823fabf6795b4a43b57afefa0e083536e2dc3c2ab|bdcbfde31e8e9b343f113a1956384bdf30d1ed62
usr.bin/last/last.1|man1/last.1|454b829d930bd25bf3d11a532ea764c8acfa9ca35ace6c134e2339d87e7fa05c|454b829d930bd25bf3d11a532ea764c8acfa9ca35ace6c134e2339d87e7fa05c|cc61a0793a0e7db8601e5eba1242befb810a5844
usr.bin/lastcomm/lastcomm.1|man1/lastcomm.1|287fa7ce3aca443f6dd22d2744c3b4f4ecf5d640c6db9b5fd57100787d690595|287fa7ce3aca443f6dd22d2744c3b4f4ecf5d640c6db9b5fd57100787d690595|bdcbfde31e8e9b343f113a1956384bdf30d1ed62
usr.bin/ldd/ldd.1|man1/ldd.1|5b3229930d4248b3a2b745539f73a9dbc9bbaba97aea7439bbbff4ff4dbe28ab|5b3229930d4248b3a2b745539f73a9dbc9bbaba97aea7439bbbff4ff4dbe28ab|b2c76c41be32f904179efed29c0ca04d53f3996c
usr.bin/leave/leave.1|man1/leave.1|3a59a9fe7a3dfc5285115a9fc3f4390a2d14bdcaee4e07d7d18b267f21e8f1b0|3a59a9fe7a3dfc5285115a9fc3f4390a2d14bdcaee4e07d7d18b267f21e8f1b0|bdcbfde31e8e9b343f113a1956384bdf30d1ed62
usr.bin/lex/lex.1|man1/lex.1|d177dcf640e6b7b51b0211659f5a4c0304c4fae728f51a08980c2531523b1ed5|d177dcf640e6b7b51b0211659f5a4c0304c4fae728f51a08980c2531523b1ed5|b2c76c41be32f904179efed29c0ca04d53f3996c
usr.bin/limits/limits.1|man1/limits.1|175fe46b1bc248e410aae0b064ed5344fa25ccab3dc63993c92699ce4b42973e|175fe46b1bc248e410aae0b064ed5344fa25ccab3dc63993c92699ce4b42973e|f54f41403d149e867b896ae753a0e7e2b0c738b0
usr.bin/locale/locale.1|man1/locale.1|754db07196edf193f32b3244c0d3cc4dc8f85d809cc5d2d78af86c78e03fcb19|754db07196edf193f32b3244c0d3cc4dc8f85d809cc5d2d78af86c78e03fcb19|fa9896e082a1046ff4fbc75fcba4d18d1f2efc19
usr.bin/localedef/localedef.1|man1/localedef.1|26128779c45dec707dda17e8a966b44ffd2603dff53594565a410d76aee5a53c|26128779c45dec707dda17e8a966b44ffd2603dff53594565a410d76aee5a53c|c0367c654a3340c5aa194a3137489f760d556139
usr.bin/locate/locate/locate.1|man1/locate.1|5f70846c646f24acbfa970680f7c6870539bb7482f60d689deaa7590345c8e53|5f70846c646f24acbfa970680f7c6870539bb7482f60d689deaa7590345c8e53|bdcbfde31e8e9b343f113a1956384bdf30d1ed62
usr.bin/locate/locate/locate.updatedb.8|man8/locate.updatedb.8|33e7e7e7a2899088d88a9e48b0470aeab71aa5874c1e59a2173f0b697d859a0d|33e7e7e7a2899088d88a9e48b0470aeab71aa5874c1e59a2173f0b697d859a0d|fa9896e082a1046ff4fbc75fcba4d18d1f2efc19
usr.bin/lock/lock.1|man1/lock.1|dc3c5768c24ef16e922233b09e3c71d6910f4f15b177615155b0f3b2d4c3cd5e|dc3c5768c24ef16e922233b09e3c71d6910f4f15b177615155b0f3b2d4c3cd5e|3ef9e138dd8b70879ba91d84ac623baa0d4b6c91
usr.bin/lockf/lockf.1|man1/lockf.1|80950cbc36eb725bec9d7c7cad58d46d11226eac5de546f9b2b32524a014b390|80950cbc36eb725bec9d7c7cad58d46d11226eac5de546f9b2b32524a014b390|679f619495f67eafc9fdb97d11381b14f2b49ccf
usr.bin/logger/logger.1|man1/logger.1|48c24ccff98dad68160314653019fc17bcc7743f5c5c983ca918edeebb6f4240|48c24ccff98dad68160314653019fc17bcc7743f5c5c983ca918edeebb6f4240|bdcbfde31e8e9b343f113a1956384bdf30d1ed62
usr.bin/login/login.1|man1/login.1|92c0a2b5d888c5d3d16e2022a3d7262fd195bdd8b5a218380880035f22dc7d9e|92c0a2b5d888c5d3d16e2022a3d7262fd195bdd8b5a218380880035f22dc7d9e|bdcbfde31e8e9b343f113a1956384bdf30d1ed62
usr.bin/logins/logins.1|man1/logins.1|7fd6f2e5d75a2cd223ac8fe32da869429f2be7aed903d62a57bd8121cf2e3b95|7fd6f2e5d75a2cd223ac8fe32da869429f2be7aed903d62a57bd8121cf2e3b95|e738085b94631f90e21a49852538ac95974baf44
usr.bin/logname/logname.1|man1/logname.1|0dc06e92e0c4710c1311f4e500a6e1a65a47730841e01f3bbc701d1913428451|0dc06e92e0c4710c1311f4e500a6e1a65a47730841e01f3bbc701d1913428451|bdcbfde31e8e9b343f113a1956384bdf30d1ed62
usr.bin/look/look.1|man1/look.1|c3f1b008a3a89265ce8dc26b90b5f72504dc3e2a1248475e1c57a9d45e4f9983|c3f1b008a3a89265ce8dc26b90b5f72504dc3e2a1248475e1c57a9d45e4f9983|7df526eb10c9095e4988e77900f60ba00c42b095
usr.bin/lorder/lorder.1|man1/lorder.1|6380082b944dffbe2999e3ca0870b07b978bb4ee07cbf6c14954527f588b3432|6380082b944dffbe2999e3ca0870b07b978bb4ee07cbf6c14954527f588b3432|cf4d9bf8b38819da12c6d686d5cf6dbd6353cd61
usr.bin/lsvfs/lsvfs.1|man1/lsvfs.1|237abf7ede87e370b85130ed635c51665eaca950d201d7be50f9b5c33d0937d7|237abf7ede87e370b85130ed635c51665eaca950d201d7be50f9b5c33d0937d7|1a720cbec513210fa2e85c3882741ef2f6dc5f35
usr.bin/m4/m4.1|man1/m4.1|113b276cb91766c9cf9f4827aa24f5861ff176966bee0d1ea83e048d58717b34|113b276cb91766c9cf9f4827aa24f5861ff176966bee0d1ea83e048d58717b34|bdcbfde31e8e9b343f113a1956384bdf30d1ed62
usr.bin/mail/mail.1|man1/mail.1|73a52f2250fc3f6a6d512ff5690755cb1577c7a13aaae33b6a78e2e0d247e0b2|73a52f2250fc3f6a6d512ff5690755cb1577c7a13aaae33b6a78e2e0d247e0b2|bdcbfde31e8e9b343f113a1956384bdf30d1ed62
usr.bin/man/man.1|man1/man.1|07e495719df47c1a5d7169a6cf2dfc7503cf00e2544c68c1ad7d959fa0b6a9fd|07e495719df47c1a5d7169a6cf2dfc7503cf00e2544c68c1ad7d959fa0b6a9fd|668fbde7df9af6e78cef7e9f5fa8ec7cb0966119
usr.bin/man/manpath.1|man1/manpath.1|b20a065672fd4d0a53dc46a72bb59e97d7343f1d2a9077fee72bc86b41a57827|b20a065672fd4d0a53dc46a72bb59e97d7343f1d2a9077fee72bc86b41a57827|d928328f8d2d25a4632401795e1c0ebbaeb7b10d
usr.bin/mdo/mdo.1|man1/mdo.1|55803f8e4c01da26247c81887b68e2e1fed7e2ceaf7d98fa48615e6bdf67aac6|55803f8e4c01da26247c81887b68e2e1fed7e2ceaf7d98fa48615e6bdf67aac6|20ebb6ec5ac0745fe063bd315bd953312bfcb1a2
usr.bin/mesg/mesg.1|man1/mesg.1|6e14f95eb4c140cb58ef8a200c3ef1a1b7655d1973f739bda2e25351e69ebf34|6e14f95eb4c140cb58ef8a200c3ef1a1b7655d1973f739bda2e25351e69ebf34|bdcbfde31e8e9b343f113a1956384bdf30d1ed62
usr.bin/mididump/mididump.1|man1/mididump.1|2d9622eb92dd5b31666a0f7f7a6dd8de6a53a96c8d36fe86a084abee5001ebe2|2d9622eb92dd5b31666a0f7f7a6dd8de6a53a96c8d36fe86a084abee5001ebe2|27aec148ea4bfa2ccd2170ed1ccc6665aa819607
usr.bin/ministat/ministat.1|man1/ministat.1|9219f0a5d3810f87e585831042cf840dc01582551caf2e73b8a4c98602b04353|9219f0a5d3810f87e585831042cf840dc01582551caf2e73b8a4c98602b04353|fa9896e082a1046ff4fbc75fcba4d18d1f2efc19
usr.bin/mkcsmapper/mkcsmapper.1|man1/mkcsmapper.1|132a7c5ab73571cfa1eee5e2df14c10334cca8feabc62bfbaff90ea558d0b656|132a7c5ab73571cfa1eee5e2df14c10334cca8feabc62bfbaff90ea558d0b656|fa9896e082a1046ff4fbc75fcba4d18d1f2efc19
usr.bin/mkdep/mkdep.1|man1/mkdep.1|f6e4bae11b1509fb197d218e51bbc47bb8dd4d9532dd5edbe9f3148f46ff4bab|f6e4bae11b1509fb197d218e51bbc47bb8dd4d9532dd5edbe9f3148f46ff4bab|bdcbfde31e8e9b343f113a1956384bdf30d1ed62
usr.bin/mkesdb/mkesdb.1|man1/mkesdb.1|28583086075aa2fb30ca0166287b865ff2cbd8f19ad7baa9bff2d489b83f84bc|28583086075aa2fb30ca0166287b865ff2cbd8f19ad7baa9bff2d489b83f84bc|fa9896e082a1046ff4fbc75fcba4d18d1f2efc19
usr.bin/mkfifo/mkfifo.1|man1/mkfifo.1|81ad2f1685b5fe3d60421bf806abe8146ea0b43323612fbc57290b6ae69e9fbb|81ad2f1685b5fe3d60421bf806abe8146ea0b43323612fbc57290b6ae69e9fbb|bdcbfde31e8e9b343f113a1956384bdf30d1ed62
usr.bin/mkimg/mkimg.1|man1/mkimg.1|088439f1199415b5c4ca1b41dad7862ee8524c0a694cfb0cd4d430b1c85553cc|088439f1199415b5c4ca1b41dad7862ee8524c0a694cfb0cd4d430b1c85553cc|393fefa3d9c78948d911e5de0182a9b858b23475
usr.bin/mkstr/mkstr.1|man1/mkstr.1|a8ae166b1f6dc5e2f59610e78d4588a510f55ab90f4658bbed5da661c322734f|a8ae166b1f6dc5e2f59610e78d4588a510f55ab90f4658bbed5da661c322734f|bdcbfde31e8e9b343f113a1956384bdf30d1ed62
usr.bin/mktemp/mktemp.1|man1/mktemp.1|8029887cd7129788e3d54dc38b8756ae3ad72b51d050d09694dc4f2cf13eac17|8029887cd7129788e3d54dc38b8756ae3ad72b51d050d09694dc4f2cf13eac17|e3a9e2f029ab7a0674f44b64e5d246fbc9f932ca
usr.bin/mkuzip/mkuzip.8|man8/mkuzip.8|d8bcd4511113e3a7bb6868891ca017a135ecbfe80fbc0087d169037485af6e23|d8bcd4511113e3a7bb6868891ca017a135ecbfe80fbc0087d169037485af6e23|525a177c165740fc697df3de5b92e58b3b41477c
usr.bin/msgs/msgs.1|man1/msgs.1|d83bcf9ad4e68a8db95b1f1936516395dd93b52d6ac0e9911dfdeea6fa6ea6a2|d83bcf9ad4e68a8db95b1f1936516395dd93b52d6ac0e9911dfdeea6fa6ea6a2|6e1fc0118033f42b7c0d3623c8f67a89ebecabb2
usr.bin/mt/mt.1|man1/mt.1|620d8af9d512c2a64837c5fc13e003ebaf8ae4d4285c6aa62cccdf1ec6e3421d|620d8af9d512c2a64837c5fc13e003ebaf8ae4d4285c6aa62cccdf1ec6e3421d|452c3e9514cbaaced8997458e34bb07b51c29bc9
usr.bin/ncal/ncal.1|man1/ncal.1|096d8b95d95a5a3fee5c1501506bcfd554fbec438b81659928d6c911e9b80a79|096d8b95d95a5a3fee5c1501506bcfd554fbec438b81659928d6c911e9b80a79|49224311fe6d850e5c25a7e79328c87029df6be8
usr.bin/netstat/netstat.1|man1/netstat.1|37ba4c3fd947d9224bd819fb2e199ca07f4f27071b9591aac7861e67dc686068|37ba4c3fd947d9224bd819fb2e199ca07f4f27071b9591aac7861e67dc686068|cc61a0793a0e7db8601e5eba1242befb810a5844
usr.bin/newgrp/newgrp.1|man1/newgrp.1|f23336e3874113b5ff683e0a97afe5cf1936fc7a03eee7819a71ceb4e106381f|f23336e3874113b5ff683e0a97afe5cf1936fc7a03eee7819a71ceb4e106381f|fa9896e082a1046ff4fbc75fcba4d18d1f2efc19
usr.bin/nfsstat/nfsstat.1|man1/nfsstat.1|23f15517968857af234097256586b4da6191da5498a77eaa13f59db8dfbcaf3c|23f15517968857af234097256586b4da6191da5498a77eaa13f59db8dfbcaf3c|cc61a0793a0e7db8601e5eba1242befb810a5844
usr.bin/nice/nice.1|man1/nice.1|75e3f4e7f7d3f108bf95570c5edaa93a2f7023d80d9229e0147340d19a9a15e9|75e3f4e7f7d3f108bf95570c5edaa93a2f7023d80d9229e0147340d19a9a15e9|bdcbfde31e8e9b343f113a1956384bdf30d1ed62
usr.bin/nl/nl.1|man1/nl.1|0247654ea4837c810564d93265284e416ff9fef7d2f8642bc92d01c181e29f7a|0247654ea4837c810564d93265284e416ff9fef7d2f8642bc92d01c181e29f7a|b2c76c41be32f904179efed29c0ca04d53f3996c
usr.bin/nohup/nohup.1|man1/nohup.1|55602d08e0d7060ff6cadb0a908e6adaecb05fa492cdaa4c5970d3f5245dc2de|55602d08e0d7060ff6cadb0a908e6adaecb05fa492cdaa4c5970d3f5245dc2de|bdcbfde31e8e9b343f113a1956384bdf30d1ed62
usr.bin/pagesize/pagesize.1|man1/pagesize.1|d6fc8693339f8d1aed00691dd90641373a616953dc6f9f24e0ff840cae89401c|d6fc8693339f8d1aed00691dd90641373a616953dc6f9f24e0ff840cae89401c|bdcbfde31e8e9b343f113a1956384bdf30d1ed62
usr.bin/passwd/passwd.1|man1/passwd.1|2837fe0915fdb44214604c67be653b50a984335b1be614dbc3d559377faad201|2837fe0915fdb44214604c67be653b50a984335b1be614dbc3d559377faad201|bdcbfde31e8e9b343f113a1956384bdf30d1ed62
usr.bin/paste/paste.1|man1/paste.1|edefb4f6a0ce8a82fafb496b48cc806c4df85e2749c149b33fd942a7818b7a8a|edefb4f6a0ce8a82fafb496b48cc806c4df85e2749c149b33fd942a7818b7a8a|bdcbfde31e8e9b343f113a1956384bdf30d1ed62
usr.bin/patch/patch.1|man1/patch.1|d856252fef5fec3a0ad16d077ca621eef45c99272c547825022040dc91d7bdcc|d856252fef5fec3a0ad16d077ca621eef45c99272c547825022040dc91d7bdcc|b2c76c41be32f904179efed29c0ca04d53f3996c
usr.bin/pathchk/pathchk.1|man1/pathchk.1|b24268dc4018cb8ffcf117582ebc874bc4be30cfc92918e9c17bbb23d0662b3b|b24268dc4018cb8ffcf117582ebc874bc4be30cfc92918e9c17bbb23d0662b3b|fa9896e082a1046ff4fbc75fcba4d18d1f2efc19
usr.bin/perror/perror.1|man1/perror.1|77a4c08f8d8628f70360bc456f6580d24611f22685874cfb7abd22435519a99c|77a4c08f8d8628f70360bc456f6580d24611f22685874cfb7abd22435519a99c|fa9896e082a1046ff4fbc75fcba4d18d1f2efc19
usr.bin/posixmqcontrol/posixmqcontrol.1|man1/posixmqcontrol.1|d29066a9d89c84c28d0f5781008d2b40559da0a8220a026fd1565bb3f7373203|d29066a9d89c84c28d0f5781008d2b40559da0a8220a026fd1565bb3f7373203|6e1fc0118033f42b7c0d3623c8f67a89ebecabb2
usr.bin/posixshmcontrol/posixshmcontrol.1|man1/posixshmcontrol.1|ab4d920536c6850f2362717ae04fbac565cb2a9566608b85d58a86d1358e8409|ab4d920536c6850f2362717ae04fbac565cb2a9566608b85d58a86d1358e8409|dab59af3bcc7cb7ba01569d3044894b3e860ad56
usr.bin/pr/pr.1|man1/pr.1|95067762fffc04b6e7d0a37ade4fd5128a26308c013d40766a5575ae4d75a6bb|95067762fffc04b6e7d0a37ade4fd5128a26308c013d40766a5575ae4d75a6bb|bdcbfde31e8e9b343f113a1956384bdf30d1ed62
usr.bin/printenv/printenv.1|man1/printenv.1|5cf23a5dd2c0efcb4aab94e0602eba945f5aa8a020046cd3baa72764bc5bd60f|5cf23a5dd2c0efcb4aab94e0602eba945f5aa8a020046cd3baa72764bc5bd60f|bdcbfde31e8e9b343f113a1956384bdf30d1ed62
usr.bin/printf/printf.1|man1/printf.1|b6da339f3f834543477288518ee7d7167061906e0542f88242d5874e1bd20f47|b6da339f3f834543477288518ee7d7167061906e0542f88242d5874e1bd20f47|bdcbfde31e8e9b343f113a1956384bdf30d1ed62
usr.bin/proccontrol/proccontrol.1|man1/proccontrol.1|37ee3f6966d7cede1a2a368350596713cb08ccf1da293043bbbc78234b1660b4|37ee3f6966d7cede1a2a368350596713cb08ccf1da293043bbbc78234b1660b4|dabf006a638fdc44cdcf69731de8ac83959db731
usr.bin/procstat/procstat.1|man1/procstat.1|37adc9b6a781b59aa41ac5bc13f13904f05c99e563ec75d1174fb25fe4650df3|37adc9b6a781b59aa41ac5bc13f13904f05c99e563ec75d1174fb25fe4650df3|cc61a0793a0e7db8601e5eba1242befb810a5844
usr.bin/protect/protect.1|man1/protect.1|7a8133e7af7c1937b4b601c1d71478553d4dafe4460e04a842bed47518ebff76|7a8133e7af7c1937b4b601c1d71478553d4dafe4460e04a842bed47518ebff76|fa9896e082a1046ff4fbc75fcba4d18d1f2efc19
usr.bin/quota/quota.1|man1/quota.1|3d99b5e3a85b9fa1b45e382e77a989d4fb2d392ff3577c5bbb107aec86a068ca|3d99b5e3a85b9fa1b45e382e77a989d4fb2d392ff3577c5bbb107aec86a068ca|bdcbfde31e8e9b343f113a1956384bdf30d1ed62
usr.bin/rctl/rctl.8|man8/rctl.8|562c8c91b74ce096ae0808d858b6b449d24f1243d37e2f4ee43b7a7d0520a394|562c8c91b74ce096ae0808d858b6b449d24f1243d37e2f4ee43b7a7d0520a394|fa9896e082a1046ff4fbc75fcba4d18d1f2efc19
usr.bin/renice/renice.8|man8/renice.8|2af8d157c3291906c00239d24e5a74d01ad029c8cb58976b676091e1e3338c8c|2af8d157c3291906c00239d24e5a74d01ad029c8cb58976b676091e1e3338c8c|bdcbfde31e8e9b343f113a1956384bdf30d1ed62
usr.bin/resizewin/resizewin.1|man1/resizewin.1|b139433654741688b7c3f8d551a6f50cf3a6a1b81b826796d4ff7246cb91937d|b139433654741688b7c3f8d551a6f50cf3a6a1b81b826796d4ff7246cb91937d|4a5d51e73e48b27d90b21ed26999b23208f603d8
usr.bin/rev/rev.1|man1/rev.1|a6fce881bd2f380486979c9b34800c399e3c9f4d1d84461d9b62751e1e72a3b3|a6fce881bd2f380486979c9b34800c399e3c9f4d1d84461d9b62751e1e72a3b3|bdcbfde31e8e9b343f113a1956384bdf30d1ed62
usr.bin/revoke/revoke.1|man1/revoke.1|a58ec30b886540acdabbd5b3a687d84ac7cabc236f0629bca374b7699dc17455|a58ec30b886540acdabbd5b3a687d84ac7cabc236f0629bca374b7699dc17455|fa9896e082a1046ff4fbc75fcba4d18d1f2efc19
usr.bin/rpcgen/rpcgen.1|man1/rpcgen.1|e8e3bdf749131b30e1e26ddd5aec5598e802b0c6e6ec138a23965cedf4f1ce50|e8e3bdf749131b30e1e26ddd5aec5598e802b0c6e6ec138a23965cedf4f1ce50|bdcbfde31e8e9b343f113a1956384bdf30d1ed62
usr.bin/rpcinfo/rpcinfo.8|man8/rpcinfo.8|af3162bed07ef386ac56e4ead6c45056e7fb31a1115e4c41076a116a1242abe0|af3162bed07ef386ac56e4ead6c45056e7fb31a1115e4c41076a116a1242abe0|bdcbfde31e8e9b343f113a1956384bdf30d1ed62
usr.bin/rs/rs.1|man1/rs.1|3568e66e09d9cc73c6f444bf775cfd624c195ccbbc863c8f345ac324ae76cdfe|3568e66e09d9cc73c6f444bf775cfd624c195ccbbc863c8f345ac324ae76cdfe|bdcbfde31e8e9b343f113a1956384bdf30d1ed62
usr.bin/runat/runat.1|man1/runat.1|a36ecaad8f621eb4c8eba9dbd757536a762990fa4583cf7a1c9895f13cd524f3|a36ecaad8f621eb4c8eba9dbd757536a762990fa4583cf7a1c9895f13cd524f3|0660de8172cd5a03affb9e87a1007cac5ba30425
usr.bin/rup/rup.1|man1/rup.1|14044f9a44bc1aa2837789718b04fba6a734bd9b6078b793d0088a2852f0ac0b|14044f9a44bc1aa2837789718b04fba6a734bd9b6078b793d0088a2852f0ac0b|fa9896e082a1046ff4fbc75fcba4d18d1f2efc19
usr.bin/ruptime/ruptime.1|man1/ruptime.1|f99509df3ba1a84d6646e13815c48395b82580e75305f2e0539ffc162a55ef0b|f99509df3ba1a84d6646e13815c48395b82580e75305f2e0539ffc162a55ef0b|bdcbfde31e8e9b343f113a1956384bdf30d1ed62
usr.bin/rusers/rusers.1|man1/rusers.1|3005d3e74dadcf60da02a763aa05a0abb668e90140ffdbf2342d23433d08f773|3005d3e74dadcf60da02a763aa05a0abb668e90140ffdbf2342d23433d08f773|bdcbfde31e8e9b343f113a1956384bdf30d1ed62
usr.bin/rwall/rwall.1|man1/rwall.1|db53acac5e241234c74c0c210d426d2b5b0e2f8132700509fc527e101acfaf77|db53acac5e241234c74c0c210d426d2b5b0e2f8132700509fc527e101acfaf77|bdcbfde31e8e9b343f113a1956384bdf30d1ed62
usr.bin/rwho/rwho.1|man1/rwho.1|b95a29ec642b030a53b35d5bfaba65ce552d98e1380790bda346b8e2c4582d57|b95a29ec642b030a53b35d5bfaba65ce552d98e1380790bda346b8e2c4582d57|bdcbfde31e8e9b343f113a1956384bdf30d1ed62
usr.bin/script/script.1|man1/script.1|187a9824a9f90af4b7d31665712a85730f7c4d9e11cdf314e0979097bd4e7c8c|187a9824a9f90af4b7d31665712a85730f7c4d9e11cdf314e0979097bd4e7c8c|8ceac8e13dccbe4e177c8f2f443b87b7d2e3edb3
usr.bin/sdiff/sdiff.1|man1/sdiff.1|fa2856ac127ca3ee1337516ade0393975073bc83c12f572ca076abaa3a69ace6|fa2856ac127ca3ee1337516ade0393975073bc83c12f572ca076abaa3a69ace6|a834edfccd14a8c0f152a3b0078469af8e05f3fd
usr.bin/sed/sed.1|man1/sed.1|25a26285b3377cd804c1c96ae96b0f4d083041f9717d75507a7f91965f24c3a4|25a26285b3377cd804c1c96ae96b0f4d083041f9717d75507a7f91965f24c3a4|3cb2a7e01e13c866d7c4bb55da8f229233c0cd7c
usr.bin/seq/seq.1|man1/seq.1|178f5c1e9afb0bcdd2f98ffce15cfb6ea7ec2805e0261890c58e42fa1be7f978|178f5c1e9afb0bcdd2f98ffce15cfb6ea7ec2805e0261890c58e42fa1be7f978|2f893597fcc34456d5adfc3f1633b39c76d0764f
usr.bin/showmount/showmount.8|man8/showmount.8|16687ce36766fed22493276cc18627b5b4beb4251650973ddd82816757894af3|16687ce36766fed22493276cc18627b5b4beb4251650973ddd82816757894af3|bdcbfde31e8e9b343f113a1956384bdf30d1ed62
usr.bin/sockstat/sockstat.1|man1/sockstat.1|125d14043a03d3b2bd15c2f9dacdd72ca8c51b8dc276dd1d1f94e7c7c8a03b24|125d14043a03d3b2bd15c2f9dacdd72ca8c51b8dc276dd1d1f94e7c7c8a03b24|25d7786e32907f27929ae7a3af6a19f341cfe8be
usr.bin/soelim/soelim.1|man1/soelim.1|7d21fc1daea03b0d80454acf00c5f2ccf541e22b1bbacc059bc8d8d6530d9e19|7d21fc1daea03b0d80454acf00c5f2ccf541e22b1bbacc059bc8d8d6530d9e19|fa9896e082a1046ff4fbc75fcba4d18d1f2efc19
usr.bin/split/split.1|man1/split.1|19097154ce40750e7c6ac871e9600dffada72f9e532893a288e2051fa595150b|19097154ce40750e7c6ac871e9600dffada72f9e532893a288e2051fa595150b|bdcbfde31e8e9b343f113a1956384bdf30d1ed62
usr.bin/ssh-copy-id/ssh-copy-id.1|man1/ssh-copy-id.1|de80042818b96948cf2902a2708c9c7f80352285fb1089d8d773b60968a63928|de80042818b96948cf2902a2708c9c7f80352285fb1089d8d773b60968a63928|fa9896e082a1046ff4fbc75fcba4d18d1f2efc19
usr.bin/stat/stat.1|man1/stat.1|8fddf005364f5418a7198ca1bb07884efa83e4d8c34be370620b1dcd38ba071d|8fddf005364f5418a7198ca1bb07884efa83e4d8c34be370620b1dcd38ba071d|697d7905aba98c7e76ccbb9fffea173379f11296
usr.bin/stdbuf/stdbuf.1|man1/stdbuf.1|fb8b8f35240c48a5269aa42d12653e529781577c6b9d45cda9b1d834e589f125|fb8b8f35240c48a5269aa42d12653e529781577c6b9d45cda9b1d834e589f125|fa9896e082a1046ff4fbc75fcba4d18d1f2efc19
usr.bin/su/su.1|man1/su.1|90127dfb6b8001d5bb306f105ea0ce38ceeb03b7f99cc2438f56932a90d124c5|90127dfb6b8001d5bb306f105ea0ce38ceeb03b7f99cc2438f56932a90d124c5|f850a9288bde429befdfc4563288b8d71b58b308
usr.bin/systat/systat.1|man1/systat.1|4a406704de0da95bef670e44c96179b3f7d427f1f976d4d8b77f4ab1368f9573|4a406704de0da95bef670e44c96179b3f7d427f1f976d4d8b77f4ab1368f9573|bdcbfde31e8e9b343f113a1956384bdf30d1ed62
usr.bin/tabs/tabs.1|man1/tabs.1|76fde693007ef41f5a7c8290888f24b42a582965620d863da580d58250a0b2b9|76fde693007ef41f5a7c8290888f24b42a582965620d863da580d58250a0b2b9|fa9896e082a1046ff4fbc75fcba4d18d1f2efc19
usr.bin/tail/tail.1|man1/tail.1|f7f2588e046aefd852ebdc5e8db80b1f336f11ce6dc99b4178cbf5b0e59d2b8a|f7f2588e046aefd852ebdc5e8db80b1f336f11ce6dc99b4178cbf5b0e59d2b8a|9f20787fe89e2a912a9e5dd2d3da56087722e8c2
usr.bin/talk/talk.1|man1/talk.1|f4eb80975cf0705a3c3be2af63751b41ea1a8f3ebf9eeb299324fb2f078c6fe6|f4eb80975cf0705a3c3be2af63751b41ea1a8f3ebf9eeb299324fb2f078c6fe6|bdcbfde31e8e9b343f113a1956384bdf30d1ed62
usr.bin/tcopy/tcopy.1|man1/tcopy.1|526354577f710a913c2d538ed3cba54a73c5010052b33174ec8f511ac7bd267e|526354577f710a913c2d538ed3cba54a73c5010052b33174ec8f511ac7bd267e|4f766afc1ca0595fcabafe4dbc61974bb81bfbfe
usr.bin/tee/tee.1|man1/tee.1|4e03baafe4bda39b4efd55f7eba8d846d7da81ef50b03b9ae433fdfea0f29ec5|4e03baafe4bda39b4efd55f7eba8d846d7da81ef50b03b9ae433fdfea0f29ec5|1b3748977f28c70e0b161fb476bf4e075bcc5940
usr.bin/tftp/tftp.1|man1/tftp.1|67c8043dd9b4520c0b860034894b225afb3854b36eca0c54391f1054f3ccaf1e|67c8043dd9b4520c0b860034894b225afb3854b36eca0c54391f1054f3ccaf1e|bdcbfde31e8e9b343f113a1956384bdf30d1ed62
usr.bin/time/time.1|man1/time.1|13b7255f4eb221ee8a7b32cff6c1d0c7a1ffff871186003c332437250c875b5d|13b7255f4eb221ee8a7b32cff6c1d0c7a1ffff871186003c332437250c875b5d|cb18ba9df52df247198c0f41979090686a0f8403
usr.bin/tip/tip/cu.1|man1/cu.1|a31f61c21ba6e8ebea3c2f35623227fa68f2f4f9be2b4d5f55b7dd9763fd1751|a31f61c21ba6e8ebea3c2f35623227fa68f2f4f9be2b4d5f55b7dd9763fd1751|4d12c7b9df660b15580ff3b07ef5570d1cab958a
usr.bin/tip/tip/tip.1|man1/tip.1|0678bb70fedf58d0136208f931c910f540129a06d7f9762e9e549409f29bd0f2|0678bb70fedf58d0136208f931c910f540129a06d7f9762e9e549409f29bd0f2|bdcbfde31e8e9b343f113a1956384bdf30d1ed62
usr.bin/top/top.1|man1/top.1|fdf7dee5468465c7dc1d856c25c98705f2ca8f6bfad02489b4f603210d7673e3|fdf7dee5468465c7dc1d856c25c98705f2ca8f6bfad02489b4f603210d7673e3|6a41fd466701db71da443e1b87b31d463d99d056
usr.bin/touch/touch.1|man1/touch.1|3a0306d52105b7ad4bc1d1b6f064b4cb538ade10f3ea0f5e190077ee35f2a077|3a0306d52105b7ad4bc1d1b6f064b4cb538ade10f3ea0f5e190077ee35f2a077|bdcbfde31e8e9b343f113a1956384bdf30d1ed62
usr.bin/tr/tr.1|man1/tr.1|0da6a2fab98c0e903eddf1bcc69ff2e3d71ac5ac2064cf14bef55063f82a3810|0da6a2fab98c0e903eddf1bcc69ff2e3d71ac5ac2064cf14bef55063f82a3810|bdcbfde31e8e9b343f113a1956384bdf30d1ed62
usr.bin/true/true.1|man1/true.1|5ed9dc6d88f041d0c0d5a3063c435ebbdefa0b2d2442e87c34f1e22ce6d6abfd|5ed9dc6d88f041d0c0d5a3063c435ebbdefa0b2d2442e87c34f1e22ce6d6abfd|bdcbfde31e8e9b343f113a1956384bdf30d1ed62
usr.bin/truncate/truncate.1|man1/truncate.1|5aa264cc1e3a1a49a1040849d51830b4eb0a3ff9a40df3ba2f3d01987391efeb|5aa264cc1e3a1a49a1040849d51830b4eb0a3ff9a40df3ba2f3d01987391efeb|91ad27bcfc496393ba88f39ca13cdf1c59a7f487
usr.bin/truss/truss.1|man1/truss.1|2e0f2cc5b7895f99f7683936dc5bc7afe68c74442048c8453375214d461211e0|2e0f2cc5b7895f99f7683936dc5bc7afe68c74442048c8453375214d461211e0|fa9ac741d03342c33a0e8f85114949625ba4901f
usr.bin/tsort/tsort.1|man1/tsort.1|8da100f146d6a4955b0a7677bcc3943d71c7bd6039256f5e382600e229431f04|8da100f146d6a4955b0a7677bcc3943d71c7bd6039256f5e382600e229431f04|bdcbfde31e8e9b343f113a1956384bdf30d1ed62
usr.bin/tty/tty.1|man1/tty.1|f96dde71e90ae19b58ab2c111957e25878fcc5aaa22b99f3337779145c53de32|f96dde71e90ae19b58ab2c111957e25878fcc5aaa22b99f3337779145c53de32|bdcbfde31e8e9b343f113a1956384bdf30d1ed62
usr.bin/ul/ul.1|man1/ul.1|a1e0dadee6134ca33a96aa2a4cf2404cee9c3870dd4648910154f486f8fcb64d|a1e0dadee6134ca33a96aa2a4cf2404cee9c3870dd4648910154f486f8fcb64d|bdcbfde31e8e9b343f113a1956384bdf30d1ed62
usr.bin/uname/uname.1|man1/uname.1|d5023a497349beaff7fa91ec231acea21a0603aa2a6b92de3c5a465620883334|d5023a497349beaff7fa91ec231acea21a0603aa2a6b92de3c5a465620883334|bdcbfde31e8e9b343f113a1956384bdf30d1ed62
usr.bin/uniq/uniq.1|man1/uniq.1|3c9a2d613b0f7f64f1f003b3c7800a18619b39fa01124b773417907d23a2c125|3c9a2d613b0f7f64f1f003b3c7800a18619b39fa01124b773417907d23a2c125|b93791f5e7b0246b121dd98c10d6563298d6b2b0
usr.bin/units/units.1|man1/units.1|bade8a6e7e47fbfde5cf8179a3e495a655c642c3ac6b00a8f3aa7942f7a1d3a5|bade8a6e7e47fbfde5cf8179a3e495a655c642c3ac6b00a8f3aa7942f7a1d3a5|b2c76c41be32f904179efed29c0ca04d53f3996c
usr.bin/usbhidaction/usbhidaction.1|man1/usbhidaction.1|31f671384863ecad9681e157fb4ae5d27423c267c37ddec67569ad8c147b05fb|31f671384863ecad9681e157fb4ae5d27423c267c37ddec67569ad8c147b05fb|b2c76c41be32f904179efed29c0ca04d53f3996c
usr.bin/usbhidctl/usbhidctl.1|man1/usbhidctl.1|065c24dba83e69d46ae1c8ebfc5302caab636b5b523afc2cb0e56de0154c1981|065c24dba83e69d46ae1c8ebfc5302caab636b5b523afc2cb0e56de0154c1981|b2c76c41be32f904179efed29c0ca04d53f3996c
usr.bin/users/users.1|man1/users.1|7082ea0c7d418586ef5d014c93bacfc09977adf95afefe7e053a76c946242960|7082ea0c7d418586ef5d014c93bacfc09977adf95afefe7e053a76c946242960|bdcbfde31e8e9b343f113a1956384bdf30d1ed62
usr.bin/vgrind/vgrind.1|man1/vgrind.1|8dd7fbc3f8997d17a96229203ae245fabad66b02bee0948ad1cef9d7e18237bf|8dd7fbc3f8997d17a96229203ae245fabad66b02bee0948ad1cef9d7e18237bf|bdcbfde31e8e9b343f113a1956384bdf30d1ed62
usr.bin/vmstat/vmstat.8|man8/vmstat.8|4ad3947f48bf822c836e26092341ea10ebe1f277415ccdd644844875aeee0a1e|4ad3947f48bf822c836e26092341ea10ebe1f277415ccdd644844875aeee0a1e|cc61a0793a0e7db8601e5eba1242befb810a5844
usr.bin/vtfontcvt/vtfontcvt.8|man8/vtfontcvt.8|403f059937c480c07c8986e0d9f3d31f49c16fe4d2c4b9a41618e1ae4fd7ea1e|403f059937c480c07c8986e0d9f3d31f49c16fe4d2c4b9a41618e1ae4fd7ea1e|fa9896e082a1046ff4fbc75fcba4d18d1f2efc19
usr.bin/w/uptime.1|man1/uptime.1|9d1d287f1665fec4b768045d5f33a3e4da4a1b152eb2848f89f34c9355766dcb|9d1d287f1665fec4b768045d5f33a3e4da4a1b152eb2848f89f34c9355766dcb|f6ff04831acf4b3ae693afb96a090e4a0c3803ab
usr.bin/w/w.1|man1/w.1|e2a431ebf5c67239ea60ddecbdbc69f70b4e10450f14e4a94d6a84a8d653ee6e|e2a431ebf5c67239ea60ddecbdbc69f70b4e10450f14e4a94d6a84a8d653ee6e|f6ff04831acf4b3ae693afb96a090e4a0c3803ab
usr.bin/wall/wall.1|man1/wall.1|4530bc5db8405404a0a0ad99aa24d71e73c60a62826f827b900c1123e663930e|4530bc5db8405404a0a0ad99aa24d71e73c60a62826f827b900c1123e663930e|bdcbfde31e8e9b343f113a1956384bdf30d1ed62
usr.bin/wc/wc.1|man1/wc.1|3b3bad62e0874d73d008b83293f367c0b05566353bf5f605f678f01aeb537d20|3b3bad62e0874d73d008b83293f367c0b05566353bf5f605f678f01aeb537d20|cc61a0793a0e7db8601e5eba1242befb810a5844
usr.bin/what/what.1|man1/what.1|6320e11776cd629281883021d5e4eb9631ef8fca2fb0f2d8e2b5b3356826fdd9|6320e11776cd629281883021d5e4eb9631ef8fca2fb0f2d8e2b5b3356826fdd9|bdcbfde31e8e9b343f113a1956384bdf30d1ed62
usr.bin/whereis/whereis.1|man1/whereis.1|76026a3b9c49a0f87ee519497642aec952c8122019ee7ac14c40817003131add|76026a3b9c49a0f87ee519497642aec952c8122019ee7ac14c40817003131add|bdcbfde31e8e9b343f113a1956384bdf30d1ed62
usr.bin/which/which.1|man1/which.1|6137a50fb0fdca8ac8fd07805b15f4c5888c3a890e6e22f3587680f254e2dc61|6137a50fb0fdca8ac8fd07805b15f4c5888c3a890e6e22f3587680f254e2dc61|fa9896e082a1046ff4fbc75fcba4d18d1f2efc19
usr.bin/who/who.1|man1/who.1|47b7ca4539b17d91ac697922eb6276c1e6be23c040b1913248b7f42bdad26d50|47b7ca4539b17d91ac697922eb6276c1e6be23c040b1913248b7f42bdad26d50|bdcbfde31e8e9b343f113a1956384bdf30d1ed62
usr.bin/whois/whois.1|man1/whois.1|96cdce495a62e6d5da90be5726433e16e6874df89dc672ac55a0bad8e42f550c|96cdce495a62e6d5da90be5726433e16e6874df89dc672ac55a0bad8e42f550c|bdcbfde31e8e9b343f113a1956384bdf30d1ed62
usr.bin/write/write.1|man1/write.1|d1e2c1af04df74658ced36fe258d5161d4f740a928b941dfc43dcde5febaca12|d1e2c1af04df74658ced36fe258d5161d4f740a928b941dfc43dcde5febaca12|bdcbfde31e8e9b343f113a1956384bdf30d1ed62
usr.bin/xargs/xargs.1|man1/xargs.1|076ca0303c5d06d26ed0502e451952f3f0ee23c1b520cca6e93e5954ca7e70aa|076ca0303c5d06d26ed0502e451952f3f0ee23c1b520cca6e93e5954ca7e70aa|bdcbfde31e8e9b343f113a1956384bdf30d1ed62
usr.bin/xinstall/install.1|man1/install.1|330143b6be921c1569426b98baa646b1e9b5ed86b81911207bc9c26453280fd2|330143b6be921c1569426b98baa646b1e9b5ed86b81911207bc9c26453280fd2|a0439a1b820fa0e742c00d095f5f5c06f5f19432
usr.bin/xstr/xstr.1|man1/xstr.1|a38a3d316c15fd7f89594ea1caea5609ea601f9524225f6ac5eff545b4b1898a|a38a3d316c15fd7f89594ea1caea5609ea601f9524225f6ac5eff545b4b1898a|bdcbfde31e8e9b343f113a1956384bdf30d1ed62
usr.bin/yes/yes.1|man1/yes.1|5a3a5b5e0321a6644c2f261102682485face6e67144e450178d85e50bc3fb4d1|5a3a5b5e0321a6644c2f261102682485face6e67144e450178d85e50bc3fb4d1|bdcbfde31e8e9b343f113a1956384bdf30d1ed62
usr.bin/ypcat/ypcat.1|man1/ypcat.1|03e74b26e40fddf25cae4c1c0d509d064bc8ed5bd10debc5850c278e3bded651|03e74b26e40fddf25cae4c1c0d509d064bc8ed5bd10debc5850c278e3bded651|fa9896e082a1046ff4fbc75fcba4d18d1f2efc19
usr.bin/ypmatch/ypmatch.1|man1/ypmatch.1|4d9f95fba317c7e503c0c55254752172f77fcd8a56da84fa7afbcaea865312c4|4d9f95fba317c7e503c0c55254752172f77fcd8a56da84fa7afbcaea865312c4|fa9896e082a1046ff4fbc75fcba4d18d1f2efc19
usr.bin/ypwhich/ypwhich.1|man1/ypwhich.1|85a4b74abea18c45cb883ce2c5bc98281430a2fb348ffeca81434594dd71dbba|85a4b74abea18c45cb883ce2c5bc98281430a2fb348ffeca81434594dd71dbba|fa9896e082a1046ff4fbc75fcba4d18d1f2efc19
usr.sbin/ac/ac.8|man8/ac.8|9a754f150f64808283569992eff72bf16c67b3796b10da59ff6b81fc25abfce7|9a754f150f64808283569992eff72bf16c67b3796b10da59ff6b81fc25abfce7|fa9896e082a1046ff4fbc75fcba4d18d1f2efc19
usr.sbin/accton/accton.8|man8/accton.8|a4f2305972208aa591775b9dc7e5394a45dfea9f9f6e7d999f458c3d2c27b162|a4f2305972208aa591775b9dc7e5394a45dfea9f9f6e7d999f458c3d2c27b162|b2c76c41be32f904179efed29c0ca04d53f3996c
usr.sbin/acpi/acpiconf/acpiconf.8|man8/acpiconf.8|16805e9c24714666860c3baf908fd4ac6a6e48df56895a71c5c7a7cd66233f6c|16805e9c24714666860c3baf908fd4ac6a6e48df56895a71c5c7a7cd66233f6c|e738085b94631f90e21a49852538ac95974baf44
usr.sbin/acpi/acpidb/acpidb.8|man8/acpidb.8|76f68a1b4ce0f3d9207c885702b2aab7c5dd7a1cd28e1a97862c55a5bb27db54|76f68a1b4ce0f3d9207c885702b2aab7c5dd7a1cd28e1a97862c55a5bb27db54|fa9896e082a1046ff4fbc75fcba4d18d1f2efc19
usr.sbin/acpi/acpidump/acpidump.8|man8/acpidump.8|da317dfff6efa5d089368a648a5199bc15b94e104ebee682d44c44d2c1cb7d6d|da317dfff6efa5d089368a648a5199bc15b94e104ebee682d44c44d2c1cb7d6d|3ff9ea7dc2c52fcb67b7f6234cd351c3e2fbfafd
usr.sbin/acpi/iasl/iasl.8|man8/iasl.8|f7aba9d5ca18a5720e22aea73114004bbd1cf58267abe9f29eb824cd614e4111|f7aba9d5ca18a5720e22aea73114004bbd1cf58267abe9f29eb824cd614e4111|fa9896e082a1046ff4fbc75fcba4d18d1f2efc19
usr.sbin/adduser/adduser.8|man8/adduser.8|9e63a6a82b4bd18c99bca48bf2b20b9bf01fcccec475c5e317467d96d3acb55f|9e63a6a82b4bd18c99bca48bf2b20b9bf01fcccec475c5e317467d96d3acb55f|6a7238fd7c60f35191eadaa026d3d395c6140c47
usr.sbin/adduser/rmuser.8|man8/rmuser.8|7576f043b18db638061a9990bf197455caee13b14fd7c1cf299a5c8515dd65f1|7576f043b18db638061a9990bf197455caee13b14fd7c1cf299a5c8515dd65f1|fa9896e082a1046ff4fbc75fcba4d18d1f2efc19
usr.sbin/apm/apm.8|man8/apm.8|dc66b8684b6aa2b4130e192a50a33b639278a19618feda74db3b855db510eec5|dc66b8684b6aa2b4130e192a50a33b639278a19618feda74db3b855db510eec5|fa9896e082a1046ff4fbc75fcba4d18d1f2efc19
usr.sbin/apmd/apmd.8|man8/apmd.8|c7520b651194677beb6c931df4ddd02f26a67013e34b5114b26248318d402fb7|c7520b651194677beb6c931df4ddd02f26a67013e34b5114b26248318d402fb7|8a7b61203704d362cfbc66c00619f51b24106b55
usr.sbin/arp/arp.8|man8/arp.8|76888b30cc59984389f4140b7fdfa3fed577fcaecea834c26124b80d05f97756|76888b30cc59984389f4140b7fdfa3fed577fcaecea834c26124b80d05f97756|cc61a0793a0e7db8601e5eba1242befb810a5844
usr.sbin/autofs/automount.8|man8/automount.8|52c8ec2806368bf2f7b446bb8faa3dc0976f5dadd4308b4c677338dba1185cbc|52c8ec2806368bf2f7b446bb8faa3dc0976f5dadd4308b4c677338dba1185cbc|7839534a5a7b0d97131512888d6baa8ba5c20e56
usr.sbin/autofs/automountd.8|man8/automountd.8|cd16831656c7447d38999756b7fe831b3b0103cc7c140ea31d8c9dcd91fea815|cd16831656c7447d38999756b7fe831b3b0103cc7c140ea31d8c9dcd91fea815|7839534a5a7b0d97131512888d6baa8ba5c20e56
usr.sbin/autofs/autounmountd.8|man8/autounmountd.8|6f02d934b9d2861307069119f8eaa3138f1458c54775a630ab7c8d2516f7b0a3|6f02d934b9d2861307069119f8eaa3138f1458c54775a630ab7c8d2516f7b0a3|7839534a5a7b0d97131512888d6baa8ba5c20e56
usr.sbin/bhyve/bhyve.8|man8/bhyve.8|4d58f6a5876ca98bc979ea7f451edc75e900591bae991815b8bfb26830b71cd0|4d58f6a5876ca98bc979ea7f451edc75e900591bae991815b8bfb26830b71cd0|02eabc44edf3f02491bddff7809aec7bf93ed5e8
usr.sbin/bhyvectl/bhyvectl.8|man8/bhyvectl.8|ed4710326ebc3ddc62486e300dc8afe08bb37429dcb81eb01e38e18bc5d38800|ed4710326ebc3ddc62486e300dc8afe08bb37429dcb81eb01e38e18bc5d38800|22348fb999385edaef38ce5e4308f44135f0326c
usr.sbin/bhyveload/bhyveload.8|man8/bhyveload.8|39848a49f48b217e165bd4f510f3c6d71c84c10cf6e4430570e5ff89e41bcd74|39848a49f48b217e165bd4f510f3c6d71c84c10cf6e4430570e5ff89e41bcd74|5df041c4bbf70d549b055f332630925295ad5aaf
usr.sbin/binmiscctl/binmiscctl.8|man8/binmiscctl.8|dc7870f8319cae4a5413463bac624489eec801f875f4edd06fc929dcae022a90|dc7870f8319cae4a5413463bac624489eec801f875f4edd06fc929dcae022a90|c013ca2cf772194de340aeb452a6ccfe7e1cecd8
usr.sbin/bluetooth/ath3kfw/ath3kfw.8|man8/ath3kfw.8|d8d1c963de50ad5a1ad9c728c463fb9b0d68b997e0f7186a460255a4e4a939da|d8d1c963de50ad5a1ad9c728c463fb9b0d68b997e0f7186a460255a4e4a939da|0790d99e0b951cfee5be0e1db4bc6fae972aeacb
usr.sbin/bluetooth/bcmfw/bcmfw.8|man8/bcmfw.8|bdaa8e450b1aab49609962403e1c9f7384a37a1dd68e811dea37f9f02cd415c1|bdaa8e450b1aab49609962403e1c9f7384a37a1dd68e811dea37f9f02cd415c1|0790d99e0b951cfee5be0e1db4bc6fae972aeacb
usr.sbin/bluetooth/bluetooth-config/bluetooth-config.8|man8/bluetooth-config.8|a64a19e09799cf959c7a6f4ae49a5d2b4d9a649ce7b1ba7e4d52f4058500d253|a64a19e09799cf959c7a6f4ae49a5d2b4d9a649ce7b1ba7e4d52f4058500d253|fa9896e082a1046ff4fbc75fcba4d18d1f2efc19
usr.sbin/bluetooth/bthidcontrol/bthidcontrol.8|man8/bthidcontrol.8|064664215b2d54034a7df0700aad78a36fa5e2bb197742cb803183237f5e090c|064664215b2d54034a7df0700aad78a36fa5e2bb197742cb803183237f5e090c|b2c76c41be32f904179efed29c0ca04d53f3996c
usr.sbin/bluetooth/bthidd/bthidd.8|man8/bthidd.8|ad9e70289953455a7feda81e189a0857fe7d7a82709fbf790d05e4030be0feb0|ad9e70289953455a7feda81e189a0857fe7d7a82709fbf790d05e4030be0feb0|b2c76c41be32f904179efed29c0ca04d53f3996c
usr.sbin/bluetooth/btpand/btpand.8|man8/btpand.8|0b968cc4e8196be91cdb52f335a513a8880dfc0ae7876a637476361ca95979d8|0b968cc4e8196be91cdb52f335a513a8880dfc0ae7876a637476361ca95979d8|b2c76c41be32f904179efed29c0ca04d53f3996c
usr.sbin/bluetooth/hccontrol/hccontrol.8|man8/hccontrol.8|0d6ac43121f8df2a0887100b804ec7bee1cb59285cd2e82d22c008273ac4edbf|0d6ac43121f8df2a0887100b804ec7bee1cb59285cd2e82d22c008273ac4edbf|b2c76c41be32f904179efed29c0ca04d53f3996c
usr.sbin/bluetooth/hcsecd/hcsecd.8|man8/hcsecd.8|5e56bb78ab694f12b3e75bb31c24fbe92fea4dae58801e25410615b2d3100677|5e56bb78ab694f12b3e75bb31c24fbe92fea4dae58801e25410615b2d3100677|b2c76c41be32f904179efed29c0ca04d53f3996c
usr.sbin/bluetooth/iwmbtfw/iwmbtfw.8|man8/iwmbtfw.8|b5769ca8f211d88701e299ade701984bcf89c6b5f989911e9134e20868e9e6fa|b5769ca8f211d88701e299ade701984bcf89c6b5f989911e9134e20868e9e6fa|0790d99e0b951cfee5be0e1db4bc6fae972aeacb
usr.sbin/bluetooth/l2control/l2control.8|man8/l2control.8|0a2e8a0a83caace401d293de051f50c27a0c12f0d92fbef8187a74afcf591163|0a2e8a0a83caace401d293de051f50c27a0c12f0d92fbef8187a74afcf591163|b2c76c41be32f904179efed29c0ca04d53f3996c
usr.sbin/bluetooth/l2ping/l2ping.8|man8/l2ping.8|f52c9f21d4856c1da7af55b7386233cc7ffc94f44da9126c51530f900c3bf171|f52c9f21d4856c1da7af55b7386233cc7ffc94f44da9126c51530f900c3bf171|b2c76c41be32f904179efed29c0ca04d53f3996c
usr.sbin/bluetooth/rfcomm_pppd/rfcomm_pppd.8|man8/rfcomm_pppd.8|56c6696e526dc2cee6c9ae52daed288e62231d9d332d778c5c049d3f15b2acea|56c6696e526dc2cee6c9ae52daed288e62231d9d332d778c5c049d3f15b2acea|b2c76c41be32f904179efed29c0ca04d53f3996c
usr.sbin/bluetooth/rtlbtfw/rtlbtfw.8|man8/rtlbtfw.8|f69ed3130fa391d87fec7057f479487106e1c1ee29fd5efc3d0f6be284a24fea|f69ed3130fa391d87fec7057f479487106e1c1ee29fd5efc3d0f6be284a24fea|e63297e1b61e4104ee51e4ed3e170cc2ed24ce38
usr.sbin/bluetooth/sdpcontrol/sdpcontrol.8|man8/sdpcontrol.8|bbd08346c3acc2bb32ee55d7dcedb060ae34506339338ea6a2ab60a3fb3ab539|bbd08346c3acc2bb32ee55d7dcedb060ae34506339338ea6a2ab60a3fb3ab539|b2c76c41be32f904179efed29c0ca04d53f3996c
usr.sbin/bluetooth/sdpd/sdpd.8|man8/sdpd.8|966c8d36a0ce037d8024d422c28b733be106be00576839593763857af14f18ac|966c8d36a0ce037d8024d422c28b733be106be00576839593763857af14f18ac|b2c76c41be32f904179efed29c0ca04d53f3996c
usr.sbin/boot0cfg/boot0cfg.8|man8/boot0cfg.8|df83ae2e95ae1d537c28da61324f392313d37dc631bc77898f8b6821b9c824b6|df83ae2e95ae1d537c28da61324f392313d37dc631bc77898f8b6821b9c824b6|fa9896e082a1046ff4fbc75fcba4d18d1f2efc19
usr.sbin/bootparamd/bootparamd/bootparamd.8|man8/bootparamd.8|6c5be00aa298d79c86fd16c0f4c124ac44917c46c541e4c27e473f3777ef246b|6c5be00aa298d79c86fd16c0f4c124ac44917c46c541e4c27e473f3777ef246b|8a7b61203704d362cfbc66c00619f51b24106b55
usr.sbin/boottrace/boottrace.8|man8/boottrace.8|0ac9345635fcba9022994a684b8ad243a3be40902a4a78b7a7e31c6a9f141170|0ac9345635fcba9022994a684b8ad243a3be40902a4a78b7a7e31c6a9f141170|4d846d260e2b9a3d4d0a701462568268cbfe7a5b
usr.sbin/bsdconfig/bsdconfig.8|man8/bsdconfig.8|f47365a5bdbdc2d359d4214d0d5b3875560ff9bd23449222ce3630c78955e8ac|f47365a5bdbdc2d359d4214d0d5b3875560ff9bd23449222ce3630c78955e8ac|fa9896e082a1046ff4fbc75fcba4d18d1f2efc19
usr.sbin/bsdinstall/bsdinstall.8|man8/bsdinstall.8|a6611be69abfa552c34dab596bdca612d4d700c6609b48f4a5c1833fc3aef2ea|a6611be69abfa552c34dab596bdca612d4d700c6609b48f4a5c1833fc3aef2ea|42b2a874b1e45b5b895a6ffc4c82f4b21efa6e01
usr.sbin/bsdinstall/partedit/sade.8|man8/sade.8|24412bafe251debf16902d2b1c06c97197a25ac3e7714b78bf8e052e9fa93023|24412bafe251debf16902d2b1c06c97197a25ac3e7714b78bf8e052e9fa93023|fa9896e082a1046ff4fbc75fcba4d18d1f2efc19
usr.sbin/bsnmpd/tools/bsnmptools/bsnmpget.1|man1/bsnmpget.1|e2f709972b3c0213be16bc2d92be4ec8440a6bec4e6ed102f9a75c5c49898601|e2f709972b3c0213be16bc2d92be4ec8440a6bec4e6ed102f9a75c5c49898601|fa9896e082a1046ff4fbc75fcba4d18d1f2efc19
usr.sbin/btxld/btxld.8|man8/btxld.8|f1001aea8c5d78fb6738d8c3f5a69fc3324bac2b734648b2f8eef9bf3c4c0b9b|f1001aea8c5d78fb6738d8c3f5a69fc3324bac2b734648b2f8eef9bf3c4c0b9b|fa9896e082a1046ff4fbc75fcba4d18d1f2efc19
usr.sbin/camdd/camdd.8|man8/camdd.8|1c6dd3d751f3ac42502fde7977dbdb1dff89707b4bf6cd41c8eae65adc03025b|1c6dd3d751f3ac42502fde7977dbdb1dff89707b4bf6cd41c8eae65adc03025b|fa9896e082a1046ff4fbc75fcba4d18d1f2efc19
usr.sbin/cdcontrol/cdcontrol.1|man1/cdcontrol.1|570e8c3e55f4bc5de94318ceca8af3ca925610f25379bba5dfd46a92356e30c2|570e8c3e55f4bc5de94318ceca8af3ca925610f25379bba5dfd46a92356e30c2|b2c76c41be32f904179efed29c0ca04d53f3996c
usr.sbin/certctl/certctl.8|man8/certctl.8|52a9c80d0c907dc1731a556eb4b2d016975042473bdab4df99483002e616580d|52a9c80d0c907dc1731a556eb4b2d016975042473bdab4df99483002e616580d|bdb41ce6077a122e21e8ca1555f214fc9dc4131f
usr.sbin/chkgrp/chkgrp.8|man8/chkgrp.8|8ccdf3230c9b382e4b9f6c57f8decaf912a8f958fd209893f961524dc9d5e51a|8ccdf3230c9b382e4b9f6c57f8decaf912a8f958fd209893f961524dc9d5e51a|e738085b94631f90e21a49852538ac95974baf44
usr.sbin/chown/chgrp.1|man1/chgrp.1|27f20bc86cd143daa860c3f2f8f6c1e5d46ed11d352315e17201ff6c62e73762|27f20bc86cd143daa860c3f2f8f6c1e5d46ed11d352315e17201ff6c62e73762|8a7b61203704d362cfbc66c00619f51b24106b55
usr.sbin/chown/chown.8|man8/chown.8|e902d9cc373c6fa150821e39857b8cdd5afca9b113800e5ec348cf48fa41fe34|e902d9cc373c6fa150821e39857b8cdd5afca9b113800e5ec348cf48fa41fe34|8a7b61203704d362cfbc66c00619f51b24106b55
usr.sbin/chroot/chroot.8|man8/chroot.8|13abd16804f8ff4ee7e636ba55a917c4a684cd7c78dbe6f299b2ebc6c00ab146|13abd16804f8ff4ee7e636ba55a917c4a684cd7c78dbe6f299b2ebc6c00ab146|04a6dc7974ee02004c9ccbb0c28d14a3271fb56a
usr.sbin/ckdist/ckdist.1|man1/ckdist.1|4943e4b07a59c0680a6be88acd4cbf0ac9abae5ea14a801b599be386fb584b42|4943e4b07a59c0680a6be88acd4cbf0ac9abae5ea14a801b599be386fb584b42|fa9896e082a1046ff4fbc75fcba4d18d1f2efc19
usr.sbin/clear_locks/clear_locks.8|man8/clear_locks.8|40766bbc19bd3a5ee0deef8c994b218c6b71ab34d3dab59e12071cce190137af|40766bbc19bd3a5ee0deef8c994b218c6b71ab34d3dab59e12071cce190137af|fa9896e082a1046ff4fbc75fcba4d18d1f2efc19
usr.sbin/config/config.8|man8/config.8|2072852db50e3dcf69f112120743fe6549668bb4b0ef285e6a7a3e17d8142ce2|2072852db50e3dcf69f112120743fe6549668bb4b0ef285e6a7a3e17d8142ce2|9e2b87207ba1949f402e169416f63ab5cdbf3dd4
usr.sbin/cpucontrol/cpucontrol.8|man8/cpucontrol.8|f69d92bb72d0d3fea1d57a5e81bdb39e7b9ab77362459c8f713e9fb7714ad62b|f69d92bb72d0d3fea1d57a5e81bdb39e7b9ab77362459c8f713e9fb7714ad62b|fa9896e082a1046ff4fbc75fcba4d18d1f2efc19
usr.sbin/crashinfo/crashinfo.8|man8/crashinfo.8|f3c91aa1c4e242277aeb6c40bf68fef8333593214d71ede1946cb33827d1552d|f3c91aa1c4e242277aeb6c40bf68fef8333593214d71ede1946cb33827d1552d|fa9896e082a1046ff4fbc75fcba4d18d1f2efc19
usr.sbin/cron/cron/cron.8|man8/cron.8|8487dfd5ccfc51e7f757550b26bcc9b810823c43c128656d62d77d71d64e643c|8487dfd5ccfc51e7f757550b26bcc9b810823c43c128656d62d77d71d64e643c|fe590ffe40f49fe09d8275fbf29f0d46c5b99dc7
usr.sbin/cron/crontab/crontab.1|man1/crontab.1|06972d16a0d3dc79b0f18e0514785331d599af8379d1e62d15855afdc58fb843|06972d16a0d3dc79b0f18e0514785331d599af8379d1e62d15855afdc58fb843|da9cd485d0950de83c9762ca99532114aeb394d4
usr.sbin/crunch/crunchgen/crunchgen.1|man1/crunchgen.1|6782679c253bc7f51c803dec434073aa6f8267ce1b697a465e9919f4ff74ac03|6782679c253bc7f51c803dec434073aa6f8267ce1b697a465e9919f4ff74ac03|b2c76c41be32f904179efed29c0ca04d53f3996c
usr.sbin/crunch/crunchide/crunchide.1|man1/crunchide.1|a90d1b6586f45791295262c1ae6f9348e2448032bcc55bbb341c4e204bdf9a42|a90d1b6586f45791295262c1ae6f9348e2448032bcc55bbb341c4e204bdf9a42|b2c76c41be32f904179efed29c0ca04d53f3996c
usr.sbin/ctladm/ctladm.8|man8/ctladm.8|4c6f0b6fd420df0339cb93cbe3a5c5dcd7a5bd42beb87169cabf411b15f053ab|4c6f0b6fd420df0339cb93cbe3a5c5dcd7a5bd42beb87169cabf411b15f053ab|8206fcc5ef82a0e0518ed5e3a011ef38893b3eb6
usr.sbin/ctld/ctld.8|man8/ctld.8|4d471b71e5beac46282cf4f5f3922850e479cfbf51a8a8066ddda1104749e2e8|4d471b71e5beac46282cf4f5f3922850e479cfbf51a8a8066ddda1104749e2e8|fa9896e082a1046ff4fbc75fcba4d18d1f2efc19
usr.sbin/cxgbetool/cxgbetool.8|man8/cxgbetool.8|8e08e472bc745c3521b57756480bf0cbbe6499d18114ba7860db49216f143bfe|8e08e472bc745c3521b57756480bf0cbbe6499d18114ba7860db49216f143bfe|8f25fac9ce2339ab5599e3af0ef7c6a1ea098aab
usr.sbin/daemon/daemon.8|man8/daemon.8|ff5919f50ea90a59d9702b889a35f163d162aaef09b2eb27b5863e46e13df425|ff5919f50ea90a59d9702b889a35f163d162aaef09b2eb27b5863e46e13df425|7618c9e1637caea97723ff8accd60f3dc436b044
usr.sbin/dconschat/dconschat.8|man8/dconschat.8|8d74076671a37b5dfd80e90ff0fa631d42bde709f4db712d2547430b85f0b9cb|8d74076671a37b5dfd80e90ff0fa631d42bde709f4db712d2547430b85f0b9cb|9fd66e40cac02691d36386cf275d23367e34fc43
usr.sbin/devctl/devctl.8|man8/devctl.8|8e4830f87e2bc560f61e8c8ba0cf10f7bf5cfd17cfecd9b636b09b26be3d956a|8e4830f87e2bc560f61e8c8ba0cf10f7bf5cfd17cfecd9b636b09b26be3d956a|fa9896e082a1046ff4fbc75fcba4d18d1f2efc19
usr.sbin/devinfo/devinfo.8|man8/devinfo.8|4dca8980c579ad998450fdc93974f8e23055b3910c631bfc1333b292fd20d4ca|4dca8980c579ad998450fdc93974f8e23055b3910c631bfc1333b292fd20d4ca|6a192c14d244c6c5b395fcc179c007f0673a7fce
usr.sbin/diskinfo/diskinfo.8|man8/diskinfo.8|af1d766caf3841a91d6d55778628f16f5f1ff5b5f92551492d14d2da3889da2b|af1d766caf3841a91d6d55778628f16f5f1ff5b5f92551492d14d2da3889da2b|e333110d1de748e50051d1305b5438d1bc54eeb4
usr.sbin/dumpcis/dumpcis.8|man8/dumpcis.8|fa496821bb5c367f3b7b84911933bff8abf12f3a3fe71ca2885d3beb91c5e7be|fa496821bb5c367f3b7b84911933bff8abf12f3a3fe71ca2885d3beb91c5e7be|279213eb62ae239daa025e3d3d64170109fee7f7
usr.sbin/edquota/edquota.8|man8/edquota.8|ef61eea486948209215e2d75815bac61b9efd11487d3365b3d63ed3ca5747305|ef61eea486948209215e2d75815bac61b9efd11487d3365b3d63ed3ca5747305|8a7b61203704d362cfbc66c00619f51b24106b55
usr.sbin/efibootmgr/efibootmgr.8|man8/efibootmgr.8|affa257d58d624e0ef99050772b50cb9de8b6ea528e722331840dfd491dcab05|affa257d58d624e0ef99050772b50cb9de8b6ea528e722331840dfd491dcab05|6e1fc0118033f42b7c0d3623c8f67a89ebecabb2
usr.sbin/efidp/efidp.8|man8/efidp.8|c2bfa2dd4b545c48856fc0afcff1ebb00011223190d3d16ca404a8ef30a5fbcc|c2bfa2dd4b545c48856fc0afcff1ebb00011223190d3d16ca404a8ef30a5fbcc|fa9896e082a1046ff4fbc75fcba4d18d1f2efc19
usr.sbin/efitable/efitable.8|man8/efitable.8|a2cb05aa56b936ff43d85e712f2f41980664144ff4337268d8cbf4a6ce5e3b93|a2cb05aa56b936ff43d85e712f2f41980664144ff4337268d8cbf4a6ce5e3b93|65e8951711934cbb2fa1d0d836705c59770039c0
usr.sbin/efivar/efivar.8|man8/efivar.8|580f217ffdebac9358808e7ce171502abf8fb7716a6ab93f2755c74d440a1b7b|580f217ffdebac9358808e7ce171502abf8fb7716a6ab93f2755c74d440a1b7b|fa9896e082a1046ff4fbc75fcba4d18d1f2efc19
usr.sbin/efiwake/efiwake.8|man8/efiwake.8|e125c40a812f36b02468c10905a9e5fdde2bfee7cb5d475c28eb4d883a26937d|e125c40a812f36b02468c10905a9e5fdde2bfee7cb5d475c28eb4d883a26937d|4d846d260e2b9a3d4d0a701462568268cbfe7a5b
usr.sbin/etcupdate/etcupdate.8|man8/etcupdate.8|f439e845ad18b1f3e7059f157b8ad06c0044a01f7c72c5df251d68b031760231|f439e845ad18b1f3e7059f157b8ad06c0044a01f7c72c5df251d68b031760231|afd67a1677999b0f9d82d29bfd7c767f665e76e8
usr.sbin/extattr/rmextattr.8|man8/rmextattr.8|8b875ff43e60fba837c7f11b26d43f3ddf21c6cd9f626054591992b851abc091|8b875ff43e60fba837c7f11b26d43f3ddf21c6cd9f626054591992b851abc091|fa9896e082a1046ff4fbc75fcba4d18d1f2efc19
usr.sbin/extattrctl/extattrctl.8|man8/extattrctl.8|6fcf7e4284614a9647052ca45fd5c79bb1504e7a3475118da2661a6281dff5eb|6fcf7e4284614a9647052ca45fd5c79bb1504e7a3475118da2661a6281dff5eb|1a720cbec513210fa2e85c3882741ef2f6dc5f35
usr.sbin/fdcontrol/fdcontrol.8|man8/fdcontrol.8|6f9a41b2a44409a8ec92886edbac580b788b816e03c6096c242ade12769e8b36|6f9a41b2a44409a8ec92886edbac580b788b816e03c6096c242ade12769e8b36|fa9896e082a1046ff4fbc75fcba4d18d1f2efc19
usr.sbin/fdformat/fdformat.8|man8/fdformat.8|d8038847a86509f85cccf9d7872988b6fc47730cbd309521f2a60fa4f510b912|d8038847a86509f85cccf9d7872988b6fc47730cbd309521f2a60fa4f510b912|fa9896e082a1046ff4fbc75fcba4d18d1f2efc19
usr.sbin/fdread/fdread.1|man1/fdread.1|9686c5dfac87d203a2f0a4dd096ace6c1674b0dcdb6d5c368c313c018064458f|9686c5dfac87d203a2f0a4dd096ace6c1674b0dcdb6d5c368c313c018064458f|fa9896e082a1046ff4fbc75fcba4d18d1f2efc19
usr.sbin/fdwrite/fdwrite.1|man1/fdwrite.1|9fe93f512ab75b0b72392460adb96607d840f831f9516c50a4fb8fcafb3faac7|9fe93f512ab75b0b72392460adb96607d840f831f9516c50a4fb8fcafb3faac7|fa9896e082a1046ff4fbc75fcba4d18d1f2efc19
usr.sbin/fifolog/fifolog_create/fifolog.1|man1/fifolog.1|5811731529e826b0d5366033c19f14c533ab6f03c41f336090ac99aa4dec2bb8|5811731529e826b0d5366033c19f14c533ab6f03c41f336090ac99aa4dec2bb8|fa9896e082a1046ff4fbc75fcba4d18d1f2efc19
usr.sbin/flowctl/flowctl.8|man8/flowctl.8|27bf54270b1f2d80b047937867d3ffa219e11aed58b0ca08964a7921a0acab7e|27bf54270b1f2d80b047937867d3ffa219e11aed58b0ca08964a7921a0acab7e|fa9896e082a1046ff4fbc75fcba4d18d1f2efc19
usr.sbin/freebsd-update/freebsd-update.8|man8/freebsd-update.8|66a2c5d14d79f073dca997b3315030e120e947bc9f2320e4c4df8412cf12182f|66a2c5d14d79f073dca997b3315030e120e947bc9f2320e4c4df8412cf12182f|0b287d19e4ce555f5ece5f518aaa068dd865af2d
usr.sbin/fstyp/fstyp.8|man8/fstyp.8|f1804bd1f67959343d8fea28fb661c25db4ba3c512123c72a6203641c2270918|f1804bd1f67959343d8fea28fb661c25db4ba3c512123c72a6203641c2270918|1a720cbec513210fa2e85c3882741ef2f6dc5f35
usr.sbin/fwcontrol/fwcontrol.8|man8/fwcontrol.8|5d4b3d921b1c094b46762230bfe7b7dc6d5e00f508aa663599eba2773f6da588|5d4b3d921b1c094b46762230bfe7b7dc6d5e00f508aa663599eba2773f6da588|fa9896e082a1046ff4fbc75fcba4d18d1f2efc19
usr.sbin/fwget/fwget.8|man8/fwget.8|1a9df7fc4701f58e480a29095f59a3b7317d854fd185d58a1af4ff738f35a044|1a9df7fc4701f58e480a29095f59a3b7317d854fd185d58a1af4ff738f35a044|fc618b5f7e5844b859030d8337b2b272dc20169e
usr.sbin/getfmac/getfmac.8|man8/getfmac.8|1251ff20ba6c3638df2de00371e006c1737d1c7ab4c465825920ce6fa124a9a8|1251ff20ba6c3638df2de00371e006c1737d1c7ab4c465825920ce6fa124a9a8|3e0cf576487ee9514d237bd67006181af6ef551f
usr.sbin/getpmac/getpmac.8|man8/getpmac.8|b5c51c7f0e4892215c567a10dc87c707a8eaa3a4a7d1ac0d6bda10a65045c6ce|b5c51c7f0e4892215c567a10dc87c707a8eaa3a4a7d1ac0d6bda10a65045c6ce|fa9896e082a1046ff4fbc75fcba4d18d1f2efc19
usr.sbin/gpioctl/gpioctl.8|man8/gpioctl.8|3ce561db8e6c9d5a288eaf8fa4083b727d97660df80596a4f36eaf4ad5da606e|3ce561db8e6c9d5a288eaf8fa4083b727d97660df80596a4f36eaf4ad5da606e|fa9896e082a1046ff4fbc75fcba4d18d1f2efc19
usr.sbin/gssd/gssd.8|man8/gssd.8|42bae1e3100dbe8b6e85552f99d60d08f725cd148616f50cf35c981055959ec8|42bae1e3100dbe8b6e85552f99d60d08f725cd148616f50cf35c981055959ec8|b74aaa1a2199261f9078247d29481a994b6b5e42
usr.sbin/gstat/gstat.8|man8/gstat.8|e5a8dca55a41af8e63d2f01338f0f4d81262d575c93834d28c2c375cf81752e5|e5a8dca55a41af8e63d2f01338f0f4d81262d575c93834d28c2c375cf81752e5|0430faacb61d83ea6eaf3100b44e95de2b5f83ff
usr.sbin/i2c/i2c.8|man8/i2c.8|dd17210aa8fc36da159ec45dc6b9280b3d75ba1b41fa3b6fe99ac6167cda6cf3|dd17210aa8fc36da159ec45dc6b9280b3d75ba1b41fa3b6fe99ac6167cda6cf3|c7c3ef8949021696029fb73a513678578a9f8a46
usr.sbin/ifmcstat/ifmcstat.8|man8/ifmcstat.8|673d50014247a9fb492445383b9c2adc7bca4a7205c5286858bf1c419ad968b1|673d50014247a9fb492445383b9c2adc7bca4a7205c5286858bf1c419ad968b1|fa9896e082a1046ff4fbc75fcba4d18d1f2efc19
usr.sbin/inetd/inetd.8|man8/inetd.8|0865ea1996f936f0ff842a6645581d7b8d6f72bac91c569628b9ae010fe74520|0865ea1996f936f0ff842a6645581d7b8d6f72bac91c569628b9ae010fe74520|259bb93b80c0881a2b089e2836d92334477f09ef
usr.sbin/iostat/iostat.8|man8/iostat.8|9b8304bbe2fac157781248f68ba866619083855fc7c68ed1c9488fa647563902|9b8304bbe2fac157781248f68ba866619083855fc7c68ed1c9488fa647563902|8a7b61203704d362cfbc66c00619f51b24106b55
usr.sbin/iovctl/iovctl.8|man8/iovctl.8|5e13fb238981c19678f0ee8457c53a0bb59f6774a4521dc94067564665292689|5e13fb238981c19678f0ee8457c53a0bb59f6774a4521dc94067564665292689|8b5f5fed89a66ccaeb3f7cecd6b6028182769fad
usr.sbin/ip6addrctl/ip6addrctl.8|man8/ip6addrctl.8|22e013bcfd47f96c4ca85d4eae4d7ec58d0f45b9fc98071e946791b6398c37bb|22e013bcfd47f96c4ca85d4eae4d7ec58d0f45b9fc98071e946791b6398c37bb|6dcdd79a251b5e62ff9ce562ad451e92dec39408
usr.sbin/ipfwpcap/ipfwpcap.8|man8/ipfwpcap.8|e27ea13791887038c821be64702119c0181b34fd2da822165dde35be2cba3b9b|e27ea13791887038c821be64702119c0181b34fd2da822165dde35be2cba3b9b|fa9896e082a1046ff4fbc75fcba4d18d1f2efc19
usr.sbin/iscsid/iscsid.8|man8/iscsid.8|24edd6b405f7e46feb6eb7031cf709993ee35bcdba831d6554fa4732ff94da68|24edd6b405f7e46feb6eb7031cf709993ee35bcdba831d6554fa4732ff94da68|fa9896e082a1046ff4fbc75fcba4d18d1f2efc19
usr.sbin/jail/jail.8|man8/jail.8|15369f18e68730a0bf3a70183061eb3417ca6304b16e2ae6dc377a25ec4b19ae|15369f18e68730a0bf3a70183061eb3417ca6304b16e2ae6dc377a25ec4b19ae|14ada82543f86ab1f5b8853473546b261f7b297e
usr.sbin/jexec/jexec.8|man8/jexec.8|722cde8f734e59488bb6a9c5ef4c450d794a6dd6f38d24a5e073463934d832a0|722cde8f734e59488bb6a9c5ef4c450d794a6dd6f38d24a5e073463934d832a0|d56f3b051f6135b4a675fd75ccfcef0310368781
usr.sbin/jls/jls.8|man8/jls.8|3f15f0f6145f12c789fccb229dcd0579cfe8ce110c934cb815fc89cb245428da|3f15f0f6145f12c789fccb229dcd0579cfe8ce110c934cb815fc89cb245428da|1d8590371049bb14a6410fa83cd03d9eca32f764
usr.sbin/kbdcontrol/kbdcontrol.1|man1/kbdcontrol.1|5c4de88201762b4beb043bea003384200b772d4ebf37a0e796d32dcb94e972db|5c4de88201762b4beb043bea003384200b772d4ebf37a0e796d32dcb94e972db|580dc180c7ebd84a4aee27938a5f4a62520ac5d9
usr.sbin/kbdmap/kbdmap.1|man1/kbdmap.1|9ac4fed87be252a3ec0360c2ddda0ea1425621c7e44f0bda9edc630b06955a3a|9ac4fed87be252a3ec0360c2ddda0ea1425621c7e44f0bda9edc630b06955a3a|580dc180c7ebd84a4aee27938a5f4a62520ac5d9
usr.sbin/kldxref/kldxref.8|man8/kldxref.8|2115164d1354b67dbc5be8e2d3e518b566918a8d687288020aebb74a3dafce52|2115164d1354b67dbc5be8e2d3e518b566918a8d687288020aebb74a3dafce52|2b92b754f18ce86e11e56f91c73aae8d89be80cc
usr.sbin/lastlogin/lastlogin.8|man8/lastlogin.8|26eb75d934ef162e67fafa606d8d6d2b0b7d5cd88d99ccb5943a60161918a4f1|26eb75d934ef162e67fafa606d8d6d2b0b7d5cd88d99ccb5943a60161918a4f1|cc61a0793a0e7db8601e5eba1242befb810a5844
usr.sbin/lpr/chkprintcap/chkprintcap.8|man8/chkprintcap.8|052c43fa6c010fa0e8d2d046daad4ca6f23f9987d2eb2af43e9e38ccb527e7c8|052c43fa6c010fa0e8d2d046daad4ca6f23f9987d2eb2af43e9e38ccb527e7c8|fa9896e082a1046ff4fbc75fcba4d18d1f2efc19
usr.sbin/lpr/lp/lp.1|man1/lp.1|e01b345d06467e2e94a95fd60eee44989a6f4a424243ef462cd500a22c49a394|e01b345d06467e2e94a95fd60eee44989a6f4a424243ef462cd500a22c49a394|fa9896e082a1046ff4fbc75fcba4d18d1f2efc19
usr.sbin/lpr/lpc/lpc.8|man8/lpc.8|018dcf80fba7bcfb47ec572c159774d47b241ffc70b26f239cfd7216c1e250e3|018dcf80fba7bcfb47ec572c159774d47b241ffc70b26f239cfd7216c1e250e3|8a7b61203704d362cfbc66c00619f51b24106b55
usr.sbin/lpr/lpd/lpd.8|man8/lpd.8|f89bd9fb195241c3d647457b723bc6106908d1fe92240ae0f2a3afec1577115a|f89bd9fb195241c3d647457b723bc6106908d1fe92240ae0f2a3afec1577115a|8a7b61203704d362cfbc66c00619f51b24106b55
usr.sbin/lpr/lpq/lpq.1|man1/lpq.1|683dc39805f90997ecfda1278651c17bf948e93ef8c93187c9853f73d9ba3381|683dc39805f90997ecfda1278651c17bf948e93ef8c93187c9853f73d9ba3381|8a7b61203704d362cfbc66c00619f51b24106b55
usr.sbin/lpr/lpr/lpr.1|man1/lpr.1|9248015afc1b0c0afa8e0d99e075d15ca19bc83b048e0b07a1a7ad75f3f4ae41|9248015afc1b0c0afa8e0d99e075d15ca19bc83b048e0b07a1a7ad75f3f4ae41|8a7b61203704d362cfbc66c00619f51b24106b55
usr.sbin/lpr/lprm/lprm.1|man1/lprm.1|ef1c1884bb8dda57fbc9daa6f873ef829ef8e5e21d59b6406b56ddf179326527|ef1c1884bb8dda57fbc9daa6f873ef829ef8e5e21d59b6406b56ddf179326527|8a7b61203704d362cfbc66c00619f51b24106b55
usr.sbin/lpr/lptest/lptest.1|man1/lptest.1|4378926e4c71a09e70d6d282087cd47eb38963f3bb2e442d86bc3ee424cecb5d|4378926e4c71a09e70d6d282087cd47eb38963f3bb2e442d86bc3ee424cecb5d|8a7b61203704d362cfbc66c00619f51b24106b55
usr.sbin/lpr/pac/pac.8|man8/pac.8|c563c0daef5479c29cea4e9c239bb853a2891f3801f01dd2584ea0b622570581|c563c0daef5479c29cea4e9c239bb853a2891f3801f01dd2584ea0b622570581|8a7b61203704d362cfbc66c00619f51b24106b55
usr.sbin/lptcontrol/lptcontrol.8|man8/lptcontrol.8|fda5a3b286431ec841e1790242bc444dd4a640d8c9e2559070dd8971a8e50f3f|fda5a3b286431ec841e1790242bc444dd4a640d8c9e2559070dd8971a8e50f3f|fa9896e082a1046ff4fbc75fcba4d18d1f2efc19
usr.sbin/mailwrapper/mailwrapper.8|man8/mailwrapper.8|0b4f91c88bc197e0f487b546b3a63f7a7ca767c670c16416afc0f3e6ef703a5e|0b4f91c88bc197e0f487b546b3a63f7a7ca767c670c16416afc0f3e6ef703a5e|6e1fc0118033f42b7c0d3623c8f67a89ebecabb2
usr.sbin/makefs/makefs.8|man8/makefs.8|3d6672f0ca8e49ae25765df51cf6472bc86d87c69df3af5b3f7777e7c0bf8c1a|3d6672f0ca8e49ae25765df51cf6472bc86d87c69df3af5b3f7777e7c0bf8c1a|cd4b9dac1a0dc6b868aa4376ac355aaf25430a77
usr.sbin/manctl/manctl.8|man8/manctl.8|566eade2496c81c2cea60074600bc212d754491ee169a1464b7ec4426797447a|566eade2496c81c2cea60074600bc212d754491ee169a1464b7ec4426797447a|fa9896e082a1046ff4fbc75fcba4d18d1f2efc19
usr.sbin/memcontrol/memcontrol.8|man8/memcontrol.8|c2e071bced7c1408bee4a80875b86b4a78cd627c2ad9db9db955161ff9c2a2f2|c2e071bced7c1408bee4a80875b86b4a78cd627c2ad9db9db955161ff9c2a2f2|fa9896e082a1046ff4fbc75fcba4d18d1f2efc19
usr.sbin/mfiutil/mfiutil.8|man8/mfiutil.8|5dfc3e3fd9bc235691bae2f3ba84161cc72aeca3d787e4352a086410d41dd15b|5dfc3e3fd9bc235691bae2f3ba84161cc72aeca3d787e4352a086410d41dd15b|2878d99dfcfbdd7a415a7f31cf95fbd53fc8e581
usr.sbin/mixer/mixer.8|man8/mixer.8|beff1aebd8bbc671215cfe1302dddb97cff72b8b38a758f269850282b0eff1d4|beff1aebd8bbc671215cfe1302dddb97cff72b8b38a758f269850282b0eff1d4|9aac27599acaffa21ff69c5be8a2d71d29cc3d6b
usr.sbin/mld6query/mld6query.8|man8/mld6query.8|3112bf13b1a8466374688e94c3a3918d42ad87ca674edaf471e94f3efc708a61|3112bf13b1a8466374688e94c3a3918d42ad87ca674edaf471e94f3efc708a61|fa9896e082a1046ff4fbc75fcba4d18d1f2efc19
usr.sbin/mlx5tool/mlx5tool.8|man8/mlx5tool.8|1d6ed71ac963cd6ddc336bc411dd496f6fe974b450b8a9a7f83ef159c0838f5f|1d6ed71ac963cd6ddc336bc411dd496f6fe974b450b8a9a7f83ef159c0838f5f|2878d99dfcfbdd7a415a7f31cf95fbd53fc8e581
usr.sbin/mlxcontrol/mlxcontrol.8|man8/mlxcontrol.8|a7d719589f0ac12707120da4030f03e8bfe256c8f2a5536ae4efeb9eac4b0b5d|a7d719589f0ac12707120da4030f03e8bfe256c8f2a5536ae4efeb9eac4b0b5d|fa9896e082a1046ff4fbc75fcba4d18d1f2efc19
usr.sbin/mountd/mountd.8|man8/mountd.8|4eb7b073d5af2c117af0497f638bae1af4d603546705894f25cf2f00ef8a7909|4eb7b073d5af2c117af0497f638bae1af4d603546705894f25cf2f00ef8a7909|6db916d21a09aebf3e7cb5c95e2ad714ab2b8882
usr.sbin/moused/moused/moused.8|man8/moused.8|25ac647ab3479c3f992cec63d7e93dbee3f49db5f430bd3a142e191dd3cfc5ac|25ac647ab3479c3f992cec63d7e93dbee3f49db5f430bd3a142e191dd3cfc5ac|d5f63d6b373890ce4654f27d89e281d3c4c265cf
usr.sbin/moused/msconvd/msconvd.8|man8/msconvd.8|d098ccd1db7afe3f2b430d38811d17277293e790d028ef0517ead564081636b3|d098ccd1db7afe3f2b430d38811d17277293e790d028ef0517ead564081636b3|aef807876c305587c60f73e2cd914115d22a53fd
usr.sbin/mpsutil/mpsutil.8|man8/mpsutil.8|4beb37388c42c3363625db33bc84b45da1ec12f95e49b5fd437860dac49885d1|4beb37388c42c3363625db33bc84b45da1ec12f95e49b5fd437860dac49885d1|fa9896e082a1046ff4fbc75fcba4d18d1f2efc19
usr.sbin/mptable/mptable.1|man1/mptable.1|0cb0efc2436b699ec0cb3d2ee0e1e6a61cc40fc3865542724de4bafd7f6c647d|0cb0efc2436b699ec0cb3d2ee0e1e6a61cc40fc3865542724de4bafd7f6c647d|fa9896e082a1046ff4fbc75fcba4d18d1f2efc19
usr.sbin/mptutil/mptutil.8|man8/mptutil.8|e0de0d0afba09d6e8f287c152d2a1501742f0cf7902f13d6b6978ac48191e930|e0de0d0afba09d6e8f287c152d2a1501742f0cf7902f13d6b6978ac48191e930|b128bedfb95c1fefe10e3375b07e200eff8c3664
usr.sbin/mtest/mtest.8|man8/mtest.8|fea5ee6f1971fd2f24f815b9a42f153d196a831827c07e4c275d10e3c8cfffba|fea5ee6f1971fd2f24f815b9a42f153d196a831827c07e4c275d10e3c8cfffba|fa9896e082a1046ff4fbc75fcba4d18d1f2efc19
usr.sbin/ndp/ndp.8|man8/ndp.8|05fef5045c49a2ea5512e79850c69e39e5d03e1a5d04f9c2bca066890a063303|05fef5045c49a2ea5512e79850c69e39e5d03e1a5d04f9c2bca066890a063303|fa9896e082a1046ff4fbc75fcba4d18d1f2efc19
usr.sbin/newsyslog/newsyslog.8|man8/newsyslog.8|bb9cda9b3a18d0c413e2c3c5aa6eea1aca57d86e7811b8580897aa9bdfed2074|bb9cda9b3a18d0c413e2c3c5aa6eea1aca57d86e7811b8580897aa9bdfed2074|39d668f1e09ebfc678b3c69c19a0ad0391361c56
usr.sbin/nfscbd/nfscbd.8|man8/nfscbd.8|2b6b0047012248086e37c9df1f1d86b0fcaa26ef1f2b5ed3d1f357ff3be63f98|2b6b0047012248086e37c9df1f1d86b0fcaa26ef1f2b5ed3d1f357ff3be63f98|fa9896e082a1046ff4fbc75fcba4d18d1f2efc19
usr.sbin/nfsd/nfsd.8|man8/nfsd.8|750f92373873c50b28960feb5a243ef6e9b6524347d896d09349438d65fe411b|750f92373873c50b28960feb5a243ef6e9b6524347d896d09349438d65fe411b|42905aa17b7e90a1f6881d84903e58330488f4ea
usr.sbin/nfsdumpstate/nfsdumpstate.8|man8/nfsdumpstate.8|fa2b097e46158bd44a0ca487059cb98387e03e395aac3bb180cb67c2c76580fe|fa2b097e46158bd44a0ca487059cb98387e03e395aac3bb180cb67c2c76580fe|fa9896e082a1046ff4fbc75fcba4d18d1f2efc19
usr.sbin/nfsrevoke/nfsrevoke.8|man8/nfsrevoke.8|c9393615ba4f7e94a3bbabede9d21ae6237c3504c9075b59016f28441594deba|c9393615ba4f7e94a3bbabede9d21ae6237c3504c9075b59016f28441594deba|fa9896e082a1046ff4fbc75fcba4d18d1f2efc19
usr.sbin/nfsuserd/nfsuserd.8|man8/nfsuserd.8|e27515dc2231c8cc5f0aa6986cd2cf0c5c480764b815f8ec1d382d842c8676eb|e27515dc2231c8cc5f0aa6986cd2cf0c5c480764b815f8ec1d382d842c8676eb|fa9896e082a1046ff4fbc75fcba4d18d1f2efc19
usr.sbin/ngctl/ngctl.8|man8/ngctl.8|35dc1b85ce309e19c6aeb71b27dafbc7862a8bcc2f3e1ef72c6b0da09abfedc5|35dc1b85ce309e19c6aeb71b27dafbc7862a8bcc2f3e1ef72c6b0da09abfedc5|72d01e62b082de39ecf1ff3ced67dcf7259e5084
usr.sbin/nghook/nghook.8|man8/nghook.8|5a97d20516c80d30a2bef436cd9a5cf95ea1816717290130341d02fba06ab393|5a97d20516c80d30a2bef436cd9a5cf95ea1816717290130341d02fba06ab393|fa9896e082a1046ff4fbc75fcba4d18d1f2efc19
usr.sbin/nologin/nologin.8|man8/nologin.8|3e4168af2c45e36ef77c29d38909e810b50317fcebf17edffc799cc60c057a47|3e4168af2c45e36ef77c29d38909e810b50317fcebf17edffc799cc60c057a47|8a7b61203704d362cfbc66c00619f51b24106b55
usr.sbin/nscd/nscd.8|man8/nscd.8|1596512242a2aa3be0cd5795d84986671163e5b427e2e3ae94d2bd15b6b14380|1596512242a2aa3be0cd5795d84986671163e5b427e2e3ae94d2bd15b6b14380|fa9896e082a1046ff4fbc75fcba4d18d1f2efc19
usr.sbin/ntp/doc/ntpdate.8|man8/ntpdate.8|911bf1040136209513792f3b499ab2ae86fb33b3a16a6626ebb0649a0831a0c1|911bf1040136209513792f3b499ab2ae86fb33b3a16a6626ebb0649a0831a0c1|fa9896e082a1046ff4fbc75fcba4d18d1f2efc19
usr.sbin/ntp/doc/ntptime.8|man8/ntptime.8|80e1792b3fdda885b7f2932907cba29f4b56e1573b42fcb2a12b54ea207f140a|80e1792b3fdda885b7f2932907cba29f4b56e1573b42fcb2a12b54ea207f140a|fa9896e082a1046ff4fbc75fcba4d18d1f2efc19
usr.sbin/ntp/doc/ntptrace.8|man8/ntptrace.8|c701810548e87fd0f7b3c9f64f6658c328565d7a01cd28dcc4373451c1168170|c701810548e87fd0f7b3c9f64f6658c328565d7a01cd28dcc4373451c1168170|fa9896e082a1046ff4fbc75fcba4d18d1f2efc19
usr.sbin/nvram/nvram.8|man8/nvram.8|eb3598d717a0b070c296af0bfceb0737873fe3293a48b4eabe8fd3cce0058014|eb3598d717a0b070c296af0bfceb0737873fe3293a48b4eabe8fd3cce0058014|fa9896e082a1046ff4fbc75fcba4d18d1f2efc19
usr.sbin/ofwdump/ofwdump.8|man8/ofwdump.8|13305074a4e09d851dd2209ffd11075e6e7af804d18e64e725cf2a93f6ae3cd8|13305074a4e09d851dd2209ffd11075e6e7af804d18e64e725cf2a93f6ae3cd8|bcde15f5f894ece1f507ae997d17d810efae9c76
usr.sbin/pciconf/pciconf.8|man8/pciconf.8|469b0b0a758afcd8a94f0a922dcbcb599d94bccfa2d28d679bb90d41678eb14a|469b0b0a758afcd8a94f0a922dcbcb599d94bccfa2d28d679bb90d41678eb14a|79aba7a0ca8468da36551e66d24e0b3385d8e328
usr.sbin/periodic/periodic.8|man8/periodic.8|dd8b7c8e3b040a82c7c4dd9b11c7e1d9e804ce99093808fad686b621a6a30145|dd8b7c8e3b040a82c7c4dd9b11c7e1d9e804ce99093808fad686b621a6a30145|fa9896e082a1046ff4fbc75fcba4d18d1f2efc19
usr.sbin/pmcannotate/pmcannotate.8|man8/pmcannotate.8|df25b048905d7c1b76348d3ec950628d87b07fb96424d851e91430874f24308a|df25b048905d7c1b76348d3ec950628d87b07fb96424d851e91430874f24308a|de11299323e0a647ae2164f74ca966862e7c4dd8
usr.sbin/pmccontrol/pmccontrol.8|man8/pmccontrol.8|50ad2ab9f08980596b6d14dea7fa1844123a0610c5c02c139179314a93b29a55|50ad2ab9f08980596b6d14dea7fa1844123a0610c5c02c139179314a93b29a55|fa9896e082a1046ff4fbc75fcba4d18d1f2efc19
usr.sbin/pmcstat/pmcstat.8|man8/pmcstat.8|22ca708b032879476f105ad0be20e93e07566ab7dd3f211c9c39fe9accdba455|22ca708b032879476f105ad0be20e93e07566ab7dd3f211c9c39fe9accdba455|6c58229d12fea51ae28a12116c3fdae5f422a141
usr.sbin/pmcstudy/pmcstudy.8|man8/pmcstudy.8|18270ea83ea8330aa87bfb4b44a40356c80ba86a9af8f1f7f0b6fb3c2192f7f0|18270ea83ea8330aa87bfb4b44a40356c80ba86a9af8f1f7f0b6fb3c2192f7f0|fa9896e082a1046ff4fbc75fcba4d18d1f2efc19
usr.sbin/pnfsdscopymr/pnfsdscopymr.8|man8/pnfsdscopymr.8|e9c18753c2132bbb8f155a235ad10453c0e790f81583293bbbab7673310c3059|e9c18753c2132bbb8f155a235ad10453c0e790f81583293bbbab7673310c3059|dc8725726d0205c10b01c06717cb265ab7d239e5
usr.sbin/pnfsdsfile/pnfsdsfile.8|man8/pnfsdsfile.8|98f096c9b5a70913f9f1eab1dfe0c27948f2c0fdf0f18e33d965d0af6003f7e4|98f096c9b5a70913f9f1eab1dfe0c27948f2c0fdf0f18e33d965d0af6003f7e4|fa9896e082a1046ff4fbc75fcba4d18d1f2efc19
usr.sbin/pnfsdskill/pnfsdskill.8|man8/pnfsdskill.8|db5afe3346cdd71283c6ad38a98ced1cf84b662005aa24064ee7b0ea6c40ef17|db5afe3346cdd71283c6ad38a98ced1cf84b662005aa24064ee7b0ea6c40ef17|c801836ff43deea3c86935abcad1069bfcd3989c
usr.sbin/powerd/powerd.8|man8/powerd.8|f86b5b81d654f4c43b881e8651af3d45da36e492e1a4e6a3ef8b8567c5abc16f|f86b5b81d654f4c43b881e8651af3d45da36e492e1a4e6a3ef8b8567c5abc16f|fa9896e082a1046ff4fbc75fcba4d18d1f2efc19
usr.sbin/ppp/ppp.8|man8/ppp.8|0c133ba3517a63784b1dfdf38df51d6c3a85579771f247632dd7ed751643cd33|0c133ba3517a63784b1dfdf38df51d6c3a85579771f247632dd7ed751643cd33|f16ca171eaad70563872f61042eccd2971da572f
usr.sbin/pppctl/pppctl.8|man8/pppctl.8|cc593dca1b373ab964ebe56a659912e53d952f25f8a2f1425f0af5079cdc07e7|cc593dca1b373ab964ebe56a659912e53d952f25f8a2f1425f0af5079cdc07e7|b2c76c41be32f904179efed29c0ca04d53f3996c
usr.sbin/prometheus_sysctl_exporter/prometheus_sysctl_exporter.8|man8/prometheus_sysctl_exporter.8|a0234b0b83cd371f0bb583b2c43ebabb6f5aa0cb8f9690958102abdc5fdf3aa0|a0234b0b83cd371f0bb583b2c43ebabb6f5aa0cb8f9690958102abdc5fdf3aa0|fa9896e082a1046ff4fbc75fcba4d18d1f2efc19
usr.sbin/pstat/pstat.8|man8/pstat.8|908606ba1551d8f1b26f6922e44889335131076226fb36954470c29633809137|908606ba1551d8f1b26f6922e44889335131076226fb36954470c29633809137|8a7b61203704d362cfbc66c00619f51b24106b55
usr.sbin/pw/pw.8|man8/pw.8|8a78245ca9d438252b43c36e8f05050f90d988f16edcf0aeb1fac101c1a95c98|8a78245ca9d438252b43c36e8f05050f90d988f16edcf0aeb1fac101c1a95c98|1efb9810ba8caa550e0b8459117a36fde0daaec9
usr.sbin/pwd_mkdb/pwd_mkdb.8|man8/pwd_mkdb.8|7c8112b28e56f9c187379729f4b8a52af1c37ef9a79c636b2e918455ef0997ab|7c8112b28e56f9c187379729f4b8a52af1c37ef9a79c636b2e918455ef0997ab|3467ce29b4485b5318e7efac187cfb7ec0c91aea
usr.sbin/pwm/pwm.8|man8/pwm.8|160fe7f2f0ea93d68f37cefed6dabdc77296998082d11f45432e93d8e9572e33|160fe7f2f0ea93d68f37cefed6dabdc77296998082d11f45432e93d8e9572e33|fa9896e082a1046ff4fbc75fcba4d18d1f2efc19
usr.sbin/quot/quot.8|man8/quot.8|45455b51c51abef9f78a5a369a7bbca446b7de0fee5bfc156b064877705bfe11|45455b51c51abef9f78a5a369a7bbca446b7de0fee5bfc156b064877705bfe11|08dda8c96941c4a82e06056e5838a5bc45510407
usr.sbin/quotaon/quotaon.8|man8/quotaon.8|6bcbb7c3abbdea6a3481a17db921481760193fe2998fed42f3e931972ef611a3|6bcbb7c3abbdea6a3481a17db921481760193fe2998fed42f3e931972ef611a3|8a7b61203704d362cfbc66c00619f51b24106b55
usr.sbin/rarpd/rarpd.8|man8/rarpd.8|1acb340491d4725c57648ad17e1d274c378d357c53a17455112d8585971620d9|1acb340491d4725c57648ad17e1d274c378d357c53a17455112d8585971620d9|fa9896e082a1046ff4fbc75fcba4d18d1f2efc19
usr.sbin/repquota/repquota.8|man8/repquota.8|aa612bf6a6c538a8f62b736bf337ffe3586c75b96b6d7c0bfcea0d945c6a06e8|aa612bf6a6c538a8f62b736bf337ffe3586c75b96b6d7c0bfcea0d945c6a06e8|8a7b61203704d362cfbc66c00619f51b24106b55
usr.sbin/rip6query/rip6query.8|man8/rip6query.8|d0c51e1a351be432c25d77a52229f1cd6af8ad132b1b8fa744646cf3a4ff2988|d0c51e1a351be432c25d77a52229f1cd6af8ad132b1b8fa744646cf3a4ff2988|4b7cdb5a420f518fbe1968a6916b6d017f54025d
usr.sbin/rmt/rmt.8|man8/rmt.8|64075ecd02f86d2e3878d1ea846ca11052b3cedd79a5363dac835352587b0577|64075ecd02f86d2e3878d1ea846ca11052b3cedd79a5363dac835352587b0577|8a7b61203704d362cfbc66c00619f51b24106b55
usr.sbin/route6d/route6d.8|man8/route6d.8|e03e4372ad6541d63e6c4dc7c1701365557e6a2bb2a0bae054171c141d439836|e03e4372ad6541d63e6c4dc7c1701365557e6a2bb2a0bae054171c141d439836|4b7cdb5a420f518fbe1968a6916b6d017f54025d
usr.sbin/rpc.lockd/rpc.lockd.8|man8/rpc.lockd.8|bfb2d8daed5918dd0db7e850f9d2c83754c50b9ad3301192930137280b45b5d8|bfb2d8daed5918dd0db7e850f9d2c83754c50b9ad3301192930137280b45b5d8|44e72c6e2e6bcfa2cba89afb92fa05f6ac4d5660
usr.sbin/rpc.statd/rpc.statd.8|man8/rpc.statd.8|ccf9a63ae9709ef5a46ab9afb0e31cb8d54c26eb980259af8aff992fe321232c|ccf9a63ae9709ef5a46ab9afb0e31cb8d54c26eb980259af8aff992fe321232c|fa9896e082a1046ff4fbc75fcba4d18d1f2efc19
usr.sbin/rpc.tlsclntd/rpc.tlsclntd.8|man8/rpc.tlsclntd.8|d61a02467c969d73bb37f5fe4a91724228ad4300558d9509c0b5a65ffe5798de|d61a02467c969d73bb37f5fe4a91724228ad4300558d9509c0b5a65ffe5798de|6e1fc0118033f42b7c0d3623c8f67a89ebecabb2
usr.sbin/rpc.tlsservd/rpc.tlsservd.8|man8/rpc.tlsservd.8|213b5364dbcb5cf74899f3c264ac2b0f916112f69e246efaafe402cdbddf465d|213b5364dbcb5cf74899f3c264ac2b0f916112f69e246efaafe402cdbddf465d|8e5f80da89d74a5ef429b34bb9c3f8b589f8da9a
usr.sbin/rpc.umntall/rpc.umntall.8|man8/rpc.umntall.8|4f09371db42c8e0e332aa11d93aa3c610bf538e1513f44501371caccd9690bb0|4f09371db42c8e0e332aa11d93aa3c610bf538e1513f44501371caccd9690bb0|fa9896e082a1046ff4fbc75fcba4d18d1f2efc19
usr.sbin/rpc.yppasswdd/rpc.yppasswdd.8|man8/rpc.yppasswdd.8|a95016b58560f386cb1951dbcb5c68c379643470064c3af8e608e52091505a85|a95016b58560f386cb1951dbcb5c68c379643470064c3af8e608e52091505a85|fa9896e082a1046ff4fbc75fcba4d18d1f2efc19
usr.sbin/rpc.ypxfrd/rpc.ypxfrd.8|man8/rpc.ypxfrd.8|520e0821f3d8a3979f10aa4bc1c7f8d6b133223cb6f4e357245b443b2d1818e7|520e0821f3d8a3979f10aa4bc1c7f8d6b133223cb6f4e357245b443b2d1818e7|fa9896e082a1046ff4fbc75fcba4d18d1f2efc19
usr.sbin/rpcbind/rpcbind.8|man8/rpcbind.8|147fb1a1c6968b50e18af007e49ac1c9437966931c08375859478fd320965863|147fb1a1c6968b50e18af007e49ac1c9437966931c08375859478fd320965863|42905aa17b7e90a1f6881d84903e58330488f4ea
usr.sbin/rrenumd/rrenumd.8|man8/rrenumd.8|990f6ac764499c1ca86bed8856f40ddf1946be161f323ceaaf2d6c161d52f9fe|990f6ac764499c1ca86bed8856f40ddf1946be161f323ceaaf2d6c161d52f9fe|fa9896e082a1046ff4fbc75fcba4d18d1f2efc19
usr.sbin/rtadvctl/rtadvctl.8|man8/rtadvctl.8|e1f1871bf69d923715a6250368aff8a63edc190a1ad5288bc9140e87166ec65a|e1f1871bf69d923715a6250368aff8a63edc190a1ad5288bc9140e87166ec65a|fa9896e082a1046ff4fbc75fcba4d18d1f2efc19
usr.sbin/rtadvd/rtadvd.8|man8/rtadvd.8|4b08d8dac8f2cab398ffa954fb7e575403fcb32c1bc35881bca4ef8e2581304e|4b08d8dac8f2cab398ffa954fb7e575403fcb32c1bc35881bca4ef8e2581304e|fa9896e082a1046ff4fbc75fcba4d18d1f2efc19
usr.sbin/rtprio/rtprio.1|man1/rtprio.1|1f4cbf5c58da162f14ff74920a0b479282d90aeb59e8872a55b1bf934a4b1d7d|1f4cbf5c58da162f14ff74920a0b479282d90aeb59e8872a55b1bf934a4b1d7d|fa9896e082a1046ff4fbc75fcba4d18d1f2efc19
usr.sbin/rtsold/rtsold.8|man8/rtsold.8|714fdd4f18c98a81b868f2e161a2304452b7ffdb9d88a2b2a1831bc009116879|714fdd4f18c98a81b868f2e161a2304452b7ffdb9d88a2b2a1831bc009116879|fa9896e082a1046ff4fbc75fcba4d18d1f2efc19
usr.sbin/rwhod/rwhod.8|man8/rwhod.8|1e0f8cfcd268847a8083aca62b49ddf96a40ee3664b39aae77e12881eaa7b18f|1e0f8cfcd268847a8083aca62b49ddf96a40ee3664b39aae77e12881eaa7b18f|8a7b61203704d362cfbc66c00619f51b24106b55
usr.sbin/sa/sa.8|man8/sa.8|66efd426f0d7c766f1cf2433221b8f3dea2ea13be9a4aba7bd52c4998ce983a4|66efd426f0d7c766f1cf2433221b8f3dea2ea13be9a4aba7bd52c4998ce983a4|fa9896e082a1046ff4fbc75fcba4d18d1f2efc19
usr.sbin/service/service.8|man8/service.8|7018e22f8d39bb765900659eb75bc742d9ffd8e13dcb5aec401ae8d96ca6ebae|7018e22f8d39bb765900659eb75bc742d9ffd8e13dcb5aec401ae8d96ca6ebae|25fca243f2b7ca0c523aa1cf26aaea25035e68d2
usr.sbin/services_mkdb/services_mkdb.8|man8/services_mkdb.8|952ebea6147100463e994356be62fe8e1941e285513b820a76471ab87b5a0e20|952ebea6147100463e994356be62fe8e1941e285513b820a76471ab87b5a0e20|fa9896e082a1046ff4fbc75fcba4d18d1f2efc19
usr.sbin/sesutil/sesutil.8|man8/sesutil.8|0d829dae78475e45f3fa41ff776f87358b6a9c55a507392ce6114c353fee544b|0d829dae78475e45f3fa41ff776f87358b6a9c55a507392ce6114c353fee544b|cc61a0793a0e7db8601e5eba1242befb810a5844
usr.sbin/setfib/setfib.1|man1/setfib.1|5d7e408f7d634e159e844477a846c42e92c64262590fb6accf0f97bf54f7907c|5d7e408f7d634e159e844477a846c42e92c64262590fb6accf0f97bf54f7907c|fa9896e082a1046ff4fbc75fcba4d18d1f2efc19
usr.sbin/setfmac/setfmac.8|man8/setfmac.8|406e6584b6c35373e872c520afa6234fe9754e3bfc12c0b848b5f6e3eaf105ee|406e6584b6c35373e872c520afa6234fe9754e3bfc12c0b848b5f6e3eaf105ee|fa9896e082a1046ff4fbc75fcba4d18d1f2efc19
usr.sbin/setfmac/setfsmac.8|man8/setfsmac.8|b25969b8885ca5b1a46ae5ee6c245664b2f5081ab644c7923bd0ca0889ada677|b25969b8885ca5b1a46ae5ee6c245664b2f5081ab644c7923bd0ca0889ada677|fa9896e082a1046ff4fbc75fcba4d18d1f2efc19
usr.sbin/setpmac/setpmac.8|man8/setpmac.8|1e4f2296cc886dc06527c48b382cf00363dd5d255e3620043c1d2b5523873935|1e4f2296cc886dc06527c48b382cf00363dd5d255e3620043c1d2b5523873935|fa9896e082a1046ff4fbc75fcba4d18d1f2efc19
usr.sbin/smbmsg/smbmsg.8|man8/smbmsg.8|74998dd2b60bd979ad7ef5268d278ad1a03bdbfcc75dfdc3768496e3abba4c05|74998dd2b60bd979ad7ef5268d278ad1a03bdbfcc75dfdc3768496e3abba4c05|fa9896e082a1046ff4fbc75fcba4d18d1f2efc19
usr.sbin/snapinfo/snapinfo.8|man8/snapinfo.8|c4ca408011103b3d38ffd645d62daf116ed90a6fa2b687fc939707285c1d9c3a|c4ca408011103b3d38ffd645d62daf116ed90a6fa2b687fc939707285c1d9c3a|1a720cbec513210fa2e85c3882741ef2f6dc5f35
usr.sbin/sndctl/sndctl.8|man8/sndctl.8|c8cfb0b3f05404dbbdf4bfaa43655e3a25e5c1f8445856213c41faf8757ccf83|c8cfb0b3f05404dbbdf4bfaa43655e3a25e5c1f8445856213c41faf8757ccf83|9a37f1024cebfb89dcfa15c23bb287a5d09a9ae7
usr.sbin/spi/spi.8|man8/spi.8|a9debf1a43d0bbd8d75a62b86003e22f9ecee42706cb9c7ecd5cce7614a2ef83|a9debf1a43d0bbd8d75a62b86003e22f9ecee42706cb9c7ecd5cce7614a2ef83|fa9896e082a1046ff4fbc75fcba4d18d1f2efc19
usr.sbin/spkrtest/spkrtest.8|man8/spkrtest.8|512d572ad2cec780cc6259545578b36e68e491b7617461c299a15ebf0035980c|512d572ad2cec780cc6259545578b36e68e491b7617461c299a15ebf0035980c|7cff9672de44824d7d59cb562f53992a055e49cc
usr.sbin/spray/spray.8|man8/spray.8|279e87e092144ad6fb837e0d78da824a993a04df252e87b56dc0a23feac52dff|279e87e092144ad6fb837e0d78da824a993a04df252e87b56dc0a23feac52dff|fa9896e082a1046ff4fbc75fcba4d18d1f2efc19
usr.sbin/syslogd/syslogd.8|man8/syslogd.8|9af099e32186fd0dde9c6d560ad3eabef8f99cf2177987c6659723b0b8a97286|9af099e32186fd0dde9c6d560ad3eabef8f99cf2177987c6659723b0b8a97286|c75550e499971549b31d514ab139b80297c14792
usr.sbin/sysrc/sysrc.8|man8/sysrc.8|1c0d7a87b2528c9106a8795a3dd4d0b2806d8b2588f735d764658fc442ca0840|1c0d7a87b2528c9106a8795a3dd4d0b2806d8b2588f735d764658fc442ca0840|715cc30d29752d7df5d0e29eb47f857ec00c27f2
usr.sbin/tcpdrop/tcpdrop.8|man8/tcpdrop.8|095cb724cd5d9c6fcfda08b5a885c1bd3cfe4b948a81773d7819b62c4da30bf0|095cb724cd5d9c6fcfda08b5a885c1bd3cfe4b948a81773d7819b62c4da30bf0|fa9896e082a1046ff4fbc75fcba4d18d1f2efc19
usr.sbin/tcpsso/tcpsso.8|man8/tcpsso.8|94fe8741b2365029397ece4abab0e7d4b39d35b8a138e856b3f5caf4042e3ad3|94fe8741b2365029397ece4abab0e7d4b39d35b8a138e856b3f5caf4042e3ad3|2edac5a60a57a2a6ef80c61079d427c4ee31b7a9
usr.sbin/traceroute/traceroute.8|man8/traceroute.8|5248c109c699a317967b42a187826a25bafd0ad5267a527c167edf3caefc3c82|5248c109c699a317967b42a187826a25bafd0ad5267a527c167edf3caefc3c82|7098712bbfd60df9db324decbc1a5dd8f751356f
usr.sbin/traceroute6/traceroute6.8|man8/traceroute6.8|dc60c81b067fb447e8a14848253e23669a34be8f67a0f3c98d7cb5b782c12ea8|dc60c81b067fb447e8a14848253e23669a34be8f67a0f3c98d7cb5b782c12ea8|99ec65e7fe61e3148dde543ed7d6566fe589a565
usr.sbin/trim/trim.8|man8/trim.8|81dd77442d83c166d3b3a9313144b9c0e1a5e9d4105f1e1106088b663a3da3cb|81dd77442d83c166d3b3a9313144b9c0e1a5e9d4105f1e1106088b663a3da3cb|5f20a4333b450e02d9242b6df8f3c9b4bcdd9713
usr.sbin/tzsetup/tzsetup.8|man8/tzsetup.8|1c6c07c43b842a010960fc71060d0a21c3b842c7e34cdcb336c2558495c85815|1c6c07c43b842a010960fc71060d0a21c3b842c7e34cdcb336c2558495c85815|c6030b380469f928c8cae87ed53bcb234cb3486f
usr.sbin/uathload/uathload.8|man8/uathload.8|168c3499bf38bf97f244a97a794e88f437c6d25f6897267a027d15edeb82e640|168c3499bf38bf97f244a97a794e88f437c6d25f6897267a027d15edeb82e640|fe1b8df274774bed56314c5b8dc7397808dd761f
usr.sbin/uefisign/uefisign.8|man8/uefisign.8|11f8ff07630c535721dd60a1d5f5ee427b1be5a9ec778f1400fbc15cd2bcd100|11f8ff07630c535721dd60a1d5f5ee427b1be5a9ec778f1400fbc15cd2bcd100|d2859cd9e33c26dd792c113fbe16460bfde44035
usr.sbin/ugidfw/ugidfw.8|man8/ugidfw.8|8dd2a1628181360ac0f71bc173ae358a5db1bf2cadc90615051463f76cd81d2f|8dd2a1628181360ac0f71bc173ae358a5db1bf2cadc90615051463f76cd81d2f|fa9896e082a1046ff4fbc75fcba4d18d1f2efc19
usr.sbin/uhsoctl/uhsoctl.1|man1/uhsoctl.1|da65f10cdd022fc7c27e559fada06c505e384ba17aedfdc2a870f0c8372af4b2|da65f10cdd022fc7c27e559fada06c505e384ba17aedfdc2a870f0c8372af4b2|fa9896e082a1046ff4fbc75fcba4d18d1f2efc19
usr.sbin/usbconfig/usbconfig.8|man8/usbconfig.8|3d9d96d2fd29d067386c15be96c0e799f8863f281325da28a6f48b8b63806df9|3d9d96d2fd29d067386c15be96c0e799f8863f281325da28a6f48b8b63806df9|c66308d7bcc3931b60a096bfe6ba0f50105e77de
usr.sbin/usbdump/usbdump.8|man8/usbdump.8|24c46666f394fec8d728f9f691b71ca0e9b879437d9139eb8fb44714fc226ea8|24c46666f394fec8d728f9f691b71ca0e9b879437d9139eb8fb44714fc226ea8|f50d2fced24f4dbffc1cc414da48ea7ef7b84d1e
usr.sbin/utx/utx.8|man8/utx.8|b510b26fffa660ae5a73876ce559c8da9863e61da3f24ad174e0c9dab8c68cd5|b510b26fffa660ae5a73876ce559c8da9863e61da3f24ad174e0c9dab8c68cd5|fa9896e082a1046ff4fbc75fcba4d18d1f2efc19
usr.sbin/valectl/valectl.8|man8/valectl.8|9a4dd0c30d2ebc03b45f7343679eac205e357df2e33f935c62a80e54f76f6831|9a4dd0c30d2ebc03b45f7343679eac205e357df2e33f935c62a80e54f76f6831|a2f53837f0a8934cfcf7ba3c1fdfc93f217d3703
usr.sbin/vidcontrol/vidcontrol.1|man1/vidcontrol.1|77d635903aefb4c7d43126ee48752d51cf274d1cc9bad3d3cfd3922589fa3d99|77d635903aefb4c7d43126ee48752d51cf274d1cc9bad3d3cfd3922589fa3d99|d5dd6ad6baa6753a1f2040c41702e71a91de8ce4
usr.sbin/vigr/vigr.8|man8/vigr.8|c60c0eade1afc6e85dda4770475e1024726095bce63d5fbc86de509d087fa881|c60c0eade1afc6e85dda4770475e1024726095bce63d5fbc86de509d087fa881|fa9896e082a1046ff4fbc75fcba4d18d1f2efc19
usr.sbin/vipw/vipw.8|man8/vipw.8|22151b75d7bc651aa3d83bdc3ad689d7f23d5c663292cd4441d9aa8f09cd1898|22151b75d7bc651aa3d83bdc3ad689d7f23d5c663292cd4441d9aa8f09cd1898|8a7b61203704d362cfbc66c00619f51b24106b55
usr.sbin/virtual_oss/virtual_bt_speaker/virtual_bt_speaker.8|man8/virtual_bt_speaker.8|f98b14f61d5403d5adb0b968d4f45e09b8bdcb696dc7ff91898fe9f81bd5b161|f98b14f61d5403d5adb0b968d4f45e09b8bdcb696dc7ff91898fe9f81bd5b161|5a31c623143f4a20e5b5fb337ec97ac0b39635fc
usr.sbin/virtual_oss/virtual_equalizer/virtual_equalizer.8|man8/virtual_equalizer.8|4c9212d91d1bbdd0ae9eb3e03e753b4336cbcef0947f56558afde593c34aa67b|4c9212d91d1bbdd0ae9eb3e03e753b4336cbcef0947f56558afde593c34aa67b|5a31c623143f4a20e5b5fb337ec97ac0b39635fc
usr.sbin/virtual_oss/virtual_oss/virtual_oss.8|man8/virtual_oss.8|fbe823bea4f7e8c73f5269d625161e522b5557f1ec840d0f4424682ed05f9298|fbe823bea4f7e8c73f5269d625161e522b5557f1ec840d0f4424682ed05f9298|5a31c623143f4a20e5b5fb337ec97ac0b39635fc
usr.sbin/virtual_oss/virtual_oss_cmd/virtual_oss_cmd.8|man8/virtual_oss_cmd.8|40293a049a0881fb9c864be1ea147b7e5ce4209c90688ee250c39e6766bd98b4|40293a049a0881fb9c864be1ea147b7e5ce4209c90688ee250c39e6766bd98b4|5a31c623143f4a20e5b5fb337ec97ac0b39635fc
usr.sbin/wake/wake.8|man8/wake.8|292e0932792db4d922c7f2fa2d3779779b2494b47344301b888c3c919da0bd97|292e0932792db4d922c7f2fa2d3779779b2494b47344301b888c3c919da0bd97|fa9896e082a1046ff4fbc75fcba4d18d1f2efc19
usr.sbin/watch/watch.8|man8/watch.8|42417e84644c3c0b0cf5cb6d60bb8deade2494cd1746fe71d055c5d35ba67b4b|42417e84644c3c0b0cf5cb6d60bb8deade2494cd1746fe71d055c5d35ba67b4b|9187f64a74698736a5686971b3cfbcb226cb098c
usr.sbin/watchdogd/watchdog.8|man8/watchdog.8|e593c621f82d8f4783cc6aceb6d7f91dff6a0267f8daaac46c6c08399df988f0|e593c621f82d8f4783cc6aceb6d7f91dff6a0267f8daaac46c6c08399df988f0|fa9896e082a1046ff4fbc75fcba4d18d1f2efc19
usr.sbin/watchdogd/watchdogd.8|man8/watchdogd.8|3e212bb714f6b70a320fa800baac5c9e600a89e07ae02d6e82e360724aa26a1a|3e212bb714f6b70a320fa800baac5c9e600a89e07ae02d6e82e360724aa26a1a|fa9896e082a1046ff4fbc75fcba4d18d1f2efc19
usr.sbin/wlandebug/wlandebug.8|man8/wlandebug.8|3d92fc59c4b0bf7a4b04be4ded6a73b915178bf06c147789ce7cfbcaa818a98f|3d92fc59c4b0bf7a4b04be4ded6a73b915178bf06c147789ce7cfbcaa818a98f|fa9896e082a1046ff4fbc75fcba4d18d1f2efc19
usr.sbin/wlanstat/wlanstat.8|man8/wlanstat.8|1f9068d9e174744842cdd92a596dca8bf1d12479ff65628d2720668ca573c4ad|1f9068d9e174744842cdd92a596dca8bf1d12479ff65628d2720668ca573c4ad|cb714aa76b1febb213106fb6575b4e676ff3316b
usr.sbin/wpa/hostapd/hostapd.8|man8/hostapd.8|8011d80b82eec43ff42ac2a08c24cdf3ca5b74e7de89b378d28108a1ee17e6b9|8011d80b82eec43ff42ac2a08c24cdf3ca5b74e7de89b378d28108a1ee17e6b9|fa9896e082a1046ff4fbc75fcba4d18d1f2efc19
usr.sbin/wpa/hostapd_cli/hostapd_cli.8|man8/hostapd_cli.8|945efddaf5468163500fe410c54d78ec9c9e86081ab6de900cfbb5835ea18a7b|945efddaf5468163500fe410c54d78ec9c9e86081ab6de900cfbb5835ea18a7b|fa9896e082a1046ff4fbc75fcba4d18d1f2efc19
usr.sbin/wpa/wpa_cli/wpa_cli.8|man8/wpa_cli.8|e4816f0173515d462c991930e161fc3faea859c5438e65e28251c4126434376a|e4816f0173515d462c991930e161fc3faea859c5438e65e28251c4126434376a|18a27dd64129f4b11ba458065bb5bb883f6b4c6e
usr.sbin/wpa/wpa_passphrase/wpa_passphrase.8|man8/wpa_passphrase.8|6975e6f3a4d3539f752a6bf18dae965fd76798e1498dbe65076fc52aeb0fbcd9|6975e6f3a4d3539f752a6bf18dae965fd76798e1498dbe65076fc52aeb0fbcd9|fa9896e082a1046ff4fbc75fcba4d18d1f2efc19
usr.sbin/wpa/wpa_supplicant/wpa_supplicant.8|man8/wpa_supplicant.8|53ab0b7a4ff7e3e56c4e800b3701fd4a770c4c39ed796f72262beffe0c2609c3|53ab0b7a4ff7e3e56c4e800b3701fd4a770c4c39ed796f72262beffe0c2609c3|5c59e40bc419870659946156b45a390cabd69c02
usr.sbin/yp_mkdb/yp_mkdb.8|man8/yp_mkdb.8|deed6fffa65ac1a8313f87c4b2749b88e0269013a5d21dbb41516ca812e736df|deed6fffa65ac1a8313f87c4b2749b88e0269013a5d21dbb41516ca812e736df|fa9896e082a1046ff4fbc75fcba4d18d1f2efc19
usr.sbin/ypbind/ypbind.8|man8/ypbind.8|cc5ff337962bc9a82a11fea53d09b5293a4f580f384cd38b33df961938fad7de|cc5ff337962bc9a82a11fea53d09b5293a4f580f384cd38b33df961938fad7de|fa9896e082a1046ff4fbc75fcba4d18d1f2efc19
usr.sbin/ypldap/ypldap.8|man8/ypldap.8|adbf5901c7457680487788463962b523e5439b6d681779e56d1a736c00225e30|adbf5901c7457680487788463962b523e5439b6d681779e56d1a736c00225e30|b2c76c41be32f904179efed29c0ca04d53f3996c
usr.sbin/yppoll/yppoll.8|man8/yppoll.8|0dc1930aea544d62713d5245c2af7847b5e77f558122f6d90d363f32ac0a75ca|0dc1930aea544d62713d5245c2af7847b5e77f558122f6d90d363f32ac0a75ca|b2c76c41be32f904179efed29c0ca04d53f3996c
usr.sbin/yppush/yppush.8|man8/yppush.8|29970fbaa8fb38f3b07e6f628dee45875dd97b0c9dc7b08259ea604d7c733f70|29970fbaa8fb38f3b07e6f628dee45875dd97b0c9dc7b08259ea604d7c733f70|fa9896e082a1046ff4fbc75fcba4d18d1f2efc19
usr.sbin/ypserv/ypinit.8|man8/ypinit.8|8c73a2db64388bd306b72fe655123f9ffde4f29a1c2403d9d298c71d0d855e0d|8c73a2db64388bd306b72fe655123f9ffde4f29a1c2403d9d298c71d0d855e0d|fa9896e082a1046ff4fbc75fcba4d18d1f2efc19
usr.sbin/ypserv/ypserv.8|man8/ypserv.8|8a1bf2a862789cdd83de864d10aa6fb5a84e61178e4ae2e1daf3dc86f7d1f6ed|8a1bf2a862789cdd83de864d10aa6fb5a84e61178e4ae2e1daf3dc86f7d1f6ed|fa9896e082a1046ff4fbc75fcba4d18d1f2efc19
usr.sbin/ypset/ypset.8|man8/ypset.8|6b6f6d466d5a4929616ddfa658582fddead46a6a6c73589ed52dad0764e13c0d|6b6f6d466d5a4929616ddfa658582fddead46a6a6c73589ed52dad0764e13c0d|fa9896e082a1046ff4fbc75fcba4d18d1f2efc19
usr.sbin/zonectl/zonectl.8|man8/zonectl.8|d4d6caed4c4f1bbcf52832d1eae1d37b920dbdd91d167e58fd5b46f3eba99f1b|d4d6caed4c4f1bbcf52832d1eae1d37b920dbdd91d167e58fd5b46f3eba99f1b|5ef49c7820d3d79404a28d182ab8401866dfd751
usr.sbin/zzz/zzz.8|man8/zzz.8|7b8d86e70d508ca91ffe1574a6247699b4f67a29a5cbb4953130449266e9598e|7b8d86e70d508ca91ffe1574a6247699b4f67a29a5cbb4953130449266e9598e|fa9896e082a1046ff4fbc75fcba4d18d1f2efc19
