# Format: src_path|target_path|orig_hash|last_existed_orig_hash|git_commit_hash
# Generated by man-tr-scan.sh. Do not edit manually.
bin/cat/cat.1|man1/cat.1|48dd1741c9daf1b3db4a289866165429357aa7574bb2b4412de09ac880ff782b|48dd1741c9daf1b3db4a289866165429357aa7574bb2b4412de09ac880ff782b|10b84b88f08afed6850a21c1ccffeed9f9fc607b
bin/chflags/chflags.1|man1/chflags.1|1956de5102c3521de3352348ebcb76abbf28168e9988b199a4db185db08cd135|1956de5102c3521de3352348ebcb76abbf28168e9988b199a4db185db08cd135|90aea514c6249118e880d75972d063362f4bf492
bin/chio/chio.1|man1/chio.1|201cd5177c59025c3976f71865da7f40c62ceff4d90ed8475127d138aa2821a1|201cd5177c59025c3976f71865da7f40c62ceff4d90ed8475127d138aa2821a1|fa9896e082a1046ff4fbc75fcba4d18d1f2efc19
bin/chmod/chmod.1|man1/chmod.1|16b07ab041f93a87ff6886d9543de92a7cf92b3e1fd1cc25475930c62570a29f|16b07ab041f93a87ff6886d9543de92a7cf92b3e1fd1cc25475930c62570a29f|90aea514c6249118e880d75972d063362f4bf492
bin/cp/cp.1|man1/cp.1|4029015f641eae2b0cb0d502a665ee8700ee310a4daefc3e0d9dc0ac6dc4931f|4029015f641eae2b0cb0d502a665ee8700ee310a4daefc3e0d9dc0ac6dc4931f|2d6b33f801d5352b8e078db83f6c90f6fe8291bb
bin/cpuset/cpuset.1|man1/cpuset.1|b9752bcd33438d926fb7f8e738632272ed68e70136efd4c38ae1f0713514d6c6|b9752bcd33438d926fb7f8e738632272ed68e70136efd4c38ae1f0713514d6c6|fa9896e082a1046ff4fbc75fcba4d18d1f2efc19
bin/date/date.1|man1/date.1|9d4e89c12e2ff7d6d75b94d553beab23d942b13ce888e28e4ff54aa8dfd60a7b|9d4e89c12e2ff7d6d75b94d553beab23d942b13ce888e28e4ff54aa8dfd60a7b|758d7ce63a617a5bb1d18b5259216a753587e057
bin/dd/dd.1|man1/dd.1|64fc91dccbeaef50e3f011590fcb6341c4c0c9e64e5fcb4dcde848ce0ef7c15a|64fc91dccbeaef50e3f011590fcb6341c4c0c9e64e5fcb4dcde848ce0ef7c15a|90aea514c6249118e880d75972d063362f4bf492
bin/df/df.1|man1/df.1|ff21dc1b1524a353fad453159f45167a66427f7bd05688d9c6e070cd1c2fea4f|ff21dc1b1524a353fad453159f45167a66427f7bd05688d9c6e070cd1c2fea4f|cc61a0793a0e7db8601e5eba1242befb810a5844
bin/domainname/domainname.1|man1/domainname.1|2ed2c94c6b381869ba6573aa1c445b7d990f0558ceec25268b63059393c4d267|2ed2c94c6b381869ba6573aa1c445b7d990f0558ceec25268b63059393c4d267|90405e1d63ff919705422745f19a8b56a37f5ac0
bin/echo/echo.1|man1/echo.1|ffd12085131967b4ace8cfe69a337148497a6943db1fd41582e5c09695a7fdb3|ffd12085131967b4ace8cfe69a337148497a6943db1fd41582e5c09695a7fdb3|7e68976408e4df21e120e2d6440392302cac84f3
bin/ed/ed.1|man1/ed.1|17fc06379b651da1330490dded3c250507dfb8fe06ed5c28182dade910ae87b7|17fc06379b651da1330490dded3c250507dfb8fe06ed5c28182dade910ae87b7|84886bf93ae96ee4d19cd7f31696ba368cabddae
bin/expr/expr.1|man1/expr.1|23d961c0927f87387fef7457adb5e51805aa37aef623af915e70b2ad06f7ce0a|23d961c0927f87387fef7457adb5e51805aa37aef623af915e70b2ad06f7ce0a|fa9896e082a1046ff4fbc75fcba4d18d1f2efc19
bin/freebsd-version/freebsd-version.1|man1/freebsd-version.1|f85823a2852b2613a8ce56205eac329c628b103b5d4801e116e4c2a72af2a894|f85823a2852b2613a8ce56205eac329c628b103b5d4801e116e4c2a72af2a894|fcc3096f004116d8bb8a753bb2f2181f2949a806
bin/getfacl/getfacl.1|man1/getfacl.1|490907499f73d7add81a5c8a54b3835327816001cb9f1a10cbefea4762663db7|490907499f73d7add81a5c8a54b3835327816001cb9f1a10cbefea4762663db7|8bf37c868f45e73345b791f9abc6c5a07a1629db
bin/hostname/hostname.1|man1/hostname.1|7b9bb0cebd93ebe97ec1dcd1ec2cf50569999ba42a68f7ab8d5c4b5fe8d34773|7b9bb0cebd93ebe97ec1dcd1ec2cf50569999ba42a68f7ab8d5c4b5fe8d34773|26cf4a61f693339ca261d3acaf4d01290acc525e
bin/kenv/kenv.1|man1/kenv.1|12b3bdf5a0e4f3db6e605fc5bbd8dd7a2eb4a46a017fe7d48ff51e433d56b3ad|12b3bdf5a0e4f3db6e605fc5bbd8dd7a2eb4a46a017fe7d48ff51e433d56b3ad|fa9896e082a1046ff4fbc75fcba4d18d1f2efc19
bin/kill/kill.1|man1/kill.1|bbcddd8edb9c085e9251f6b2a4cd431ac86f9c9a52dfffe5131cc4becf9d1874|bbcddd8edb9c085e9251f6b2a4cd431ac86f9c9a52dfffe5131cc4becf9d1874|d6c2d4fe975c70975bdc6bec76d044408f6dcb8c
bin/ln/ln.1|man1/ln.1|75707f9c251c5f9eeabc523bbaf0850dcf34a98e53d6db3349a1737a99c82fef|75707f9c251c5f9eeabc523bbaf0850dcf34a98e53d6db3349a1737a99c82fef|90aea514c6249118e880d75972d063362f4bf492
bin/ls/ls.1|man1/ls.1|f4a811d5c5de5d42afda3e801d0af515744aba3537f675d947df095d4987f271|f4a811d5c5de5d42afda3e801d0af515744aba3537f675d947df095d4987f271|4ed2448a4f2b32d0c4055c282e4cc2b691d621ed
bin/mkdir/mkdir.1|man1/mkdir.1|af69cb32a64ab0195806cd9716b38749edd39e6d1198ff2aff1d06f4ff0288c5|af69cb32a64ab0195806cd9716b38749edd39e6d1198ff2aff1d06f4ff0288c5|90aea514c6249118e880d75972d063362f4bf492
bin/mv/mv.1|man1/mv.1|2e8eb33de5438eac448ee54f25351d4dd35876590dec2dabff561927fb61d735|2e8eb33de5438eac448ee54f25351d4dd35876590dec2dabff561927fb61d735|90aea514c6249118e880d75972d063362f4bf492
bin/nproc/nproc.1|man1/nproc.1|c4503df6517aa66a7698c62b79a480901f2980548bde7c50f6be437f253ad583|c4503df6517aa66a7698c62b79a480901f2980548bde7c50f6be437f253ad583|1e078fb6021ebb5ccfb092fe9e5befcf4054ac0b
bin/pax/pax.1|man1/pax.1|bd789ca6e50eb0bc8ea656c3070270e7dfbb52d40764831631645277a3212941|bd789ca6e50eb0bc8ea656c3070270e7dfbb52d40764831631645277a3212941|90aea514c6249118e880d75972d063362f4bf492
bin/pkill/pkill.1|man1/pkill.1|c626bea9440df89a280e8ddcb51f2e8f259f83d4a23a9f1c04a9842f953c8b3d|c626bea9440df89a280e8ddcb51f2e8f259f83d4a23a9f1c04a9842f953c8b3d|88a2d48d39d9845e36c8e95a9204001b11e7257e
bin/ps/ps.1|man1/ps.1|4e235480969a2d2e8aaa15ed4806792cea4f7265286031a8bdb5dca62256c7a7|4e235480969a2d2e8aaa15ed4806792cea4f7265286031a8bdb5dca62256c7a7|cc61a0793a0e7db8601e5eba1242befb810a5844
bin/pwait/pwait.1|man1/pwait.1|46947ad7d85905a76e00edd6eaf19d02136470a3248009d46544c247c2274c6c|46947ad7d85905a76e00edd6eaf19d02136470a3248009d46544c247c2274c6c|955650f1814257070f8414b6b6e8f42496f26409
bin/pwd/pwd.1|man1/pwd.1|979ffeada2bcc3fafc4935f7256cf566eee2270093bbccc6fc1f9843d40bc15d|979ffeada2bcc3fafc4935f7256cf566eee2270093bbccc6fc1f9843d40bc15d|24b95c5ece3d4bdf49887ee6e7f795038958c66c
bin/realpath/realpath.1|man1/realpath.1|bb502a2dc91d3253650d694c5b102302e9c285de4f5eff1a393f48128ab05f67|bb502a2dc91d3253650d694c5b102302e9c285de4f5eff1a393f48128ab05f67|90aea514c6249118e880d75972d063362f4bf492
bin/rm/rm.1|man1/rm.1|7a0c01242dd084bfacf8e5a1296b00a72ca4637ee9b441ec4faa567f78afdfe7|7a0c01242dd084bfacf8e5a1296b00a72ca4637ee9b441ec4faa567f78afdfe7|90aea514c6249118e880d75972d063362f4bf492
bin/rmdir/rmdir.1|man1/rmdir.1|291ca56d642beb216d187c5c4e5ceebba7cd950b056d3b9abb8d1288da73b8aa|291ca56d642beb216d187c5c4e5ceebba7cd950b056d3b9abb8d1288da73b8aa|6e1fc0118033f42b7c0d3623c8f67a89ebecabb2
bin/setfacl/setfacl.1|man1/setfacl.1|1a2d2fb9ee3d81621b3b0953d77af982de4de6a69c30a79add5c5743b2d8ecff|1a2d2fb9ee3d81621b3b0953d77af982de4de6a69c30a79add5c5743b2d8ecff|fa9896e082a1046ff4fbc75fcba4d18d1f2efc19
bin/sh/sh.1|man1/sh.1|ebc65b8157e834024c92eb4fd2aee8f626fd450f1f2824f409fb4fccfae9bdee|ebc65b8157e834024c92eb4fd2aee8f626fd450f1f2824f409fb4fccfae9bdee|50f1660ad831f1d7c4878eaeb20014f38d36a024
bin/sleep/sleep.1|man1/sleep.1|357c7d7441cf903932f0febb8d4d42720e31573b695354f5b290248e2b4f64ca|357c7d7441cf903932f0febb8d4d42720e31573b695354f5b290248e2b4f64ca|2295cae7e606d75016575927c3d8729745abb17a
bin/stty/stty.1|man1/stty.1|5212fcfa53608f332070dc4bfd25f29c7ea67dea2367ee27e3439f4aa69543f6|5212fcfa53608f332070dc4bfd25f29c7ea67dea2367ee27e3439f4aa69543f6|90aea514c6249118e880d75972d063362f4bf492
bin/test/test.1|man1/test.1|197cf89768a68cba6513f7bd45263ad9ab3b5beec85964c16108e04e96caeb16|197cf89768a68cba6513f7bd45263ad9ab3b5beec85964c16108e04e96caeb16|90aea514c6249118e880d75972d063362f4bf492
bin/timeout/timeout.1|man1/timeout.1|ec4279b1ad0b0e93fbd0047116a45b80714d2407892fd30b69148c3698902c4d|ec4279b1ad0b0e93fbd0047116a45b80714d2407892fd30b69148c3698902c4d|12ca9c6cb32967f3394cbca62e9d3a377965077d
bin/uuidgen/uuidgen.1|man1/uuidgen.1|f1e69105a5ac58d54b04040dfbc22e3a0aeb75d82ec020665fe20b0c70f60e14|f1e69105a5ac58d54b04040dfbc22e3a0aeb75d82ec020665fe20b0c70f60e14|abed9ab6eaad625ab9059d9799694876a4ae5b07
cddl/contrib/opensolaris/cmd/dtrace/dtrace.1|man1/dtrace.1|41b81bf3643f3dda7f5e87c13dd3debb94ac1a347a27fd64bf803dc4e588c88d|41b81bf3643f3dda7f5e87c13dd3debb94ac1a347a27fd64bf803dc4e588c88d|20fc2b332bd24a5e627079ac0dae148c76d81007
cddl/contrib/opensolaris/cmd/lockstat/lockstat.1|man1/lockstat.1|84435bd9cc0305e6acd8b1869882ca16487e700f20f023a175207f170e4e9470|84435bd9cc0305e6acd8b1869882ca16487e700f20f023a175207f170e4e9470|f53355131f65d64e7643d734dbcd4fb2a5de20ed
cddl/usr.bin/ctfconvert/ctfconvert.1|man1/ctfconvert.1|f2784528fe6a1816a4810bdd798cb7da9334bc4ece021f14e5ad75faa21442d7|f2784528fe6a1816a4810bdd798cb7da9334bc4ece021f14e5ad75faa21442d7|3fd42db26c3dd0882cf69c54850a59e79b027e33
cddl/usr.bin/ctfdump/ctfdump.1|man1/ctfdump.1|dafc3852261e508b9edd96ff24f3b1f2ae156c6346e6a060985bd572e89154e4|dafc3852261e508b9edd96ff24f3b1f2ae156c6346e6a060985bd572e89154e4|fa9896e082a1046ff4fbc75fcba4d18d1f2efc19
cddl/usr.bin/ctfmerge/ctfmerge.1|man1/ctfmerge.1|204a6b7c845c7a52cd09248f4698ff8bb807c61c62c1a06e139dcde447b80f51|204a6b7c845c7a52cd09248f4698ff8bb807c61c62c1a06e139dcde447b80f51|fa9896e082a1046ff4fbc75fcba4d18d1f2efc19
cddl/usr.sbin/dwatch/dwatch.1|man1/dwatch.1|ae702d481ab2552c4baf1e0f950a53727ca36d2ea810a35c71d02233f0960838|ae702d481ab2552c4baf1e0f950a53727ca36d2ea810a35c71d02233f0960838|7fbe9f370c319a71ac6adb0287389d419eb28ef4
cddl/usr.sbin/plockstat/plockstat.1|man1/plockstat.1|340e17d78b0b6b3c5fd70ff061d5f90c680c72f2804840923961937bd9d160a2|340e17d78b0b6b3c5fd70ff061d5f90c680c72f2804840923961937bd9d160a2|fa9896e082a1046ff4fbc75fcba4d18d1f2efc19
contrib/atf/atf-sh/atf-check.1|man1/atf-check.1|0cf36cc17045c7820d2647e2e37180671773de3641a73b0c7e5fd449d3d23c37|0cf36cc17045c7820d2647e2e37180671773de3641a73b0c7e5fd449d3d23c37|c203bd70b5957f85616424b6fa374479372d06e3
contrib/atf/atf-sh/atf-sh.1|man1/atf-sh.1|94201c5f7fae55cd937fcd19eea367d6451e02708479e6fc3fc319ee1b74d23d|94201c5f7fae55cd937fcd19eea367d6451e02708479e6fc3fc319ee1b74d23d|b93c1b1a3b046e4d36d85cb7265c25e19b793388
contrib/atf/doc/atf-test-program.1|man1/atf-test-program.1|4345092c9734875112ac7b104337af71c7dd67e29fac36e21a6924310424aad7|4345092c9734875112ac7b104337af71c7dd67e29fac36e21a6924310424aad7|0677dfd1c4dadb62482e2c72fa4c6720902128a4
contrib/bc/manuals/bc/A.1|man1/A.1|f7df3907d6edc03ca2b094017bf3fa8a351edd5dbd1c3b0fc7a0b909d78fcb88|f7df3907d6edc03ca2b094017bf3fa8a351edd5dbd1c3b0fc7a0b909d78fcb88|4c178fe36e01f84f3c65f6953cbe8dbe5b3fc908
contrib/bc/manuals/bc/E.1|man1/E.1|c9232b0228bf0c4f10f9e4979038588754fc425c8b8aa7b6fce3f849045a72be|c9232b0228bf0c4f10f9e4979038588754fc425c8b8aa7b6fce3f849045a72be|4c178fe36e01f84f3c65f6953cbe8dbe5b3fc908
contrib/bc/manuals/bc/EH.1|man1/EH.1|102bbed1d67e5f3563c2859d1062c3fd65177c3d0655bc3144eaa74bd36c3162|102bbed1d67e5f3563c2859d1062c3fd65177c3d0655bc3144eaa74bd36c3162|4c178fe36e01f84f3c65f6953cbe8dbe5b3fc908
contrib/bc/manuals/bc/EHN.1|man1/EHN.1|666ac2631b97733a83a4ef0b95b7e3f075f9adc97e57c6e33c9c71ef414ee105|666ac2631b97733a83a4ef0b95b7e3f075f9adc97e57c6e33c9c71ef414ee105|4c178fe36e01f84f3c65f6953cbe8dbe5b3fc908
contrib/bc/manuals/bc/EN.1|man1/EN.1|c434f1b45607465f35acb5fef7d0b38d37c1114e760515ce7d9cfb647410b657|c434f1b45607465f35acb5fef7d0b38d37c1114e760515ce7d9cfb647410b657|4c178fe36e01f84f3c65f6953cbe8dbe5b3fc908
contrib/bc/manuals/bc/H.1|man1/H.1|d49c36a541682539ef4154ff844cbb5855da9ce044a7a435156ce30d119eead1|d49c36a541682539ef4154ff844cbb5855da9ce044a7a435156ce30d119eead1|4c178fe36e01f84f3c65f6953cbe8dbe5b3fc908
contrib/bc/manuals/bc/HN.1|man1/HN.1|0d0ddf230b2cc06f64547ecc9055ab3b8349a231e0e7c74bef6998a7901d4461|0d0ddf230b2cc06f64547ecc9055ab3b8349a231e0e7c74bef6998a7901d4461|4c178fe36e01f84f3c65f6953cbe8dbe5b3fc908
contrib/bc/manuals/bc/N.1|man1/N.1|7bae3cd90a095c86b9302dd972d0f9b55fedfe8cca1020499190b6b554feaa6c|7bae3cd90a095c86b9302dd972d0f9b55fedfe8cca1020499190b6b554feaa6c|4c178fe36e01f84f3c65f6953cbe8dbe5b3fc908
contrib/bc/manuals/dc/A.1|man1/A.1|6f39ac1a75a4a45b06684c2df04e1e4fe4a6c70bbdf68f9754275aefeef92874|6f39ac1a75a4a45b06684c2df04e1e4fe4a6c70bbdf68f9754275aefeef92874|4c178fe36e01f84f3c65f6953cbe8dbe5b3fc908
contrib/bc/manuals/dc/E.1|man1/E.1|66cf1aa29900964872375902ed463baecd9ab80a887642652c81f0186666bb47|66cf1aa29900964872375902ed463baecd9ab80a887642652c81f0186666bb47|4c178fe36e01f84f3c65f6953cbe8dbe5b3fc908
contrib/bc/manuals/dc/EH.1|man1/EH.1|3d6555ad544b0b8fd0f2d9b120000eeb1bcfa62d601e12465043c60cd215f75f|3d6555ad544b0b8fd0f2d9b120000eeb1bcfa62d601e12465043c60cd215f75f|4c178fe36e01f84f3c65f6953cbe8dbe5b3fc908
contrib/bc/manuals/dc/EHN.1|man1/EHN.1|1fe6acd533ac8bc7493cdcc77e10f70c7505671e896faff2973eb9e7b85078f2|1fe6acd533ac8bc7493cdcc77e10f70c7505671e896faff2973eb9e7b85078f2|4c178fe36e01f84f3c65f6953cbe8dbe5b3fc908
contrib/bc/manuals/dc/EN.1|man1/EN.1|2e9502cfc2389061a53856efff1f941d762210318f59d56f8879a1acaa050a4d|2e9502cfc2389061a53856efff1f941d762210318f59d56f8879a1acaa050a4d|4c178fe36e01f84f3c65f6953cbe8dbe5b3fc908
contrib/bc/manuals/dc/H.1|man1/H.1|5ddd9f0145bd76e3ffd7dbfecb48ab27825c4682bcc7aac8c5dd534b30589363|5ddd9f0145bd76e3ffd7dbfecb48ab27825c4682bcc7aac8c5dd534b30589363|4c178fe36e01f84f3c65f6953cbe8dbe5b3fc908
contrib/bc/manuals/dc/HN.1|man1/HN.1|df8009b10e194f30822b635c97113b1d71785fbe9a9386d9434fb8523f68709b|df8009b10e194f30822b635c97113b1d71785fbe9a9386d9434fb8523f68709b|4c178fe36e01f84f3c65f6953cbe8dbe5b3fc908
contrib/bc/manuals/dc/N.1|man1/N.1|c59bde85323eba5f19831727c2d4685e209164d54d206269f9f3a92283ead5d5|c59bde85323eba5f19831727c2d4685e209164d54d206269f9f3a92283ead5d5|4c178fe36e01f84f3c65f6953cbe8dbe5b3fc908
contrib/bmake/bmake.1|man1/bmake.1|9fbf647d0b5a54890117327dfc00308f9e3b0a40175cc31cfce69a31d8c68453|9fbf647d0b5a54890117327dfc00308f9e3b0a40175cc31cfce69a31d8c68453|11aa32794394d3300b8a7f51ab00006a36987060
contrib/bmake/make.1|man1/make.1|da5c7f3b5e46ef96725af3611505c14045bd461467211c4b4a34aca9d9fa1a3c|da5c7f3b5e46ef96725af3611505c14045bd461467211c4b4a34aca9d9fa1a3c|11aa32794394d3300b8a7f51ab00006a36987060
contrib/bsddialog/utility/bsddialog.1|man1/bsddialog.1|af7618b68569401a8a0947097b003bbed1e75f294f2ce93ad299ce284cc056be|af7618b68569401a8a0947097b003bbed1e75f294f2ce93ad299ce284cc056be|aa2fe36f5e4b3b907af2ea94945ae9cab7263d0c
contrib/bsnmp/gensnmpdef/gensnmpdef.1|man1/gensnmpdef.1|bf652f3e132dd5ff585a786e5703584262dc6a8eecac63becb248dc3a81265bd|bf652f3e132dd5ff585a786e5703584262dc6a8eecac63becb248dc3a81265bd|e1d581b289848ffa97c452756dc52d45efb68a01
contrib/bsnmp/gensnmptree/gensnmptree.1|man1/gensnmptree.1|c814420483a9921953d26522932ad076f7216e5a25daeded87c4097898179ce2|c814420483a9921953d26522932ad076f7216e5a25daeded87c4097898179ce2|4ac8f4067096a9d4a00e41cd53bd5c4fa295fd15
contrib/bsnmp/snmpd/bsnmpd.1|man1/bsnmpd.1|a5c6fc557c885512f233497362ffa0d57b9a249e50a2c100bc74236db8857639|a5c6fc557c885512f233497362ffa0d57b9a249e50a2c100bc74236db8857639|9ea0bf43e58287466ad183fe758a01498ede4259
contrib/byacc/yacc.1|man1/yacc.1|22de5f75cadccb46c93f41ee2c1edab7a7e7b81051334257e005fbbbfee8a4da|22de5f75cadccb46c93f41ee2c1edab7a7e7b81051334257e005fbbbfee8a4da|822ca3276345b4a67ccbc9b54616d8b205fd37f2
contrib/bzip2/bzip2.1|man1/bzip2.1|396f0caae5a6d108e6315298e76f64723b5e6bfd090869862260035c8c60fab3|396f0caae5a6d108e6315298e76f64723b5e6bfd090869862260035c8c60fab3|51f61fc0c7ece7a30c737341e65455841bc3f04e
contrib/com_err/compile_et.1|man1/compile_et.1|95ab8b4ab558d03c3611385203316940f31413fe0ea08cb4d1a834df15edd568|95ab8b4ab558d03c3611385203316940f31413fe0ea08cb4d1a834df15edd568|aa12cea2ccc6e686d6d31cf67d6bc69cbc1ba744
contrib/dialog/dialog.1|man1/dialog.1|389c3ca672deb402d7ff0961d63a0ac2f02e99c524bc75b3c9116f5b916098f2|389c3ca672deb402d7ff0961d63a0ac2f02e99c524bc75b3c9116f5b916098f2|a96ef4501919d7ac08e94e98dc34b0bdd744802b
contrib/diff/man/cmp.1|man1/cmp.1|9d777c0bbe51abd4d6d92adff3908c2ad349ef0f50f48109809f7d5c874f231f|9d777c0bbe51abd4d6d92adff3908c2ad349ef0f50f48109809f7d5c874f231f|18fd37a72c3a7549d2d4f6c6ea00bdcd2bdaca01
contrib/diff/man/diff.1|man1/diff.1|59619786650a769ec2826dc6cad8294b541ca9fecd51114906b34fe3b900f1df|59619786650a769ec2826dc6cad8294b541ca9fecd51114906b34fe3b900f1df|18fd37a72c3a7549d2d4f6c6ea00bdcd2bdaca01
contrib/diff/man/diff3.1|man1/diff3.1|9ccabb2a40355929413320c2fae76db8812a8793c49cfbd163c1e10c37b0ccac|9ccabb2a40355929413320c2fae76db8812a8793c49cfbd163c1e10c37b0ccac|998db43a8d31330a111205a1bba9707883de8610
contrib/diff/man/sdiff.1|man1/sdiff.1|930d853f4ec680cc60696b42244c6d361dcb8cb1fc7983840dfc7d65a05aa134|930d853f4ec680cc60696b42244c6d361dcb8cb1fc7983840dfc7d65a05aa134|18fd37a72c3a7549d2d4f6c6ea00bdcd2bdaca01
contrib/ee/ee.1|man1/ee.1|c75ab5c8ad54d6d3b9c0b28de5a1d7ee9a8af953a19db919f6b76e6fea06598e|c75ab5c8ad54d6d3b9c0b28de5a1d7ee9a8af953a19db919f6b76e6fea06598e|6580cc162dd5297b520fe1be21579bc787974ffb
contrib/elftoolchain/addr2line/addr2line.1|man1/addr2line.1|5b2498976159be2ac73262e1bad38144001aa8e51dc21ea558b2b312a8f8c9df|5b2498976159be2ac73262e1bad38144001aa8e51dc21ea558b2b312a8f8c9df|ae500c1ff8974130f7f2692772cf288b90349e0d
contrib/elftoolchain/ar/ar.1|man1/ar.1|4580ea21d5d99301f91802853b45202bda78b20775f6350b430113f9a901a44c|4580ea21d5d99301f91802853b45202bda78b20775f6350b430113f9a901a44c|ae500c1ff8974130f7f2692772cf288b90349e0d
contrib/elftoolchain/ar/ranlib.1|man1/ranlib.1|ccedff617c7066943148d85f61a45569f32891121599e80c4625f03b5aaea12c|ccedff617c7066943148d85f61a45569f32891121599e80c4625f03b5aaea12c|ae500c1ff8974130f7f2692772cf288b90349e0d
contrib/elftoolchain/brandelf/brandelf.1|man1/brandelf.1|f90e477636f0c2660b9a56e19cf00a805e036bc9bc3d365ca01d55f3b8b3991d|f90e477636f0c2660b9a56e19cf00a805e036bc9bc3d365ca01d55f3b8b3991d|656f49f8e2b0656824a5f10aeb760a00fdd3753f
contrib/elftoolchain/cxxfilt/c++filt.1|man1/c++filt.1|0f0bf096a8a5d2abe2718f125149689862faf8035766c8ee77e138caf06596c8|0f0bf096a8a5d2abe2718f125149689862faf8035766c8ee77e138caf06596c8|ae500c1ff8974130f7f2692772cf288b90349e0d
contrib/elftoolchain/elfcopy/elfcopy.1|man1/elfcopy.1|f37e6a638a924237f7dc12cb3647cfa48dd7b0a6078f4dc9c39d0334a70eb4c0|f37e6a638a924237f7dc12cb3647cfa48dd7b0a6078f4dc9c39d0334a70eb4c0|ae500c1ff8974130f7f2692772cf288b90349e0d
contrib/elftoolchain/elfcopy/mcs.1|man1/mcs.1|caf12eedb536b6250f461fc1dd54a21461c990e79b73cf9e657e8405383f383e|caf12eedb536b6250f461fc1dd54a21461c990e79b73cf9e657e8405383f383e|ae500c1ff8974130f7f2692772cf288b90349e0d
contrib/elftoolchain/elfcopy/strip.1|man1/strip.1|47ddea6087e17da8cb1416c5615c31cd407822d0888d8ab59c1599211e838866|47ddea6087e17da8cb1416c5615c31cd407822d0888d8ab59c1599211e838866|36d7818975359fd2aacb19e4f9442a841dc954bb
contrib/elftoolchain/elfdump/elfdump.1|man1/elfdump.1|da1bd0b1328e1c12757869990dd370d788dd9130ffc2f16e97055fd092a95e17|da1bd0b1328e1c12757869990dd370d788dd9130ffc2f16e97055fd092a95e17|656f49f8e2b0656824a5f10aeb760a00fdd3753f
contrib/elftoolchain/nm/nm.1|man1/nm.1|530e09c03140f1c4dad776c9490ba4c5f9efacb1565f6eb7561d139f38d59c0e|530e09c03140f1c4dad776c9490ba4c5f9efacb1565f6eb7561d139f38d59c0e|ae500c1ff8974130f7f2692772cf288b90349e0d
contrib/elftoolchain/readelf/readelf.1|man1/readelf.1|b1ae6b821bcc7d8e5c14df3553c4623b86a9ff7de2e06992a40008f1290f4a06|b1ae6b821bcc7d8e5c14df3553c4623b86a9ff7de2e06992a40008f1290f4a06|deef4b8ce8ba7292fe5088bf9f6d4e2e35662fe8
contrib/elftoolchain/size/size.1|man1/size.1|dfe8585ffa19b70d73b2b9b41cbfc6adc95bc61e20cf986c1f568b540dad0a68|dfe8585ffa19b70d73b2b9b41cbfc6adc95bc61e20cf986c1f568b540dad0a68|b00fe64f4acfe315181f65999af16e9a7bdc600b
contrib/elftoolchain/strings/strings.1|man1/strings.1|c6e2ed0bef8a566b63ee627c5adbc3fc475869cf8f65a868452d7aed58d6a93d|c6e2ed0bef8a566b63ee627c5adbc3fc475869cf8f65a868452d7aed58d6a93d|839529caa9c35f92b638dbe074655598e7a6bb6f
contrib/expat/doc/xmlwf.1|man1/xmlwf.1|0a8e4d38baf4d6ac994e17bf30e47497570d76fe09c3de5af2ab6dbe28ce4652|0a8e4d38baf4d6ac994e17bf30e47497570d76fe09c3de5af2ab6dbe28ce4652|0b94911946e96001963a4ef9222cf117e8d8d4bd
contrib/ldns-host/ldns-host.1|man1/ldns-host.1|e0c7f654193234e1066cd0a018821fcf8a9910fc8a9e8f7a991d7294306efb2b|e0c7f654193234e1066cd0a018821fcf8a9910fc8a9e8f7a991d7294306efb2b|3f68b24e10aeb1a1cd85f2d349da44138d52c501
contrib/ldns/drill/drill.1|man1/drill.1|c4076ed4d7651a734446d6eb8613b966e23443973fd2545a964882a8de91a5b3|c4076ed4d7651a734446d6eb8613b966e23443973fd2545a964882a8de91a5b3|986ba33c7a3bc8f5ba13c7a9d6512602f6e32c61
contrib/ldns/packaging/ldns-config.1|man1/ldns-config.1|ddb92b0a629adb7fd38a551b4d8087a5d3f6fcec5c8d012c3ff14141eddf3730|ddb92b0a629adb7fd38a551b4d8087a5d3f6fcec5c8d012c3ff14141eddf3730|986ba33c7a3bc8f5ba13c7a9d6512602f6e32c61
contrib/libarchive/cat/bsdcat.1|man1/bsdcat.1|604e2e140654e602a79341244664490415719ee7cbd3d077e69b3b079142acac|604e2e140654e602a79341244664490415719ee7cbd3d077e69b3b079142acac|bd66c1b43e33540205dbc1187c2f2a15c58b57ba
contrib/libarchive/cpio/bsdcpio.1|man1/bsdcpio.1|36ac9b490ecfaf92ab939f6f24b30f941cb5c25e16be2d5a3f0e96d2dfc7bcb4|36ac9b490ecfaf92ab939f6f24b30f941cb5c25e16be2d5a3f0e96d2dfc7bcb4|bd66c1b43e33540205dbc1187c2f2a15c58b57ba
contrib/libarchive/tar/bsdtar.1|man1/bsdtar.1|e7efc124af2d9c47214a69dfb403ffb168a741bf279620c912df25b48a6a9cf7|e7efc124af2d9c47214a69dfb403ffb168a741bf279620c912df25b48a6a9cf7|2e113ef82465598b8c26e0ca415fbe90677fbd47
contrib/libarchive/unzip/bsdunzip.1|man1/bsdunzip.1|21887322e9c5a9d103bdd58ea714f3983e5b17c86d57b2aec96ec4678cf18a3d|21887322e9c5a9d103bdd58ea714f3983e5b17c86d57b2aec96ec4678cf18a3d|bd66c1b43e33540205dbc1187c2f2a15c58b57ba
contrib/libder/derdump/derdump.1|man1/derdump.1|7fd66f6064cf0954b64c051eb4b80cb2cfa9ec2a0d235b3310428201c811e7ce|7fd66f6064cf0954b64c051eb4b80cb2cfa9ec2a0d235b3310428201c811e7ce|35c0a8c449fd2b7f75029ebed5e10852240f0865
contrib/libdiff/man/diff.1|man1/diff.1|84118d0d9dc2304172f2176d510a6ac84ca06d6fe6cd3aff941198fa9fd983e9|84118d0d9dc2304172f2176d510a6ac84ca06d6fe6cd3aff941198fa9fd983e9|59c8e88e72633afbc47a4ace0d2170d00d51f7dc
contrib/libfido2/man/fido2-assert.1|man1/fido2-assert.1|862471d5f0c92ae11adc09493fee3bff1230b606988df0c92cabbe512c8f242c|862471d5f0c92ae11adc09493fee3bff1230b606988df0c92cabbe512c8f242c|a54428834b9d82e9e297664d21b84993a491da0d
contrib/libfido2/man/fido2-cred.1|man1/fido2-cred.1|2f2a19722e74ec3ca7f320361209410cf93dcf79180bda0dc921a5bbb7e6e7cd|2f2a19722e74ec3ca7f320361209410cf93dcf79180bda0dc921a5bbb7e6e7cd|a54428834b9d82e9e297664d21b84993a491da0d
contrib/libfido2/man/fido2-token.1|man1/fido2-token.1|58926ec8838295598c66049d77515e1455574919443a58499940d7f2c50ec63d|58926ec8838295598c66049d77515e1455574919443a58499940d7f2c50ec63d|2ccfa855b2fc331819953e3de1b1c15ce5b95a7e
contrib/libpcap/pcap-config.1|man1/pcap-config.1|ce055bc5eac57796c0722c40bfc9bd46b6bb41e8b91c82403769dd4ca9f73083|ce055bc5eac57796c0722c40bfc9bd46b6bb41e8b91c82403769dd4ca9f73083|afdbf109c6a661a729938f68211054a0a50d38ac
contrib/libxo/xo/xo.1|man1/xo.1|0fd51437369d2addbf4ab36b0e2141cf4451a8ec1a89f22f7a10152e843daea1|0fd51437369d2addbf4ab36b0e2141cf4451a8ec1a89f22f7a10152e843daea1|34b867ca30479cec104fd069178df294f8ea35f1
contrib/libxo/xohtml/xohtml.1|man1/xohtml.1|2279f67d137888673591cfced5bc93749c10fac4babd064097411f173a47679c|2279f67d137888673591cfced5bc93749c10fac4babd064097411f173a47679c|fd5e3f3ec6c6248e892c9e7b2f17da3bfe7b6837
contrib/libxo/xolint/xolint.1|man1/xolint.1|5dc9e607257af8ac133c17d946f5741dfac644de14714668acfc6e3f0d7549b0|5dc9e607257af8ac133c17d946f5741dfac644de14714668acfc6e3f0d7549b0|fd5e3f3ec6c6248e892c9e7b2f17da3bfe7b6837
contrib/libxo/xopo/xopo.1|man1/xopo.1|3dee6d4401acbfa2d7df62b0e958cb86bbf3c16948276b3e7ef9216cd2786444|3dee6d4401acbfa2d7df62b0e958cb86bbf3c16948276b3e7ef9216cd2786444|fd5e3f3ec6c6248e892c9e7b2f17da3bfe7b6837
contrib/llvm-project/lld/docs/ld.lld.1|man1/ld.lld.1|55a050dd5b511c5877fe569e12395b3eb60f6ec1ba2dce87a0804deca2e2f437|55a050dd5b511c5877fe569e12395b3eb60f6ec1ba2dce87a0804deca2e2f437|0fca6ea1d4eea4c934cfff25ac9ee8ad6fe95583
contrib/lua/doc/lua.1|man1/lua.1|aba7788e9d9d3050ff57c3fc40047d46d79b83baa66507572b36c43c3b7534d5|aba7788e9d9d3050ff57c3fc40047d46d79b83baa66507572b36c43c3b7534d5|3068d706eabe99f930fb01d3cbfd74ff1f0eb5a2
contrib/lua/doc/luac.1|man1/luac.1|09bb1187e9397981ed1c4b75c7441cd0796bed1ed5f42f94a29542495700faf6|09bb1187e9397981ed1c4b75c7441cd0796bed1ed5f42f94a29542495700faf6|8e3e3a7ae841ccf6f6ac30a2eeab85df5d7f04bc
contrib/mandoc/apropos.1|man1/apropos.1|448e419afe55cea5b4a4d8eaf964f9dee7dabc0983992da8f18d0082bf641ff0|448e419afe55cea5b4a4d8eaf964f9dee7dabc0983992da8f18d0082bf641ff0|6d38604fc532a3fc060788e3ce40464b46047eaf
contrib/mandoc/demandoc.1|man1/demandoc.1|51d0b383346f0719e349c736518903aef61b9cfa9d07d2f318eb9728ec84d6d6|51d0b383346f0719e349c736518903aef61b9cfa9d07d2f318eb9728ec84d6d6|c1c95add8c80843ba15d784f95c361d795b1f593
contrib/mandoc/man.1|man1/man.1|b7b293ddcc5e05feb5208c577a9da44ac1f76a3e19b2fc5958695496dd15a846|b7b293ddcc5e05feb5208c577a9da44ac1f76a3e19b2fc5958695496dd15a846|80c12959679ab203459dc20eb9ece3a7328b7de5
contrib/mandoc/man.options.1|man1/man.options.1|12296b6c2d2d1a6833312db404581fa844a499123ba28a1ec6dfe70c041be200|12296b6c2d2d1a6833312db404581fa844a499123ba28a1ec6dfe70c041be200|955d9b0a1093131ac18d57d2764ee716fd428dd9
contrib/mandoc/mandoc.1|man1/mandoc.1|147411cc9ef2cdb7aeef8b70f0908ff7b67c2987c0539a564f1b73b5b32df0af|147411cc9ef2cdb7aeef8b70f0908ff7b67c2987c0539a564f1b73b5b32df0af|955d9b0a1093131ac18d57d2764ee716fd428dd9
contrib/mandoc/soelim.1|man1/soelim.1|c17eafe7897039f5da44abfe7c5b11209ef07b59695662260d3e9d38999dfaf0|c17eafe7897039f5da44abfe7c5b11209ef07b59695662260d3e9d38999dfaf0|61d06d6bd19dafe8ea971dd43e8328fa1b473456
contrib/ncurses/man/clear.1|man1/clear.1|1f62bfeebec95375600c5455113bd360e1f006b0e65f9e9a3fca6f124c035ca3|1f62bfeebec95375600c5455113bd360e1f006b0e65f9e9a3fca6f124c035ca3|297d5bf8906776137aeac82e48ca2e87944d95b7
contrib/ncurses/man/tabs.1|man1/tabs.1|420080b42721c277703c8d95c256949b430ce3b917fadd321168c27e9f5c6165|420080b42721c277703c8d95c256949b430ce3b917fadd321168c27e9f5c6165|297d5bf8906776137aeac82e48ca2e87944d95b7
contrib/ncurses/man/tput.1|man1/tput.1|7d7b374e9b27f85fba996f811863e42a7953f79f3646cd0d3d61160f6adcb1ae|7d7b374e9b27f85fba996f811863e42a7953f79f3646cd0d3d61160f6adcb1ae|297d5bf8906776137aeac82e48ca2e87944d95b7
contrib/ncurses/man/tset.1|man1/tset.1|b3a41302cade598519779597eb9013086a2182072af5af311c02329256af58ef|b3a41302cade598519779597eb9013086a2182072af5af311c02329256af58ef|297d5bf8906776137aeac82e48ca2e87944d95b7
contrib/netcat/nc.1|man1/nc.1|3bd339d3b31b476d22d056a20c3c4defd71112ae48adc5866b0c1c8891d3936d|3bd339d3b31b476d22d056a20c3c4defd71112ae48adc5866b0c1c8891d3936d|6d3d1fc3a30453be19831f79399bcba0ae822ad1
contrib/nvi/man/vi.1|man1/vi.1|6b2f5a19e1eacc10261ffeb339c9522dbdba15e48e6a9f4f2d002d81ce218b61|6b2f5a19e1eacc10261ffeb339c9522dbdba15e48e6a9f4f2d002d81ce218b61|4087ffdbce725367566bc3fc60a959292daac99d
contrib/ofed/libibverbs/man/ibv_asyncwatch.1|man1/ibv_asyncwatch.1|5b60e85087acabbd8c048ccfe1ea467e8d885b820698fb6fd3e540f7f5ffe484|5b60e85087acabbd8c048ccfe1ea467e8d885b820698fb6fd3e540f7f5ffe484|d6b92ffa990dc57d8a969a98e3ca4e25ba39cbb2
contrib/ofed/libibverbs/man/ibv_devices.1|man1/ibv_devices.1|6e6b2397342574c8928d482cd62a5217d1f1c8b9c7c414087b815d62acea69a2|6e6b2397342574c8928d482cd62a5217d1f1c8b9c7c414087b815d62acea69a2|d6b92ffa990dc57d8a969a98e3ca4e25ba39cbb2
contrib/ofed/libibverbs/man/ibv_devinfo.1|man1/ibv_devinfo.1|7a2135019118ef5956740547c31b557b23ca829932497cb4174069c497f2ffa8|7a2135019118ef5956740547c31b557b23ca829932497cb4174069c497f2ffa8|d6b92ffa990dc57d8a969a98e3ca4e25ba39cbb2
contrib/ofed/libibverbs/man/ibv_rc_pingpong.1|man1/ibv_rc_pingpong.1|aa393e9947b9aec13366b932dc203af44d0d5cc6b08bf8190984f917cb1e9d4f|aa393e9947b9aec13366b932dc203af44d0d5cc6b08bf8190984f917cb1e9d4f|d6b92ffa990dc57d8a969a98e3ca4e25ba39cbb2
contrib/ofed/libibverbs/man/ibv_srq_pingpong.1|man1/ibv_srq_pingpong.1|8d2a6f301c76e4c2d1b9943d4bcd5c46a5fd7bb91af665dca7aba78756501e01|8d2a6f301c76e4c2d1b9943d4bcd5c46a5fd7bb91af665dca7aba78756501e01|d6b92ffa990dc57d8a969a98e3ca4e25ba39cbb2
contrib/ofed/libibverbs/man/ibv_uc_pingpong.1|man1/ibv_uc_pingpong.1|7ce11c3a45fa16a9085998f4b48e0679007aba5cb0a2ed09c9dcdbd0a428c6cf|7ce11c3a45fa16a9085998f4b48e0679007aba5cb0a2ed09c9dcdbd0a428c6cf|d6b92ffa990dc57d8a969a98e3ca4e25ba39cbb2
contrib/ofed/libibverbs/man/ibv_ud_pingpong.1|man1/ibv_ud_pingpong.1|0842ffdc8d916b1383892bf2730da63a97921ed764238a942e836a332d95bda1|0842ffdc8d916b1383892bf2730da63a97921ed764238a942e836a332d95bda1|d6b92ffa990dc57d8a969a98e3ca4e25ba39cbb2
contrib/ofed/libibverbs/man/ibv_xsrq_pingpong.1|man1/ibv_xsrq_pingpong.1|28a1ccb477b0926d3e47d985b2d9dd671bc3e43b7118195591100b7f5e2341fa|28a1ccb477b0926d3e47d985b2d9dd671bc3e43b7118195591100b7f5e2341fa|d6b92ffa990dc57d8a969a98e3ca4e25ba39cbb2
contrib/ofed/librdmacm/man/cmtime.1|man1/cmtime.1|5987fca99055f6f217a6db529a1f9b7792d87ba8ab897dd9d0e1d788b2fab36b|5987fca99055f6f217a6db529a1f9b7792d87ba8ab897dd9d0e1d788b2fab36b|d6b92ffa990dc57d8a969a98e3ca4e25ba39cbb2
contrib/ofed/librdmacm/man/mckey.1|man1/mckey.1|92e6db13084bd368993d638e30351accaa12464229840a71461090eded2d20d8|92e6db13084bd368993d638e30351accaa12464229840a71461090eded2d20d8|d6b92ffa990dc57d8a969a98e3ca4e25ba39cbb2
contrib/ofed/librdmacm/man/rcopy.1|man1/rcopy.1|eca91a28d7507d540e15ad6dc4962d337a320157e5eef2bde1a1d972ae4899b8|eca91a28d7507d540e15ad6dc4962d337a320157e5eef2bde1a1d972ae4899b8|d6b92ffa990dc57d8a969a98e3ca4e25ba39cbb2
contrib/ofed/librdmacm/man/rdma_client.1|man1/rdma_client.1|d1a2584bd2bd17f13b11f9a81098112d4029d2f29370217256a96b0e309be5ed|d1a2584bd2bd17f13b11f9a81098112d4029d2f29370217256a96b0e309be5ed|d6b92ffa990dc57d8a969a98e3ca4e25ba39cbb2
contrib/ofed/librdmacm/man/rdma_server.1|man1/rdma_server.1|c78654676a38cf08d1fdf40617e7b1fae86574ff605ba5405b6871770ea8af55|c78654676a38cf08d1fdf40617e7b1fae86574ff605ba5405b6871770ea8af55|d6b92ffa990dc57d8a969a98e3ca4e25ba39cbb2
contrib/ofed/librdmacm/man/rdma_xclient.1|man1/rdma_xclient.1|c6ca21e77a87d5a3ca5f959d65cda0347b19a2d795efa8df1a8dabdc969dc9ee|c6ca21e77a87d5a3ca5f959d65cda0347b19a2d795efa8df1a8dabdc969dc9ee|d6b92ffa990dc57d8a969a98e3ca4e25ba39cbb2
contrib/ofed/librdmacm/man/rdma_xserver.1|man1/rdma_xserver.1|a7af44d16707e287bf487d4a03c9ba62e4c7ce94da9fe0440820291f772a3f07|a7af44d16707e287bf487d4a03c9ba62e4c7ce94da9fe0440820291f772a3f07|d6b92ffa990dc57d8a969a98e3ca4e25ba39cbb2
contrib/ofed/librdmacm/man/riostream.1|man1/riostream.1|85df7cd22b6626f4e3dccf0effe05dec31be6513ecf1ace50e6dd0e4b10384bc|85df7cd22b6626f4e3dccf0effe05dec31be6513ecf1ace50e6dd0e4b10384bc|d6b92ffa990dc57d8a969a98e3ca4e25ba39cbb2
contrib/ofed/librdmacm/man/rping.1|man1/rping.1|80e6c1a0b6a0136d87440e1863ce2603e6cdbe2282209fb5a89b0639f380176a|80e6c1a0b6a0136d87440e1863ce2603e6cdbe2282209fb5a89b0639f380176a|d6b92ffa990dc57d8a969a98e3ca4e25ba39cbb2
contrib/ofed/librdmacm/man/rstream.1|man1/rstream.1|0b898d5d105f4d9bd49d2ccbbd5a268dd98438af7a908305319097d1bb325575|0b898d5d105f4d9bd49d2ccbbd5a268dd98438af7a908305319097d1bb325575|d6b92ffa990dc57d8a969a98e3ca4e25ba39cbb2
contrib/ofed/librdmacm/man/ucmatose.1|man1/ucmatose.1|2e30018823c5aa9fb9bd0a4703602f264d7535c63bd1c45a155dd742002646a4|2e30018823c5aa9fb9bd0a4703602f264d7535c63bd1c45a155dd742002646a4|d6b92ffa990dc57d8a969a98e3ca4e25ba39cbb2
contrib/ofed/librdmacm/man/udaddy.1|man1/udaddy.1|461932ba38f5c7aa42c51919f012c4aa1947c20453378843a453f8f50f4bca69|461932ba38f5c7aa42c51919f012c4aa1947c20453378843a453f8f50f4bca69|d6b92ffa990dc57d8a969a98e3ca4e25ba39cbb2
contrib/ofed/librdmacm/man/udpong.1|man1/udpong.1|45759356a062b89971a759e5724e5a93d3f86a423dd003c1600a506757866116|45759356a062b89971a759e5724e5a93d3f86a423dd003c1600a506757866116|d6b92ffa990dc57d8a969a98e3ca4e25ba39cbb2
contrib/one-true-awk/awk.1|man1/awk.1|743dee3c3bba4847553c70c344237305d3b6276b53d6fdf92eb112b79fb334a1|743dee3c3bba4847553c70c344237305d3b6276b53d6fdf92eb112b79fb334a1|eb690a0576e8cf5412124477eace3bb765068c3d
contrib/openbsm/bin/auditreduce/auditreduce.1|man1/auditreduce.1|9ab241aa13a66168a4cbdd3d65bc341c7e0162e775020b09f2d913c8e961c5a1|9ab241aa13a66168a4cbdd3d65bc341c7e0162e775020b09f2d913c8e961c5a1|71f8f48356585b1777d5d6a940c86f810bd20c6a
contrib/openbsm/bin/praudit/praudit.1|man1/praudit.1|a1cd57e952029d663e14013c78f819b76b27194c42e3bb67adae2338124fcd67|a1cd57e952029d663e14013c78f819b76b27194c42e3bb67adae2338124fcd67|6f3d7c0ea8941c53c455d060b6ece34e55c5871d
contrib/openpam/bin/pamtest/pamtest.1|man1/pamtest.1|70c255057079de34c8ec606c0f494b59ae58e27f554692280a1ea4fd58b52465|70c255057079de34c8ec606c0f494b59ae58e27f554692280a1ea4fd58b52465|45538173c120eadca115fd7e56c657905bf73771
contrib/openpam/bin/su/su.1|man1/su.1|3672f014ecd201cd0b5c1a6fe532d2c2258744a1271965ef986a1e281beb7159|3672f014ecd201cd0b5c1a6fe532d2c2258744a1271965ef986a1e281beb7159|45538173c120eadca115fd7e56c657905bf73771
contrib/sendmail/src/mailq.1|man1/mailq.1|2e9657e567341cad7fc317e7b62788c392cd732d6c92f047c8bad94bbde63b09|2e9657e567341cad7fc317e7b62788c392cd732d6c92f047c8bad94bbde63b09|2fb4f839f3fc72ce2bab12f9ba4760f97f73e97f
contrib/sendmail/src/newaliases.1|man1/newaliases.1|59e9e2cc41de375910cc543f1de859f7cc2c1890453818c6d058c7c30f94072b|59e9e2cc41de375910cc543f1de859f7cc2c1890453818c6d058c7c30f94072b|e504946ee119c4bd3940bea798bd47e85b0a25d0
contrib/sendmail/vacation/vacation.1|man1/vacation.1|329f4da68d7088ddb24eed9a3830f7ccaed3d3fe18357213061caced2f31c694|329f4da68d7088ddb24eed9a3830f7ccaed3d3fe18357213061caced2f31c694|d39bd2c1388b520fcba9abed1932acacead60fba
contrib/smbfs/smbutil/smbutil.1|man1/smbutil.1|024c7eb9783b84b8e18bae88c2f7e138928982cbc9e02a1f9f9150968b6285a0|024c7eb9783b84b8e18bae88c2f7e138928982cbc9e02a1f9f9150968b6285a0|dddf29712f38ba1d804c02bcfd02d24098ae48b0
contrib/sqlite3/sqlite3.1|man1/sqlite3.1|fce028b10c38bf5d90f7e5cc913c3aad97ca032d004a45c5dfca8c127d0d73b8|fce028b10c38bf5d90f7e5cc913c3aad97ca032d004a45c5dfca8c127d0d73b8|ec994981447e8a974426660b5071bc405280af73
contrib/telnet/telnet/telnet.1|man1/telnet.1|aa6c0de0d7ebb1f5a39c55b0d39712c338a63027baeaaded6e88381acc5d7fef|aa6c0de0d7ebb1f5a39c55b0d39712c338a63027baeaaded6e88381acc5d7fef|d2e0204ec0ace5a65e688a35a960e949624f3cb2
contrib/tnftp/src/ftp.1|man1/ftp.1|4ba00e9acd642e835db0f057ba50f6b14dc12d5dddf0cdb731a7fbc040e259f1|4ba00e9acd642e835db0f057ba50f6b14dc12d5dddf0cdb731a7fbc040e259f1|259bb93b80c0881a2b089e2836d92334477f09ef
contrib/ts/ts.1|man1/ts.1|2b0338a1ba952afdb4f30b8f3f0fee5b3a65c58bc6831239e68217dce9c22719|2b0338a1ba952afdb4f30b8f3f0fee5b3a65c58bc6831239e68217dce9c22719|3d516b853179b9cc02d358410ef9b64c593022ce
contrib/tzcode/date.1|man1/date.1|21bd99211264aa1fd64d7079e305033c83dbc22ed91daebf648b3da3d2ed263d|21bd99211264aa1fd64d7079e305033c83dbc22ed91daebf648b3da3d2ed263d|9b019b4f9f9fc6943842857e2dcb2fa2e360c4a3
contrib/unbound/doc/unbound-host.1|man1/unbound-host.1|d8e309b2db558451f05fda3ea3f76a593758f433533b91b704c339c7ae385385|d8e309b2db558451f05fda3ea3f76a593758f433533b91b704c339c7ae385385|1b6c85cfac36259f28b5e1461b8450600726a3e2
contrib/unifdef/unifdef.1|man1/unifdef.1|34274dd5e4e7f2deef6b27c64cac0fb547d2b84ea048e7f6b877d23447488656|34274dd5e4e7f2deef6b27c64cac0fb547d2b84ea048e7f6b877d23447488656|049b7608f41bf4e93ac6de718c45bef261f6977d
contrib/unvis/unvis.1|man1/unvis.1|6ea50c0d4ba753f022cf80e3ade088eb740cec91bd46fd97c87d046c8bd8fd3d|6ea50c0d4ba753f022cf80e3ade088eb740cec91bd46fd97c87d046c8bd8fd3d|f1f890804985a1043da42a5def13c79dc005f5e9
contrib/vis/vis.1|man1/vis.1|0af94f81c763940599fe6fd63f277b89e16f98617c51ab906dc54dce7cf41d13|0af94f81c763940599fe6fd63f277b89e16f98617c51ab906dc54dce7cf41d13|15fccd86b9dd17ca2cc1a70b060a2b1a1bf8470b
contrib/wpa/hostapd/hostapd_cli.1|man1/hostapd_cli.1|1c69dfbe2c3256748b41cdf59f74ed8de38fc763fcf1f6abb402f30e0f1e375d|1c69dfbe2c3256748b41cdf59f74ed8de38fc763fcf1f6abb402f30e0f1e375d|e28a4053b110e06768631ac8401ed4a3c05e68a5
contrib/xz/src/lzmainfo/lzmainfo.1|man1/lzmainfo.1|4eba273eb9257a613279dc9a2faa4101724f1ce95bb21efd39125e095ff5b336|4eba273eb9257a613279dc9a2faa4101724f1ce95bb21efd39125e095ff5b336|3b35e7ee8de9b0260149a2b77e87a2b9c7a36244
contrib/xz/src/xz/xz.1|man1/xz.1|d7916938dbef2761865fbbfa24eae2a1d3de5b7934ea1f8cc3e29c675838a107|d7916938dbef2761865fbbfa24eae2a1d3de5b7934ea1f8cc3e29c675838a107|4e48e50ea5982387a1c9f164953315f7fe1f76a3
contrib/xz/src/xzdec/xzdec.1|man1/xzdec.1|51571323562d054206a2bb00dddcdd8bd967b164d53df827ce679495c18a69d4|51571323562d054206a2bb00dddcdd8bd967b164d53df827ce679495c18a69d4|3b35e7ee8de9b0260149a2b77e87a2b9c7a36244
crypto/heimdal/appl/afsutil/afslog.1|man1/afslog.1|4e66df11583fe6dec5360f6253505ea2f50337535d2f10cb6456c3ae7c5fd9e2|4e66df11583fe6dec5360f6253505ea2f50337535d2f10cb6456c3ae7c5fd9e2|ae77177087c655fc883075af4f425b37e032cd05
crypto/heimdal/appl/afsutil/pagsh.1|man1/pagsh.1|d825c530af6a167179df6380246e2a3747e037d890d054121ba2110706500f81|d825c530af6a167179df6380246e2a3747e037d890d054121ba2110706500f81|ae77177087c655fc883075af4f425b37e032cd05
crypto/heimdal/appl/ftp/ftp/ftp.1|man1/ftp.1|fdad121d24a1f68d8d1920e0aeba5b2220d2a1d5ec316b2ecbb32ce46fb1d3d9|fdad121d24a1f68d8d1920e0aeba5b2220d2a1d5ec316b2ecbb32ce46fb1d3d9|fc55c20355d889bf3d3f81d94b3614a0c4253fa0
crypto/heimdal/appl/kf/kf.1|man1/kf.1|b0ed7d23aa6e18c804d6a8295efe78c12e086e99b769ff0816954caf3831b780|b0ed7d23aa6e18c804d6a8295efe78c12e086e99b769ff0816954caf3831b780|ae77177087c655fc883075af4f425b37e032cd05
crypto/heimdal/appl/login/login.1|man1/login.1|f3a207a1beae9cada9cdee44a1da6f343f289a28c7c77fe00f39e239146f8de7|f3a207a1beae9cada9cdee44a1da6f343f289a28c7c77fe00f39e239146f8de7|ae77177087c655fc883075af4f425b37e032cd05
crypto/heimdal/appl/push/pfrom.1|man1/pfrom.1|5a310cf94b34910a3659183bef3b819f57ca75776f3c3a40fd13d8a389d562dc|5a310cf94b34910a3659183bef3b819f57ca75776f3c3a40fd13d8a389d562dc|ae77177087c655fc883075af4f425b37e032cd05
crypto/heimdal/appl/rcp/rcp.1|man1/rcp.1|8c1d0e72ca32272ebc37a95414d92c737109f838d3051f74864bf9a6fff3f4da|8c1d0e72ca32272ebc37a95414d92c737109f838d3051f74864bf9a6fff3f4da|ae77177087c655fc883075af4f425b37e032cd05
crypto/heimdal/appl/rsh/rsh.1|man1/rsh.1|b8771833db5254092416ed4d1a02b3708ae1662b41d7f514be1fcf53c45ce492|b8771833db5254092416ed4d1a02b3708ae1662b41d7f514be1fcf53c45ce492|fc55c20355d889bf3d3f81d94b3614a0c4253fa0
crypto/heimdal/appl/su/su.1|man1/su.1|1ff0f5618e7ff540a247e2972b27a05a151484fd4cd05003006c6566a2c3ff74|1ff0f5618e7ff540a247e2972b27a05a151484fd4cd05003006c6566a2c3ff74|ae77177087c655fc883075af4f425b37e032cd05
crypto/heimdal/appl/telnet/telnet/telnet.1|man1/telnet.1|25c114f498349d15d409c26d9ff43dcd3cbbcf9407721288f7e3aa83423f02b6|25c114f498349d15d409c26d9ff43dcd3cbbcf9407721288f7e3aa83423f02b6|c19800e8cd5640693f36f2040db4ab5e8d738146
crypto/heimdal/kpasswd/kpasswd.1|man1/kpasswd.1|6430a7e8346df1d1968f5bcc5b6d31ad724f1afeb7338fdf3c7112004a8cdade|6430a7e8346df1d1968f5bcc5b6d31ad724f1afeb7338fdf3c7112004a8cdade|ae77177087c655fc883075af4f425b37e032cd05
crypto/heimdal/kuser/copy_cred_cache.1|man1/copy_cred_cache.1|69b8aee2f88fffd636df8719a605718ad5653bb9c2dfc037a5bcc97b153dd030|69b8aee2f88fffd636df8719a605718ad5653bb9c2dfc037a5bcc97b153dd030|ae77177087c655fc883075af4f425b37e032cd05
crypto/heimdal/kuser/kdestroy.1|man1/kdestroy.1|1471847cf9f833122bb9d506e0b417b455873acc60c60c350fd0b6c5ceaba808|1471847cf9f833122bb9d506e0b417b455873acc60c60c350fd0b6c5ceaba808|ae77177087c655fc883075af4f425b37e032cd05
crypto/heimdal/kuser/kgetcred.1|man1/kgetcred.1|fe1affdd466f39ccae2fdc533eec0de632c094e7180f6a71d0b4ac79f8f8bacb|fe1affdd466f39ccae2fdc533eec0de632c094e7180f6a71d0b4ac79f8f8bacb|ae77177087c655fc883075af4f425b37e032cd05
crypto/heimdal/kuser/kinit.1|man1/kinit.1|b16d1e28b292e9922311022ee9d6f2a2877297c8c8dac310310209757cf153fd|b16d1e28b292e9922311022ee9d6f2a2877297c8c8dac310310209757cf153fd|ae77177087c655fc883075af4f425b37e032cd05
crypto/heimdal/kuser/klist.1|man1/klist.1|e697742463d74c9ea321a730a4c16a9163ab7e4e5d357330396de843bae3de38|e697742463d74c9ea321a730a4c16a9163ab7e4e5d357330396de843bae3de38|ae77177087c655fc883075af4f425b37e032cd05
crypto/heimdal/kuser/kswitch.1|man1/kswitch.1|6f78afac5c7bdf35732ad5b7d3bc28dd8b62bb4554f88e415c22964e57dbb07d|6f78afac5c7bdf35732ad5b7d3bc28dd8b62bb4554f88e415c22964e57dbb07d|ae77177087c655fc883075af4f425b37e032cd05
crypto/heimdal/tools/krb5-config.1|man1/krb5-config.1|86ddcdef5c768d75e2e34538de1b20733ca54387941d9bf0c01099eeeadc8872|86ddcdef5c768d75e2e34538de1b20733ca54387941d9bf0c01099eeeadc8872|ae77177087c655fc883075af4f425b37e032cd05
crypto/krb5/src/util/et/compile_et.1|man1/compile_et.1|0551257f030abd29d04f1f51cf373ecbf354565275edd42bec4390174ca26034|0551257f030abd29d04f1f51cf373ecbf354565275edd42bec4390174ca26034|7f2fe78b9dd5f51c821d771b63d2e096f6fd49e9
crypto/openssh/contrib/ssh-copy-id.1|man1/ssh-copy-id.1|ab85a3d3a7267eba91744582ec53ec5bd778188469bf3bd5900013bdac5ee990|ab85a3d3a7267eba91744582ec53ec5bd778188469bf3bd5900013bdac5ee990|3d9fd9fcb432750f3716b28f6ccb0104cd9d351a
crypto/openssh/scp.1|man1/scp.1|523f2172219534a3c56cbe9f723323695ff28e8c92882f386eb752d9152c3187|523f2172219534a3c56cbe9f723323695ff28e8c92882f386eb752d9152c3187|8e28d84935f2f0ee081d44f9803f3052b960e50b
crypto/openssh/sftp.1|man1/sftp.1|bccb8b8020cd5522e3923a98e305d5122fc5b280a3ffe90ea380a1fbc13ccd6f|bccb8b8020cd5522e3923a98e305d5122fc5b280a3ffe90ea380a1fbc13ccd6f|8e28d84935f2f0ee081d44f9803f3052b960e50b
crypto/openssh/ssh-add.1|man1/ssh-add.1|95bb8424ae31516ac4684fb66c8bd88bff35db0fec9d4a11087c0e12f6fb15c1|95bb8424ae31516ac4684fb66c8bd88bff35db0fec9d4a11087c0e12f6fb15c1|0fdf8fae8b569bf9fff3b5171e669dcd7cf9c79e
crypto/openssh/ssh-agent.1|man1/ssh-agent.1|fe34e417ac5cf28fd713a3482d1cb6b48d24634351a3cc9f3e066ab3338c2627|fe34e417ac5cf28fd713a3482d1cb6b48d24634351a3cc9f3e066ab3338c2627|8e28d84935f2f0ee081d44f9803f3052b960e50b
crypto/openssh/ssh-keygen.1|man1/ssh-keygen.1|4c5c8a53b023ad0d4e2d7ac852090dc073fc6a91b8f739b4225f1803974044ff|4c5c8a53b023ad0d4e2d7ac852090dc073fc6a91b8f739b4225f1803974044ff|8e28d84935f2f0ee081d44f9803f3052b960e50b
crypto/openssh/ssh-keyscan.1|man1/ssh-keyscan.1|971142d8a06dc83f334a76f42bc50ba3d488976e238de3ff67f0f679e98744fe|971142d8a06dc83f334a76f42bc50ba3d488976e238de3ff67f0f679e98744fe|0fdf8fae8b569bf9fff3b5171e669dcd7cf9c79e
crypto/openssh/ssh.1|man1/ssh.1|c7b714035bf3f7bb59a9b9f66358174617bdae8aa080ef146022d3f2aa719c60|c7b714035bf3f7bb59a9b9f66358174617bdae8aa080ef146022d3f2aa719c60|8e28d84935f2f0ee081d44f9803f3052b960e50b
libexec/flua/flua.1|man1/flua.1|d8e9c5c46a093fa994e9cc4f2b71eb72237924e519539726ee9baca30e28a73a|d8e9c5c46a093fa994e9cc4f2b71eb72237924e519539726ee9baca30e28a73a|cbe50f7c20cf0ca484d29cf345864a18c29850e7
libexec/rtld-elf/rtld.1|man1/rtld.1|6456d3b739e66baef2033577e40e6c920d29db2076fea64da4e1eb5412aecbdf|6456d3b739e66baef2033577e40e6c920d29db2076fea64da4e1eb5412aecbdf|16d000bdac54d7153f33a0d050bcc4307b702751
sbin/ipf/ipftest/ipftest.1|man1/ipftest.1|433af5567d0a41ba8084021f6f78af904fffd5a7b16869c841bbe46b3fe53d8a|433af5567d0a41ba8084021f6f78af904fffd5a7b16869c841bbe46b3fe53d8a|347dd0539f3a75fdf2128dd4620ca99e96f311e9
sbin/ipf/ipnat/ipnat.1|man1/ipnat.1|ed500f5903afafb845aa02d648f9e6ee8386bf3a602c8367c25bd1580165ca55|ed500f5903afafb845aa02d648f9e6ee8386bf3a602c8367c25bd1580165ca55|e413da1358194fe2e3c75a914b9192ffbc67dfdd
sbin/ipf/ipsend/ipresend.1|man1/ipresend.1|c4a7c01b63580016ee5389d0550ac0cafe77d74a910df5b7b082a604c1a6770d|c4a7c01b63580016ee5389d0550ac0cafe77d74a910df5b7b082a604c1a6770d|e413da1358194fe2e3c75a914b9192ffbc67dfdd
sbin/ipf/ipsend/ipsend.1|man1/ipsend.1|b622b32a4f9715a7e01765d4c5ec595e0a4a2b7a4274c4b58f26dc56a2599cdd|b622b32a4f9715a7e01765d4c5ec595e0a4a2b7a4274c4b58f26dc56a2599cdd|31034044ff27443489cb416ca520c07421712f69
sbin/ipf/ipsend/iptest.1|man1/iptest.1|b7b5ddd7d45af89987f89088f6444baf6e5cea10e15500baf211f74ee65b009e|b7b5ddd7d45af89987f89088f6444baf6e5cea10e15500baf211f74ee65b009e|e413da1358194fe2e3c75a914b9192ffbc67dfdd
sbin/md5/md5.1|man1/md5.1|9b0f58b20150077078ef2656fd1ee8a453bb3bbad630c1194b2a91563f661a87|9b0f58b20150077078ef2656fd1ee8a453bb3bbad630c1194b2a91563f661a87|d23df52343be4dc9b73773b7d1324b5b715b42b1
sbin/recoverdisk/recoverdisk.1|man1/recoverdisk.1|7424f94729f8d6038e94601015f6e85d626b0cadbb09951d898743f938b2cff8|7424f94729f8d6038e94601015f6e85d626b0cadbb09951d898743f938b2cff8|e88b7dcac8701b6d925b8c7c66eada5143c37e16
secure/usr.bin/openssl/man/CA.pl.1|man1/CA.pl.1|da9ee5e5d0a6c84ad0fcd880e40a09d1496a9a6f98b11aa8e88b5108cfab74e9|da9ee5e5d0a6c84ad0fcd880e40a09d1496a9a6f98b11aa8e88b5108cfab74e9|293c738aa45003423f45eb7f0e37f3047e52c502
secure/usr.bin/openssl/man/openssl-asn1parse.1|man1/openssl-asn1parse.1|4e29d1f22872e632d3e7fe8fd80605b0039d1e7179459df209eab0b11eeb851f|4e29d1f22872e632d3e7fe8fd80605b0039d1e7179459df209eab0b11eeb851f|293c738aa45003423f45eb7f0e37f3047e52c502
secure/usr.bin/openssl/man/openssl-ca.1|man1/openssl-ca.1|20c371998306fa5ab8bb8da9c8c9685f342b098e55b05f0b0eec3921790f8309|20c371998306fa5ab8bb8da9c8c9685f342b098e55b05f0b0eec3921790f8309|293c738aa45003423f45eb7f0e37f3047e52c502
secure/usr.bin/openssl/man/openssl-ciphers.1|man1/openssl-ciphers.1|450616160688691b7fc3ab330b20b9f586ee76afdd53e6784e0df337722344ab|450616160688691b7fc3ab330b20b9f586ee76afdd53e6784e0df337722344ab|293c738aa45003423f45eb7f0e37f3047e52c502
secure/usr.bin/openssl/man/openssl-cmds.1|man1/openssl-cmds.1|c374459d76410349dd567a60a8f91605cc385bde451635660af11f0812ebfb7e|c374459d76410349dd567a60a8f91605cc385bde451635660af11f0812ebfb7e|293c738aa45003423f45eb7f0e37f3047e52c502
secure/usr.bin/openssl/man/openssl-cmp.1|man1/openssl-cmp.1|a4e7c3a54c6a685666a1b10309beed08b44d68f1eafe945729ea8f93fcb501e3|a4e7c3a54c6a685666a1b10309beed08b44d68f1eafe945729ea8f93fcb501e3|293c738aa45003423f45eb7f0e37f3047e52c502
secure/usr.bin/openssl/man/openssl-cms.1|man1/openssl-cms.1|da739199a7189fad89d7799cba4a381914e867146d82a3f6158ba92e835e9ced|da739199a7189fad89d7799cba4a381914e867146d82a3f6158ba92e835e9ced|293c738aa45003423f45eb7f0e37f3047e52c502
secure/usr.bin/openssl/man/openssl-crl.1|man1/openssl-crl.1|fc9fa0070c6cc38a82391c986fe181c93fd2e3bd6e8ac538d89dc49088da82da|fc9fa0070c6cc38a82391c986fe181c93fd2e3bd6e8ac538d89dc49088da82da|293c738aa45003423f45eb7f0e37f3047e52c502
secure/usr.bin/openssl/man/openssl-crl2pkcs7.1|man1/openssl-crl2pkcs7.1|cda1a044bd034fa839b757bc438ff85c8655543158f516621f3ad19d6dcb8e11|cda1a044bd034fa839b757bc438ff85c8655543158f516621f3ad19d6dcb8e11|293c738aa45003423f45eb7f0e37f3047e52c502
secure/usr.bin/openssl/man/openssl-dgst.1|man1/openssl-dgst.1|b3a300e54587cf23ead272792fa9a5cfbabfed6d10ea3aef72213d97d0af8ba6|b3a300e54587cf23ead272792fa9a5cfbabfed6d10ea3aef72213d97d0af8ba6|293c738aa45003423f45eb7f0e37f3047e52c502
secure/usr.bin/openssl/man/openssl-dhparam.1|man1/openssl-dhparam.1|8241019b8ef3637345450c14361e012fb11906edacf7f02b89fb13033899425e|8241019b8ef3637345450c14361e012fb11906edacf7f02b89fb13033899425e|293c738aa45003423f45eb7f0e37f3047e52c502
secure/usr.bin/openssl/man/openssl-dsa.1|man1/openssl-dsa.1|d82443c841b1cc0c2e58190d1b7795a68f1e91648becc121655cc8ecbfd74c8e|d82443c841b1cc0c2e58190d1b7795a68f1e91648becc121655cc8ecbfd74c8e|293c738aa45003423f45eb7f0e37f3047e52c502
secure/usr.bin/openssl/man/openssl-dsaparam.1|man1/openssl-dsaparam.1|d203f0e24e0727442b621689b709c762903379982a9702ea5c7e250a89588afe|d203f0e24e0727442b621689b709c762903379982a9702ea5c7e250a89588afe|293c738aa45003423f45eb7f0e37f3047e52c502
secure/usr.bin/openssl/man/openssl-ec.1|man1/openssl-ec.1|d29028d02af63dc7c3f4b74d96fa8efe2dc035fcdb5bd3b7bb11864abcb44ab8|d29028d02af63dc7c3f4b74d96fa8efe2dc035fcdb5bd3b7bb11864abcb44ab8|293c738aa45003423f45eb7f0e37f3047e52c502
secure/usr.bin/openssl/man/openssl-ecparam.1|man1/openssl-ecparam.1|7c1b720bbfae4300cd0800a03712524bedb1948e758be4513b166a727dbb1f11|7c1b720bbfae4300cd0800a03712524bedb1948e758be4513b166a727dbb1f11|293c738aa45003423f45eb7f0e37f3047e52c502
secure/usr.bin/openssl/man/openssl-enc.1|man1/openssl-enc.1|157c8230a125717f80ad14c583901745926c67d2f74d0cd30231d7ad33bc8f72|157c8230a125717f80ad14c583901745926c67d2f74d0cd30231d7ad33bc8f72|293c738aa45003423f45eb7f0e37f3047e52c502
secure/usr.bin/openssl/man/openssl-engine.1|man1/openssl-engine.1|635b4a687a10d61292ea379274aaf4681f7a9123ef96c1529c67ea9b60521660|635b4a687a10d61292ea379274aaf4681f7a9123ef96c1529c67ea9b60521660|293c738aa45003423f45eb7f0e37f3047e52c502
secure/usr.bin/openssl/man/openssl-errstr.1|man1/openssl-errstr.1|17a9cf92a31a51353fc7725aa5f5a4c11a19c394eab32f3f30f93aab3e381e72|17a9cf92a31a51353fc7725aa5f5a4c11a19c394eab32f3f30f93aab3e381e72|293c738aa45003423f45eb7f0e37f3047e52c502
secure/usr.bin/openssl/man/openssl-fipsinstall.1|man1/openssl-fipsinstall.1|7b0f5e3e4d01eab359145e9b3129c20e000584fd24a0c941883ac9bcd868ada0|7b0f5e3e4d01eab359145e9b3129c20e000584fd24a0c941883ac9bcd868ada0|293c738aa45003423f45eb7f0e37f3047e52c502
secure/usr.bin/openssl/man/openssl-format-options.1|man1/openssl-format-options.1|c31e655285ac07038232a9c3c1786ffc261a37191b0e3fe43f8ff44a59b7c644|c31e655285ac07038232a9c3c1786ffc261a37191b0e3fe43f8ff44a59b7c644|293c738aa45003423f45eb7f0e37f3047e52c502
secure/usr.bin/openssl/man/openssl-gendsa.1|man1/openssl-gendsa.1|18262782de73b15f8e2dd99a2703e0254617ae760c7ecfa7403657b5fc3e023e|18262782de73b15f8e2dd99a2703e0254617ae760c7ecfa7403657b5fc3e023e|293c738aa45003423f45eb7f0e37f3047e52c502
secure/usr.bin/openssl/man/openssl-genpkey.1|man1/openssl-genpkey.1|b252611023b34592fd99b5725b1d37dfc9a2c3721c44d97c7f6625b74dd32f73|b252611023b34592fd99b5725b1d37dfc9a2c3721c44d97c7f6625b74dd32f73|293c738aa45003423f45eb7f0e37f3047e52c502
secure/usr.bin/openssl/man/openssl-genrsa.1|man1/openssl-genrsa.1|622fee02b686f45d965d008f93639e0121e9051964778aab572e70963fd937f3|622fee02b686f45d965d008f93639e0121e9051964778aab572e70963fd937f3|293c738aa45003423f45eb7f0e37f3047e52c502
secure/usr.bin/openssl/man/openssl-info.1|man1/openssl-info.1|28791a7c049d76944ac9ea30eba3a33e41d62d1a3df07e86cb794cd56e17e3ed|28791a7c049d76944ac9ea30eba3a33e41d62d1a3df07e86cb794cd56e17e3ed|293c738aa45003423f45eb7f0e37f3047e52c502
secure/usr.bin/openssl/man/openssl-kdf.1|man1/openssl-kdf.1|8627a4c9ce07a3e8c4ad33bbce0fdce8a2aa3be989006ad67a6db0d95313ef86|8627a4c9ce07a3e8c4ad33bbce0fdce8a2aa3be989006ad67a6db0d95313ef86|293c738aa45003423f45eb7f0e37f3047e52c502
secure/usr.bin/openssl/man/openssl-list.1|man1/openssl-list.1|cae269d07ba4a448f4ca54353c512d6792ec20f7cf2dfb4a38f43574ad4f6e7b|cae269d07ba4a448f4ca54353c512d6792ec20f7cf2dfb4a38f43574ad4f6e7b|293c738aa45003423f45eb7f0e37f3047e52c502
secure/usr.bin/openssl/man/openssl-mac.1|man1/openssl-mac.1|48f9da5230b12c989198e1317eae75f1e7c61fb378cbdcd93a4514c95c939d79|48f9da5230b12c989198e1317eae75f1e7c61fb378cbdcd93a4514c95c939d79|293c738aa45003423f45eb7f0e37f3047e52c502
secure/usr.bin/openssl/man/openssl-namedisplay-options.1|man1/openssl-namedisplay-options.1|eae1ad3afa775591187feda4abe46382acc1a4c6335e2c14fce32d14184de3ba|eae1ad3afa775591187feda4abe46382acc1a4c6335e2c14fce32d14184de3ba|293c738aa45003423f45eb7f0e37f3047e52c502
secure/usr.bin/openssl/man/openssl-nseq.1|man1/openssl-nseq.1|d7eff5869e63579aeace897d8c6433dfaaaadb86342119b740ba3aa8dcf8ab15|d7eff5869e63579aeace897d8c6433dfaaaadb86342119b740ba3aa8dcf8ab15|293c738aa45003423f45eb7f0e37f3047e52c502
secure/usr.bin/openssl/man/openssl-ocsp.1|man1/openssl-ocsp.1|776230c4fcab6ca3f380fcde2e783d6963cd1583f5fbb6ef2712fb287dcc2ac7|776230c4fcab6ca3f380fcde2e783d6963cd1583f5fbb6ef2712fb287dcc2ac7|293c738aa45003423f45eb7f0e37f3047e52c502
secure/usr.bin/openssl/man/openssl-passphrase-options.1|man1/openssl-passphrase-options.1|dadfa8f72b2010555b8a997c4a25862edf18e8ec15165a1d71048da24837fb13|dadfa8f72b2010555b8a997c4a25862edf18e8ec15165a1d71048da24837fb13|293c738aa45003423f45eb7f0e37f3047e52c502
secure/usr.bin/openssl/man/openssl-passwd.1|man1/openssl-passwd.1|a0e66024ae76cd0200661a64a6b800a3a6d79f975a0c96068442a9a4975c1ada|a0e66024ae76cd0200661a64a6b800a3a6d79f975a0c96068442a9a4975c1ada|293c738aa45003423f45eb7f0e37f3047e52c502
secure/usr.bin/openssl/man/openssl-pkcs12.1|man1/openssl-pkcs12.1|7c312149ebca59d69d7c28ac8ba61a6a2727a0378fd97aa863c73583be3498bd|7c312149ebca59d69d7c28ac8ba61a6a2727a0378fd97aa863c73583be3498bd|293c738aa45003423f45eb7f0e37f3047e52c502
secure/usr.bin/openssl/man/openssl-pkcs7.1|man1/openssl-pkcs7.1|3d1622691cbde1b9ecbe76c94d6ce123b7e3a878494f639c454ddc3c4b48b2dd|3d1622691cbde1b9ecbe76c94d6ce123b7e3a878494f639c454ddc3c4b48b2dd|293c738aa45003423f45eb7f0e37f3047e52c502
secure/usr.bin/openssl/man/openssl-pkcs8.1|man1/openssl-pkcs8.1|a4f627dbbd396b98c1cc697cf2526d08e65328ce8c3ceff4e6b55ed6ff5e23e0|a4f627dbbd396b98c1cc697cf2526d08e65328ce8c3ceff4e6b55ed6ff5e23e0|293c738aa45003423f45eb7f0e37f3047e52c502
secure/usr.bin/openssl/man/openssl-pkey.1|man1/openssl-pkey.1|0de1c10e81794e5e12be46b691b9f1fe05d7591d5e66e6100ad24cf504ec3b5e|0de1c10e81794e5e12be46b691b9f1fe05d7591d5e66e6100ad24cf504ec3b5e|293c738aa45003423f45eb7f0e37f3047e52c502
secure/usr.bin/openssl/man/openssl-pkeyparam.1|man1/openssl-pkeyparam.1|58f8cfb73179167215b56f37184a572736592e0a1260954f4c8aa4b5d19674e5|58f8cfb73179167215b56f37184a572736592e0a1260954f4c8aa4b5d19674e5|293c738aa45003423f45eb7f0e37f3047e52c502
secure/usr.bin/openssl/man/openssl-pkeyutl.1|man1/openssl-pkeyutl.1|a0e6ea7e66678459711cb28d10f6eafd1958be0009c34e0fa38c649fb6aca680|a0e6ea7e66678459711cb28d10f6eafd1958be0009c34e0fa38c649fb6aca680|293c738aa45003423f45eb7f0e37f3047e52c502
secure/usr.bin/openssl/man/openssl-prime.1|man1/openssl-prime.1|d39d9d7099a5e30dbc6867f66aa2d4cc87b9f53a1a437b55f1679df28346890f|d39d9d7099a5e30dbc6867f66aa2d4cc87b9f53a1a437b55f1679df28346890f|293c738aa45003423f45eb7f0e37f3047e52c502
secure/usr.bin/openssl/man/openssl-rand.1|man1/openssl-rand.1|59f55d81984e8d4d08106e4ea349f61ac14ca5366d62e233db011d503431ea2f|59f55d81984e8d4d08106e4ea349f61ac14ca5366d62e233db011d503431ea2f|293c738aa45003423f45eb7f0e37f3047e52c502
secure/usr.bin/openssl/man/openssl-rehash.1|man1/openssl-rehash.1|25c3c5f2e386dea0f918f82b7dda50a03c864b10119727db40e0692ccbef4aed|25c3c5f2e386dea0f918f82b7dda50a03c864b10119727db40e0692ccbef4aed|293c738aa45003423f45eb7f0e37f3047e52c502
secure/usr.bin/openssl/man/openssl-req.1|man1/openssl-req.1|788309694692e892e76cddf242917fc9efd2524d11507e72e13fd1be5d2f4223|788309694692e892e76cddf242917fc9efd2524d11507e72e13fd1be5d2f4223|293c738aa45003423f45eb7f0e37f3047e52c502
secure/usr.bin/openssl/man/openssl-rsa.1|man1/openssl-rsa.1|a75a2c9aa517c5b511d0ea7027ae87119796c339b2cbdb9f7da4e547e379dbb1|a75a2c9aa517c5b511d0ea7027ae87119796c339b2cbdb9f7da4e547e379dbb1|293c738aa45003423f45eb7f0e37f3047e52c502
secure/usr.bin/openssl/man/openssl-rsautl.1|man1/openssl-rsautl.1|36de2e1c47932f01ee0c6b8550782814803fd3f5a97e6035f279e3f7b74dd067|36de2e1c47932f01ee0c6b8550782814803fd3f5a97e6035f279e3f7b74dd067|293c738aa45003423f45eb7f0e37f3047e52c502
secure/usr.bin/openssl/man/openssl-s_client.1|man1/openssl-s_client.1|7e0c392f4cd81a0d16ae5378755a8220c12faf6577078f834aa5e70907cc4c8a|7e0c392f4cd81a0d16ae5378755a8220c12faf6577078f834aa5e70907cc4c8a|293c738aa45003423f45eb7f0e37f3047e52c502
secure/usr.bin/openssl/man/openssl-s_server.1|man1/openssl-s_server.1|7ba841ada9ed9b6ac930e89a7e7b9cec31861564d9c03371d92f5c50f2b07b14|7ba841ada9ed9b6ac930e89a7e7b9cec31861564d9c03371d92f5c50f2b07b14|293c738aa45003423f45eb7f0e37f3047e52c502
secure/usr.bin/openssl/man/openssl-s_time.1|man1/openssl-s_time.1|cfec157691317d6c0fa39d66b6dc45a2425693d34b5ff534c41308ea8cd8cd9d|cfec157691317d6c0fa39d66b6dc45a2425693d34b5ff534c41308ea8cd8cd9d|293c738aa45003423f45eb7f0e37f3047e52c502
secure/usr.bin/openssl/man/openssl-sess_id.1|man1/openssl-sess_id.1|d2dcc125925b9c1f7b1471851df83b9d18b3b784c112a2209ac2a57a26e569e8|d2dcc125925b9c1f7b1471851df83b9d18b3b784c112a2209ac2a57a26e569e8|293c738aa45003423f45eb7f0e37f3047e52c502
secure/usr.bin/openssl/man/openssl-skeyutl.1|man1/openssl-skeyutl.1|dfb1d586d6540a7ed56df6274119c911aad31302cd9fa675e22f07ae4411ea70|dfb1d586d6540a7ed56df6274119c911aad31302cd9fa675e22f07ae4411ea70|293c738aa45003423f45eb7f0e37f3047e52c502
secure/usr.bin/openssl/man/openssl-smime.1|man1/openssl-smime.1|aebce9fffe96072c8ba4061275aeeebcd17807cc728247a5a45e95f6f209f6c5|aebce9fffe96072c8ba4061275aeeebcd17807cc728247a5a45e95f6f209f6c5|293c738aa45003423f45eb7f0e37f3047e52c502
secure/usr.bin/openssl/man/openssl-speed.1|man1/openssl-speed.1|14d258f0a4bac28df732377a0016dc02a47fce15c2bbe222d0dccef404af9caa|14d258f0a4bac28df732377a0016dc02a47fce15c2bbe222d0dccef404af9caa|293c738aa45003423f45eb7f0e37f3047e52c502
secure/usr.bin/openssl/man/openssl-spkac.1|man1/openssl-spkac.1|d8268a04246a88b69b24c5cfd156f44333c45151c892a0340726843818425fab|d8268a04246a88b69b24c5cfd156f44333c45151c892a0340726843818425fab|293c738aa45003423f45eb7f0e37f3047e52c502
secure/usr.bin/openssl/man/openssl-srp.1|man1/openssl-srp.1|2a1b72b58b4c7bc33d2f92797a437ce800fcbbc792ba0188011048cefadf27a5|2a1b72b58b4c7bc33d2f92797a437ce800fcbbc792ba0188011048cefadf27a5|293c738aa45003423f45eb7f0e37f3047e52c502
secure/usr.bin/openssl/man/openssl-storeutl.1|man1/openssl-storeutl.1|0d9b478ac861d3664be4118dc726ea350540564d10e295edb3878d9786d87a11|0d9b478ac861d3664be4118dc726ea350540564d10e295edb3878d9786d87a11|293c738aa45003423f45eb7f0e37f3047e52c502
secure/usr.bin/openssl/man/openssl-ts.1|man1/openssl-ts.1|d0c9777a7c86e317e01dbc4905af7db1e268c03d6259b93311b595f6edf7417a|d0c9777a7c86e317e01dbc4905af7db1e268c03d6259b93311b595f6edf7417a|293c738aa45003423f45eb7f0e37f3047e52c502
secure/usr.bin/openssl/man/openssl-verification-options.1|man1/openssl-verification-options.1|f5c55e4deb3e80e6b21421d54b38da798490518d33f5d62b8b2e071b7ce2d6ed|f5c55e4deb3e80e6b21421d54b38da798490518d33f5d62b8b2e071b7ce2d6ed|293c738aa45003423f45eb7f0e37f3047e52c502
secure/usr.bin/openssl/man/openssl-verify.1|man1/openssl-verify.1|fd1a4676f4f3545ee190195c9cc5969c8a3a61076eea9f2e3a79405bb14fd963|fd1a4676f4f3545ee190195c9cc5969c8a3a61076eea9f2e3a79405bb14fd963|293c738aa45003423f45eb7f0e37f3047e52c502
secure/usr.bin/openssl/man/openssl-version.1|man1/openssl-version.1|ff6f46277c4c1549431b8026ac066f863798ec821048dadc399cf28b62ff2514|ff6f46277c4c1549431b8026ac066f863798ec821048dadc399cf28b62ff2514|293c738aa45003423f45eb7f0e37f3047e52c502
secure/usr.bin/openssl/man/openssl-x509.1|man1/openssl-x509.1|94807aee0868bcac967017770715d27745c9d3dbceedfbf1d08aa219b549e50a|94807aee0868bcac967017770715d27745c9d3dbceedfbf1d08aa219b549e50a|293c738aa45003423f45eb7f0e37f3047e52c502
secure/usr.bin/openssl/man/openssl.1|man1/openssl.1|80d5d9a4f78500d75eaa5bfad602581cf6e090d92b33f9e2f5cfca71c3045141|80d5d9a4f78500d75eaa5bfad602581cf6e090d92b33f9e2f5cfca71c3045141|293c738aa45003423f45eb7f0e37f3047e52c502
secure/usr.bin/openssl/man/tsget.1|man1/tsget.1|e100f290164d9fa34461c33a275c10c4b4673b294c0f1a75ff5fcc863ce180b4|e100f290164d9fa34461c33a275c10c4b4673b294c0f1a75ff5fcc863ce180b4|293c738aa45003423f45eb7f0e37f3047e52c502
share/examples/ipfilter/mkfilters.1|man1/mkfilters.1|5870d60dd4a97a5307c7627419c0bf58ecb777eb0c16735aecd72254916241df|5870d60dd4a97a5307c7627419c0bf58ecb777eb0c16735aecd72254916241df|b2c76c41be32f904179efed29c0ca04d53f3996c
share/examples/mdoc/example.1|man1/example.1|6a3f64f581b1adff6c9181b51f8c0865fbfe3b722725cb20709be4bd4767f2b4|6a3f64f581b1adff6c9181b51f8c0865fbfe3b722725cb20709be4bd4767f2b4|49358373aa8a42f47b256656afdc2f831e2429fa
share/man/man1/builtin.1|man1/builtin.1|ea73c2d987814fb78f8c1f6ac3e1738626e155fc855dd5fb58aaa3e8b237eeb8|ea73c2d987814fb78f8c1f6ac3e1738626e155fc855dd5fb58aaa3e8b237eeb8|eb4b66863bf32e96a837b908add7d90e18631d8b
share/man/man1/intro.1|man1/intro.1|1c11ba7a3923150bc9c9a29cf491a978f5aa3fd1ec2e2d05cd52a39b9fea4d2e|1c11ba7a3923150bc9c9a29cf491a978f5aa3fd1ec2e2d05cd52a39b9fea4d2e|cc0af6d5a6c2b10b8655945abdd4ab110cb11998
sys/contrib/openzfs/man/man1/cstyle.1|man1/cstyle.1|add08b89b845ed69f27d7de83071583dcbb95bf66b61aad4517442c5f8964f88|add08b89b845ed69f27d7de83071583dcbb95bf66b61aad4517442c5f8964f88|0cafc294bf1223c9ecad5ff0fdf9c064b7ed3e94
sys/contrib/openzfs/man/man1/raidz_test.1|man1/raidz_test.1|0e98bf2b3c984917336deea5b918f93f21ea97bf85759ef9120d4da744464451|0e98bf2b3c984917336deea5b918f93f21ea97bf85759ef9120d4da744464451|61145dc2b94f12f6a47344fb9aac702321880e43
sys/contrib/openzfs/man/man1/test-runner.1|man1/test-runner.1|6c2483f2c2362bc426d90f464f0eabfe633cea721a100e62d5a8fe2f594255af|6c2483f2c2362bc426d90f464f0eabfe633cea721a100e62d5a8fe2f594255af|61145dc2b94f12f6a47344fb9aac702321880e43
sys/contrib/openzfs/man/man1/zarcstat.1|man1/zarcstat.1|d329346ab41ea80fa0dc52640de06720b63fdf11bca0430908b8df665141d246|d329346ab41ea80fa0dc52640de06720b63fdf11bca0430908b8df665141d246|0cafc294bf1223c9ecad5ff0fdf9c064b7ed3e94
sys/contrib/openzfs/man/man1/zhack.1|man1/zhack.1|de2d09f87eeab7a33d31a43f0ddde65cf0e6b1ba7e7443f55a2c520258cdf1a8|de2d09f87eeab7a33d31a43f0ddde65cf0e6b1ba7e7443f55a2c520258cdf1a8|0cafc294bf1223c9ecad5ff0fdf9c064b7ed3e94
sys/contrib/openzfs/man/man1/ztest.1|man1/ztest.1|a916b22cc2420c3510f34cbe3021625357dc4f2c8361b4f0a1be3499702cbad9|a916b22cc2420c3510f34cbe3021625357dc4f2c8361b4f0a1be3499702cbad9|0cafc294bf1223c9ecad5ff0fdf9c064b7ed3e94
sys/contrib/openzfs/man/man1/zvol_wait.1|man1/zvol_wait.1|017efac1cedaea32bd5f0cf769e858a5656f5ab098a86fb80c2f02e7aefcdcbc|017efac1cedaea32bd5f0cf769e858a5656f5ab098a86fb80c2f02e7aefcdcbc|61145dc2b94f12f6a47344fb9aac702321880e43
sys/contrib/zstd/programs/zstd.1|man1/zstd.1|f3b554a8686f19266ed0a0de2b08d21f4fe278777e60aa1ab7f5abbe14be9220|f3b554a8686f19266ed0a0de2b08d21f4fe278777e60aa1ab7f5abbe14be9220|1aa2b46a07075ea79d22e91a1325b88de4efd27e
sys/contrib/zstd/programs/zstdgrep.1|man1/zstdgrep.1|48f849487660645500f3082c9371984b6248772b6e3af2650be59c7f30bc549d|48f849487660645500f3082c9371984b6248772b6e3af2650be59c7f30bc549d|1aa2b46a07075ea79d22e91a1325b88de4efd27e
sys/contrib/zstd/programs/zstdless.1|man1/zstdless.1|38166f9eb8d93b36e29eb795ca6fa514d6ddddec78e3744b3ee6f1e6c413468c|38166f9eb8d93b36e29eb795ca6fa514d6ddddec78e3744b3ee6f1e6c413468c|1aa2b46a07075ea79d22e91a1325b88de4efd27e
tools/tools/ath/athrd/athrd.1|man1/athrd.1|d941c1b035e44c8412f6fa61ee180cbc40052800d4aaf7ce5aa0f31cbbc5c7aa|d941c1b035e44c8412f6fa61ee180cbc40052800d4aaf7ce5aa0f31cbbc5c7aa|fa9896e082a1046ff4fbc75fcba4d18d1f2efc19
tools/tools/ether_reflect/ether_reflect.1|man1/ether_reflect.1|eec1622d2c01ee8bc7a261356758b7bec8942c5b928429530e1b3417eee8fb51|eec1622d2c01ee8bc7a261356758b7bec8942c5b928429530e1b3417eee8fb51|6e1fc0118033f42b7c0d3623c8f67a89ebecabb2
tools/tools/fixwhite/fixwhite.1|man1/fixwhite.1|bbce68df307b6dd0ba23197397660380f18958fae65ae806cff11a7458fce0dd|bbce68df307b6dd0ba23197397660380f18958fae65ae806cff11a7458fce0dd|fa9896e082a1046ff4fbc75fcba4d18d1f2efc19
tools/tools/git/git-arc.1|man1/git-arc.1|395f044e7248903c01022bc098d00ef68225ab9d5ca3dc097863158de60821b1|395f044e7248903c01022bc098d00ef68225ab9d5ca3dc097863158de60821b1|20e6354fe78328494176427aa4fc49357d433460
tools/tools/mcgrab/mcgrab.1|man1/mcgrab.1|4b3c8e1e7ae79299cd895a32a3df7418d040e4059ebd7aac3fa3a84c7bc13fbf|4b3c8e1e7ae79299cd895a32a3df7418d040e4059ebd7aac3fa3a84c7bc13fbf|fa9896e082a1046ff4fbc75fcba4d18d1f2efc19
tools/tools/mctest/mctest.1|man1/mctest.1|dd3bb5edfe4dfd3c28803fabb1b734def26919200a9d2c4aa6d6dff40a89f0c5|dd3bb5edfe4dfd3c28803fabb1b734def26919200a9d2c4aa6d6dff40a89f0c5|fa9896e082a1046ff4fbc75fcba4d18d1f2efc19
usr.bin/apply/apply.1|man1/apply.1|a7b630445aacf832bec5972fd1100eabea5971d0c7eb68f617cc336cb610c87e|a7b630445aacf832bec5972fd1100eabea5971d0c7eb68f617cc336cb610c87e|a5ac63f95919f7695f17abad36d5b8831ffd2f1e
usr.bin/ar/ar.1|man1/ar.1|7d68cf4cbc2444d26c3bda6fbb5169204445f23777cbed374454b6860ee8a493|7d68cf4cbc2444d26c3bda6fbb5169204445f23777cbed374454b6860ee8a493|fa9896e082a1046ff4fbc75fcba4d18d1f2efc19
usr.bin/asa/asa.1|man1/asa.1|c72e850cad5e0de39d471473d820477639adfffc97e573cb29a59ecc76b367fb|c72e850cad5e0de39d471473d820477639adfffc97e573cb29a59ecc76b367fb|58d9d2f8daef8f646372efd6e87a7d4f5e05656b
usr.bin/awk/awk.1|man1/awk.1|161399fb11d9db099da4c1cdeaa16070c316218c99b6a337daf327261cac0539|161399fb11d9db099da4c1cdeaa16070c316218c99b6a337daf327261cac0539|e7a04a110724183c72e25c5c8461f89f50b4d08a
usr.bin/basename/basename.1|man1/basename.1|d68468aafd9e05f4ad9398e174774dbf19337a5b6d7f2ab999f06c008d74486e|d68468aafd9e05f4ad9398e174774dbf19337a5b6d7f2ab999f06c008d74486e|bdcbfde31e8e9b343f113a1956384bdf30d1ed62
usr.bin/beep/beep.1|man1/beep.1|847c315d0b350759b068b12b39c99de7386d796fee78355a7689ff2e95229d29|847c315d0b350759b068b12b39c99de7386d796fee78355a7689ff2e95229d29|6bda3655b8272aa9fd1301df3346aca4d5b0d39c
usr.bin/biff/biff.1|man1/biff.1|1eb9628862353e0c122d1f0a58a4c2c84602afd8cb0eb51287948a4bddf6ac7c|1eb9628862353e0c122d1f0a58a4c2c84602afd8cb0eb51287948a4bddf6ac7c|bdcbfde31e8e9b343f113a1956384bdf30d1ed62
usr.bin/bintrans/bintrans.1|man1/bintrans.1|f6592a358a3ac962673b1d5bf80000ec0386bf876f464b3fc3a19779d3e9eb8d|f6592a358a3ac962673b1d5bf80000ec0386bf876f464b3fc3a19779d3e9eb8d|491db92a1751ae3546cee4e73f43d7146cc9dc9d
usr.bin/bluetooth/bthost/bthost.1|man1/bthost.1|878c03fc307dd4c7333cf30716423396b745efc33f2917872395857c8b099ca1|878c03fc307dd4c7333cf30716423396b745efc33f2917872395857c8b099ca1|b2c76c41be32f904179efed29c0ca04d53f3996c
usr.bin/bluetooth/btsockstat/btsockstat.1|man1/btsockstat.1|6ea1ef382e99aee7929f00a35e03ab0df41b703f8993f458fef2443f01a47966|6ea1ef382e99aee7929f00a35e03ab0df41b703f8993f458fef2443f01a47966|b2c76c41be32f904179efed29c0ca04d53f3996c
usr.bin/bluetooth/rfcomm_sppd/rfcomm_sppd.1|man1/rfcomm_sppd.1|dacaf67ff3aaedeab7ddddf1945935470c4ec373c190470c91cc68ea67f1ab9e|dacaf67ff3aaedeab7ddddf1945935470c4ec373c190470c91cc68ea67f1ab9e|b2c76c41be32f904179efed29c0ca04d53f3996c
usr.bin/brandelf/brandelf.1|man1/brandelf.1|fbe7a585037b174b5efc50ffa7a9618e06f7148d7f0dce48382d9374bbeb2b43|fbe7a585037b174b5efc50ffa7a9618e06f7148d7f0dce48382d9374bbeb2b43|fa9896e082a1046ff4fbc75fcba4d18d1f2efc19
usr.bin/bsdiff/bsdiff/bsdiff.1|man1/bsdiff.1|20930091df3bb27a7408274ef8381fe462d91eabd1899b3d79602cd038f0452f|20930091df3bb27a7408274ef8381fe462d91eabd1899b3d79602cd038f0452f|fa9896e082a1046ff4fbc75fcba4d18d1f2efc19
usr.bin/bsdiff/bspatch/bspatch.1|man1/bspatch.1|4c75e802364aa0b235fffcc31d13f7f06dff3a55c98f81568bcd49c5feb0eed5|4c75e802364aa0b235fffcc31d13f7f06dff3a55c98f81568bcd49c5feb0eed5|fa9896e082a1046ff4fbc75fcba4d18d1f2efc19
usr.bin/c89/c89.1|man1/c89.1|ca91803a833837818a3d8019b085d80a4e8bfe50f645e45149b42d27582b0f83|ca91803a833837818a3d8019b085d80a4e8bfe50f645e45149b42d27582b0f83|fa9896e082a1046ff4fbc75fcba4d18d1f2efc19
usr.bin/c99/c99.1|man1/c99.1|76286415a0b83fffa03612072ae08913933af839720ebace11c87605afdf4499|76286415a0b83fffa03612072ae08913933af839720ebace11c87605afdf4499|b2c76c41be32f904179efed29c0ca04d53f3996c
usr.bin/calendar/calendar.1|man1/calendar.1|3bf3160f59815973a0438018bfedbfef78ac5dcec1b7729a39cdbbb4cba1b853|3bf3160f59815973a0438018bfedbfef78ac5dcec1b7729a39cdbbb4cba1b853|0a82cd4f101c5eb8533a0049aaa3f06f005cf8af
usr.bin/cap_mkdb/cap_mkdb.1|man1/cap_mkdb.1|9eb612772e568a8b42a476a4008a5dd87ca329c3e80c8a9df37d228f9cf28c58|9eb612772e568a8b42a476a4008a5dd87ca329c3e80c8a9df37d228f9cf28c58|bdcbfde31e8e9b343f113a1956384bdf30d1ed62
usr.bin/chpass/chpass.1|man1/chpass.1|63bdda0a40d40a77f497e871b75685d24a9b3d30612ca51b35bf6e0b08628c72|63bdda0a40d40a77f497e871b75685d24a9b3d30612ca51b35bf6e0b08628c72|a5ac63f95919f7695f17abad36d5b8831ffd2f1e
usr.bin/cksum/cksum.1|man1/cksum.1|a2c15d000918a12a021cd93dece352cf5cd3541cdd0d385718e82e2a23107a65|a2c15d000918a12a021cd93dece352cf5cd3541cdd0d385718e82e2a23107a65|70445a8061226ad46a7079ce8ad96e89ae45d6c5
usr.bin/clang/bugpoint/bugpoint.1|man1/bugpoint.1|84e3a11b37f4fa7d7b8cc3fb675d57ebd3c4b9cf2d74962224de4ca46264f010|84e3a11b37f4fa7d7b8cc3fb675d57ebd3c4b9cf2d74962224de4ca46264f010|a324c34037ef2e1101962fca4ad0c021253288e1
usr.bin/clang/clang/clang.1|man1/clang.1|ecd67e68e0ff6a1bdbfae38854e0586ea6a06dfd4429cd635361fcfdf983d24f|ecd67e68e0ff6a1bdbfae38854e0586ea6a06dfd4429cd635361fcfdf983d24f|a324c34037ef2e1101962fca4ad0c021253288e1
usr.bin/clang/llc/llc.1|man1/llc.1|73ea918f4447372bb83979e36e9eb8c01f025a895401c055a5466e052e24a6e5|73ea918f4447372bb83979e36e9eb8c01f025a895401c055a5466e052e24a6e5|a324c34037ef2e1101962fca4ad0c021253288e1
usr.bin/clang/lldb-server/lldb-server.1|man1/lldb-server.1|841194ee11a142714ba191f64c2ba761da7408d6c1e1ceb591af9db1f58d2fe0|841194ee11a142714ba191f64c2ba761da7408d6c1e1ceb591af9db1f58d2fe0|b2c76c41be32f904179efed29c0ca04d53f3996c
usr.bin/clang/lldb/lldb.1|man1/lldb.1|d902419c105b1e4ce888ac828a939a489b7999d7e59d02cd70c429f23d8d6a16|d902419c105b1e4ce888ac828a939a489b7999d7e59d02cd70c429f23d8d6a16|b2c76c41be32f904179efed29c0ca04d53f3996c
usr.bin/clang/lli/lli.1|man1/lli.1|2473bdcf6d8a5197b41ca8c9c110db4e50c36882e520cdfe2c25f5fcfd3d2747|2473bdcf6d8a5197b41ca8c9c110db4e50c36882e520cdfe2c25f5fcfd3d2747|a324c34037ef2e1101962fca4ad0c021253288e1
usr.bin/clang/llvm-ar/llvm-ar.1|man1/llvm-ar.1|33239376c714a6e6030ae376aa115004c09fe95df22123009a8a4c28c510feb7|33239376c714a6e6030ae376aa115004c09fe95df22123009a8a4c28c510feb7|a324c34037ef2e1101962fca4ad0c021253288e1
usr.bin/clang/llvm-ar/llvm-ranlib.1|man1/llvm-ranlib.1|f403843d05171c19ed5089976c674b024fac3908aa67ef17e939ecedd80a3b0b|f403843d05171c19ed5089976c674b024fac3908aa67ef17e939ecedd80a3b0b|a324c34037ef2e1101962fca4ad0c021253288e1
usr.bin/clang/llvm-as/llvm-as.1|man1/llvm-as.1|d4a42ffae902fd9028d33c041c727634bbacd4fea24e08681286e1733f1bff50|d4a42ffae902fd9028d33c041c727634bbacd4fea24e08681286e1733f1bff50|a324c34037ef2e1101962fca4ad0c021253288e1
usr.bin/clang/llvm-bcanalyzer/llvm-bcanalyzer.1|man1/llvm-bcanalyzer.1|f9724ebe78b16c9d51638c278c98f8a778c5718c8f5dc6a00ef1120314b79614|f9724ebe78b16c9d51638c278c98f8a778c5718c8f5dc6a00ef1120314b79614|a324c34037ef2e1101962fca4ad0c021253288e1
usr.bin/clang/llvm-cov/llvm-cov.1|man1/llvm-cov.1|6f4c2adca5f5567b35cecf0e026cdacc0c48cdac9062d1de865fd246099c8b6d|6f4c2adca5f5567b35cecf0e026cdacc0c48cdac9062d1de865fd246099c8b6d|a324c34037ef2e1101962fca4ad0c021253288e1
usr.bin/clang/llvm-cxxfilt/llvm-cxxfilt.1|man1/llvm-cxxfilt.1|9edfa5ecc2e60c11722e4ae671cbad146ace7d97b5fbf3ba23d00e225068db26|9edfa5ecc2e60c11722e4ae671cbad146ace7d97b5fbf3ba23d00e225068db26|a324c34037ef2e1101962fca4ad0c021253288e1
usr.bin/clang/llvm-diff/llvm-diff.1|man1/llvm-diff.1|77f77a558849d72ff231f563e53434c3fd5c5feb415bdc63606860fec32df735|77f77a558849d72ff231f563e53434c3fd5c5feb415bdc63606860fec32df735|a324c34037ef2e1101962fca4ad0c021253288e1
usr.bin/clang/llvm-dis/llvm-dis.1|man1/llvm-dis.1|a3fe8f24710c8d73daaa0d7fce40909f0185136a2f0c6805442c67c377595e37|a3fe8f24710c8d73daaa0d7fce40909f0185136a2f0c6805442c67c377595e37|a324c34037ef2e1101962fca4ad0c021253288e1
usr.bin/clang/llvm-dwarfdump/llvm-dwarfdump.1|man1/llvm-dwarfdump.1|4681e202005dff6097f6ebde0951ea29856f36c2d7c5f51d93db2292300c9174|4681e202005dff6097f6ebde0951ea29856f36c2d7c5f51d93db2292300c9174|a324c34037ef2e1101962fca4ad0c021253288e1
usr.bin/clang/llvm-dwarfutil/llvm-dwarfutil.1|man1/llvm-dwarfutil.1|0ad9f480264d37758a0de0c312831652764658d668ca3e6eccd782b4c8299718|0ad9f480264d37758a0de0c312831652764658d668ca3e6eccd782b4c8299718|a324c34037ef2e1101962fca4ad0c021253288e1
usr.bin/clang/llvm-extract/llvm-extract.1|man1/llvm-extract.1|616c524b3a23d14379345227695e1fa1ab2e52451383736abe6fdae09622da84|616c524b3a23d14379345227695e1fa1ab2e52451383736abe6fdae09622da84|a324c34037ef2e1101962fca4ad0c021253288e1
usr.bin/clang/llvm-link/llvm-link.1|man1/llvm-link.1|0d5673e2b54c76e7365cb8c6d30ebb5db2f37678c0192672c6599a69203a1327|0d5673e2b54c76e7365cb8c6d30ebb5db2f37678c0192672c6599a69203a1327|a324c34037ef2e1101962fca4ad0c021253288e1
usr.bin/clang/llvm-mca/llvm-mca.1|man1/llvm-mca.1|ec64b554388703b52d201427e901384ffe35a128a97a68fe55c7a6954e37db31|ec64b554388703b52d201427e901384ffe35a128a97a68fe55c7a6954e37db31|a324c34037ef2e1101962fca4ad0c021253288e1
usr.bin/clang/llvm-nm/llvm-nm.1|man1/llvm-nm.1|f8ed69744186c9dc90ed5ef17ba391d3f727f284d7d4d428993f48462f7521d3|f8ed69744186c9dc90ed5ef17ba391d3f727f284d7d4d428993f48462f7521d3|a324c34037ef2e1101962fca4ad0c021253288e1
usr.bin/clang/llvm-objcopy/llvm-objcopy.1|man1/llvm-objcopy.1|37fa5b8e9a6f6a4c550eeabcd300c4e6c0aa61deaa8340bf9bbbde21ca82a837|37fa5b8e9a6f6a4c550eeabcd300c4e6c0aa61deaa8340bf9bbbde21ca82a837|a324c34037ef2e1101962fca4ad0c021253288e1
usr.bin/clang/llvm-objdump/llvm-objdump.1|man1/llvm-objdump.1|46fe79545128ee632ad66c3d42e3268dc480508924bbca99c9b256dfc2109925|46fe79545128ee632ad66c3d42e3268dc480508924bbca99c9b256dfc2109925|a324c34037ef2e1101962fca4ad0c021253288e1
usr.bin/clang/llvm-pdbutil/llvm-pdbutil.1|man1/llvm-pdbutil.1|33957d20d83266d5186052ad08530a566dd752bfe60a35e4715d16f2d53885b6|33957d20d83266d5186052ad08530a566dd752bfe60a35e4715d16f2d53885b6|a324c34037ef2e1101962fca4ad0c021253288e1
usr.bin/clang/llvm-profdata/llvm-profdata.1|man1/llvm-profdata.1|840f6cf8e91b3ac15068a18a536b7266eb408a844147fa4c62ef91db87fcbcee|840f6cf8e91b3ac15068a18a536b7266eb408a844147fa4c62ef91db87fcbcee|a324c34037ef2e1101962fca4ad0c021253288e1
usr.bin/clang/llvm-readobj/llvm-readelf.1|man1/llvm-readelf.1|84609e1897e6bb856ee8c2c82dff9ff22a0d2d72e30a9b1ac2b9ff9426f28814|84609e1897e6bb856ee8c2c82dff9ff22a0d2d72e30a9b1ac2b9ff9426f28814|a324c34037ef2e1101962fca4ad0c021253288e1
usr.bin/clang/llvm-readobj/llvm-readobj.1|man1/llvm-readobj.1|79d68619e2ae948e7d95c511d70dfc26e305210c60b1025b7877be9452322743|79d68619e2ae948e7d95c511d70dfc26e305210c60b1025b7877be9452322743|a324c34037ef2e1101962fca4ad0c021253288e1
usr.bin/clang/llvm-size/llvm-size.1|man1/llvm-size.1|a65ad5aadefe83f7850becbbca87aef5d95a89a3b2b97e2d2000eee77dac3c6b|a65ad5aadefe83f7850becbbca87aef5d95a89a3b2b97e2d2000eee77dac3c6b|a324c34037ef2e1101962fca4ad0c021253288e1
usr.bin/clang/llvm-strings/llvm-strings.1|man1/llvm-strings.1|516595acc6cd990f6d82125c352689501214bcd5d3a0e97e7c78cc7b5e1a301d|516595acc6cd990f6d82125c352689501214bcd5d3a0e97e7c78cc7b5e1a301d|a324c34037ef2e1101962fca4ad0c021253288e1
usr.bin/clang/llvm-symbolizer/llvm-addr2line.1|man1/llvm-addr2line.1|884a11e4eab1727a597ac8a93228ee3f69d050111f082941755679c328156604|884a11e4eab1727a597ac8a93228ee3f69d050111f082941755679c328156604|a324c34037ef2e1101962fca4ad0c021253288e1
usr.bin/clang/llvm-symbolizer/llvm-symbolizer.1|man1/llvm-symbolizer.1|8e9624aee0b83b4a0d2c37ee5373355d648c4b481e5a179d3851789f7a785671|8e9624aee0b83b4a0d2c37ee5373355d648c4b481e5a179d3851789f7a785671|a324c34037ef2e1101962fca4ad0c021253288e1
usr.bin/clang/opt/opt.1|man1/opt.1|baefa16920d11e4b72cf865384d0cdfd6df4e649d8cab57da8f249b379e70f04|baefa16920d11e4b72cf865384d0cdfd6df4e649d8cab57da8f249b379e70f04|a324c34037ef2e1101962fca4ad0c021253288e1
usr.bin/cmp/cmp.1|man1/cmp.1|8faa25b5288461b94c8af5394559aabce0566d89930fa6436b2cdd797f851950|8faa25b5288461b94c8af5394559aabce0566d89930fa6436b2cdd797f851950|bdcbfde31e8e9b343f113a1956384bdf30d1ed62
usr.bin/col/col.1|man1/col.1|350abdfdbc376c6b5fa1f4926be2afe07a85842d91f69b58aca28a6d8b17b67e|350abdfdbc376c6b5fa1f4926be2afe07a85842d91f69b58aca28a6d8b17b67e|bdcbfde31e8e9b343f113a1956384bdf30d1ed62
usr.bin/colrm/colrm.1|man1/colrm.1|2d4334c74ad816a92b7f35d7783e7f51f1233bf284623d706c601f4aa5d6b8c0|2d4334c74ad816a92b7f35d7783e7f51f1233bf284623d706c601f4aa5d6b8c0|bdcbfde31e8e9b343f113a1956384bdf30d1ed62
usr.bin/column/column.1|man1/column.1|6b70eef6f99ca00f65cd00216c65aa3dcfdb2175f1b7a49509e64f617b728ff6|6b70eef6f99ca00f65cd00216c65aa3dcfdb2175f1b7a49509e64f617b728ff6|313713b24c6d2a3061972c4f431515c4f1b01c77
usr.bin/comm/comm.1|man1/comm.1|d590484fe320c62e633ebec707869933093aa155c18ab9ff682c15198cb2cdd5|d590484fe320c62e633ebec707869933093aa155c18ab9ff682c15198cb2cdd5|bdcbfde31e8e9b343f113a1956384bdf30d1ed62
usr.bin/compress/compress.1|man1/compress.1|e1bc78d1d33cc3a593993e558a5d46cea0f77687e2b304b6aa8da3dd0236cc67|e1bc78d1d33cc3a593993e558a5d46cea0f77687e2b304b6aa8da3dd0236cc67|bdcbfde31e8e9b343f113a1956384bdf30d1ed62
usr.bin/csplit/csplit.1|man1/csplit.1|031bf8027bcc852090b187eba3d854d8c84d4150bb10d22611075452c5972c10|031bf8027bcc852090b187eba3d854d8c84d4150bb10d22611075452c5972c10|fa9896e082a1046ff4fbc75fcba4d18d1f2efc19
usr.bin/ctags/ctags.1|man1/ctags.1|6dda65aa8e652d55e2995ee54563e139497653c8b753877a4cadc9890b373c11|6dda65aa8e652d55e2995ee54563e139497653c8b753877a4cadc9890b373c11|bdcbfde31e8e9b343f113a1956384bdf30d1ed62
usr.bin/cut/cut.1|man1/cut.1|f52fc71bcdfa7419b26bcec5401295e8ff285753e74286ed5ecb2de65a7d1a02|f52fc71bcdfa7419b26bcec5401295e8ff285753e74286ed5ecb2de65a7d1a02|e30db5381c6e93b5af4755d1a5ba0641b804eac8
usr.bin/diff/diff.1|man1/diff.1|69889655ec5f1188fdf07b744f67da3a2259b94ca65666d11790aeb9a8102ae7|69889655ec5f1188fdf07b744f67da3a2259b94ca65666d11790aeb9a8102ae7|e945411697cfaf9e57ef9ffdf9d35dfd9778612b
usr.bin/diff3/diff3.1|man1/diff3.1|3f8184133ff26c165243cf3db2499d6a73385b7df1d1ebdbeb51ebf7ffeeaa64|3f8184133ff26c165243cf3db2499d6a73385b7df1d1ebdbeb51ebf7ffeeaa64|fa37a9e9135e5e87d8dc6342545c2e4f14537121
usr.bin/dpv/dpv.1|man1/dpv.1|d4f33c0e620d75101d4df6e278e472873da092d7f8d2253f6529ac1f314c7bc8|d4f33c0e620d75101d4df6e278e472873da092d7f8d2253f6529ac1f314c7bc8|fa9896e082a1046ff4fbc75fcba4d18d1f2efc19
usr.bin/dtc/dtc.1|man1/dtc.1|3881423736a2a31303ca3b30e02fb9a8dd542c17a606e7730e686dfc0ca22bbd|3881423736a2a31303ca3b30e02fb9a8dd542c17a606e7730e686dfc0ca22bbd|fa9896e082a1046ff4fbc75fcba4d18d1f2efc19
usr.bin/du/du.1|man1/du.1|e9951097181f204e7febfd4c7e66a24c4b1b06f4e340224cb80063bf5ff9c54c|e9951097181f204e7febfd4c7e66a24c4b1b06f4e340224cb80063bf5ff9c54c|54a4e4cdbf3bd629b5f882c74076cf7a8c2167ac
usr.bin/elfctl/elfctl.1|man1/elfctl.1|ed2101c8acd2598af5888a4b7aa2bcbfcee34356b8345e625f82a0f7dd7d67e8|ed2101c8acd2598af5888a4b7aa2bcbfcee34356b8345e625f82a0f7dd7d67e8|b989c1dd1e2edc8cf7597d276625b454b7b72e6d
usr.bin/elfdump/elfdump.1|man1/elfdump.1|a7c8514ecc3f19ab1bd2747bb1f6ff16df348374fa1acbe85ee1e38ed10009a9|a7c8514ecc3f19ab1bd2747bb1f6ff16df348374fa1acbe85ee1e38ed10009a9|fa9896e082a1046ff4fbc75fcba4d18d1f2efc19
usr.bin/enigma/enigma.1|man1/enigma.1|8ffdd458e9aaaadb2d2ea0a9cc632f57e2f4a38251987da6173b3f926ff6703f|8ffdd458e9aaaadb2d2ea0a9cc632f57e2f4a38251987da6173b3f926ff6703f|fa9896e082a1046ff4fbc75fcba4d18d1f2efc19
usr.bin/env/env.1|man1/env.1|5ec323474a038162350cbee7f913d86f10156d1a3a1704045251a43795b9f8d2|5ec323474a038162350cbee7f913d86f10156d1a3a1704045251a43795b9f8d2|6f6166e49c78f6460732c02bbbba6fcc218221cf
usr.bin/etdump/etdump.1|man1/etdump.1|607b55c7d48cd6bdf23a8618456c5947403d5958b7fd03b0b71458a41f2a3969|607b55c7d48cd6bdf23a8618456c5947403d5958b7fd03b0b71458a41f2a3969|283be95ea29abd7f867e4084bafe368c47f6c038
usr.bin/expand/expand.1|man1/expand.1|4eb9ddd6a6bb88b70879577cef92ce56b012ecd119710771dcede63e41ff93ed|4eb9ddd6a6bb88b70879577cef92ce56b012ecd119710771dcede63e41ff93ed|f3eeeb959c9b00c89a2e1ff009c78162eb398656
usr.bin/false/false.1|man1/false.1|3c76664091739d905a58083d3974f1397f1b4da99c2043c3ec23b3910c22c26f|3c76664091739d905a58083d3974f1397f1b4da99c2043c3ec23b3910c22c26f|bdcbfde31e8e9b343f113a1956384bdf30d1ed62
usr.bin/fetch/fetch.1|man1/fetch.1|91c97f773129f48e13184b2740339ee86d85895e59869703a81af1cd9266a239|91c97f773129f48e13184b2740339ee86d85895e59869703a81af1cd9266a239|2821a7498f65d357c68166e1978b491abef1ca4a
usr.bin/file2c/file2c.1|man1/file2c.1|9b9e8de13cbc93c9b1721b9f564b9fed434cd6ed4df181f7a2e8a1df9f6708b6|9b9e8de13cbc93c9b1721b9f564b9fed434cd6ed4df181f7a2e8a1df9f6708b6|fa9896e082a1046ff4fbc75fcba4d18d1f2efc19
usr.bin/find/find.1|man1/find.1|c126104630cde9deb428d4140c132d6a3fdbf3fa4b9fc45f281ae59a9b80bf3e|c126104630cde9deb428d4140c132d6a3fdbf3fa4b9fc45f281ae59a9b80bf3e|5cbb1e05086c2cb510a9b77a6979dfb42c0cf215
usr.bin/finger/finger.1|man1/finger.1|2d2a4e416f0dbd12400901d854d1269194b52f2ccb4eb901b3bd2cb820fc76dd|2d2a4e416f0dbd12400901d854d1269194b52f2ccb4eb901b3bd2cb820fc76dd|bdcbfde31e8e9b343f113a1956384bdf30d1ed62
usr.bin/fmt/fmt.1|man1/fmt.1|d740e77d725f501f669407b1fc49a514d8df34f116834df0761fd7be20592853|d740e77d725f501f669407b1fc49a514d8df34f116834df0761fd7be20592853|bdcbfde31e8e9b343f113a1956384bdf30d1ed62
usr.bin/fold/fold.1|man1/fold.1|a97f605943f5752c196e119d578b5e47769d775b75251a08117d3c3186d95adb|a97f605943f5752c196e119d578b5e47769d775b75251a08117d3c3186d95adb|bdcbfde31e8e9b343f113a1956384bdf30d1ed62
usr.bin/from/from.1|man1/from.1|9103398fcf2736ced47a25bfdfdcdfdee1bff53e7684deca4ab1b130b938419c|9103398fcf2736ced47a25bfdfdcdfdee1bff53e7684deca4ab1b130b938419c|bdcbfde31e8e9b343f113a1956384bdf30d1ed62
usr.bin/fstat/fstat.1|man1/fstat.1|5752abbb3466253bd3af9270737f65ccf327fed39c7528bd7a5e1c282e17df59|5752abbb3466253bd3af9270737f65ccf327fed39c7528bd7a5e1c282e17df59|0ba51e3b638424597add4212958524c9b750dd7b
usr.bin/fstat/fuser.1|man1/fuser.1|1f3794cd8e68177c6f7114d16b691938328372db6fb90c7074ae14a020d19bcc|1f3794cd8e68177c6f7114d16b691938328372db6fb90c7074ae14a020d19bcc|fa9896e082a1046ff4fbc75fcba4d18d1f2efc19
usr.bin/fsync/fsync.1|man1/fsync.1|f035690260d29abf0239cbb2634919bfa2b2354a671977df2cf080d637cd8fa9|f035690260d29abf0239cbb2634919bfa2b2354a671977df2cf080d637cd8fa9|fa9896e082a1046ff4fbc75fcba4d18d1f2efc19
usr.bin/gcore/gcore.1|man1/gcore.1|53c2a1e7d56662b8b261d6753a74980b38e61d755869009ed935a8c21ae9de53|53c2a1e7d56662b8b261d6753a74980b38e61d755869009ed935a8c21ae9de53|bdcbfde31e8e9b343f113a1956384bdf30d1ed62
usr.bin/gencat/gencat.1|man1/gencat.1|6d86fb32d3103fac19e1f2a4283086d0c7d2a7f4241594abb34c929ca8c4f588|6d86fb32d3103fac19e1f2a4283086d0c7d2a7f4241594abb34c929ca8c4f588|fa9896e082a1046ff4fbc75fcba4d18d1f2efc19
usr.bin/genl/genl.1|man1/genl.1|fea1a831081327d4abb8ce49befa63f0c72ea2c638dab8cb33a680c454b67f4c|fea1a831081327d4abb8ce49befa63f0c72ea2c638dab8cb33a680c454b67f4c|13d81ef632ec6ca5e6936ab77e8ac67a8c430033
usr.bin/getaddrinfo/getaddrinfo.1|man1/getaddrinfo.1|2e396980257180ab5c6ed48913ce8083700f3b79c002ee468a792e8dab35056b|2e396980257180ab5c6ed48913ce8083700f3b79c002ee468a792e8dab35056b|9cb98ab7ceeb97b70a4891a4a3a21372158ccf24
usr.bin/getconf/getconf.1|man1/getconf.1|8dd67123fe64bea72a85a3ab3bf5c46a97254dcdf5b9ccdaf4404b282da6f9a8|8dd67123fe64bea72a85a3ab3bf5c46a97254dcdf5b9ccdaf4404b282da6f9a8|fa9896e082a1046ff4fbc75fcba4d18d1f2efc19
usr.bin/getent/getent.1|man1/getent.1|210dbdf0dd63f805093a246d260e8d23eb748e6dc6484a818ad5858b39256a28|210dbdf0dd63f805093a246d260e8d23eb748e6dc6484a818ad5858b39256a28|fa9896e082a1046ff4fbc75fcba4d18d1f2efc19
usr.bin/getopt/getopt.1|man1/getopt.1|c2fcdc4b96b26777b26ad6fa71dad90b49a34023ec6edb14468cdd2df87fdf22|c2fcdc4b96b26777b26ad6fa71dad90b49a34023ec6edb14468cdd2df87fdf22|b2c76c41be32f904179efed29c0ca04d53f3996c
usr.bin/gprof/gprof.1|man1/gprof.1|75efc971741d9873753561c78c6451af0969d57b0976bf269a6779a9a0639edd|75efc971741d9873753561c78c6451af0969d57b0976bf269a6779a9a0639edd|bdcbfde31e8e9b343f113a1956384bdf30d1ed62
usr.bin/grep/grep.1|man1/grep.1|a240be6291e719181e1f0cfed23094452971d280908cad4320f652e5397871da|a240be6291e719181e1f0cfed23094452971d280908cad4320f652e5397871da|bdcbfde31e8e9b343f113a1956384bdf30d1ed62
usr.bin/grep/zgrep.1|man1/zgrep.1|d2bdfb84bcb91af086907c9e6c9ec099fba4d86c32f640ad3400123ee4bbb15e|d2bdfb84bcb91af086907c9e6c9ec099fba4d86c32f640ad3400123ee4bbb15e|6aca792f6f003dceb5ec1b50698c78c33e9b271d
usr.bin/gzip/gzexe.1|man1/gzexe.1|80a6eb5e8bff4cd531e7263884be06ab31fd0a47834c91a61eb696cf190c9c7c|80a6eb5e8bff4cd531e7263884be06ab31fd0a47834c91a61eb696cf190c9c7c|fa9896e082a1046ff4fbc75fcba4d18d1f2efc19
usr.bin/gzip/gzip.1|man1/gzip.1|820fd0c957c6308e7ebb109357d00477446619c1e39906f9fd1ef7734c0adb1e|820fd0c957c6308e7ebb109357d00477446619c1e39906f9fd1ef7734c0adb1e|bc919e81e0b7dadf0ef550d83d0ef910cc20c5bf
usr.bin/gzip/zdiff.1|man1/zdiff.1|871716e288ad894155b7ffc04923384143e97573338b6a0bf900f0e4a4647c20|871716e288ad894155b7ffc04923384143e97573338b6a0bf900f0e4a4647c20|fa9896e082a1046ff4fbc75fcba4d18d1f2efc19
usr.bin/gzip/zforce.1|man1/zforce.1|51a31e4721592d0c6f255eeaf3b5819ffe38f87351be31ad2c94cbec221d5d72|51a31e4721592d0c6f255eeaf3b5819ffe38f87351be31ad2c94cbec221d5d72|fa9896e082a1046ff4fbc75fcba4d18d1f2efc19
usr.bin/gzip/zmore.1|man1/zmore.1|36c74e30440d6a32611ce7a383d1a7eaafcc3ccd2ece5e7fb49ad21e5ed8c06f|36c74e30440d6a32611ce7a383d1a7eaafcc3ccd2ece5e7fb49ad21e5ed8c06f|fa9896e082a1046ff4fbc75fcba4d18d1f2efc19
usr.bin/gzip/znew.1|man1/znew.1|f4ecc8dbfcca077876bd36ea5b154fff0d1ba45f8f802131f2932a90d6ab7b96|f4ecc8dbfcca077876bd36ea5b154fff0d1ba45f8f802131f2932a90d6ab7b96|fa9896e082a1046ff4fbc75fcba4d18d1f2efc19
usr.bin/head/head.1|man1/head.1|ba9373847fb61b12aaeec754934d01da92fd8c4c4abcc8a00e48c1e78aeaa1f1|ba9373847fb61b12aaeec754934d01da92fd8c4c4abcc8a00e48c1e78aeaa1f1|bdcbfde31e8e9b343f113a1956384bdf30d1ed62
usr.bin/hesinfo/hesinfo.1|man1/hesinfo.1|8935d0176a0dcac2fb5d548512a55946e3ecc0cb332f752e5285dec29d19d0c3|8935d0176a0dcac2fb5d548512a55946e3ecc0cb332f752e5285dec29d19d0c3|fa9896e082a1046ff4fbc75fcba4d18d1f2efc19
usr.bin/hexdump/hexdump.1|man1/hexdump.1|54a33ec27ba0f1effdc0ec894dc3d4fdc676701c921ddf096d577c7f0082aac6|54a33ec27ba0f1effdc0ec894dc3d4fdc676701c921ddf096d577c7f0082aac6|bdcbfde31e8e9b343f113a1956384bdf30d1ed62
usr.bin/hexdump/od.1|man1/od.1|9f17615af9effa8b0d2f527747a36f1c2318bdb96e36128221703d827360a79b|9f17615af9effa8b0d2f527747a36f1c2318bdb96e36128221703d827360a79b|bdcbfde31e8e9b343f113a1956384bdf30d1ed62
usr.bin/iconv/iconv.1|man1/iconv.1|d449af41d18bb7d01afd0fae00e812de9d17ddc4980a53c40807a7e9e47172c0|d449af41d18bb7d01afd0fae00e812de9d17ddc4980a53c40807a7e9e47172c0|b2c76c41be32f904179efed29c0ca04d53f3996c
usr.bin/id/groups.1|man1/groups.1|e26806043fd27084ae5e5d8a7a17f7aa6bd787067660f234c125aa786ddf48da|e26806043fd27084ae5e5d8a7a17f7aa6bd787067660f234c125aa786ddf48da|0ac3db8805525ea47d0b6a485378d2d88df95edc
usr.bin/id/id.1|man1/id.1|3adb1285697eea5d1fc46ed751063734c1fb4a1539e6da794d6816204149f9da|3adb1285697eea5d1fc46ed751063734c1fb4a1539e6da794d6816204149f9da|0ac3db8805525ea47d0b6a485378d2d88df95edc
usr.bin/id/whoami.1|man1/whoami.1|3ab1961f5e23ea8971ee411ccbf6e361f8463b0fe02674da28a903af103bd32c|3ab1961f5e23ea8971ee411ccbf6e361f8463b0fe02674da28a903af103bd32c|bdcbfde31e8e9b343f113a1956384bdf30d1ed62
usr.bin/ident/ident.1|man1/ident.1|655501c48d8077e3299e8afe48f27a025a0c5e1cc5ad1462c653bc005e11fc9c|655501c48d8077e3299e8afe48f27a025a0c5e1cc5ad1462c653bc005e11fc9c|56d81eb17db0e7d5f4a183b823f9e81cc2293f29
usr.bin/indent/indent.1|man1/indent.1|c2bcdf967ab5040f2cedb5fb2201d19ca3d23eabcf6d91d402fccc1b27b47b20|c2bcdf967ab5040f2cedb5fb2201d19ca3d23eabcf6d91d402fccc1b27b47b20|bdcbfde31e8e9b343f113a1956384bdf30d1ed62
usr.bin/ipcrm/ipcrm.1|man1/ipcrm.1|5cc2db0ecc59f74c2582ff76cc6fdba45bae153a2d64acf7279180d751259f7f|5cc2db0ecc59f74c2582ff76cc6fdba45bae153a2d64acf7279180d751259f7f|fa9896e082a1046ff4fbc75fcba4d18d1f2efc19
usr.bin/ipcs/ipcs.1|man1/ipcs.1|03fc20346656da92fa54112b77ae4be3713a2442330a4c420af16018511daf4f|03fc20346656da92fa54112b77ae4be3713a2442330a4c420af16018511daf4f|fa9896e082a1046ff4fbc75fcba4d18d1f2efc19
usr.bin/join/join.1|man1/join.1|9602ccdb53ea857555b87d793cd13425f4d262c96e434a85e37db9e50bb7b2b6|9602ccdb53ea857555b87d793cd13425f4d262c96e434a85e37db9e50bb7b2b6|bdcbfde31e8e9b343f113a1956384bdf30d1ed62
usr.bin/jot/jot.1|man1/jot.1|a8d1144351909a5311f911aeb4b6b6366db47c44b8e885a751eb1cfefcdf131e|a8d1144351909a5311f911aeb4b6b6366db47c44b8e885a751eb1cfefcdf131e|bdcbfde31e8e9b343f113a1956384bdf30d1ed62
usr.bin/kdump/kdump.1|man1/kdump.1|1d345e0b173b03cc69d9151c5c9cd5b0bc4f92d064ef4bdf88544ca21a57aff0|1d345e0b173b03cc69d9151c5c9cd5b0bc4f92d064ef4bdf88544ca21a57aff0|bdcbfde31e8e9b343f113a1956384bdf30d1ed62
usr.bin/killall/killall.1|man1/killall.1|a716bf1425953d5a96a423ce8085828f3b4e033a42dbaecc3cc302ae651f5838|a716bf1425953d5a96a423ce8085828f3b4e033a42dbaecc3cc302ae651f5838|fa9896e082a1046ff4fbc75fcba4d18d1f2efc19
usr.bin/ktrace/ktrace.1|man1/ktrace.1|46a0923a15b17d76c128c70de5ef6b71f96c662016ac7f2a5d55134ead24c0fd|46a0923a15b17d76c128c70de5ef6b71f96c662016ac7f2a5d55134ead24c0fd|96f4be881e8e9e0cb9a6ad2cd9f17f4440983600
usr.bin/lam/lam.1|man1/lam.1|7984f8b3ea81b6a840e2812823fabf6795b4a43b57afefa0e083536e2dc3c2ab|7984f8b3ea81b6a840e2812823fabf6795b4a43b57afefa0e083536e2dc3c2ab|bdcbfde31e8e9b343f113a1956384bdf30d1ed62
usr.bin/last/last.1|man1/last.1|454b829d930bd25bf3d11a532ea764c8acfa9ca35ace6c134e2339d87e7fa05c|454b829d930bd25bf3d11a532ea764c8acfa9ca35ace6c134e2339d87e7fa05c|cc61a0793a0e7db8601e5eba1242befb810a5844
usr.bin/lastcomm/lastcomm.1|man1/lastcomm.1|287fa7ce3aca443f6dd22d2744c3b4f4ecf5d640c6db9b5fd57100787d690595|287fa7ce3aca443f6dd22d2744c3b4f4ecf5d640c6db9b5fd57100787d690595|bdcbfde31e8e9b343f113a1956384bdf30d1ed62
usr.bin/ldd/ldd.1|man1/ldd.1|5b3229930d4248b3a2b745539f73a9dbc9bbaba97aea7439bbbff4ff4dbe28ab|5b3229930d4248b3a2b745539f73a9dbc9bbaba97aea7439bbbff4ff4dbe28ab|b2c76c41be32f904179efed29c0ca04d53f3996c
usr.bin/leave/leave.1|man1/leave.1|3a59a9fe7a3dfc5285115a9fc3f4390a2d14bdcaee4e07d7d18b267f21e8f1b0|3a59a9fe7a3dfc5285115a9fc3f4390a2d14bdcaee4e07d7d18b267f21e8f1b0|bdcbfde31e8e9b343f113a1956384bdf30d1ed62
usr.bin/lex/lex.1|man1/lex.1|d177dcf640e6b7b51b0211659f5a4c0304c4fae728f51a08980c2531523b1ed5|d177dcf640e6b7b51b0211659f5a4c0304c4fae728f51a08980c2531523b1ed5|b2c76c41be32f904179efed29c0ca04d53f3996c
usr.bin/limits/limits.1|man1/limits.1|175fe46b1bc248e410aae0b064ed5344fa25ccab3dc63993c92699ce4b42973e|175fe46b1bc248e410aae0b064ed5344fa25ccab3dc63993c92699ce4b42973e|f54f41403d149e867b896ae753a0e7e2b0c738b0
usr.bin/locale/locale.1|man1/locale.1|754db07196edf193f32b3244c0d3cc4dc8f85d809cc5d2d78af86c78e03fcb19|754db07196edf193f32b3244c0d3cc4dc8f85d809cc5d2d78af86c78e03fcb19|fa9896e082a1046ff4fbc75fcba4d18d1f2efc19
usr.bin/localedef/localedef.1|man1/localedef.1|26128779c45dec707dda17e8a966b44ffd2603dff53594565a410d76aee5a53c|26128779c45dec707dda17e8a966b44ffd2603dff53594565a410d76aee5a53c|c0367c654a3340c5aa194a3137489f760d556139
usr.bin/locate/locate/locate.1|man1/locate.1|5f70846c646f24acbfa970680f7c6870539bb7482f60d689deaa7590345c8e53|5f70846c646f24acbfa970680f7c6870539bb7482f60d689deaa7590345c8e53|bdcbfde31e8e9b343f113a1956384bdf30d1ed62
usr.bin/lock/lock.1|man1/lock.1|dc3c5768c24ef16e922233b09e3c71d6910f4f15b177615155b0f3b2d4c3cd5e|dc3c5768c24ef16e922233b09e3c71d6910f4f15b177615155b0f3b2d4c3cd5e|3ef9e138dd8b70879ba91d84ac623baa0d4b6c91
usr.bin/lockf/lockf.1|man1/lockf.1|dd075a1e0f088afb7ac986592d0c33ed7f93d9fe426d1add3d4439c6dc284f6c|dd075a1e0f088afb7ac986592d0c33ed7f93d9fe426d1add3d4439c6dc284f6c|1ed68542b1f7fcf56caa820064bdfb61a6b14f36
usr.bin/logger/logger.1|man1/logger.1|48c24ccff98dad68160314653019fc17bcc7743f5c5c983ca918edeebb6f4240|48c24ccff98dad68160314653019fc17bcc7743f5c5c983ca918edeebb6f4240|bdcbfde31e8e9b343f113a1956384bdf30d1ed62
usr.bin/login/login.1|man1/login.1|5c0bf9b08b54c78d1a1978f26342d4e08d6e7bb6affd6da85d25b7c5859bcaf2|5c0bf9b08b54c78d1a1978f26342d4e08d6e7bb6affd6da85d25b7c5859bcaf2|51e30d5adfb910b2130eec82d356b88404df250d
usr.bin/logins/logins.1|man1/logins.1|7fd6f2e5d75a2cd223ac8fe32da869429f2be7aed903d62a57bd8121cf2e3b95|7fd6f2e5d75a2cd223ac8fe32da869429f2be7aed903d62a57bd8121cf2e3b95|e738085b94631f90e21a49852538ac95974baf44
usr.bin/logname/logname.1|man1/logname.1|0dc06e92e0c4710c1311f4e500a6e1a65a47730841e01f3bbc701d1913428451|0dc06e92e0c4710c1311f4e500a6e1a65a47730841e01f3bbc701d1913428451|bdcbfde31e8e9b343f113a1956384bdf30d1ed62
usr.bin/look/look.1|man1/look.1|c3f1b008a3a89265ce8dc26b90b5f72504dc3e2a1248475e1c57a9d45e4f9983|c3f1b008a3a89265ce8dc26b90b5f72504dc3e2a1248475e1c57a9d45e4f9983|7df526eb10c9095e4988e77900f60ba00c42b095
usr.bin/lorder/lorder.1|man1/lorder.1|6380082b944dffbe2999e3ca0870b07b978bb4ee07cbf6c14954527f588b3432|6380082b944dffbe2999e3ca0870b07b978bb4ee07cbf6c14954527f588b3432|cf4d9bf8b38819da12c6d686d5cf6dbd6353cd61
usr.bin/lsvfs/lsvfs.1|man1/lsvfs.1|237abf7ede87e370b85130ed635c51665eaca950d201d7be50f9b5c33d0937d7|237abf7ede87e370b85130ed635c51665eaca950d201d7be50f9b5c33d0937d7|1a720cbec513210fa2e85c3882741ef2f6dc5f35
usr.bin/m4/m4.1|man1/m4.1|113b276cb91766c9cf9f4827aa24f5861ff176966bee0d1ea83e048d58717b34|113b276cb91766c9cf9f4827aa24f5861ff176966bee0d1ea83e048d58717b34|bdcbfde31e8e9b343f113a1956384bdf30d1ed62
usr.bin/mail/mail.1|man1/mail.1|73a52f2250fc3f6a6d512ff5690755cb1577c7a13aaae33b6a78e2e0d247e0b2|73a52f2250fc3f6a6d512ff5690755cb1577c7a13aaae33b6a78e2e0d247e0b2|bdcbfde31e8e9b343f113a1956384bdf30d1ed62
usr.bin/man/man.1|man1/man.1|07e495719df47c1a5d7169a6cf2dfc7503cf00e2544c68c1ad7d959fa0b6a9fd|07e495719df47c1a5d7169a6cf2dfc7503cf00e2544c68c1ad7d959fa0b6a9fd|668fbde7df9af6e78cef7e9f5fa8ec7cb0966119
usr.bin/man/manpath.1|man1/manpath.1|b20a065672fd4d0a53dc46a72bb59e97d7343f1d2a9077fee72bc86b41a57827|b20a065672fd4d0a53dc46a72bb59e97d7343f1d2a9077fee72bc86b41a57827|d928328f8d2d25a4632401795e1c0ebbaeb7b10d
usr.bin/mdo/mdo.1|man1/mdo.1|cfe1a8cffb96fd71e49b3ebbc50d11818ddf133ca125c8d8a0d7b6223669575c|cfe1a8cffb96fd71e49b3ebbc50d11818ddf133ca125c8d8a0d7b6223669575c|050ee8641ff8e44b3f4e64f61244aab743aa853f
usr.bin/mesg/mesg.1|man1/mesg.1|6e14f95eb4c140cb58ef8a200c3ef1a1b7655d1973f739bda2e25351e69ebf34|6e14f95eb4c140cb58ef8a200c3ef1a1b7655d1973f739bda2e25351e69ebf34|bdcbfde31e8e9b343f113a1956384bdf30d1ed62
usr.bin/mididump/mididump.1|man1/mididump.1|2d9622eb92dd5b31666a0f7f7a6dd8de6a53a96c8d36fe86a084abee5001ebe2|2d9622eb92dd5b31666a0f7f7a6dd8de6a53a96c8d36fe86a084abee5001ebe2|27aec148ea4bfa2ccd2170ed1ccc6665aa819607
usr.bin/ministat/ministat.1|man1/ministat.1|abf5e49f94e68e6e55537699da7e3c4a03d5fa32a98f9266b91ecd6c5f61032f|abf5e49f94e68e6e55537699da7e3c4a03d5fa32a98f9266b91ecd6c5f61032f|e69c36339ebafc8b9b95fbf31ea22b7fded391e8
usr.bin/mkcsmapper/mkcsmapper.1|man1/mkcsmapper.1|132a7c5ab73571cfa1eee5e2df14c10334cca8feabc62bfbaff90ea558d0b656|132a7c5ab73571cfa1eee5e2df14c10334cca8feabc62bfbaff90ea558d0b656|fa9896e082a1046ff4fbc75fcba4d18d1f2efc19
usr.bin/mkdep/mkdep.1|man1/mkdep.1|f6e4bae11b1509fb197d218e51bbc47bb8dd4d9532dd5edbe9f3148f46ff4bab|f6e4bae11b1509fb197d218e51bbc47bb8dd4d9532dd5edbe9f3148f46ff4bab|bdcbfde31e8e9b343f113a1956384bdf30d1ed62
usr.bin/mkesdb/mkesdb.1|man1/mkesdb.1|28583086075aa2fb30ca0166287b865ff2cbd8f19ad7baa9bff2d489b83f84bc|28583086075aa2fb30ca0166287b865ff2cbd8f19ad7baa9bff2d489b83f84bc|fa9896e082a1046ff4fbc75fcba4d18d1f2efc19
usr.bin/mkfifo/mkfifo.1|man1/mkfifo.1|81ad2f1685b5fe3d60421bf806abe8146ea0b43323612fbc57290b6ae69e9fbb|81ad2f1685b5fe3d60421bf806abe8146ea0b43323612fbc57290b6ae69e9fbb|bdcbfde31e8e9b343f113a1956384bdf30d1ed62
usr.bin/mkimg/mkimg.1|man1/mkimg.1|775b5ce874a0afcc2a0057f07e59d86fa0044ad73a05892d5525ab0156e5279f|775b5ce874a0afcc2a0057f07e59d86fa0044ad73a05892d5525ab0156e5279f|97ee3aeb2abf7ad5b38fbfebe7e1730b3e52d2fd
usr.bin/mkstr/mkstr.1|man1/mkstr.1|a8ae166b1f6dc5e2f59610e78d4588a510f55ab90f4658bbed5da661c322734f|a8ae166b1f6dc5e2f59610e78d4588a510f55ab90f4658bbed5da661c322734f|bdcbfde31e8e9b343f113a1956384bdf30d1ed62
usr.bin/mktemp/mktemp.1|man1/mktemp.1|8029887cd7129788e3d54dc38b8756ae3ad72b51d050d09694dc4f2cf13eac17|8029887cd7129788e3d54dc38b8756ae3ad72b51d050d09694dc4f2cf13eac17|e3a9e2f029ab7a0674f44b64e5d246fbc9f932ca
usr.bin/msgs/msgs.1|man1/msgs.1|d83bcf9ad4e68a8db95b1f1936516395dd93b52d6ac0e9911dfdeea6fa6ea6a2|d83bcf9ad4e68a8db95b1f1936516395dd93b52d6ac0e9911dfdeea6fa6ea6a2|6e1fc0118033f42b7c0d3623c8f67a89ebecabb2
usr.bin/mt/mt.1|man1/mt.1|7ed67b1e6ee20a1c5c781ebb7a7db369b1146a725bdc73f4d94c9fdfc15da350|7ed67b1e6ee20a1c5c781ebb7a7db369b1146a725bdc73f4d94c9fdfc15da350|7fe98ee4d49ad4a7c5e994a999567aec4b34f84e
usr.bin/ncal/ncal.1|man1/ncal.1|096d8b95d95a5a3fee5c1501506bcfd554fbec438b81659928d6c911e9b80a79|096d8b95d95a5a3fee5c1501506bcfd554fbec438b81659928d6c911e9b80a79|49224311fe6d850e5c25a7e79328c87029df6be8
usr.bin/netstat/netstat.1|man1/netstat.1|d45ef9eb0a4b1cb8fb9fa27f84cce27bb68c47844dd871ab7ff79016084bf765|d45ef9eb0a4b1cb8fb9fa27f84cce27bb68c47844dd871ab7ff79016084bf765|c63d3e582ac0712254a9308adcb6fedebe0b8567
usr.bin/newgrp/newgrp.1|man1/newgrp.1|d171d3a669693e988924e89a53b01aea6be7743c2f810297084b48ef7b3aa092|d171d3a669693e988924e89a53b01aea6be7743c2f810297084b48ef7b3aa092|0ac3db8805525ea47d0b6a485378d2d88df95edc
usr.bin/nfsstat/nfsstat.1|man1/nfsstat.1|23f15517968857af234097256586b4da6191da5498a77eaa13f59db8dfbcaf3c|23f15517968857af234097256586b4da6191da5498a77eaa13f59db8dfbcaf3c|cc61a0793a0e7db8601e5eba1242befb810a5844
usr.bin/nice/nice.1|man1/nice.1|75e3f4e7f7d3f108bf95570c5edaa93a2f7023d80d9229e0147340d19a9a15e9|75e3f4e7f7d3f108bf95570c5edaa93a2f7023d80d9229e0147340d19a9a15e9|bdcbfde31e8e9b343f113a1956384bdf30d1ed62
usr.bin/nl/nl.1|man1/nl.1|0247654ea4837c810564d93265284e416ff9fef7d2f8642bc92d01c181e29f7a|0247654ea4837c810564d93265284e416ff9fef7d2f8642bc92d01c181e29f7a|b2c76c41be32f904179efed29c0ca04d53f3996c
usr.bin/nohup/nohup.1|man1/nohup.1|55602d08e0d7060ff6cadb0a908e6adaecb05fa492cdaa4c5970d3f5245dc2de|55602d08e0d7060ff6cadb0a908e6adaecb05fa492cdaa4c5970d3f5245dc2de|bdcbfde31e8e9b343f113a1956384bdf30d1ed62
usr.bin/pagesize/pagesize.1|man1/pagesize.1|d6fc8693339f8d1aed00691dd90641373a616953dc6f9f24e0ff840cae89401c|d6fc8693339f8d1aed00691dd90641373a616953dc6f9f24e0ff840cae89401c|bdcbfde31e8e9b343f113a1956384bdf30d1ed62
usr.bin/passwd/passwd.1|man1/passwd.1|2837fe0915fdb44214604c67be653b50a984335b1be614dbc3d559377faad201|2837fe0915fdb44214604c67be653b50a984335b1be614dbc3d559377faad201|bdcbfde31e8e9b343f113a1956384bdf30d1ed62
usr.bin/paste/paste.1|man1/paste.1|edefb4f6a0ce8a82fafb496b48cc806c4df85e2749c149b33fd942a7818b7a8a|edefb4f6a0ce8a82fafb496b48cc806c4df85e2749c149b33fd942a7818b7a8a|bdcbfde31e8e9b343f113a1956384bdf30d1ed62
usr.bin/patch/patch.1|man1/patch.1|d856252fef5fec3a0ad16d077ca621eef45c99272c547825022040dc91d7bdcc|d856252fef5fec3a0ad16d077ca621eef45c99272c547825022040dc91d7bdcc|b2c76c41be32f904179efed29c0ca04d53f3996c
usr.bin/pathchk/pathchk.1|man1/pathchk.1|b24268dc4018cb8ffcf117582ebc874bc4be30cfc92918e9c17bbb23d0662b3b|b24268dc4018cb8ffcf117582ebc874bc4be30cfc92918e9c17bbb23d0662b3b|fa9896e082a1046ff4fbc75fcba4d18d1f2efc19
usr.bin/perror/perror.1|man1/perror.1|77a4c08f8d8628f70360bc456f6580d24611f22685874cfb7abd22435519a99c|77a4c08f8d8628f70360bc456f6580d24611f22685874cfb7abd22435519a99c|fa9896e082a1046ff4fbc75fcba4d18d1f2efc19
usr.bin/posixmqcontrol/posixmqcontrol.1|man1/posixmqcontrol.1|d29066a9d89c84c28d0f5781008d2b40559da0a8220a026fd1565bb3f7373203|d29066a9d89c84c28d0f5781008d2b40559da0a8220a026fd1565bb3f7373203|6e1fc0118033f42b7c0d3623c8f67a89ebecabb2
usr.bin/posixshmcontrol/posixshmcontrol.1|man1/posixshmcontrol.1|ab4d920536c6850f2362717ae04fbac565cb2a9566608b85d58a86d1358e8409|ab4d920536c6850f2362717ae04fbac565cb2a9566608b85d58a86d1358e8409|dab59af3bcc7cb7ba01569d3044894b3e860ad56
usr.bin/pr/pr.1|man1/pr.1|95067762fffc04b6e7d0a37ade4fd5128a26308c013d40766a5575ae4d75a6bb|95067762fffc04b6e7d0a37ade4fd5128a26308c013d40766a5575ae4d75a6bb|bdcbfde31e8e9b343f113a1956384bdf30d1ed62
usr.bin/printenv/printenv.1|man1/printenv.1|5cf23a5dd2c0efcb4aab94e0602eba945f5aa8a020046cd3baa72764bc5bd60f|5cf23a5dd2c0efcb4aab94e0602eba945f5aa8a020046cd3baa72764bc5bd60f|bdcbfde31e8e9b343f113a1956384bdf30d1ed62
usr.bin/printf/printf.1|man1/printf.1|b6da339f3f834543477288518ee7d7167061906e0542f88242d5874e1bd20f47|b6da339f3f834543477288518ee7d7167061906e0542f88242d5874e1bd20f47|bdcbfde31e8e9b343f113a1956384bdf30d1ed62
usr.bin/proccontrol/proccontrol.1|man1/proccontrol.1|37ee3f6966d7cede1a2a368350596713cb08ccf1da293043bbbc78234b1660b4|37ee3f6966d7cede1a2a368350596713cb08ccf1da293043bbbc78234b1660b4|dabf006a638fdc44cdcf69731de8ac83959db731
usr.bin/procstat/procstat.1|man1/procstat.1|37adc9b6a781b59aa41ac5bc13f13904f05c99e563ec75d1174fb25fe4650df3|37adc9b6a781b59aa41ac5bc13f13904f05c99e563ec75d1174fb25fe4650df3|cc61a0793a0e7db8601e5eba1242befb810a5844
usr.bin/protect/protect.1|man1/protect.1|7a8133e7af7c1937b4b601c1d71478553d4dafe4460e04a842bed47518ebff76|7a8133e7af7c1937b4b601c1d71478553d4dafe4460e04a842bed47518ebff76|fa9896e082a1046ff4fbc75fcba4d18d1f2efc19
usr.bin/quota/quota.1|man1/quota.1|3d99b5e3a85b9fa1b45e382e77a989d4fb2d392ff3577c5bbb107aec86a068ca|3d99b5e3a85b9fa1b45e382e77a989d4fb2d392ff3577c5bbb107aec86a068ca|bdcbfde31e8e9b343f113a1956384bdf30d1ed62
usr.bin/resizewin/resizewin.1|man1/resizewin.1|b139433654741688b7c3f8d551a6f50cf3a6a1b81b826796d4ff7246cb91937d|b139433654741688b7c3f8d551a6f50cf3a6a1b81b826796d4ff7246cb91937d|4a5d51e73e48b27d90b21ed26999b23208f603d8
usr.bin/rev/rev.1|man1/rev.1|a6fce881bd2f380486979c9b34800c399e3c9f4d1d84461d9b62751e1e72a3b3|a6fce881bd2f380486979c9b34800c399e3c9f4d1d84461d9b62751e1e72a3b3|bdcbfde31e8e9b343f113a1956384bdf30d1ed62
usr.bin/revoke/revoke.1|man1/revoke.1|a58ec30b886540acdabbd5b3a687d84ac7cabc236f0629bca374b7699dc17455|a58ec30b886540acdabbd5b3a687d84ac7cabc236f0629bca374b7699dc17455|fa9896e082a1046ff4fbc75fcba4d18d1f2efc19
usr.bin/rpcgen/rpcgen.1|man1/rpcgen.1|e8e3bdf749131b30e1e26ddd5aec5598e802b0c6e6ec138a23965cedf4f1ce50|e8e3bdf749131b30e1e26ddd5aec5598e802b0c6e6ec138a23965cedf4f1ce50|bdcbfde31e8e9b343f113a1956384bdf30d1ed62
usr.bin/rs/rs.1|man1/rs.1|3568e66e09d9cc73c6f444bf775cfd624c195ccbbc863c8f345ac324ae76cdfe|3568e66e09d9cc73c6f444bf775cfd624c195ccbbc863c8f345ac324ae76cdfe|bdcbfde31e8e9b343f113a1956384bdf30d1ed62
usr.bin/runat/runat.1|man1/runat.1|a36ecaad8f621eb4c8eba9dbd757536a762990fa4583cf7a1c9895f13cd524f3|a36ecaad8f621eb4c8eba9dbd757536a762990fa4583cf7a1c9895f13cd524f3|0660de8172cd5a03affb9e87a1007cac5ba30425
usr.bin/rup/rup.1|man1/rup.1|14044f9a44bc1aa2837789718b04fba6a734bd9b6078b793d0088a2852f0ac0b|14044f9a44bc1aa2837789718b04fba6a734bd9b6078b793d0088a2852f0ac0b|fa9896e082a1046ff4fbc75fcba4d18d1f2efc19
usr.bin/ruptime/ruptime.1|man1/ruptime.1|f99509df3ba1a84d6646e13815c48395b82580e75305f2e0539ffc162a55ef0b|f99509df3ba1a84d6646e13815c48395b82580e75305f2e0539ffc162a55ef0b|bdcbfde31e8e9b343f113a1956384bdf30d1ed62
usr.bin/rusers/rusers.1|man1/rusers.1|3005d3e74dadcf60da02a763aa05a0abb668e90140ffdbf2342d23433d08f773|3005d3e74dadcf60da02a763aa05a0abb668e90140ffdbf2342d23433d08f773|bdcbfde31e8e9b343f113a1956384bdf30d1ed62
usr.bin/rwall/rwall.1|man1/rwall.1|db53acac5e241234c74c0c210d426d2b5b0e2f8132700509fc527e101acfaf77|db53acac5e241234c74c0c210d426d2b5b0e2f8132700509fc527e101acfaf77|bdcbfde31e8e9b343f113a1956384bdf30d1ed62
usr.bin/rwho/rwho.1|man1/rwho.1|b95a29ec642b030a53b35d5bfaba65ce552d98e1380790bda346b8e2c4582d57|b95a29ec642b030a53b35d5bfaba65ce552d98e1380790bda346b8e2c4582d57|bdcbfde31e8e9b343f113a1956384bdf30d1ed62
usr.bin/script/script.1|man1/script.1|c150130d6702af74bc662acd196aff9013909b2782070c6628de3713c2cbb33a|c150130d6702af74bc662acd196aff9013909b2782070c6628de3713c2cbb33a|a5ac63f95919f7695f17abad36d5b8831ffd2f1e
usr.bin/sdiff/sdiff.1|man1/sdiff.1|fa2856ac127ca3ee1337516ade0393975073bc83c12f572ca076abaa3a69ace6|fa2856ac127ca3ee1337516ade0393975073bc83c12f572ca076abaa3a69ace6|a834edfccd14a8c0f152a3b0078469af8e05f3fd
usr.bin/sed/sed.1|man1/sed.1|25a26285b3377cd804c1c96ae96b0f4d083041f9717d75507a7f91965f24c3a4|25a26285b3377cd804c1c96ae96b0f4d083041f9717d75507a7f91965f24c3a4|3cb2a7e01e13c866d7c4bb55da8f229233c0cd7c
usr.bin/seq/seq.1|man1/seq.1|178f5c1e9afb0bcdd2f98ffce15cfb6ea7ec2805e0261890c58e42fa1be7f978|178f5c1e9afb0bcdd2f98ffce15cfb6ea7ec2805e0261890c58e42fa1be7f978|2f893597fcc34456d5adfc3f1633b39c76d0764f
usr.bin/sockstat/sockstat.1|man1/sockstat.1|17c5edbfbe8adf54ca63ee953ab06047909a8c363928d14cfc55d98fd6a08e25|17c5edbfbe8adf54ca63ee953ab06047909a8c363928d14cfc55d98fd6a08e25|5845acb55615d5bc92fb2220005364c74765855a
usr.bin/soelim/soelim.1|man1/soelim.1|7d21fc1daea03b0d80454acf00c5f2ccf541e22b1bbacc059bc8d8d6530d9e19|7d21fc1daea03b0d80454acf00c5f2ccf541e22b1bbacc059bc8d8d6530d9e19|fa9896e082a1046ff4fbc75fcba4d18d1f2efc19
usr.bin/split/split.1|man1/split.1|19097154ce40750e7c6ac871e9600dffada72f9e532893a288e2051fa595150b|19097154ce40750e7c6ac871e9600dffada72f9e532893a288e2051fa595150b|bdcbfde31e8e9b343f113a1956384bdf30d1ed62
usr.bin/ssh-copy-id/ssh-copy-id.1|man1/ssh-copy-id.1|de80042818b96948cf2902a2708c9c7f80352285fb1089d8d773b60968a63928|de80042818b96948cf2902a2708c9c7f80352285fb1089d8d773b60968a63928|fa9896e082a1046ff4fbc75fcba4d18d1f2efc19
usr.bin/stat/stat.1|man1/stat.1|8fddf005364f5418a7198ca1bb07884efa83e4d8c34be370620b1dcd38ba071d|8fddf005364f5418a7198ca1bb07884efa83e4d8c34be370620b1dcd38ba071d|697d7905aba98c7e76ccbb9fffea173379f11296
usr.bin/stdbuf/stdbuf.1|man1/stdbuf.1|fb8b8f35240c48a5269aa42d12653e529781577c6b9d45cda9b1d834e589f125|fb8b8f35240c48a5269aa42d12653e529781577c6b9d45cda9b1d834e589f125|fa9896e082a1046ff4fbc75fcba4d18d1f2efc19
usr.bin/su/su.1|man1/su.1|90127dfb6b8001d5bb306f105ea0ce38ceeb03b7f99cc2438f56932a90d124c5|90127dfb6b8001d5bb306f105ea0ce38ceeb03b7f99cc2438f56932a90d124c5|f850a9288bde429befdfc4563288b8d71b58b308
usr.bin/systat/systat.1|man1/systat.1|4a406704de0da95bef670e44c96179b3f7d427f1f976d4d8b77f4ab1368f9573|4a406704de0da95bef670e44c96179b3f7d427f1f976d4d8b77f4ab1368f9573|bdcbfde31e8e9b343f113a1956384bdf30d1ed62
usr.bin/tabs/tabs.1|man1/tabs.1|76fde693007ef41f5a7c8290888f24b42a582965620d863da580d58250a0b2b9|76fde693007ef41f5a7c8290888f24b42a582965620d863da580d58250a0b2b9|fa9896e082a1046ff4fbc75fcba4d18d1f2efc19
usr.bin/tail/tail.1|man1/tail.1|f7f2588e046aefd852ebdc5e8db80b1f336f11ce6dc99b4178cbf5b0e59d2b8a|f7f2588e046aefd852ebdc5e8db80b1f336f11ce6dc99b4178cbf5b0e59d2b8a|9f20787fe89e2a912a9e5dd2d3da56087722e8c2
usr.bin/talk/talk.1|man1/talk.1|f4eb80975cf0705a3c3be2af63751b41ea1a8f3ebf9eeb299324fb2f078c6fe6|f4eb80975cf0705a3c3be2af63751b41ea1a8f3ebf9eeb299324fb2f078c6fe6|bdcbfde31e8e9b343f113a1956384bdf30d1ed62
usr.bin/tcopy/tcopy.1|man1/tcopy.1|526354577f710a913c2d538ed3cba54a73c5010052b33174ec8f511ac7bd267e|526354577f710a913c2d538ed3cba54a73c5010052b33174ec8f511ac7bd267e|4f766afc1ca0595fcabafe4dbc61974bb81bfbfe
usr.bin/tee/tee.1|man1/tee.1|4e03baafe4bda39b4efd55f7eba8d846d7da81ef50b03b9ae433fdfea0f29ec5|4e03baafe4bda39b4efd55f7eba8d846d7da81ef50b03b9ae433fdfea0f29ec5|1b3748977f28c70e0b161fb476bf4e075bcc5940
usr.bin/tftp/tftp.1|man1/tftp.1|67c8043dd9b4520c0b860034894b225afb3854b36eca0c54391f1054f3ccaf1e|67c8043dd9b4520c0b860034894b225afb3854b36eca0c54391f1054f3ccaf1e|bdcbfde31e8e9b343f113a1956384bdf30d1ed62
usr.bin/time/time.1|man1/time.1|13b7255f4eb221ee8a7b32cff6c1d0c7a1ffff871186003c332437250c875b5d|13b7255f4eb221ee8a7b32cff6c1d0c7a1ffff871186003c332437250c875b5d|cb18ba9df52df247198c0f41979090686a0f8403
usr.bin/tip/tip/cu.1|man1/cu.1|a31f61c21ba6e8ebea3c2f35623227fa68f2f4f9be2b4d5f55b7dd9763fd1751|a31f61c21ba6e8ebea3c2f35623227fa68f2f4f9be2b4d5f55b7dd9763fd1751|4d12c7b9df660b15580ff3b07ef5570d1cab958a
usr.bin/tip/tip/tip.1|man1/tip.1|0678bb70fedf58d0136208f931c910f540129a06d7f9762e9e549409f29bd0f2|0678bb70fedf58d0136208f931c910f540129a06d7f9762e9e549409f29bd0f2|bdcbfde31e8e9b343f113a1956384bdf30d1ed62
usr.bin/top/top.1|man1/top.1|fdf7dee5468465c7dc1d856c25c98705f2ca8f6bfad02489b4f603210d7673e3|fdf7dee5468465c7dc1d856c25c98705f2ca8f6bfad02489b4f603210d7673e3|6a41fd466701db71da443e1b87b31d463d99d056
usr.bin/touch/touch.1|man1/touch.1|3a0306d52105b7ad4bc1d1b6f064b4cb538ade10f3ea0f5e190077ee35f2a077|3a0306d52105b7ad4bc1d1b6f064b4cb538ade10f3ea0f5e190077ee35f2a077|bdcbfde31e8e9b343f113a1956384bdf30d1ed62
usr.bin/tr/tr.1|man1/tr.1|0da6a2fab98c0e903eddf1bcc69ff2e3d71ac5ac2064cf14bef55063f82a3810|0da6a2fab98c0e903eddf1bcc69ff2e3d71ac5ac2064cf14bef55063f82a3810|bdcbfde31e8e9b343f113a1956384bdf30d1ed62
usr.bin/true/true.1|man1/true.1|5ed9dc6d88f041d0c0d5a3063c435ebbdefa0b2d2442e87c34f1e22ce6d6abfd|5ed9dc6d88f041d0c0d5a3063c435ebbdefa0b2d2442e87c34f1e22ce6d6abfd|bdcbfde31e8e9b343f113a1956384bdf30d1ed62
usr.bin/truncate/truncate.1|man1/truncate.1|5aa264cc1e3a1a49a1040849d51830b4eb0a3ff9a40df3ba2f3d01987391efeb|5aa264cc1e3a1a49a1040849d51830b4eb0a3ff9a40df3ba2f3d01987391efeb|91ad27bcfc496393ba88f39ca13cdf1c59a7f487
usr.bin/truss/truss.1|man1/truss.1|2e0f2cc5b7895f99f7683936dc5bc7afe68c74442048c8453375214d461211e0|2e0f2cc5b7895f99f7683936dc5bc7afe68c74442048c8453375214d461211e0|fa9ac741d03342c33a0e8f85114949625ba4901f
usr.bin/tsort/tsort.1|man1/tsort.1|8da100f146d6a4955b0a7677bcc3943d71c7bd6039256f5e382600e229431f04|8da100f146d6a4955b0a7677bcc3943d71c7bd6039256f5e382600e229431f04|bdcbfde31e8e9b343f113a1956384bdf30d1ed62
usr.bin/tty/tty.1|man1/tty.1|f96dde71e90ae19b58ab2c111957e25878fcc5aaa22b99f3337779145c53de32|f96dde71e90ae19b58ab2c111957e25878fcc5aaa22b99f3337779145c53de32|bdcbfde31e8e9b343f113a1956384bdf30d1ed62
usr.bin/ul/ul.1|man1/ul.1|a1e0dadee6134ca33a96aa2a4cf2404cee9c3870dd4648910154f486f8fcb64d|a1e0dadee6134ca33a96aa2a4cf2404cee9c3870dd4648910154f486f8fcb64d|bdcbfde31e8e9b343f113a1956384bdf30d1ed62
usr.bin/uname/uname.1|man1/uname.1|d5023a497349beaff7fa91ec231acea21a0603aa2a6b92de3c5a465620883334|d5023a497349beaff7fa91ec231acea21a0603aa2a6b92de3c5a465620883334|bdcbfde31e8e9b343f113a1956384bdf30d1ed62
usr.bin/uniq/uniq.1|man1/uniq.1|3c9a2d613b0f7f64f1f003b3c7800a18619b39fa01124b773417907d23a2c125|3c9a2d613b0f7f64f1f003b3c7800a18619b39fa01124b773417907d23a2c125|b93791f5e7b0246b121dd98c10d6563298d6b2b0
usr.bin/units/units.1|man1/units.1|bade8a6e7e47fbfde5cf8179a3e495a655c642c3ac6b00a8f3aa7942f7a1d3a5|bade8a6e7e47fbfde5cf8179a3e495a655c642c3ac6b00a8f3aa7942f7a1d3a5|b2c76c41be32f904179efed29c0ca04d53f3996c
usr.bin/usbhidaction/usbhidaction.1|man1/usbhidaction.1|31f671384863ecad9681e157fb4ae5d27423c267c37ddec67569ad8c147b05fb|31f671384863ecad9681e157fb4ae5d27423c267c37ddec67569ad8c147b05fb|b2c76c41be32f904179efed29c0ca04d53f3996c
usr.bin/usbhidctl/usbhidctl.1|man1/usbhidctl.1|065c24dba83e69d46ae1c8ebfc5302caab636b5b523afc2cb0e56de0154c1981|065c24dba83e69d46ae1c8ebfc5302caab636b5b523afc2cb0e56de0154c1981|b2c76c41be32f904179efed29c0ca04d53f3996c
usr.bin/users/users.1|man1/users.1|7082ea0c7d418586ef5d014c93bacfc09977adf95afefe7e053a76c946242960|7082ea0c7d418586ef5d014c93bacfc09977adf95afefe7e053a76c946242960|bdcbfde31e8e9b343f113a1956384bdf30d1ed62
usr.bin/vgrind/vgrind.1|man1/vgrind.1|8dd7fbc3f8997d17a96229203ae245fabad66b02bee0948ad1cef9d7e18237bf|8dd7fbc3f8997d17a96229203ae245fabad66b02bee0948ad1cef9d7e18237bf|bdcbfde31e8e9b343f113a1956384bdf30d1ed62
usr.bin/w/uptime.1|man1/uptime.1|9d1d287f1665fec4b768045d5f33a3e4da4a1b152eb2848f89f34c9355766dcb|9d1d287f1665fec4b768045d5f33a3e4da4a1b152eb2848f89f34c9355766dcb|f6ff04831acf4b3ae693afb96a090e4a0c3803ab
usr.bin/w/w.1|man1/w.1|e2a431ebf5c67239ea60ddecbdbc69f70b4e10450f14e4a94d6a84a8d653ee6e|e2a431ebf5c67239ea60ddecbdbc69f70b4e10450f14e4a94d6a84a8d653ee6e|f6ff04831acf4b3ae693afb96a090e4a0c3803ab
usr.bin/wall/wall.1|man1/wall.1|4530bc5db8405404a0a0ad99aa24d71e73c60a62826f827b900c1123e663930e|4530bc5db8405404a0a0ad99aa24d71e73c60a62826f827b900c1123e663930e|bdcbfde31e8e9b343f113a1956384bdf30d1ed62
usr.bin/wc/wc.1|man1/wc.1|05357b1463a51f56cb217d32e5f5e3587f3d7febb6676f1f91685407a4b18a9f|05357b1463a51f56cb217d32e5f5e3587f3d7febb6676f1f91685407a4b18a9f|093b16a63674a8ac3087020b92072936d15df7bf
usr.bin/what/what.1|man1/what.1|6320e11776cd629281883021d5e4eb9631ef8fca2fb0f2d8e2b5b3356826fdd9|6320e11776cd629281883021d5e4eb9631ef8fca2fb0f2d8e2b5b3356826fdd9|bdcbfde31e8e9b343f113a1956384bdf30d1ed62
usr.bin/whereis/whereis.1|man1/whereis.1|76026a3b9c49a0f87ee519497642aec952c8122019ee7ac14c40817003131add|76026a3b9c49a0f87ee519497642aec952c8122019ee7ac14c40817003131add|bdcbfde31e8e9b343f113a1956384bdf30d1ed62
usr.bin/which/which.1|man1/which.1|6137a50fb0fdca8ac8fd07805b15f4c5888c3a890e6e22f3587680f254e2dc61|6137a50fb0fdca8ac8fd07805b15f4c5888c3a890e6e22f3587680f254e2dc61|fa9896e082a1046ff4fbc75fcba4d18d1f2efc19
usr.bin/who/who.1|man1/who.1|47b7ca4539b17d91ac697922eb6276c1e6be23c040b1913248b7f42bdad26d50|47b7ca4539b17d91ac697922eb6276c1e6be23c040b1913248b7f42bdad26d50|bdcbfde31e8e9b343f113a1956384bdf30d1ed62
usr.bin/whois/whois.1|man1/whois.1|96cdce495a62e6d5da90be5726433e16e6874df89dc672ac55a0bad8e42f550c|96cdce495a62e6d5da90be5726433e16e6874df89dc672ac55a0bad8e42f550c|bdcbfde31e8e9b343f113a1956384bdf30d1ed62
usr.bin/write/write.1|man1/write.1|d1e2c1af04df74658ced36fe258d5161d4f740a928b941dfc43dcde5febaca12|d1e2c1af04df74658ced36fe258d5161d4f740a928b941dfc43dcde5febaca12|bdcbfde31e8e9b343f113a1956384bdf30d1ed62
usr.bin/xargs/xargs.1|man1/xargs.1|076ca0303c5d06d26ed0502e451952f3f0ee23c1b520cca6e93e5954ca7e70aa|076ca0303c5d06d26ed0502e451952f3f0ee23c1b520cca6e93e5954ca7e70aa|bdcbfde31e8e9b343f113a1956384bdf30d1ed62
usr.bin/xinstall/install.1|man1/install.1|330143b6be921c1569426b98baa646b1e9b5ed86b81911207bc9c26453280fd2|330143b6be921c1569426b98baa646b1e9b5ed86b81911207bc9c26453280fd2|a0439a1b820fa0e742c00d095f5f5c06f5f19432
usr.bin/xstr/xstr.1|man1/xstr.1|a38a3d316c15fd7f89594ea1caea5609ea601f9524225f6ac5eff545b4b1898a|a38a3d316c15fd7f89594ea1caea5609ea601f9524225f6ac5eff545b4b1898a|bdcbfde31e8e9b343f113a1956384bdf30d1ed62
usr.bin/yes/yes.1|man1/yes.1|bb8773fc6d5438e57daa3377ae0ab485ca249512735123e9f00cb4ccf387e4d3|bb8773fc6d5438e57daa3377ae0ab485ca249512735123e9f00cb4ccf387e4d3|f2e600ff156d6ac80630b199c3781ac3c1527a9c
usr.bin/ypcat/ypcat.1|man1/ypcat.1|03e74b26e40fddf25cae4c1c0d509d064bc8ed5bd10debc5850c278e3bded651|03e74b26e40fddf25cae4c1c0d509d064bc8ed5bd10debc5850c278e3bded651|fa9896e082a1046ff4fbc75fcba4d18d1f2efc19
usr.bin/ypmatch/ypmatch.1|man1/ypmatch.1|4d9f95fba317c7e503c0c55254752172f77fcd8a56da84fa7afbcaea865312c4|4d9f95fba317c7e503c0c55254752172f77fcd8a56da84fa7afbcaea865312c4|fa9896e082a1046ff4fbc75fcba4d18d1f2efc19
usr.bin/ypwhich/ypwhich.1|man1/ypwhich.1|85a4b74abea18c45cb883ce2c5bc98281430a2fb348ffeca81434594dd71dbba|85a4b74abea18c45cb883ce2c5bc98281430a2fb348ffeca81434594dd71dbba|fa9896e082a1046ff4fbc75fcba4d18d1f2efc19
usr.sbin/bsnmpd/tools/bsnmptools/bsnmpget.1|man1/bsnmpget.1|e2f709972b3c0213be16bc2d92be4ec8440a6bec4e6ed102f9a75c5c49898601|e2f709972b3c0213be16bc2d92be4ec8440a6bec4e6ed102f9a75c5c49898601|fa9896e082a1046ff4fbc75fcba4d18d1f2efc19
usr.sbin/cdcontrol/cdcontrol.1|man1/cdcontrol.1|570e8c3e55f4bc5de94318ceca8af3ca925610f25379bba5dfd46a92356e30c2|570e8c3e55f4bc5de94318ceca8af3ca925610f25379bba5dfd46a92356e30c2|b2c76c41be32f904179efed29c0ca04d53f3996c
usr.sbin/chown/chgrp.1|man1/chgrp.1|7a9fbbe727b5c7f0abb6cd24243c59df3f60d9d6e905bf71f3547073b39a6be3|7a9fbbe727b5c7f0abb6cd24243c59df3f60d9d6e905bf71f3547073b39a6be3|0ac3db8805525ea47d0b6a485378d2d88df95edc
usr.sbin/ckdist/ckdist.1|man1/ckdist.1|4943e4b07a59c0680a6be88acd4cbf0ac9abae5ea14a801b599be386fb584b42|4943e4b07a59c0680a6be88acd4cbf0ac9abae5ea14a801b599be386fb584b42|fa9896e082a1046ff4fbc75fcba4d18d1f2efc19
usr.sbin/cron/crontab/crontab.1|man1/crontab.1|06972d16a0d3dc79b0f18e0514785331d599af8379d1e62d15855afdc58fb843|06972d16a0d3dc79b0f18e0514785331d599af8379d1e62d15855afdc58fb843|da9cd485d0950de83c9762ca99532114aeb394d4
usr.sbin/crunch/crunchgen/crunchgen.1|man1/crunchgen.1|6782679c253bc7f51c803dec434073aa6f8267ce1b697a465e9919f4ff74ac03|6782679c253bc7f51c803dec434073aa6f8267ce1b697a465e9919f4ff74ac03|b2c76c41be32f904179efed29c0ca04d53f3996c
usr.sbin/crunch/crunchide/crunchide.1|man1/crunchide.1|a90d1b6586f45791295262c1ae6f9348e2448032bcc55bbb341c4e204bdf9a42|a90d1b6586f45791295262c1ae6f9348e2448032bcc55bbb341c4e204bdf9a42|b2c76c41be32f904179efed29c0ca04d53f3996c
usr.sbin/fdread/fdread.1|man1/fdread.1|12477e750f75db571227b5c0fa69b81281158594ff7851841d43b27045705e74|12477e750f75db571227b5c0fa69b81281158594ff7851841d43b27045705e74|661b40ffdee25dd81d19fbbcd6cb09e3ec159342
usr.sbin/fdwrite/fdwrite.1|man1/fdwrite.1|0e92400dd8926a660e4e952a24cbc8f60c0b1365591d6813e436e37fc4733458|0e92400dd8926a660e4e952a24cbc8f60c0b1365591d6813e436e37fc4733458|661b40ffdee25dd81d19fbbcd6cb09e3ec159342
usr.sbin/fifolog/fifolog_create/fifolog.1|man1/fifolog.1|5811731529e826b0d5366033c19f14c533ab6f03c41f336090ac99aa4dec2bb8|5811731529e826b0d5366033c19f14c533ab6f03c41f336090ac99aa4dec2bb8|fa9896e082a1046ff4fbc75fcba4d18d1f2efc19
usr.sbin/kbdcontrol/kbdcontrol.1|man1/kbdcontrol.1|5c4de88201762b4beb043bea003384200b772d4ebf37a0e796d32dcb94e972db|5c4de88201762b4beb043bea003384200b772d4ebf37a0e796d32dcb94e972db|580dc180c7ebd84a4aee27938a5f4a62520ac5d9
usr.sbin/kbdmap/kbdmap.1|man1/kbdmap.1|9ac4fed87be252a3ec0360c2ddda0ea1425621c7e44f0bda9edc630b06955a3a|9ac4fed87be252a3ec0360c2ddda0ea1425621c7e44f0bda9edc630b06955a3a|580dc180c7ebd84a4aee27938a5f4a62520ac5d9
usr.sbin/lpr/lp/lp.1|man1/lp.1|41449fdb164f687c51fd2e0014bf9eb8193c46dd6c1467b90b24c23dfb9f51f6|41449fdb164f687c51fd2e0014bf9eb8193c46dd6c1467b90b24c23dfb9f51f6|9b75d6ec6929e7e6723fbfeb52f60acfa63e5dbc
usr.sbin/lpr/lpq/lpq.1|man1/lpq.1|95e4df190bf76680742a18a16938b9e9d1262dbbcd45a9ecd82c18785cffb9b9|95e4df190bf76680742a18a16938b9e9d1262dbbcd45a9ecd82c18785cffb9b9|9b75d6ec6929e7e6723fbfeb52f60acfa63e5dbc
usr.sbin/lpr/lpr/lpr.1|man1/lpr.1|543f7d41076794dce96b07dffe97f09575c5c0f547e753396e647cd8eebeb38c|543f7d41076794dce96b07dffe97f09575c5c0f547e753396e647cd8eebeb38c|9b75d6ec6929e7e6723fbfeb52f60acfa63e5dbc
usr.sbin/lpr/lprm/lprm.1|man1/lprm.1|915bacbe5cb95787bff3e687842c4ac3e522ef06e0e244a872b85b17d83e3a8d|915bacbe5cb95787bff3e687842c4ac3e522ef06e0e244a872b85b17d83e3a8d|9b75d6ec6929e7e6723fbfeb52f60acfa63e5dbc
usr.sbin/lpr/lptest/lptest.1|man1/lptest.1|dde2d52db99180b231d8e72a73fe204b3e2e0627182fea8ab38a3a2c7dec77cb|dde2d52db99180b231d8e72a73fe204b3e2e0627182fea8ab38a3a2c7dec77cb|9b75d6ec6929e7e6723fbfeb52f60acfa63e5dbc
usr.sbin/mptable/mptable.1|man1/mptable.1|0cb0efc2436b699ec0cb3d2ee0e1e6a61cc40fc3865542724de4bafd7f6c647d|0cb0efc2436b699ec0cb3d2ee0e1e6a61cc40fc3865542724de4bafd7f6c647d|fa9896e082a1046ff4fbc75fcba4d18d1f2efc19
usr.sbin/rtprio/rtprio.1|man1/rtprio.1|1f4cbf5c58da162f14ff74920a0b479282d90aeb59e8872a55b1bf934a4b1d7d|1f4cbf5c58da162f14ff74920a0b479282d90aeb59e8872a55b1bf934a4b1d7d|fa9896e082a1046ff4fbc75fcba4d18d1f2efc19
usr.sbin/setfib/setfib.1|man1/setfib.1|5d7e408f7d634e159e844477a846c42e92c64262590fb6accf0f97bf54f7907c|5d7e408f7d634e159e844477a846c42e92c64262590fb6accf0f97bf54f7907c|fa9896e082a1046ff4fbc75fcba4d18d1f2efc19
usr.sbin/uhsoctl/uhsoctl.1|man1/uhsoctl.1|da65f10cdd022fc7c27e559fada06c505e384ba17aedfdc2a870f0c8372af4b2|da65f10cdd022fc7c27e559fada06c505e384ba17aedfdc2a870f0c8372af4b2|fa9896e082a1046ff4fbc75fcba4d18d1f2efc19
usr.sbin/vidcontrol/vidcontrol.1|man1/vidcontrol.1|7fe0a97f217e436a07347153c4d208a8fd6ce37a0e36867ffd02929e18ddcbda|7fe0a97f217e436a07347153c4d208a8fd6ce37a0e36867ffd02929e18ddcbda|1e34e2f9fd76da0595652f6befd55c7a5c0815cd
