# Format: src_path|target_path|orig_hash|last_existed_orig_hash|git_commit_hash
# Generated by man-tr-scan.sh. Do not edit manually.
bin/cat/cat.1|man1/cat.1|58b1fc15e7a78e37ac6e2814e97cdf3704af5cdc41b6f547f86101d4ef6c572a|48dd1741c9daf1b3db4a289866165429357aa7574bb2b4412de09ac880ff782b|d8c4785e1e41860ad469ac3f67149d0d84ee6590
bin/chflags/chflags.1|man1/chflags.1|1956de5102c3521de3352348ebcb76abbf28168e9988b199a4db185db08cd135|1956de5102c3521de3352348ebcb76abbf28168e9988b199a4db185db08cd135|90aea514c6249118e880d75972d063362f4bf492
bin/chio/chio.1|man1/chio.1|201cd5177c59025c3976f71865da7f40c62ceff4d90ed8475127d138aa2821a1|201cd5177c59025c3976f71865da7f40c62ceff4d90ed8475127d138aa2821a1|fa9896e082a1046ff4fbc75fcba4d18d1f2efc19
bin/chmod/chmod.1|man1/chmod.1|16b07ab041f93a87ff6886d9543de92a7cf92b3e1fd1cc25475930c62570a29f|16b07ab041f93a87ff6886d9543de92a7cf92b3e1fd1cc25475930c62570a29f|90aea514c6249118e880d75972d063362f4bf492
bin/cp/cp.1|man1/cp.1|8a482dcde793ed2c3fcb571648dfccfbcde5fafb428f3ad6958bc850453513ac|4029015f641eae2b0cb0d502a665ee8700ee310a4daefc3e0d9dc0ac6dc4931f|c878cb7effe775a063ac790d7c0e24e51f9c72ed
bin/cpuset/cpuset.1|man1/cpuset.1|b9752bcd33438d926fb7f8e738632272ed68e70136efd4c38ae1f0713514d6c6|b9752bcd33438d926fb7f8e738632272ed68e70136efd4c38ae1f0713514d6c6|fa9896e082a1046ff4fbc75fcba4d18d1f2efc19
bin/date/date.1|man1/date.1|9d4e89c12e2ff7d6d75b94d553beab23d942b13ce888e28e4ff54aa8dfd60a7b|9d4e89c12e2ff7d6d75b94d553beab23d942b13ce888e28e4ff54aa8dfd60a7b|758d7ce63a617a5bb1d18b5259216a753587e057
bin/dd/dd.1|man1/dd.1|64fc91dccbeaef50e3f011590fcb6341c4c0c9e64e5fcb4dcde848ce0ef7c15a|64fc91dccbeaef50e3f011590fcb6341c4c0c9e64e5fcb4dcde848ce0ef7c15a|90aea514c6249118e880d75972d063362f4bf492
bin/df/df.1|man1/df.1|ff21dc1b1524a353fad453159f45167a66427f7bd05688d9c6e070cd1c2fea4f|ff21dc1b1524a353fad453159f45167a66427f7bd05688d9c6e070cd1c2fea4f|cc61a0793a0e7db8601e5eba1242befb810a5844
bin/domainname/domainname.1|man1/domainname.1|2ed2c94c6b381869ba6573aa1c445b7d990f0558ceec25268b63059393c4d267|2ed2c94c6b381869ba6573aa1c445b7d990f0558ceec25268b63059393c4d267|90405e1d63ff919705422745f19a8b56a37f5ac0
bin/echo/echo.1|man1/echo.1|ffd12085131967b4ace8cfe69a337148497a6943db1fd41582e5c09695a7fdb3|ffd12085131967b4ace8cfe69a337148497a6943db1fd41582e5c09695a7fdb3|7e68976408e4df21e120e2d6440392302cac84f3
bin/ed/ed.1|man1/ed.1|17fc06379b651da1330490dded3c250507dfb8fe06ed5c28182dade910ae87b7|17fc06379b651da1330490dded3c250507dfb8fe06ed5c28182dade910ae87b7|84886bf93ae96ee4d19cd7f31696ba368cabddae
bin/expr/expr.1|man1/expr.1|23d961c0927f87387fef7457adb5e51805aa37aef623af915e70b2ad06f7ce0a|23d961c0927f87387fef7457adb5e51805aa37aef623af915e70b2ad06f7ce0a|fa9896e082a1046ff4fbc75fcba4d18d1f2efc19
bin/freebsd-version/freebsd-version.1|man1/freebsd-version.1|f85823a2852b2613a8ce56205eac329c628b103b5d4801e116e4c2a72af2a894|f85823a2852b2613a8ce56205eac329c628b103b5d4801e116e4c2a72af2a894|fcc3096f004116d8bb8a753bb2f2181f2949a806
bin/getfacl/getfacl.1|man1/getfacl.1|490907499f73d7add81a5c8a54b3835327816001cb9f1a10cbefea4762663db7|490907499f73d7add81a5c8a54b3835327816001cb9f1a10cbefea4762663db7|8bf37c868f45e73345b791f9abc6c5a07a1629db
bin/hostname/hostname.1|man1/hostname.1|7b9bb0cebd93ebe97ec1dcd1ec2cf50569999ba42a68f7ab8d5c4b5fe8d34773|7b9bb0cebd93ebe97ec1dcd1ec2cf50569999ba42a68f7ab8d5c4b5fe8d34773|26cf4a61f693339ca261d3acaf4d01290acc525e
bin/kenv/kenv.1|man1/kenv.1|7ad9870dc86718735906d82d9794f1eb6e7ba029b8bab1f4902ceab1a3b4938a|12b3bdf5a0e4f3db6e605fc5bbd8dd7a2eb4a46a017fe7d48ff51e433d56b3ad|da9d26a215a644e9e8a31f3c47309f6cce350380
bin/kill/kill.1|man1/kill.1|bbcddd8edb9c085e9251f6b2a4cd431ac86f9c9a52dfffe5131cc4becf9d1874|bbcddd8edb9c085e9251f6b2a4cd431ac86f9c9a52dfffe5131cc4becf9d1874|d6c2d4fe975c70975bdc6bec76d044408f6dcb8c
bin/ln/ln.1|man1/ln.1|75707f9c251c5f9eeabc523bbaf0850dcf34a98e53d6db3349a1737a99c82fef|75707f9c251c5f9eeabc523bbaf0850dcf34a98e53d6db3349a1737a99c82fef|90aea514c6249118e880d75972d063362f4bf492
bin/ls/ls.1|man1/ls.1|f4a811d5c5de5d42afda3e801d0af515744aba3537f675d947df095d4987f271|f4a811d5c5de5d42afda3e801d0af515744aba3537f675d947df095d4987f271|4ed2448a4f2b32d0c4055c282e4cc2b691d621ed
bin/mkdir/mkdir.1|man1/mkdir.1|af69cb32a64ab0195806cd9716b38749edd39e6d1198ff2aff1d06f4ff0288c5|af69cb32a64ab0195806cd9716b38749edd39e6d1198ff2aff1d06f4ff0288c5|90aea514c6249118e880d75972d063362f4bf492
bin/mv/mv.1|man1/mv.1|2e8eb33de5438eac448ee54f25351d4dd35876590dec2dabff561927fb61d735|2e8eb33de5438eac448ee54f25351d4dd35876590dec2dabff561927fb61d735|90aea514c6249118e880d75972d063362f4bf492
bin/nproc/nproc.1|man1/nproc.1|c4503df6517aa66a7698c62b79a480901f2980548bde7c50f6be437f253ad583|c4503df6517aa66a7698c62b79a480901f2980548bde7c50f6be437f253ad583|1e078fb6021ebb5ccfb092fe9e5befcf4054ac0b
bin/pax/pax.1|man1/pax.1|bd789ca6e50eb0bc8ea656c3070270e7dfbb52d40764831631645277a3212941|bd789ca6e50eb0bc8ea656c3070270e7dfbb52d40764831631645277a3212941|90aea514c6249118e880d75972d063362f4bf492
bin/pkill/pkill.1|man1/pkill.1|c626bea9440df89a280e8ddcb51f2e8f259f83d4a23a9f1c04a9842f953c8b3d|c626bea9440df89a280e8ddcb51f2e8f259f83d4a23a9f1c04a9842f953c8b3d|88a2d48d39d9845e36c8e95a9204001b11e7257e
bin/ps/ps.1|man1/ps.1|36900c14bd8cd408422acbc2b8ee67b41f9501a432c2def37b94e9a8b50b1c03|4e235480969a2d2e8aaa15ed4806792cea4f7265286031a8bdb5dca62256c7a7|952eb3db7f5c5662052c96658a71a412f12dacbd
bin/pwait/pwait.1|man1/pwait.1|89338265e9f92adad9391c685c760816b7431565ae3f02b90f01e98a3496ee6b|46947ad7d85905a76e00edd6eaf19d02136470a3248009d46544c247c2274c6c|48f73970d1edd9fcf0a7e6f702adda107ac55a39
bin/pwd/pwd.1|man1/pwd.1|d5f4021aa589bf8364a08536538c433b238a97cf2d863ce5c02c25949b58101e|979ffeada2bcc3fafc4935f7256cf566eee2270093bbccc6fc1f9843d40bc15d|93e22eb18e2a417610377da15859a298cbcc1149
bin/realpath/realpath.1|man1/realpath.1|bb502a2dc91d3253650d694c5b102302e9c285de4f5eff1a393f48128ab05f67|bb502a2dc91d3253650d694c5b102302e9c285de4f5eff1a393f48128ab05f67|90aea514c6249118e880d75972d063362f4bf492
bin/rm/rm.1|man1/rm.1|7a0c01242dd084bfacf8e5a1296b00a72ca4637ee9b441ec4faa567f78afdfe7|7a0c01242dd084bfacf8e5a1296b00a72ca4637ee9b441ec4faa567f78afdfe7|90aea514c6249118e880d75972d063362f4bf492
bin/rmdir/rmdir.1|man1/rmdir.1|291ca56d642beb216d187c5c4e5ceebba7cd950b056d3b9abb8d1288da73b8aa|291ca56d642beb216d187c5c4e5ceebba7cd950b056d3b9abb8d1288da73b8aa|6e1fc0118033f42b7c0d3623c8f67a89ebecabb2
bin/setfacl/setfacl.1|man1/setfacl.1|1a2d2fb9ee3d81621b3b0953d77af982de4de6a69c30a79add5c5743b2d8ecff|1a2d2fb9ee3d81621b3b0953d77af982de4de6a69c30a79add5c5743b2d8ecff|fa9896e082a1046ff4fbc75fcba4d18d1f2efc19
bin/sh/sh.1|man1/sh.1|3e1d65d18022c1f409e2c3dae5f6734eef07a2cd5c9115bff04e288a7ba44dc3|ebc65b8157e834024c92eb4fd2aee8f626fd450f1f2824f409fb4fccfae9bdee|ea13334abd9f4ed5456ba58970ee426a48c9c8e6
bin/sleep/sleep.1|man1/sleep.1|e84d7fac0ff2372acfc3f87844fd6a108e16c9b36947308097ce00913eee37f5|357c7d7441cf903932f0febb8d4d42720e31573b695354f5b290248e2b4f64ca|fc0d50a6d9ad4c9391343ba357b17f51fbfabd47
bin/stty/stty.1|man1/stty.1|e940e79e1b27d1c80ddef4522004df880fb7c8660daaad158612efd695344919|5212fcfa53608f332070dc4bfd25f29c7ea67dea2367ee27e3439f4aa69543f6|2ea3ea61182f74268844bb1e2816c107c3d63cd2
bin/sync/sync.8|man8/sync.8|9e4cd8f43094f8ad30ee5bc8cdc1a06d8a117f160b09f62ed8aa513432803034|9e4cd8f43094f8ad30ee5bc8cdc1a06d8a117f160b09f62ed8aa513432803034|177ba183076bd6fe6b29b1d657b954cca256506b
bin/test/test.1|man1/test.1|197cf89768a68cba6513f7bd45263ad9ab3b5beec85964c16108e04e96caeb16|197cf89768a68cba6513f7bd45263ad9ab3b5beec85964c16108e04e96caeb16|90aea514c6249118e880d75972d063362f4bf492
bin/timeout/timeout.1|man1/timeout.1|ec4279b1ad0b0e93fbd0047116a45b80714d2407892fd30b69148c3698902c4d|ec4279b1ad0b0e93fbd0047116a45b80714d2407892fd30b69148c3698902c4d|12ca9c6cb32967f3394cbca62e9d3a377965077d
bin/uuidgen/uuidgen.1|man1/uuidgen.1|f1e69105a5ac58d54b04040dfbc22e3a0aeb75d82ec020665fe20b0c70f60e14|f1e69105a5ac58d54b04040dfbc22e3a0aeb75d82ec020665fe20b0c70f60e14|abed9ab6eaad625ab9059d9799694876a4ae5b07
cddl/contrib/opensolaris/cmd/dtrace/dtrace.1|man1/dtrace.1|e92595df56e543e1d50adc51193083980fd76e14ec6d7c31f8545493c3c0567f|41b81bf3643f3dda7f5e87c13dd3debb94ac1a347a27fd64bf803dc4e588c88d|94ab5b7a7c799df8614f566b30d0c20213e5c1bb
cddl/contrib/opensolaris/cmd/lockstat/lockstat.1|man1/lockstat.1|84435bd9cc0305e6acd8b1869882ca16487e700f20f023a175207f170e4e9470|84435bd9cc0305e6acd8b1869882ca16487e700f20f023a175207f170e4e9470|f53355131f65d64e7643d734dbcd4fb2a5de20ed
cddl/usr.bin/ctfconvert/ctfconvert.1|man1/ctfconvert.1|f2784528fe6a1816a4810bdd798cb7da9334bc4ece021f14e5ad75faa21442d7|f2784528fe6a1816a4810bdd798cb7da9334bc4ece021f14e5ad75faa21442d7|3fd42db26c3dd0882cf69c54850a59e79b027e33
cddl/usr.bin/ctfdump/ctfdump.1|man1/ctfdump.1|dafc3852261e508b9edd96ff24f3b1f2ae156c6346e6a060985bd572e89154e4|dafc3852261e508b9edd96ff24f3b1f2ae156c6346e6a060985bd572e89154e4|fa9896e082a1046ff4fbc75fcba4d18d1f2efc19
cddl/usr.bin/ctfmerge/ctfmerge.1|man1/ctfmerge.1|577e9b96741553d0a4ac3fe5d3241aa13cdd7c83ae0db8b4e829475ee7a78161|204a6b7c845c7a52cd09248f4698ff8bb807c61c62c1a06e139dcde447b80f51|70c87c092c33d702643599816db44d53bfed0235
cddl/usr.sbin/dwatch/dwatch.1|man1/dwatch.1|ae702d481ab2552c4baf1e0f950a53727ca36d2ea810a35c71d02233f0960838|ae702d481ab2552c4baf1e0f950a53727ca36d2ea810a35c71d02233f0960838|7fbe9f370c319a71ac6adb0287389d419eb28ef4
cddl/usr.sbin/plockstat/plockstat.1|man1/plockstat.1|340e17d78b0b6b3c5fd70ff061d5f90c680c72f2804840923961937bd9d160a2|340e17d78b0b6b3c5fd70ff061d5f90c680c72f2804840923961937bd9d160a2|fa9896e082a1046ff4fbc75fcba4d18d1f2efc19
cddl/usr.sbin/zfsd/zfsd.8|man8/zfsd.8|3b7dbf07450fb7021ee5f221ee9714b0108650742f79af8b1e71128a2db71f98|3b7dbf07450fb7021ee5f221ee9714b0108650742f79af8b1e71128a2db71f98|c801836ff43deea3c86935abcad1069bfcd3989c
contrib/atf/atf-sh/atf-check.1|man1/atf-check.1|0cf36cc17045c7820d2647e2e37180671773de3641a73b0c7e5fd449d3d23c37|0cf36cc17045c7820d2647e2e37180671773de3641a73b0c7e5fd449d3d23c37|c203bd70b5957f85616424b6fa374479372d06e3
contrib/atf/atf-sh/atf-sh.1|man1/atf-sh.1|94201c5f7fae55cd937fcd19eea367d6451e02708479e6fc3fc319ee1b74d23d|94201c5f7fae55cd937fcd19eea367d6451e02708479e6fc3fc319ee1b74d23d|b93c1b1a3b046e4d36d85cb7265c25e19b793388
contrib/atf/doc/atf-test-program.1|man1/atf-test-program.1|4345092c9734875112ac7b104337af71c7dd67e29fac36e21a6924310424aad7|4345092c9734875112ac7b104337af71c7dd67e29fac36e21a6924310424aad7|0677dfd1c4dadb62482e2c72fa4c6720902128a4
contrib/bc/manuals/bc/A.1|man1/A.1|f7df3907d6edc03ca2b094017bf3fa8a351edd5dbd1c3b0fc7a0b909d78fcb88|f7df3907d6edc03ca2b094017bf3fa8a351edd5dbd1c3b0fc7a0b909d78fcb88|4c178fe36e01f84f3c65f6953cbe8dbe5b3fc908
contrib/bc/manuals/bc/E.1|man1/E.1|c9232b0228bf0c4f10f9e4979038588754fc425c8b8aa7b6fce3f849045a72be|c9232b0228bf0c4f10f9e4979038588754fc425c8b8aa7b6fce3f849045a72be|4c178fe36e01f84f3c65f6953cbe8dbe5b3fc908
contrib/bc/manuals/bc/EH.1|man1/EH.1|102bbed1d67e5f3563c2859d1062c3fd65177c3d0655bc3144eaa74bd36c3162|102bbed1d67e5f3563c2859d1062c3fd65177c3d0655bc3144eaa74bd36c3162|4c178fe36e01f84f3c65f6953cbe8dbe5b3fc908
contrib/bc/manuals/bc/EHN.1|man1/EHN.1|666ac2631b97733a83a4ef0b95b7e3f075f9adc97e57c6e33c9c71ef414ee105|666ac2631b97733a83a4ef0b95b7e3f075f9adc97e57c6e33c9c71ef414ee105|4c178fe36e01f84f3c65f6953cbe8dbe5b3fc908
contrib/bc/manuals/bc/EN.1|man1/EN.1|c434f1b45607465f35acb5fef7d0b38d37c1114e760515ce7d9cfb647410b657|c434f1b45607465f35acb5fef7d0b38d37c1114e760515ce7d9cfb647410b657|4c178fe36e01f84f3c65f6953cbe8dbe5b3fc908
contrib/bc/manuals/bc/H.1|man1/H.1|d49c36a541682539ef4154ff844cbb5855da9ce044a7a435156ce30d119eead1|d49c36a541682539ef4154ff844cbb5855da9ce044a7a435156ce30d119eead1|4c178fe36e01f84f3c65f6953cbe8dbe5b3fc908
contrib/bc/manuals/bc/HN.1|man1/HN.1|0d0ddf230b2cc06f64547ecc9055ab3b8349a231e0e7c74bef6998a7901d4461|0d0ddf230b2cc06f64547ecc9055ab3b8349a231e0e7c74bef6998a7901d4461|4c178fe36e01f84f3c65f6953cbe8dbe5b3fc908
contrib/bc/manuals/bc/N.1|man1/N.1|7bae3cd90a095c86b9302dd972d0f9b55fedfe8cca1020499190b6b554feaa6c|7bae3cd90a095c86b9302dd972d0f9b55fedfe8cca1020499190b6b554feaa6c|4c178fe36e01f84f3c65f6953cbe8dbe5b3fc908
contrib/bc/manuals/dc/A.1|man1/A.1|6f39ac1a75a4a45b06684c2df04e1e4fe4a6c70bbdf68f9754275aefeef92874|6f39ac1a75a4a45b06684c2df04e1e4fe4a6c70bbdf68f9754275aefeef92874|4c178fe36e01f84f3c65f6953cbe8dbe5b3fc908
contrib/bc/manuals/dc/E.1|man1/E.1|66cf1aa29900964872375902ed463baecd9ab80a887642652c81f0186666bb47|66cf1aa29900964872375902ed463baecd9ab80a887642652c81f0186666bb47|4c178fe36e01f84f3c65f6953cbe8dbe5b3fc908
contrib/bc/manuals/dc/EH.1|man1/EH.1|3d6555ad544b0b8fd0f2d9b120000eeb1bcfa62d601e12465043c60cd215f75f|3d6555ad544b0b8fd0f2d9b120000eeb1bcfa62d601e12465043c60cd215f75f|4c178fe36e01f84f3c65f6953cbe8dbe5b3fc908
contrib/bc/manuals/dc/EHN.1|man1/EHN.1|1fe6acd533ac8bc7493cdcc77e10f70c7505671e896faff2973eb9e7b85078f2|1fe6acd533ac8bc7493cdcc77e10f70c7505671e896faff2973eb9e7b85078f2|4c178fe36e01f84f3c65f6953cbe8dbe5b3fc908
contrib/bc/manuals/dc/EN.1|man1/EN.1|2e9502cfc2389061a53856efff1f941d762210318f59d56f8879a1acaa050a4d|2e9502cfc2389061a53856efff1f941d762210318f59d56f8879a1acaa050a4d|4c178fe36e01f84f3c65f6953cbe8dbe5b3fc908
contrib/bc/manuals/dc/H.1|man1/H.1|5ddd9f0145bd76e3ffd7dbfecb48ab27825c4682bcc7aac8c5dd534b30589363|5ddd9f0145bd76e3ffd7dbfecb48ab27825c4682bcc7aac8c5dd534b30589363|4c178fe36e01f84f3c65f6953cbe8dbe5b3fc908
contrib/bc/manuals/dc/HN.1|man1/HN.1|df8009b10e194f30822b635c97113b1d71785fbe9a9386d9434fb8523f68709b|df8009b10e194f30822b635c97113b1d71785fbe9a9386d9434fb8523f68709b|4c178fe36e01f84f3c65f6953cbe8dbe5b3fc908
contrib/bc/manuals/dc/N.1|man1/N.1|c59bde85323eba5f19831727c2d4685e209164d54d206269f9f3a92283ead5d5|c59bde85323eba5f19831727c2d4685e209164d54d206269f9f3a92283ead5d5|4c178fe36e01f84f3c65f6953cbe8dbe5b3fc908
contrib/blocklist/bin/blacklistctl.8|man8/blacklistctl.8|7a03c0e875ad96c58c3536002ef5791f407c4603dcce2ae85c868998858944b5|7a03c0e875ad96c58c3536002ef5791f407c4603dcce2ae85c868998858944b5|cd284c1e17eab4884cf4bc9479e8272af527f6b7
contrib/blocklist/bin/blacklistd.8|man8/blacklistd.8|d3b3fe275f256365a709fa4d83f38a4a5cdf9b25a125e958d6cb0b5308353adc|d3b3fe275f256365a709fa4d83f38a4a5cdf9b25a125e958d6cb0b5308353adc|f935c0f66f75e882185ed8bc46f39054f2ced4e1
contrib/blocklist/bin/blocklistctl.8|man8/blocklistctl.8|a3be06a942f7cf0abf53d38383bc2d30f7cd7c1007e74b2883e3c33d96dc2ee0|a3be06a942f7cf0abf53d38383bc2d30f7cd7c1007e74b2883e3c33d96dc2ee0|dfc4a7c10cf5923f21699e2217c969181c733be7
contrib/blocklist/bin/blocklistd.8|man8/blocklistd.8|b6af32116e8f5608dd3f0e61c6b268a5187745f7bd13adff7da8c631b386eab5|b6af32116e8f5608dd3f0e61c6b268a5187745f7bd13adff7da8c631b386eab5|1a08326c6f503db5f0fb9201cdf55379bbe576e8
contrib/bmake/bmake.1|man1/bmake.1|9fbf647d0b5a54890117327dfc00308f9e3b0a40175cc31cfce69a31d8c68453|9fbf647d0b5a54890117327dfc00308f9e3b0a40175cc31cfce69a31d8c68453|11aa32794394d3300b8a7f51ab00006a36987060
contrib/bmake/make.1|man1/make.1|da5c7f3b5e46ef96725af3611505c14045bd461467211c4b4a34aca9d9fa1a3c|da5c7f3b5e46ef96725af3611505c14045bd461467211c4b4a34aca9d9fa1a3c|11aa32794394d3300b8a7f51ab00006a36987060
contrib/bsddialog/utility/bsddialog.1|man1/bsddialog.1|af7618b68569401a8a0947097b003bbed1e75f294f2ce93ad299ce284cc056be|af7618b68569401a8a0947097b003bbed1e75f294f2ce93ad299ce284cc056be|aa2fe36f5e4b3b907af2ea94945ae9cab7263d0c
contrib/bsnmp/gensnmpdef/gensnmpdef.1|man1/gensnmpdef.1|bf652f3e132dd5ff585a786e5703584262dc6a8eecac63becb248dc3a81265bd|bf652f3e132dd5ff585a786e5703584262dc6a8eecac63becb248dc3a81265bd|e1d581b289848ffa97c452756dc52d45efb68a01
contrib/bsnmp/gensnmptree/gensnmptree.1|man1/gensnmptree.1|c814420483a9921953d26522932ad076f7216e5a25daeded87c4097898179ce2|c814420483a9921953d26522932ad076f7216e5a25daeded87c4097898179ce2|4ac8f4067096a9d4a00e41cd53bd5c4fa295fd15
contrib/bsnmp/snmpd/bsnmpd.1|man1/bsnmpd.1|a5c6fc557c885512f233497362ffa0d57b9a249e50a2c100bc74236db8857639|a5c6fc557c885512f233497362ffa0d57b9a249e50a2c100bc74236db8857639|9ea0bf43e58287466ad183fe758a01498ede4259
contrib/byacc/yacc.1|man1/yacc.1|22de5f75cadccb46c93f41ee2c1edab7a7e7b81051334257e005fbbbfee8a4da|22de5f75cadccb46c93f41ee2c1edab7a7e7b81051334257e005fbbbfee8a4da|822ca3276345b4a67ccbc9b54616d8b205fd37f2
contrib/bzip2/bzip2.1|man1/bzip2.1|396f0caae5a6d108e6315298e76f64723b5e6bfd090869862260035c8c60fab3|396f0caae5a6d108e6315298e76f64723b5e6bfd090869862260035c8c60fab3|51f61fc0c7ece7a30c737341e65455841bc3f04e
contrib/com_err/compile_et.1|man1/compile_et.1|95ab8b4ab558d03c3611385203316940f31413fe0ea08cb4d1a834df15edd568|95ab8b4ab558d03c3611385203316940f31413fe0ea08cb4d1a834df15edd568|aa12cea2ccc6e686d6d31cf67d6bc69cbc1ba744
contrib/dialog/dialog.1|man1/dialog.1|389c3ca672deb402d7ff0961d63a0ac2f02e99c524bc75b3c9116f5b916098f2|389c3ca672deb402d7ff0961d63a0ac2f02e99c524bc75b3c9116f5b916098f2|a96ef4501919d7ac08e94e98dc34b0bdd744802b
contrib/diff/man/cmp.1|man1/cmp.1|9d777c0bbe51abd4d6d92adff3908c2ad349ef0f50f48109809f7d5c874f231f|9d777c0bbe51abd4d6d92adff3908c2ad349ef0f50f48109809f7d5c874f231f|18fd37a72c3a7549d2d4f6c6ea00bdcd2bdaca01
contrib/diff/man/diff.1|man1/diff.1|59619786650a769ec2826dc6cad8294b541ca9fecd51114906b34fe3b900f1df|59619786650a769ec2826dc6cad8294b541ca9fecd51114906b34fe3b900f1df|18fd37a72c3a7549d2d4f6c6ea00bdcd2bdaca01
contrib/diff/man/diff3.1|man1/diff3.1|9ccabb2a40355929413320c2fae76db8812a8793c49cfbd163c1e10c37b0ccac|9ccabb2a40355929413320c2fae76db8812a8793c49cfbd163c1e10c37b0ccac|998db43a8d31330a111205a1bba9707883de8610
contrib/diff/man/sdiff.1|man1/sdiff.1|930d853f4ec680cc60696b42244c6d361dcb8cb1fc7983840dfc7d65a05aa134|930d853f4ec680cc60696b42244c6d361dcb8cb1fc7983840dfc7d65a05aa134|18fd37a72c3a7549d2d4f6c6ea00bdcd2bdaca01
contrib/dma/dma.8|man8/dma.8|820345fd83d46d435bcf1e32f10c9fb479ef7217fa42b79b627dea84869802da|820345fd83d46d435bcf1e32f10c9fb479ef7217fa42b79b627dea84869802da|fbe95b885f3431b1d8003545b32e8ffa88f2d16b
contrib/ee/ee.1|man1/ee.1|c75ab5c8ad54d6d3b9c0b28de5a1d7ee9a8af953a19db919f6b76e6fea06598e|c75ab5c8ad54d6d3b9c0b28de5a1d7ee9a8af953a19db919f6b76e6fea06598e|6580cc162dd5297b520fe1be21579bc787974ffb
contrib/elftoolchain/addr2line/addr2line.1|man1/addr2line.1|5b2498976159be2ac73262e1bad38144001aa8e51dc21ea558b2b312a8f8c9df|5b2498976159be2ac73262e1bad38144001aa8e51dc21ea558b2b312a8f8c9df|ae500c1ff8974130f7f2692772cf288b90349e0d
contrib/elftoolchain/ar/ar.1|man1/ar.1|4580ea21d5d99301f91802853b45202bda78b20775f6350b430113f9a901a44c|4580ea21d5d99301f91802853b45202bda78b20775f6350b430113f9a901a44c|ae500c1ff8974130f7f2692772cf288b90349e0d
contrib/elftoolchain/ar/ranlib.1|man1/ranlib.1|ccedff617c7066943148d85f61a45569f32891121599e80c4625f03b5aaea12c|ccedff617c7066943148d85f61a45569f32891121599e80c4625f03b5aaea12c|ae500c1ff8974130f7f2692772cf288b90349e0d
contrib/elftoolchain/brandelf/brandelf.1|man1/brandelf.1|f90e477636f0c2660b9a56e19cf00a805e036bc9bc3d365ca01d55f3b8b3991d|f90e477636f0c2660b9a56e19cf00a805e036bc9bc3d365ca01d55f3b8b3991d|656f49f8e2b0656824a5f10aeb760a00fdd3753f
contrib/elftoolchain/cxxfilt/c++filt.1|man1/c++filt.1|0f0bf096a8a5d2abe2718f125149689862faf8035766c8ee77e138caf06596c8|0f0bf096a8a5d2abe2718f125149689862faf8035766c8ee77e138caf06596c8|ae500c1ff8974130f7f2692772cf288b90349e0d
contrib/elftoolchain/elfcopy/elfcopy.1|man1/elfcopy.1|f37e6a638a924237f7dc12cb3647cfa48dd7b0a6078f4dc9c39d0334a70eb4c0|f37e6a638a924237f7dc12cb3647cfa48dd7b0a6078f4dc9c39d0334a70eb4c0|ae500c1ff8974130f7f2692772cf288b90349e0d
contrib/elftoolchain/elfcopy/mcs.1|man1/mcs.1|caf12eedb536b6250f461fc1dd54a21461c990e79b73cf9e657e8405383f383e|caf12eedb536b6250f461fc1dd54a21461c990e79b73cf9e657e8405383f383e|ae500c1ff8974130f7f2692772cf288b90349e0d
contrib/elftoolchain/elfcopy/strip.1|man1/strip.1|47ddea6087e17da8cb1416c5615c31cd407822d0888d8ab59c1599211e838866|47ddea6087e17da8cb1416c5615c31cd407822d0888d8ab59c1599211e838866|36d7818975359fd2aacb19e4f9442a841dc954bb
contrib/elftoolchain/elfdump/elfdump.1|man1/elfdump.1|da1bd0b1328e1c12757869990dd370d788dd9130ffc2f16e97055fd092a95e17|da1bd0b1328e1c12757869990dd370d788dd9130ffc2f16e97055fd092a95e17|656f49f8e2b0656824a5f10aeb760a00fdd3753f
contrib/elftoolchain/nm/nm.1|man1/nm.1|530e09c03140f1c4dad776c9490ba4c5f9efacb1565f6eb7561d139f38d59c0e|530e09c03140f1c4dad776c9490ba4c5f9efacb1565f6eb7561d139f38d59c0e|ae500c1ff8974130f7f2692772cf288b90349e0d
contrib/elftoolchain/readelf/readelf.1|man1/readelf.1|b1ae6b821bcc7d8e5c14df3553c4623b86a9ff7de2e06992a40008f1290f4a06|b1ae6b821bcc7d8e5c14df3553c4623b86a9ff7de2e06992a40008f1290f4a06|deef4b8ce8ba7292fe5088bf9f6d4e2e35662fe8
contrib/elftoolchain/size/size.1|man1/size.1|dfe8585ffa19b70d73b2b9b41cbfc6adc95bc61e20cf986c1f568b540dad0a68|dfe8585ffa19b70d73b2b9b41cbfc6adc95bc61e20cf986c1f568b540dad0a68|b00fe64f4acfe315181f65999af16e9a7bdc600b
contrib/elftoolchain/strings/strings.1|man1/strings.1|9479fb825919062179c1f9cd1c5d7c521de11d56c5bb1774a78c5d2a85489ca7|c6e2ed0bef8a566b63ee627c5adbc3fc475869cf8f65a868452d7aed58d6a93d|6e8f4f422fea2cfc1a7b524b69be7ee090bdac06
contrib/expat/doc/xmlwf.1|man1/xmlwf.1|d0c7006ad0ac5689a36f36a14ee2b0df0d5297bd48c5aded708b085fe476c87d|0a8e4d38baf4d6ac994e17bf30e47497570d76fe09c3de5af2ab6dbe28ce4652|1dc191dd5837cac9514128e5ee4b250ba44180c5
contrib/hyperv/tools/hv_kvp_daemon.8|man8/hv_kvp_daemon.8|6de1702cf0c8e39a0db57d0da4e5be0ed16320cc6e02a28d9eb28bbff6e8dec6|6de1702cf0c8e39a0db57d0da4e5be0ed16320cc6e02a28d9eb28bbff6e8dec6|1545452c5448d6e1f030b8142eb85db172d2c816
contrib/hyperv/tools/hv_vss_daemon.8|man8/hv_vss_daemon.8|cbb50cc28cd86a74bad71fc8454880e5cb856c209531e8437456bf5b1e696656|cbb50cc28cd86a74bad71fc8454880e5cb856c209531e8437456bf5b1e696656|168fce73b59d6023cab45d063a452551a1f2103e
contrib/ldns-host/ldns-host.1|man1/ldns-host.1|e0c7f654193234e1066cd0a018821fcf8a9910fc8a9e8f7a991d7294306efb2b|e0c7f654193234e1066cd0a018821fcf8a9910fc8a9e8f7a991d7294306efb2b|3f68b24e10aeb1a1cd85f2d349da44138d52c501
contrib/ldns/drill/drill.1|man1/drill.1|c4076ed4d7651a734446d6eb8613b966e23443973fd2545a964882a8de91a5b3|c4076ed4d7651a734446d6eb8613b966e23443973fd2545a964882a8de91a5b3|986ba33c7a3bc8f5ba13c7a9d6512602f6e32c61
contrib/ldns/packaging/ldns-config.1|man1/ldns-config.1|5218247882ff9903273134a949c174c32b278ae673daf34edab45c8e025ffb2c|ddb92b0a629adb7fd38a551b4d8087a5d3f6fcec5c8d012c3ff14141eddf3730|4aa372b1fe2638d90dadf09965ac983a2d0d5bae
contrib/libarchive/cat/bsdcat.1|man1/bsdcat.1|604e2e140654e602a79341244664490415719ee7cbd3d077e69b3b079142acac|604e2e140654e602a79341244664490415719ee7cbd3d077e69b3b079142acac|bd66c1b43e33540205dbc1187c2f2a15c58b57ba
contrib/libarchive/cpio/bsdcpio.1|man1/bsdcpio.1|36ac9b490ecfaf92ab939f6f24b30f941cb5c25e16be2d5a3f0e96d2dfc7bcb4|36ac9b490ecfaf92ab939f6f24b30f941cb5c25e16be2d5a3f0e96d2dfc7bcb4|bd66c1b43e33540205dbc1187c2f2a15c58b57ba
contrib/libarchive/tar/bsdtar.1|man1/bsdtar.1|e7efc124af2d9c47214a69dfb403ffb168a741bf279620c912df25b48a6a9cf7|e7efc124af2d9c47214a69dfb403ffb168a741bf279620c912df25b48a6a9cf7|2e113ef82465598b8c26e0ca415fbe90677fbd47
contrib/libarchive/unzip/bsdunzip.1|man1/bsdunzip.1|21887322e9c5a9d103bdd58ea714f3983e5b17c86d57b2aec96ec4678cf18a3d|21887322e9c5a9d103bdd58ea714f3983e5b17c86d57b2aec96ec4678cf18a3d|bd66c1b43e33540205dbc1187c2f2a15c58b57ba
contrib/libder/derdump/derdump.1|man1/derdump.1|7fd66f6064cf0954b64c051eb4b80cb2cfa9ec2a0d235b3310428201c811e7ce|7fd66f6064cf0954b64c051eb4b80cb2cfa9ec2a0d235b3310428201c811e7ce|35c0a8c449fd2b7f75029ebed5e10852240f0865
contrib/libdiff/man/diff.1|man1/diff.1|84118d0d9dc2304172f2176d510a6ac84ca06d6fe6cd3aff941198fa9fd983e9|84118d0d9dc2304172f2176d510a6ac84ca06d6fe6cd3aff941198fa9fd983e9|59c8e88e72633afbc47a4ace0d2170d00d51f7dc
contrib/libfido2/man/fido2-assert.1|man1/fido2-assert.1|862471d5f0c92ae11adc09493fee3bff1230b606988df0c92cabbe512c8f242c|85e0555c177b45a617f13f94289216c30626595e088ec0304d8c63ab6cf29a5e|a54428834b9d82e9e297664d21b84993a491da0d
contrib/libfido2/man/fido2-cred.1|man1/fido2-cred.1|2f2a19722e74ec3ca7f320361209410cf93dcf79180bda0dc921a5bbb7e6e7cd|8451a1a2fb59b391a83e2257cb055cfe66213779f2b8238c0bf7bcb4862580fc|a54428834b9d82e9e297664d21b84993a491da0d
contrib/libfido2/man/fido2-token.1|man1/fido2-token.1|58926ec8838295598c66049d77515e1455574919443a58499940d7f2c50ec63d|58926ec8838295598c66049d77515e1455574919443a58499940d7f2c50ec63d|2ccfa855b2fc331819953e3de1b1c15ce5b95a7e
contrib/libpcap/pcap-config.1|man1/pcap-config.1|ce055bc5eac57796c0722c40bfc9bd46b6bb41e8b91c82403769dd4ca9f73083|4c500c0a1453f341ecd00e4ddfa015831b8849566abea615cd50bb68143f95c0|afdbf109c6a661a729938f68211054a0a50d38ac
contrib/libxo/xo/xo.1|man1/xo.1|0fd51437369d2addbf4ab36b0e2141cf4451a8ec1a89f22f7a10152e843daea1|0fd51437369d2addbf4ab36b0e2141cf4451a8ec1a89f22f7a10152e843daea1|34b867ca30479cec104fd069178df294f8ea35f1
contrib/libxo/xohtml/xohtml.1|man1/xohtml.1|2279f67d137888673591cfced5bc93749c10fac4babd064097411f173a47679c|2279f67d137888673591cfced5bc93749c10fac4babd064097411f173a47679c|fd5e3f3ec6c6248e892c9e7b2f17da3bfe7b6837
contrib/libxo/xolint/xolint.1|man1/xolint.1|5dc9e607257af8ac133c17d946f5741dfac644de14714668acfc6e3f0d7549b0|5dc9e607257af8ac133c17d946f5741dfac644de14714668acfc6e3f0d7549b0|fd5e3f3ec6c6248e892c9e7b2f17da3bfe7b6837
contrib/libxo/xopo/xopo.1|man1/xopo.1|3dee6d4401acbfa2d7df62b0e958cb86bbf3c16948276b3e7ef9216cd2786444|3dee6d4401acbfa2d7df62b0e958cb86bbf3c16948276b3e7ef9216cd2786444|fd5e3f3ec6c6248e892c9e7b2f17da3bfe7b6837
contrib/llvm-project/lld/docs/ld.lld.1|man1/ld.lld.1|681677661186b6014d29a849774eeb90924ce140259ad232fd9e33ca507f1227|cb38037c1471024b98fd7ea970ff2ba1f540dde1fff308d266d87095de91ca72|0008bdb8bd28d1c15670084ca63015b551a33f76
contrib/lua/doc/lua.1|man1/lua.1|aba7788e9d9d3050ff57c3fc40047d46d79b83baa66507572b36c43c3b7534d5|704c5891d638e98819b1e7b6c8250fe19f5a670200d948d285fdba991e893f76|3068d706eabe99f930fb01d3cbfd74ff1f0eb5a2
contrib/lua/doc/luac.1|man1/luac.1|09bb1187e9397981ed1c4b75c7441cd0796bed1ed5f42f94a29542495700faf6|09bb1187e9397981ed1c4b75c7441cd0796bed1ed5f42f94a29542495700faf6|8e3e3a7ae841ccf6f6ac30a2eeab85df5d7f04bc
contrib/mandoc/apropos.1|man1/apropos.1|448e419afe55cea5b4a4d8eaf964f9dee7dabc0983992da8f18d0082bf641ff0|448e419afe55cea5b4a4d8eaf964f9dee7dabc0983992da8f18d0082bf641ff0|6d38604fc532a3fc060788e3ce40464b46047eaf
contrib/mandoc/catman.8|man8/catman.8|3328024846d5f2e188dae22ba34b8daa9ac54876d2b29936438f9cbdf73335e0|3328024846d5f2e188dae22ba34b8daa9ac54876d2b29936438f9cbdf73335e0|06410c1b51637e5e1f392d553b5008948af58014
contrib/mandoc/demandoc.1|man1/demandoc.1|51d0b383346f0719e349c736518903aef61b9cfa9d07d2f318eb9728ec84d6d6|d1867ae482f0b76ed1332159ab94f070a79c937f97dca43a34ac1def517ee787|c1c95add8c80843ba15d784f95c361d795b1f593
contrib/mandoc/makewhatis.8|man8/makewhatis.8|46139e7b0b949dcba9b0db63a65f2bd07f2b4a9ef3f78a42870e3945256c1d89|46139e7b0b949dcba9b0db63a65f2bd07f2b4a9ef3f78a42870e3945256c1d89|c1c95add8c80843ba15d784f95c361d795b1f593
contrib/mandoc/man.1|man1/man.1|b7b293ddcc5e05feb5208c577a9da44ac1f76a3e19b2fc5958695496dd15a846|7c580900a52bfb72e48b6350658b9e739833dd96c86e046f5133fcb1b1d003f8|80c12959679ab203459dc20eb9ece3a7328b7de5
contrib/mandoc/man.cgi.8|man8/man.cgi.8|c26d2bca3c86c81d6ea476e63c50092e845b6818a14d68ee0c263a3f7ac76c80|c26d2bca3c86c81d6ea476e63c50092e845b6818a14d68ee0c263a3f7ac76c80|c1c95add8c80843ba15d784f95c361d795b1f593
contrib/mandoc/man.options.1|man1/man.options.1|12296b6c2d2d1a6833312db404581fa844a499123ba28a1ec6dfe70c041be200|436a6376b8e36104b41773078451a40a0f90bf194ff7c1cc0c262ef79010909f|955d9b0a1093131ac18d57d2764ee716fd428dd9
contrib/mandoc/mandoc.1|man1/mandoc.1|147411cc9ef2cdb7aeef8b70f0908ff7b67c2987c0539a564f1b73b5b32df0af|6433a09027a58a72067b260d60c37872a340cc7562dc0689c2247af6da76a761|955d9b0a1093131ac18d57d2764ee716fd428dd9
contrib/mandoc/mandocd.8|man8/mandocd.8|039af740b0d546c1fa9d585416beed1e0a3df564c6e80653672f33d2dba7f27b|039af740b0d546c1fa9d585416beed1e0a3df564c6e80653672f33d2dba7f27b|06410c1b51637e5e1f392d553b5008948af58014
contrib/mandoc/soelim.1|man1/soelim.1|c17eafe7897039f5da44abfe7c5b11209ef07b59695662260d3e9d38999dfaf0|c17eafe7897039f5da44abfe7c5b11209ef07b59695662260d3e9d38999dfaf0|61d06d6bd19dafe8ea971dd43e8328fa1b473456
contrib/mtree/mtree.8|man8/mtree.8|d6331dd73c31c130856c78cbf28100487117800e69d8448ba4dae420f5d66319|d6331dd73c31c130856c78cbf28100487117800e69d8448ba4dae420f5d66319|e2e7269461e94c56792801a6447ddee18baab52f
contrib/ncurses/man/clear.1|man1/clear.1|1f62bfeebec95375600c5455113bd360e1f006b0e65f9e9a3fca6f124c035ca3|9ea107c81a06149f0348e279ff355c1ef680b61f019430e49659870cb7a83e2a|297d5bf8906776137aeac82e48ca2e87944d95b7
contrib/ncurses/man/tabs.1|man1/tabs.1|420080b42721c277703c8d95c256949b430ce3b917fadd321168c27e9f5c6165|0197749ee30afc0cd66819cc75e7642baed84864f811801f5f83d8dab5f4f95b|297d5bf8906776137aeac82e48ca2e87944d95b7
contrib/ncurses/man/tput.1|man1/tput.1|7d7b374e9b27f85fba996f811863e42a7953f79f3646cd0d3d61160f6adcb1ae|372097bfd48272d21f2e333651d8235c4870b8bc6d82a9e7171d0609b0db9932|297d5bf8906776137aeac82e48ca2e87944d95b7
contrib/ncurses/man/tset.1|man1/tset.1|b3a41302cade598519779597eb9013086a2182072af5af311c02329256af58ef|fdb5848fc747300a60276dba4b728eaf1d757e5d500c5b1bee34d74779a2e7c5|297d5bf8906776137aeac82e48ca2e87944d95b7
contrib/netcat/nc.1|man1/nc.1|3bd339d3b31b476d22d056a20c3c4defd71112ae48adc5866b0c1c8891d3936d|72e11a88ff122ed7316a55d01af4274360e8cbbd4f27e55510f6f8671c8d3923|6d3d1fc3a30453be19831f79399bcba0ae822ad1
contrib/nvi/man/vi.1|man1/vi.1|6b2f5a19e1eacc10261ffeb339c9522dbdba15e48e6a9f4f2d002d81ce218b61|d6f4da33fd5f6cd93b5572bc8dabe9f8d55ce710cff98d3eb4ba961f336c335c|4087ffdbce725367566bc3fc60a959292daac99d
contrib/ofed/infiniband-diags/man/check_lft_balance.8|man8/check_lft_balance.8|205d39b56899691e432d82553415497c189fea2895de2adc1891d571e9d8af88|205d39b56899691e432d82553415497c189fea2895de2adc1891d571e9d8af88|d6b92ffa990dc57d8a969a98e3ca4e25ba39cbb2
contrib/ofed/infiniband-diags/man/dump_fts.8|man8/dump_fts.8|30b52c7310383ab4e78794a03dfa7dbe5ca712f6bd21ac5ef9c6771ad0ea6440|30b52c7310383ab4e78794a03dfa7dbe5ca712f6bd21ac5ef9c6771ad0ea6440|d6b92ffa990dc57d8a969a98e3ca4e25ba39cbb2
contrib/ofed/infiniband-diags/man/ibaddr.8|man8/ibaddr.8|9a149bc8192c181dd1fba58ac7d107f1039924562d524002a09da173a9c952c9|9a149bc8192c181dd1fba58ac7d107f1039924562d524002a09da173a9c952c9|d6b92ffa990dc57d8a969a98e3ca4e25ba39cbb2
contrib/ofed/infiniband-diags/man/ibcacheedit.8|man8/ibcacheedit.8|c23e23ed58e9f198743a76a7cdde158d411b99b549e8fe8300bb3aeee17e0fc4|c23e23ed58e9f198743a76a7cdde158d411b99b549e8fe8300bb3aeee17e0fc4|d6b92ffa990dc57d8a969a98e3ca4e25ba39cbb2
contrib/ofed/infiniband-diags/man/ibccconfig.8|man8/ibccconfig.8|db7924da770ad3116932d6f2be557a239d5d06dc993182051dd80f1f9380887d|db7924da770ad3116932d6f2be557a239d5d06dc993182051dd80f1f9380887d|d6b92ffa990dc57d8a969a98e3ca4e25ba39cbb2
contrib/ofed/infiniband-diags/man/ibccquery.8|man8/ibccquery.8|09df75b898755552b05b7c44c1223910fd010eadf76e5bb1240ff4c4fd5d4327|09df75b898755552b05b7c44c1223910fd010eadf76e5bb1240ff4c4fd5d4327|d6b92ffa990dc57d8a969a98e3ca4e25ba39cbb2
contrib/ofed/infiniband-diags/man/ibfindnodesusing.8|man8/ibfindnodesusing.8|bd341f5b2cff7973b0b6ef3372c2e6c49067db62b134a8846ffabf54739706cf|bd341f5b2cff7973b0b6ef3372c2e6c49067db62b134a8846ffabf54739706cf|d6b92ffa990dc57d8a969a98e3ca4e25ba39cbb2
contrib/ofed/infiniband-diags/man/ibhosts.8|man8/ibhosts.8|68d855fe2034ab54672d1adcdf258179415dad3830ef8eb3c54d19fa15eb887a|68d855fe2034ab54672d1adcdf258179415dad3830ef8eb3c54d19fa15eb887a|d6b92ffa990dc57d8a969a98e3ca4e25ba39cbb2
contrib/ofed/infiniband-diags/man/ibidsverify.8|man8/ibidsverify.8|6b44f6d7535daea4d58b93a966e2ea0d14dacb204ae479da09a0471657dbd770|6b44f6d7535daea4d58b93a966e2ea0d14dacb204ae479da09a0471657dbd770|d6b92ffa990dc57d8a969a98e3ca4e25ba39cbb2
contrib/ofed/infiniband-diags/man/iblinkinfo.8|man8/iblinkinfo.8|7c161a1e642035b4de739d433886f1bbaa2860f8e19cc77c19358d5a313b2925|7c161a1e642035b4de739d433886f1bbaa2860f8e19cc77c19358d5a313b2925|d6b92ffa990dc57d8a969a98e3ca4e25ba39cbb2
contrib/ofed/infiniband-diags/man/ibnetdiscover.8|man8/ibnetdiscover.8|1907881bdb707874c19be1326d0a0f87fa58129ea4c5ecfe4a86fd2b029d3456|1907881bdb707874c19be1326d0a0f87fa58129ea4c5ecfe4a86fd2b029d3456|d6b92ffa990dc57d8a969a98e3ca4e25ba39cbb2
contrib/ofed/infiniband-diags/man/ibnodes.8|man8/ibnodes.8|e76aef78d49a4f5f9d3d0b2712d0bd66f738467896c98af47fadbe94abf69c53|e76aef78d49a4f5f9d3d0b2712d0bd66f738467896c98af47fadbe94abf69c53|d6b92ffa990dc57d8a969a98e3ca4e25ba39cbb2
contrib/ofed/infiniband-diags/man/ibping.8|man8/ibping.8|782dc7960033427e4db9d590dbe5c440f2b366786230a3ec61d24e8d4ef1fd41|782dc7960033427e4db9d590dbe5c440f2b366786230a3ec61d24e8d4ef1fd41|d6b92ffa990dc57d8a969a98e3ca4e25ba39cbb2
contrib/ofed/infiniband-diags/man/ibportstate.8|man8/ibportstate.8|ea99eac54adeae7083fcbc5e659e0a41ad10aaa9db07a54d4470635587313184|ea99eac54adeae7083fcbc5e659e0a41ad10aaa9db07a54d4470635587313184|d6b92ffa990dc57d8a969a98e3ca4e25ba39cbb2
contrib/ofed/infiniband-diags/man/ibqueryerrors.8|man8/ibqueryerrors.8|196a82d3edcc5b8501cb6e5c81a89e100b355e9106635a1676440c7542bc1f95|196a82d3edcc5b8501cb6e5c81a89e100b355e9106635a1676440c7542bc1f95|d6b92ffa990dc57d8a969a98e3ca4e25ba39cbb2
contrib/ofed/infiniband-diags/man/ibroute.8|man8/ibroute.8|4cda4ebd18e1e55942f75fb828ccfef9bc45e75da2f9df0717cd085a17182a4c|4cda4ebd18e1e55942f75fb828ccfef9bc45e75da2f9df0717cd085a17182a4c|d6b92ffa990dc57d8a969a98e3ca4e25ba39cbb2
contrib/ofed/infiniband-diags/man/ibrouters.8|man8/ibrouters.8|4982b1b3229a2816e77d982de371eb7d29d06cf30dbb462a0163f6b5b232de36|4982b1b3229a2816e77d982de371eb7d29d06cf30dbb462a0163f6b5b232de36|d6b92ffa990dc57d8a969a98e3ca4e25ba39cbb2
contrib/ofed/infiniband-diags/man/ibstat.8|man8/ibstat.8|a7b0d775ffdbd09ce482b6f02026ca85a2511fa935986361bc45d1893789eb43|a7b0d775ffdbd09ce482b6f02026ca85a2511fa935986361bc45d1893789eb43|d6b92ffa990dc57d8a969a98e3ca4e25ba39cbb2
contrib/ofed/infiniband-diags/man/ibstatus.8|man8/ibstatus.8|4a357592752ad1d11c1831693ca2cfefeacb23bfa8138050b83e3a404f550c60|4a357592752ad1d11c1831693ca2cfefeacb23bfa8138050b83e3a404f550c60|d6b92ffa990dc57d8a969a98e3ca4e25ba39cbb2
contrib/ofed/infiniband-diags/man/ibswitches.8|man8/ibswitches.8|db38f64f9c9ed32be6821b3d0b8251eabf1b08e941dea3fc2222eb32970089bf|db38f64f9c9ed32be6821b3d0b8251eabf1b08e941dea3fc2222eb32970089bf|d6b92ffa990dc57d8a969a98e3ca4e25ba39cbb2
contrib/ofed/infiniband-diags/man/ibsysstat.8|man8/ibsysstat.8|cfecb9e08d8b2884bcc6c80029b75cbb59779e013826c7c72b1c84ab58235148|cfecb9e08d8b2884bcc6c80029b75cbb59779e013826c7c72b1c84ab58235148|d6b92ffa990dc57d8a969a98e3ca4e25ba39cbb2
contrib/ofed/infiniband-diags/man/ibtracert.8|man8/ibtracert.8|e4a7d6e54a033c7ae319929ddacbc273cdbaa3d80578d70be8e57f8c29ae91d0|e4a7d6e54a033c7ae319929ddacbc273cdbaa3d80578d70be8e57f8c29ae91d0|d6b92ffa990dc57d8a969a98e3ca4e25ba39cbb2
contrib/ofed/infiniband-diags/man/infiniband-diags.8|man8/infiniband-diags.8|adbd4ed673782ecbb0bedd91bce6c07b98d8eca4075f132c0b6c58536d1177ea|adbd4ed673782ecbb0bedd91bce6c07b98d8eca4075f132c0b6c58536d1177ea|d6b92ffa990dc57d8a969a98e3ca4e25ba39cbb2
contrib/ofed/infiniband-diags/man/perfquery.8|man8/perfquery.8|366c27c16f4eafdff794182fe7eedc22fd82be32f217bcec256eb77d5286c8b2|366c27c16f4eafdff794182fe7eedc22fd82be32f217bcec256eb77d5286c8b2|d6b92ffa990dc57d8a969a98e3ca4e25ba39cbb2
contrib/ofed/infiniband-diags/man/saquery.8|man8/saquery.8|3ec0b481e56e8ebf862b6d424283cb722adb2ae6c7f29646416a76ca3d8d652a|3ec0b481e56e8ebf862b6d424283cb722adb2ae6c7f29646416a76ca3d8d652a|d6b92ffa990dc57d8a969a98e3ca4e25ba39cbb2
contrib/ofed/infiniband-diags/man/sminfo.8|man8/sminfo.8|e60664ddcbb94b7a1da1cdf1d2faa2df200fecba247e1c2a6fccc74f7d9a46da|e60664ddcbb94b7a1da1cdf1d2faa2df200fecba247e1c2a6fccc74f7d9a46da|d6b92ffa990dc57d8a969a98e3ca4e25ba39cbb2
contrib/ofed/infiniband-diags/man/smpdump.8|man8/smpdump.8|0b53cf0de191e71641be4373c9a25e377d180c289dfdfce6790cab8943f3a6f1|0b53cf0de191e71641be4373c9a25e377d180c289dfdfce6790cab8943f3a6f1|d6b92ffa990dc57d8a969a98e3ca4e25ba39cbb2
contrib/ofed/infiniband-diags/man/smpquery.8|man8/smpquery.8|fe910d031a15c5309cef6c4cc6728bca36fc6928bd857122ab111b4a684900cc|fe910d031a15c5309cef6c4cc6728bca36fc6928bd857122ab111b4a684900cc|d6b92ffa990dc57d8a969a98e3ca4e25ba39cbb2
contrib/ofed/infiniband-diags/man/vendstat.8|man8/vendstat.8|6d4ee7dbab0653b16c2e14205c2d4b4b9f796d558779008b2a528f42d4aa1d8e|6d4ee7dbab0653b16c2e14205c2d4b4b9f796d558779008b2a528f42d4aa1d8e|d6b92ffa990dc57d8a969a98e3ca4e25ba39cbb2
contrib/ofed/libibverbs/man/ibv_asyncwatch.1|man1/ibv_asyncwatch.1|5b60e85087acabbd8c048ccfe1ea467e8d885b820698fb6fd3e540f7f5ffe484|5b60e85087acabbd8c048ccfe1ea467e8d885b820698fb6fd3e540f7f5ffe484|d6b92ffa990dc57d8a969a98e3ca4e25ba39cbb2
contrib/ofed/libibverbs/man/ibv_devices.1|man1/ibv_devices.1|6e6b2397342574c8928d482cd62a5217d1f1c8b9c7c414087b815d62acea69a2|6e6b2397342574c8928d482cd62a5217d1f1c8b9c7c414087b815d62acea69a2|d6b92ffa990dc57d8a969a98e3ca4e25ba39cbb2
contrib/ofed/libibverbs/man/ibv_devinfo.1|man1/ibv_devinfo.1|7a2135019118ef5956740547c31b557b23ca829932497cb4174069c497f2ffa8|7a2135019118ef5956740547c31b557b23ca829932497cb4174069c497f2ffa8|d6b92ffa990dc57d8a969a98e3ca4e25ba39cbb2
contrib/ofed/libibverbs/man/ibv_rc_pingpong.1|man1/ibv_rc_pingpong.1|aa393e9947b9aec13366b932dc203af44d0d5cc6b08bf8190984f917cb1e9d4f|aa393e9947b9aec13366b932dc203af44d0d5cc6b08bf8190984f917cb1e9d4f|d6b92ffa990dc57d8a969a98e3ca4e25ba39cbb2
contrib/ofed/libibverbs/man/ibv_srq_pingpong.1|man1/ibv_srq_pingpong.1|8d2a6f301c76e4c2d1b9943d4bcd5c46a5fd7bb91af665dca7aba78756501e01|8d2a6f301c76e4c2d1b9943d4bcd5c46a5fd7bb91af665dca7aba78756501e01|d6b92ffa990dc57d8a969a98e3ca4e25ba39cbb2
contrib/ofed/libibverbs/man/ibv_uc_pingpong.1|man1/ibv_uc_pingpong.1|7ce11c3a45fa16a9085998f4b48e0679007aba5cb0a2ed09c9dcdbd0a428c6cf|7ce11c3a45fa16a9085998f4b48e0679007aba5cb0a2ed09c9dcdbd0a428c6cf|d6b92ffa990dc57d8a969a98e3ca4e25ba39cbb2
contrib/ofed/libibverbs/man/ibv_ud_pingpong.1|man1/ibv_ud_pingpong.1|0842ffdc8d916b1383892bf2730da63a97921ed764238a942e836a332d95bda1|0842ffdc8d916b1383892bf2730da63a97921ed764238a942e836a332d95bda1|d6b92ffa990dc57d8a969a98e3ca4e25ba39cbb2
contrib/ofed/libibverbs/man/ibv_xsrq_pingpong.1|man1/ibv_xsrq_pingpong.1|28a1ccb477b0926d3e47d985b2d9dd671bc3e43b7118195591100b7f5e2341fa|28a1ccb477b0926d3e47d985b2d9dd671bc3e43b7118195591100b7f5e2341fa|d6b92ffa990dc57d8a969a98e3ca4e25ba39cbb2
contrib/ofed/librdmacm/man/cmtime.1|man1/cmtime.1|5987fca99055f6f217a6db529a1f9b7792d87ba8ab897dd9d0e1d788b2fab36b|5987fca99055f6f217a6db529a1f9b7792d87ba8ab897dd9d0e1d788b2fab36b|d6b92ffa990dc57d8a969a98e3ca4e25ba39cbb2
contrib/ofed/librdmacm/man/mckey.1|man1/mckey.1|92e6db13084bd368993d638e30351accaa12464229840a71461090eded2d20d8|92e6db13084bd368993d638e30351accaa12464229840a71461090eded2d20d8|d6b92ffa990dc57d8a969a98e3ca4e25ba39cbb2
contrib/ofed/librdmacm/man/rcopy.1|man1/rcopy.1|eca91a28d7507d540e15ad6dc4962d337a320157e5eef2bde1a1d972ae4899b8|eca91a28d7507d540e15ad6dc4962d337a320157e5eef2bde1a1d972ae4899b8|d6b92ffa990dc57d8a969a98e3ca4e25ba39cbb2
contrib/ofed/librdmacm/man/rdma_client.1|man1/rdma_client.1|d1a2584bd2bd17f13b11f9a81098112d4029d2f29370217256a96b0e309be5ed|d1a2584bd2bd17f13b11f9a81098112d4029d2f29370217256a96b0e309be5ed|d6b92ffa990dc57d8a969a98e3ca4e25ba39cbb2
contrib/ofed/librdmacm/man/rdma_server.1|man1/rdma_server.1|c78654676a38cf08d1fdf40617e7b1fae86574ff605ba5405b6871770ea8af55|c78654676a38cf08d1fdf40617e7b1fae86574ff605ba5405b6871770ea8af55|d6b92ffa990dc57d8a969a98e3ca4e25ba39cbb2
contrib/ofed/librdmacm/man/rdma_xclient.1|man1/rdma_xclient.1|c6ca21e77a87d5a3ca5f959d65cda0347b19a2d795efa8df1a8dabdc969dc9ee|c6ca21e77a87d5a3ca5f959d65cda0347b19a2d795efa8df1a8dabdc969dc9ee|d6b92ffa990dc57d8a969a98e3ca4e25ba39cbb2
contrib/ofed/librdmacm/man/rdma_xserver.1|man1/rdma_xserver.1|a7af44d16707e287bf487d4a03c9ba62e4c7ce94da9fe0440820291f772a3f07|a7af44d16707e287bf487d4a03c9ba62e4c7ce94da9fe0440820291f772a3f07|d6b92ffa990dc57d8a969a98e3ca4e25ba39cbb2
contrib/ofed/librdmacm/man/riostream.1|man1/riostream.1|85df7cd22b6626f4e3dccf0effe05dec31be6513ecf1ace50e6dd0e4b10384bc|85df7cd22b6626f4e3dccf0effe05dec31be6513ecf1ace50e6dd0e4b10384bc|d6b92ffa990dc57d8a969a98e3ca4e25ba39cbb2
contrib/ofed/librdmacm/man/rping.1|man1/rping.1|80e6c1a0b6a0136d87440e1863ce2603e6cdbe2282209fb5a89b0639f380176a|80e6c1a0b6a0136d87440e1863ce2603e6cdbe2282209fb5a89b0639f380176a|d6b92ffa990dc57d8a969a98e3ca4e25ba39cbb2
contrib/ofed/librdmacm/man/rstream.1|man1/rstream.1|0b898d5d105f4d9bd49d2ccbbd5a268dd98438af7a908305319097d1bb325575|0b898d5d105f4d9bd49d2ccbbd5a268dd98438af7a908305319097d1bb325575|d6b92ffa990dc57d8a969a98e3ca4e25ba39cbb2
contrib/ofed/librdmacm/man/ucmatose.1|man1/ucmatose.1|2e30018823c5aa9fb9bd0a4703602f264d7535c63bd1c45a155dd742002646a4|2e30018823c5aa9fb9bd0a4703602f264d7535c63bd1c45a155dd742002646a4|d6b92ffa990dc57d8a969a98e3ca4e25ba39cbb2
contrib/ofed/librdmacm/man/udaddy.1|man1/udaddy.1|461932ba38f5c7aa42c51919f012c4aa1947c20453378843a453f8f50f4bca69|461932ba38f5c7aa42c51919f012c4aa1947c20453378843a453f8f50f4bca69|d6b92ffa990dc57d8a969a98e3ca4e25ba39cbb2
contrib/ofed/librdmacm/man/udpong.1|man1/udpong.1|45759356a062b89971a759e5724e5a93d3f86a423dd003c1600a506757866116|45759356a062b89971a759e5724e5a93d3f86a423dd003c1600a506757866116|d6b92ffa990dc57d8a969a98e3ca4e25ba39cbb2
contrib/ofed/opensm/man/opensm.8|man8/opensm.8|5e2e9e154203230dd5adcc1425f66b5acb5706a3b7d6fb48d2a7d16fa929be55|5e2e9e154203230dd5adcc1425f66b5acb5706a3b7d6fb48d2a7d16fa929be55|d6b92ffa990dc57d8a969a98e3ca4e25ba39cbb2
contrib/one-true-awk/awk.1|man1/awk.1|743dee3c3bba4847553c70c344237305d3b6276b53d6fdf92eb112b79fb334a1|5489f44de3ac1cc37c9bf85890fbfaf57446d9e88e36354e146fb1970e9a661e|eb690a0576e8cf5412124477eace3bb765068c3d
contrib/openbsm/bin/audit/audit.8|man8/audit.8|247a99a396afdc0158940543052fad044759e8ec5fa9879bd385ce1a6ee987c5|247a99a396afdc0158940543052fad044759e8ec5fa9879bd385ce1a6ee987c5|b6a05070fa77edc7ce6e60b61623fd806e807be6
contrib/openbsm/bin/auditd/auditd.8|man8/auditd.8|cee950467ab1f1926c52b0addba31fba52e4e57ec74d9d5696708696ffd72d95|cee950467ab1f1926c52b0addba31fba52e4e57ec74d9d5696708696ffd72d95|72a600a7a1908f1e778f54e08bd60a93be87dd33
contrib/openbsm/bin/auditdistd/auditdistd.8|man8/auditdistd.8|802cf89e68f3b7c8d780b01ee8ee6ea12ba985ae5e3c71b0d7b54caa98f9c32d|802cf89e68f3b7c8d780b01ee8ee6ea12ba985ae5e3c71b0d7b54caa98f9c32d|b6a05070fa77edc7ce6e60b61623fd806e807be6
contrib/openbsm/bin/auditfilterd/auditfilterd.8|man8/auditfilterd.8|8b5f1f438f9ff1fd4bd6e42ddc6970eef0ac0b493f2783c1e78bf30600c0730a|8b5f1f438f9ff1fd4bd6e42ddc6970eef0ac0b493f2783c1e78bf30600c0730a|b6a05070fa77edc7ce6e60b61623fd806e807be6
contrib/openbsm/bin/auditreduce/auditreduce.1|man1/auditreduce.1|9ab241aa13a66168a4cbdd3d65bc341c7e0162e775020b09f2d913c8e961c5a1|9ab241aa13a66168a4cbdd3d65bc341c7e0162e775020b09f2d913c8e961c5a1|71f8f48356585b1777d5d6a940c86f810bd20c6a
contrib/openbsm/bin/praudit/praudit.1|man1/praudit.1|a1cd57e952029d663e14013c78f819b76b27194c42e3bb67adae2338124fcd67|a1cd57e952029d663e14013c78f819b76b27194c42e3bb67adae2338124fcd67|6f3d7c0ea8941c53c455d060b6ece34e55c5871d
contrib/openpam/bin/pamtest/pamtest.1|man1/pamtest.1|70c255057079de34c8ec606c0f494b59ae58e27f554692280a1ea4fd58b52465|2ab8fe799025537ce2f14967cd7c2def640c9fbe99589b477040e10142af5ed8|45538173c120eadca115fd7e56c657905bf73771
contrib/openpam/bin/su/su.1|man1/su.1|3672f014ecd201cd0b5c1a6fe532d2c2258744a1271965ef986a1e281beb7159|e98f554f2aa240509d0b9b458e2bcbb5d858bf81d6515bba8e3244e9d89ee693|45538173c120eadca115fd7e56c657905bf73771
contrib/pf/authpf/authpf.8|man8/authpf.8|5534d6de2976053240e2b17131df41717434e25edbcefaa9e6bc7cef3ba16ce5|5534d6de2976053240e2b17131df41717434e25edbcefaa9e6bc7cef3ba16ce5|1a720cbec513210fa2e85c3882741ef2f6dc5f35
contrib/pf/ftp-proxy/ftp-proxy.8|man8/ftp-proxy.8|0a3c49f6b14ea216fb377588a7a4f338d027fa060f9fcd256317a91bd8feaa2f|0a3c49f6b14ea216fb377588a7a4f338d027fa060f9fcd256317a91bd8feaa2f|e0bfbfce7922dd3c28eb072b599c6bb8f65f039e
contrib/pf/pflogd/pflogd.8|man8/pflogd.8|479abaff86b5a2b75c5d08d6a872d5233bd097bb456b566907c15187e701559f|479abaff86b5a2b75c5d08d6a872d5233bd097bb456b566907c15187e701559f|2bda75506d9596e367637208846ba605a938a0db
contrib/pf/tftp-proxy/tftp-proxy.8|man8/tftp-proxy.8|360088481509cf312226e5c52d2f8e0e1e276abf46f1a9032aa23c19fd256b71|360088481509cf312226e5c52d2f8e0e1e276abf46f1a9032aa23c19fd256b71|67ecd4f3a477a0ca5b76a1694f89755df27a8679
contrib/pnpinfo/pnpinfo.8|man8/pnpinfo.8|57c886b1c0a256b13e51e8bc441e023729e5716b43e253135700ba630f47fbd9|57c886b1c0a256b13e51e8bc441e023729e5716b43e253135700ba630f47fbd9|99f3b482da15db6f2ae4702d592b53dd36d4cf55
contrib/sendmail/contrib/qtool.8|man8/qtool.8|4936cb1687bffa9e37d4d229b0b17244a21d9ac4452af66a4088754b2e6d83ea|4936cb1687bffa9e37d4d229b0b17244a21d9ac4452af66a4088754b2e6d83ea|4313cc83440a39bdf976f955b1d4d3f3c4d1552f
contrib/sendmail/editmap/editmap.8|man8/editmap.8|e6016fce66c6fe51a21fca35ee73260498055f366ff22bb606fc45de680a18c7|e6016fce66c6fe51a21fca35ee73260498055f366ff22bb606fc45de680a18c7|2fb4f839f3fc72ce2bab12f9ba4760f97f73e97f
contrib/sendmail/mail.local/mail.local.8|man8/mail.local.8|3bf1c1d1840cff91750b36f1ed9e8bac903b7af6c3d18f5f4e262d1d9e9ddb73|3bf1c1d1840cff91750b36f1ed9e8bac903b7af6c3d18f5f4e262d1d9e9ddb73|4313cc83440a39bdf976f955b1d4d3f3c4d1552f
contrib/sendmail/mailstats/mailstats.8|man8/mailstats.8|5f160e5bbab06092bc483111a9bf27ace20eed17e3e6b858231dd07fa06c3806|5f160e5bbab06092bc483111a9bf27ace20eed17e3e6b858231dd07fa06c3806|2fb4f839f3fc72ce2bab12f9ba4760f97f73e97f
contrib/sendmail/makemap/makemap.8|man8/makemap.8|a9b00ce0a92f4080c63b193cc8c7370e4652dba9b606d60088d509aba9f3ea93|a9b00ce0a92f4080c63b193cc8c7370e4652dba9b606d60088d509aba9f3ea93|d39bd2c1388b520fcba9abed1932acacead60fba
contrib/sendmail/praliases/praliases.8|man8/praliases.8|c1aef6934fed76b9626ff2424a6a5cc9806871f865f05c8c693588190a67dc4b|c1aef6934fed76b9626ff2424a6a5cc9806871f865f05c8c693588190a67dc4b|2fb4f839f3fc72ce2bab12f9ba4760f97f73e97f
contrib/sendmail/rmail/rmail.8|man8/rmail.8|dd5d0f22197d3870ebe689f946ac4999f89982a95b4f76ef7a21a3f027ab036f|dd5d0f22197d3870ebe689f946ac4999f89982a95b4f76ef7a21a3f027ab036f|2fb4f839f3fc72ce2bab12f9ba4760f97f73e97f
contrib/sendmail/smrsh/smrsh.8|man8/smrsh.8|281c2095e5c5c09edc8178e618f279d68dff8bd3cacb921636c3a7a947f9c885|281c2095e5c5c09edc8178e618f279d68dff8bd3cacb921636c3a7a947f9c885|4313cc83440a39bdf976f955b1d4d3f3c4d1552f
contrib/sendmail/src/mailq.1|man1/mailq.1|2e9657e567341cad7fc317e7b62788c392cd732d6c92f047c8bad94bbde63b09|2e9657e567341cad7fc317e7b62788c392cd732d6c92f047c8bad94bbde63b09|2fb4f839f3fc72ce2bab12f9ba4760f97f73e97f
contrib/sendmail/src/newaliases.1|man1/newaliases.1|59e9e2cc41de375910cc543f1de859f7cc2c1890453818c6d058c7c30f94072b|cfdabf5dac6497bb848ce21a1941a4ac71c2a6f67178bf861cfdd5ee3a6862ec|e504946ee119c4bd3940bea798bd47e85b0a25d0
contrib/sendmail/src/sendmail.8|man8/sendmail.8|d022eeec6c743d26f4423215c46eba8e5eb55ce00b3a9e60f83294aa959be7ba|d022eeec6c743d26f4423215c46eba8e5eb55ce00b3a9e60f83294aa959be7ba|d39bd2c1388b520fcba9abed1932acacead60fba
contrib/sendmail/vacation/vacation.1|man1/vacation.1|329f4da68d7088ddb24eed9a3830f7ccaed3d3fe18357213061caced2f31c694|f5be734e265bacaa875d49f63d0f1cde9250059388d4b9ab07b3246591ad1760|d39bd2c1388b520fcba9abed1932acacead60fba
contrib/smbfs/mount_smbfs/mount_smbfs.8|man8/mount_smbfs.8|cdfeb207e52023ac773360579566c7f5ea21044b45c2ee204d8de05a4885ff53|cdfeb207e52023ac773360579566c7f5ea21044b45c2ee204d8de05a4885ff53|dddf29712f38ba1d804c02bcfd02d24098ae48b0
contrib/smbfs/smbutil/smbutil.1|man1/smbutil.1|024c7eb9783b84b8e18bae88c2f7e138928982cbc9e02a1f9f9150968b6285a0|7c9a359a0aedc3850e571f239bb31a894f005001d00d6aa003df784c9fdf1aa6|dddf29712f38ba1d804c02bcfd02d24098ae48b0
contrib/sqlite3/sqlite3.1|man1/sqlite3.1|e5fc3fa4301dea75de2efc0e1e941d33c6e5a307c6b46c5eaa533d1bcbf36611|2fac82107ef6ce70f6c3ffc5af045f65eee1473bb6c82903bbec8af823443468|3dccdfefdca85574a84a280bc852a9e3477e0837
contrib/tcp_wrappers/tcpd.8|man8/tcpd.8|d0626be914d4497ea05849f10620038afb107d83d5773213c8193263b4e9ea59|d0626be914d4497ea05849f10620038afb107d83d5773213c8193263b4e9ea59|2aef693010b252e8cff0ce46a6ebf15b74c82219
contrib/tcp_wrappers/tcpdchk.8|man8/tcpdchk.8|d506a593dccc2b8ceb0187f9881e694b1c3b729902eabe8a32189cd506c8b682|d506a593dccc2b8ceb0187f9881e694b1c3b729902eabe8a32189cd506c8b682|2aef693010b252e8cff0ce46a6ebf15b74c82219
contrib/tcp_wrappers/tcpdmatch.8|man8/tcpdmatch.8|0b218ee3f808f922988856c2e24fcac7e02a7f7f8d5a8f16fb07fac9dc3954e9|0b218ee3f808f922988856c2e24fcac7e02a7f7f8d5a8f16fb07fac9dc3954e9|2aef693010b252e8cff0ce46a6ebf15b74c82219
contrib/telnet/telnet/telnet.1|man1/telnet.1|aa6c0de0d7ebb1f5a39c55b0d39712c338a63027baeaaded6e88381acc5d7fef|aa6c0de0d7ebb1f5a39c55b0d39712c338a63027baeaaded6e88381acc5d7fef|d2e0204ec0ace5a65e688a35a960e949624f3cb2
contrib/tnftp/src/ftp.1|man1/ftp.1|4ba00e9acd642e835db0f057ba50f6b14dc12d5dddf0cdb731a7fbc040e259f1|77885afae7a082e5af485199f77b0fe87cec19f6b264fb596c58f0df828e5d87|259bb93b80c0881a2b089e2836d92334477f09ef
contrib/ts/ts.1|man1/ts.1|2b0338a1ba952afdb4f30b8f3f0fee5b3a65c58bc6831239e68217dce9c22719|2b0338a1ba952afdb4f30b8f3f0fee5b3a65c58bc6831239e68217dce9c22719|3d516b853179b9cc02d358410ef9b64c593022ce
contrib/tzcode/date.1|man1/date.1|21bd99211264aa1fd64d7079e305033c83dbc22ed91daebf648b3da3d2ed263d|ae3254164d77afdfe79f4e3eeaeb13a89f1c9431254971ff07cfdcb14b7ad357|9b019b4f9f9fc6943842857e2dcb2fa2e360c4a3
contrib/tzcode/tzselect.8|man8/tzselect.8|ca0fb2f731e5722367d201052125ed11b95d138b34bfeac71eacebfa5d2d389d|ca0fb2f731e5722367d201052125ed11b95d138b34bfeac71eacebfa5d2d389d|967a49a21a27380ba1c545c746b4f1badabefd77
contrib/tzcode/zdump.8|man8/zdump.8|c18695c807d3253d3d3c7b1546a6479ce932c913ca10df54b392918330c03d16|c18695c807d3253d3d3c7b1546a6479ce932c913ca10df54b392918330c03d16|967a49a21a27380ba1c545c746b4f1badabefd77
contrib/tzcode/zic.8|man8/zic.8|8cb7f790de9bfdf86bdf2863601c0215385e5e35e70d409518f7c97d5c9a9547|8cb7f790de9bfdf86bdf2863601c0215385e5e35e70d409518f7c97d5c9a9547|36c6d5275677cd54e46880509fcc5a5dcebaa743
contrib/unbound/doc/unbound-anchor.8|man8/unbound-anchor.8|4d083c2399075c3263bba5495543dcad2fd8f2af4d33246b5259339852a3159d|4d083c2399075c3263bba5495543dcad2fd8f2af4d33246b5259339852a3159d|99c63b819cb5b505f10827281639f51a261d4dfa
contrib/unbound/doc/unbound-checkconf.8|man8/unbound-checkconf.8|29582b87ca1b16453e0828b363311655b6908c7476d0faad4954339c746ed2cd|29582b87ca1b16453e0828b363311655b6908c7476d0faad4954339c746ed2cd|99c63b819cb5b505f10827281639f51a261d4dfa
contrib/unbound/doc/unbound-control.8|man8/unbound-control.8|4f4062c18bc81e9b314a4a3211bcbc4771f8690a33488d0fd1677ae4fba21610|4f4062c18bc81e9b314a4a3211bcbc4771f8690a33488d0fd1677ae4fba21610|99c63b819cb5b505f10827281639f51a261d4dfa
contrib/unbound/doc/unbound-host.1|man1/unbound-host.1|81fee7d24697513111d140a8fb2b27cd09f18cebef043925cc1f37a7fb700593|8369dea1fca47856a4b197b5909189ae6083bce8190a0228557e27cf063032f7|99c63b819cb5b505f10827281639f51a261d4dfa
contrib/unbound/doc/unbound.8|man8/unbound.8|e091d913cd6fb3c4524caec46feb7c428319ed30ac00e2ff738ed9a7bc33b8c9|e091d913cd6fb3c4524caec46feb7c428319ed30ac00e2ff738ed9a7bc33b8c9|99c63b819cb5b505f10827281639f51a261d4dfa
contrib/unifdef/unifdef.1|man1/unifdef.1|34274dd5e4e7f2deef6b27c64cac0fb547d2b84ea048e7f6b877d23447488656|34274dd5e4e7f2deef6b27c64cac0fb547d2b84ea048e7f6b877d23447488656|049b7608f41bf4e93ac6de718c45bef261f6977d
contrib/unvis/unvis.1|man1/unvis.1|6ea50c0d4ba753f022cf80e3ade088eb740cec91bd46fd97c87d046c8bd8fd3d|6ea50c0d4ba753f022cf80e3ade088eb740cec91bd46fd97c87d046c8bd8fd3d|f1f890804985a1043da42a5def13c79dc005f5e9
contrib/vis/vis.1|man1/vis.1|0af94f81c763940599fe6fd63f277b89e16f98617c51ab906dc54dce7cf41d13|0af94f81c763940599fe6fd63f277b89e16f98617c51ab906dc54dce7cf41d13|15fccd86b9dd17ca2cc1a70b060a2b1a1bf8470b
contrib/wireguard-tools/man/wg.8|man8/wg.8|9e434e23208befc87b5c3efe1b8d0890d2fd297f33ab18d5d9cbe811a809c0c0|9e434e23208befc87b5c3efe1b8d0890d2fd297f33ab18d5d9cbe811a809c0c0|137de4b34d45192985e21f6d6163533da547fbac
contrib/wpa/hostapd/hostapd.8|man8/hostapd.8|c0cbb364da8d7c36b9557ca040eaaf3974205e96563001190b44aacfc78a1ee5|c0cbb364da8d7c36b9557ca040eaaf3974205e96563001190b44aacfc78a1ee5|5b9c547c072b84410b50897cc53710c75b2f6b74
contrib/wpa/hostapd/hostapd_cli.1|man1/hostapd_cli.1|1c69dfbe2c3256748b41cdf59f74ed8de38fc763fcf1f6abb402f30e0f1e375d|1c69dfbe2c3256748b41cdf59f74ed8de38fc763fcf1f6abb402f30e0f1e375d|e28a4053b110e06768631ac8401ed4a3c05e68a5
contrib/xz/src/lzmainfo/lzmainfo.1|man1/lzmainfo.1|4eba273eb9257a613279dc9a2faa4101724f1ce95bb21efd39125e095ff5b336|4eba273eb9257a613279dc9a2faa4101724f1ce95bb21efd39125e095ff5b336|3b35e7ee8de9b0260149a2b77e87a2b9c7a36244
contrib/xz/src/xz/xz.1|man1/xz.1|7e76f9ed8cbb52f8a4976b9c3684e0e13b71976b872a9cda0661dbafda8b185a|6a0d3c1a41b2df7e0cdb419620bac3d0826697b8feae5af8682e003df3e876e2|6513d742f155efe84f86c5e5447cf51ab8c0a53e
contrib/xz/src/xzdec/xzdec.1|man1/xzdec.1|51571323562d054206a2bb00dddcdd8bd967b164d53df827ce679495c18a69d4|b288e35199019a6e46e8fe502cd437fd487db32d0449fef7038dbb3bbf4f3c70|3b35e7ee8de9b0260149a2b77e87a2b9c7a36244
crypto/heimdal/admin/ktutil.8|man8/ktutil.8|fb3a4a79e26cd7dafea2957460505da34c161d61cef7f652dbc01d5bf8efa7c7|fb3a4a79e26cd7dafea2957460505da34c161d61cef7f652dbc01d5bf8efa7c7|ae77177087c655fc883075af4f425b37e032cd05
crypto/heimdal/appl/afsutil/afslog.1|man1/afslog.1|4e66df11583fe6dec5360f6253505ea2f50337535d2f10cb6456c3ae7c5fd9e2|4e66df11583fe6dec5360f6253505ea2f50337535d2f10cb6456c3ae7c5fd9e2|ae77177087c655fc883075af4f425b37e032cd05
crypto/heimdal/appl/afsutil/pagsh.1|man1/pagsh.1|d825c530af6a167179df6380246e2a3747e037d890d054121ba2110706500f81|d825c530af6a167179df6380246e2a3747e037d890d054121ba2110706500f81|ae77177087c655fc883075af4f425b37e032cd05
crypto/heimdal/appl/ftp/ftp/ftp.1|man1/ftp.1|fdad121d24a1f68d8d1920e0aeba5b2220d2a1d5ec316b2ecbb32ce46fb1d3d9|aa686624a04971c0f861da380546894a2c951239b1f30d438d4f5a4754c7b368|fc55c20355d889bf3d3f81d94b3614a0c4253fa0
crypto/heimdal/appl/ftp/ftpd/ftpd.8|man8/ftpd.8|0f504303b760845d9cd7f5d2ceac5d7af2ce602f0bb23d86b456efffab7e6363|0f504303b760845d9cd7f5d2ceac5d7af2ce602f0bb23d86b456efffab7e6363|ae77177087c655fc883075af4f425b37e032cd05
crypto/heimdal/appl/kf/kf.1|man1/kf.1|b0ed7d23aa6e18c804d6a8295efe78c12e086e99b769ff0816954caf3831b780|b0ed7d23aa6e18c804d6a8295efe78c12e086e99b769ff0816954caf3831b780|ae77177087c655fc883075af4f425b37e032cd05
crypto/heimdal/appl/kf/kfd.8|man8/kfd.8|34ac61c829111c45482bec275047bd23bade8601ce1c5369370fdba75348b9a8|34ac61c829111c45482bec275047bd23bade8601ce1c5369370fdba75348b9a8|ae77177087c655fc883075af4f425b37e032cd05
crypto/heimdal/appl/login/login.1|man1/login.1|f3a207a1beae9cada9cdee44a1da6f343f289a28c7c77fe00f39e239146f8de7|f3a207a1beae9cada9cdee44a1da6f343f289a28c7c77fe00f39e239146f8de7|ae77177087c655fc883075af4f425b37e032cd05
crypto/heimdal/appl/push/pfrom.1|man1/pfrom.1|5a310cf94b34910a3659183bef3b819f57ca75776f3c3a40fd13d8a389d562dc|5a310cf94b34910a3659183bef3b819f57ca75776f3c3a40fd13d8a389d562dc|ae77177087c655fc883075af4f425b37e032cd05
crypto/heimdal/appl/push/push.8|man8/push.8|314485a324d8006db15c4ebba9f50503a1b2395fc287230e73e1e60725224b78|314485a324d8006db15c4ebba9f50503a1b2395fc287230e73e1e60725224b78|ae77177087c655fc883075af4f425b37e032cd05
crypto/heimdal/appl/rcp/rcp.1|man1/rcp.1|8c1d0e72ca32272ebc37a95414d92c737109f838d3051f74864bf9a6fff3f4da|8c1d0e72ca32272ebc37a95414d92c737109f838d3051f74864bf9a6fff3f4da|ae77177087c655fc883075af4f425b37e032cd05
crypto/heimdal/appl/rsh/rsh.1|man1/rsh.1|b8771833db5254092416ed4d1a02b3708ae1662b41d7f514be1fcf53c45ce492|c313062929fd009387cf25ded6b205470e5520a48507b56cfe3e5d144a5c85f3|fc55c20355d889bf3d3f81d94b3614a0c4253fa0
crypto/heimdal/appl/rsh/rshd.8|man8/rshd.8|bcf2e6ec632216ef0e32db2ae3b951e54422d435b5da4ea172578028c4e4e748|bcf2e6ec632216ef0e32db2ae3b951e54422d435b5da4ea172578028c4e4e748|ae77177087c655fc883075af4f425b37e032cd05
crypto/heimdal/appl/su/su.1|man1/su.1|1ff0f5618e7ff540a247e2972b27a05a151484fd4cd05003006c6566a2c3ff74|1ff0f5618e7ff540a247e2972b27a05a151484fd4cd05003006c6566a2c3ff74|ae77177087c655fc883075af4f425b37e032cd05
crypto/heimdal/appl/telnet/telnet/telnet.1|man1/telnet.1|25c114f498349d15d409c26d9ff43dcd3cbbcf9407721288f7e3aa83423f02b6|25c114f498349d15d409c26d9ff43dcd3cbbcf9407721288f7e3aa83423f02b6|c19800e8cd5640693f36f2040db4ab5e8d738146
crypto/heimdal/appl/telnet/telnetd/telnetd.8|man8/telnetd.8|079f8e523ee7fdd54547c229fd8774340bd6930702919774e9a59530ced8f4fc|079f8e523ee7fdd54547c229fd8774340bd6930702919774e9a59530ced8f4fc|c19800e8cd5640693f36f2040db4ab5e8d738146
crypto/heimdal/kadmin/kadmin.8|man8/kadmin.8|0d0f8ba2bf39679f666670ddbb7e366540cf585a146051867d2068c1bdfce33c|0d0f8ba2bf39679f666670ddbb7e366540cf585a146051867d2068c1bdfce33c|23fbea8cf2f360dd45cb69c98f6f2931fff3721e
crypto/heimdal/kadmin/kadmind.8|man8/kadmind.8|5c55e83b38a830644edc1312b590732c0b0c24b5b0672003dc05d0ec19fda337|5c55e83b38a830644edc1312b590732c0b0c24b5b0672003dc05d0ec19fda337|ae77177087c655fc883075af4f425b37e032cd05
crypto/heimdal/kcm/kcm.8|man8/kcm.8|7d03d71924715abc379e520ef1c909ce0976521065a54d4ac40814fddae38f04|7d03d71924715abc379e520ef1c909ce0976521065a54d4ac40814fddae38f04|53d908d6eb9dc5b40c2c0179eeb85e1d21e32577
crypto/heimdal/kdc/hprop.8|man8/hprop.8|b1caa19f941aa7a5b9c4ef3046af519e1731ff94c808c192826b30b6d0a54267|b1caa19f941aa7a5b9c4ef3046af519e1731ff94c808c192826b30b6d0a54267|ae77177087c655fc883075af4f425b37e032cd05
crypto/heimdal/kdc/hpropd.8|man8/hpropd.8|5d1057ed8a0f59d418656802a12ef7eae14e77f3ac6ac1ae7ed8f5d21eb62fd0|5d1057ed8a0f59d418656802a12ef7eae14e77f3ac6ac1ae7ed8f5d21eb62fd0|ae77177087c655fc883075af4f425b37e032cd05
crypto/heimdal/kdc/kdc.8|man8/kdc.8|c9a4c52fcf865f47f1b43eb319a101c4c7b11e7dea86e4fe74ac071276cee5a3|c9a4c52fcf865f47f1b43eb319a101c4c7b11e7dea86e4fe74ac071276cee5a3|53d908d6eb9dc5b40c2c0179eeb85e1d21e32577
crypto/heimdal/kdc/kstash.8|man8/kstash.8|e78ef0c36ebd53d2e16360c219c66860df6965061c4ef9bcaf7d58df5d376e99|e78ef0c36ebd53d2e16360c219c66860df6965061c4ef9bcaf7d58df5d376e99|ae77177087c655fc883075af4f425b37e032cd05
crypto/heimdal/kdc/string2key.8|man8/string2key.8|ab214f341b4e6b2aaa39d164a6ef962e7c4e946a654ec6bad8e8dd99f2db1a4c|ab214f341b4e6b2aaa39d164a6ef962e7c4e946a654ec6bad8e8dd99f2db1a4c|ae77177087c655fc883075af4f425b37e032cd05
crypto/heimdal/kpasswd/kpasswd.1|man1/kpasswd.1|6430a7e8346df1d1968f5bcc5b6d31ad724f1afeb7338fdf3c7112004a8cdade|6430a7e8346df1d1968f5bcc5b6d31ad724f1afeb7338fdf3c7112004a8cdade|ae77177087c655fc883075af4f425b37e032cd05
crypto/heimdal/kpasswd/kpasswdd.8|man8/kpasswdd.8|d81f75e4e58f9ed24d33bc6fdc2adee61bce6bcaede19635c26cf76044148eaa|d81f75e4e58f9ed24d33bc6fdc2adee61bce6bcaede19635c26cf76044148eaa|ae77177087c655fc883075af4f425b37e032cd05
crypto/heimdal/kuser/copy_cred_cache.1|man1/copy_cred_cache.1|69b8aee2f88fffd636df8719a605718ad5653bb9c2dfc037a5bcc97b153dd030|69b8aee2f88fffd636df8719a605718ad5653bb9c2dfc037a5bcc97b153dd030|ae77177087c655fc883075af4f425b37e032cd05
crypto/heimdal/kuser/kdestroy.1|man1/kdestroy.1|1471847cf9f833122bb9d506e0b417b455873acc60c60c350fd0b6c5ceaba808|1471847cf9f833122bb9d506e0b417b455873acc60c60c350fd0b6c5ceaba808|ae77177087c655fc883075af4f425b37e032cd05
crypto/heimdal/kuser/kdigest.8|man8/kdigest.8|cadf84849114542e8eaa7c50e6534800b22daa60d8638df5e8129174792b9980|cadf84849114542e8eaa7c50e6534800b22daa60d8638df5e8129174792b9980|ae77177087c655fc883075af4f425b37e032cd05
crypto/heimdal/kuser/kgetcred.1|man1/kgetcred.1|fe1affdd466f39ccae2fdc533eec0de632c094e7180f6a71d0b4ac79f8f8bacb|fe1affdd466f39ccae2fdc533eec0de632c094e7180f6a71d0b4ac79f8f8bacb|ae77177087c655fc883075af4f425b37e032cd05
crypto/heimdal/kuser/kimpersonate.8|man8/kimpersonate.8|ca3627854d50f60f2b9c005fb4d6dc25269ad189d738f89fa94d7e49686c4402|ca3627854d50f60f2b9c005fb4d6dc25269ad189d738f89fa94d7e49686c4402|ae77177087c655fc883075af4f425b37e032cd05
crypto/heimdal/kuser/kinit.1|man1/kinit.1|b16d1e28b292e9922311022ee9d6f2a2877297c8c8dac310310209757cf153fd|b16d1e28b292e9922311022ee9d6f2a2877297c8c8dac310310209757cf153fd|ae77177087c655fc883075af4f425b37e032cd05
crypto/heimdal/kuser/klist.1|man1/klist.1|e697742463d74c9ea321a730a4c16a9163ab7e4e5d357330396de843bae3de38|e697742463d74c9ea321a730a4c16a9163ab7e4e5d357330396de843bae3de38|ae77177087c655fc883075af4f425b37e032cd05
crypto/heimdal/kuser/kswitch.1|man1/kswitch.1|6f78afac5c7bdf35732ad5b7d3bc28dd8b62bb4554f88e415c22964e57dbb07d|6f78afac5c7bdf35732ad5b7d3bc28dd8b62bb4554f88e415c22964e57dbb07d|ae77177087c655fc883075af4f425b37e032cd05
crypto/heimdal/lib/kadm5/iprop-log.8|man8/iprop-log.8|1a90edb2fabe7868ea4c89141dde259d6de6c77ac5968de0a35d1095a6c01b66|1a90edb2fabe7868ea4c89141dde259d6de6c77ac5968de0a35d1095a6c01b66|ae77177087c655fc883075af4f425b37e032cd05
crypto/heimdal/lib/kadm5/iprop.8|man8/iprop.8|a61bf1fcb84d376504f7ab12ab7cd211cc7a6691f95f7442876b6f0898c042b0|a61bf1fcb84d376504f7ab12ab7cd211cc7a6691f95f7442876b6f0898c042b0|ae77177087c655fc883075af4f425b37e032cd05
crypto/heimdal/lib/krb5/kerberos.8|man8/kerberos.8|10a914576fbb27fff46716ee25f0fde1d1729b678c8a41649a1c4de4049ec60d|10a914576fbb27fff46716ee25f0fde1d1729b678c8a41649a1c4de4049ec60d|80ba60f64394fab3cda10d5921af896ed1c57c5f
crypto/heimdal/lib/krb5/verify_krb5_conf.8|man8/verify_krb5_conf.8|93ffe849e795236fe52fa1b77e47bf95d380c7e7ec61fd53c4a474c835d84306|93ffe849e795236fe52fa1b77e47bf95d380c7e7ec61fd53c4a474c835d84306|ae77177087c655fc883075af4f425b37e032cd05
crypto/heimdal/tools/krb5-config.1|man1/krb5-config.1|86ddcdef5c768d75e2e34538de1b20733ca54387941d9bf0c01099eeeadc8872|86ddcdef5c768d75e2e34538de1b20733ca54387941d9bf0c01099eeeadc8872|ae77177087c655fc883075af4f425b37e032cd05
crypto/krb5/src/util/et/compile_et.1|man1/compile_et.1|0551257f030abd29d04f1f51cf373ecbf354565275edd42bec4390174ca26034|0551257f030abd29d04f1f51cf373ecbf354565275edd42bec4390174ca26034|7f2fe78b9dd5f51c821d771b63d2e096f6fd49e9
crypto/openssh/contrib/ssh-copy-id.1|man1/ssh-copy-id.1|ab85a3d3a7267eba91744582ec53ec5bd778188469bf3bd5900013bdac5ee990|4a96c897ce7b9d24444e24fec83db4f51448dab8b965d1a7d944e087235f209e|3d9fd9fcb432750f3716b28f6ccb0104cd9d351a
crypto/openssh/scp.1|man1/scp.1|4c085a4e18ca38be759dd69ca3e6bfabb04c6b65eedd512d773f41b63af7ce8e|ec00dadfe0a3df4705da6121f1772bf4099a4d956c39e9f5ae3d5ec2a3cb11fc|687a0d4a6b2391cd045951e4e431dd585d131575
crypto/openssh/sftp-server.8|man8/sftp-server.8|675a9d87c91e8acc730a21b2de0d3e7d1e3b64199f2810f8ccfeb0da394ee370|675a9d87c91e8acc730a21b2de0d3e7d1e3b64199f2810f8ccfeb0da394ee370|f2b0910a9831d09404558611d20364456549a96f
crypto/openssh/sftp.1|man1/sftp.1|bccb8b8020cd5522e3923a98e305d5122fc5b280a3ffe90ea380a1fbc13ccd6f|0f319bfd65fdffc391e30012795cd3e54fd958d972fe26189d8f09cca5ce07b5|8e28d84935f2f0ee081d44f9803f3052b960e50b
crypto/openssh/ssh-add.1|man1/ssh-add.1|5c975f97c765ae1e7ab548c6c64b1472404a4ac3c3f30fa6841cca0ef9f1ff18|8d71a5b8117382ca85dee09f233d00b91f2c91dd2bd20112238492b44999a651|e1e83fddfb4e046626250229c31dea547f5583ee
crypto/openssh/ssh-agent.1|man1/ssh-agent.1|4bc0b8ebde8459e3fba4a2c1be38df4d97debec0b34f4a8956a459cd06347eb0|0e178ff021ff0b785b664a274a20e0c71ad531182370e9ac9070550f4095418a|f2b0910a9831d09404558611d20364456549a96f
crypto/openssh/ssh-keygen.1|man1/ssh-keygen.1|1ad3ac13642bfbfb4ebf15e4ecea02ba1a572993b8c9bb7c7c5325768c3599c3|b9472594526ab80754544b01e979cafb28f1ea6fc1ffdec62bf103363172b895|f2b0910a9831d09404558611d20364456549a96f
crypto/openssh/ssh-keyscan.1|man1/ssh-keyscan.1|93b1bae3b248643af12433f6cfeb5061abc951d47485c026023d0d213e2ad663|87c4c5a016dd51ab700454a786f09f3606d0823f84625062496c5b5916712339|f2b0910a9831d09404558611d20364456549a96f
crypto/openssh/ssh-keysign.8|man8/ssh-keysign.8|daa9b36c220f9c700718d2af0f8e3b9beb41f379f7cf9ddb0e84ce0f1ab940bb|daa9b36c220f9c700718d2af0f8e3b9beb41f379f7cf9ddb0e84ce0f1ab940bb|0fdf8fae8b569bf9fff3b5171e669dcd7cf9c79e
crypto/openssh/ssh-pkcs11-helper.8|man8/ssh-pkcs11-helper.8|9d81e0a7c54656fb44dadc4ad8265566fa51979d377281a192cb936af71e7a2b|9d81e0a7c54656fb44dadc4ad8265566fa51979d377281a192cb936af71e7a2b|38a52bd3b5cac3da6f7f6eef3dd050e6aa08ebb3
crypto/openssh/ssh-sk-helper.8|man8/ssh-sk-helper.8|8f2bd8a60120f2fc140f68da58c368393ad2b25ff70b48580fe99a80fab2301a|8f2bd8a60120f2fc140f68da58c368393ad2b25ff70b48580fe99a80fab2301a|38a52bd3b5cac3da6f7f6eef3dd050e6aa08ebb3
crypto/openssh/ssh.1|man1/ssh.1|7164c9fccfe42b653e052e69c042d2c2513d83ddad66f9a89d65f60e04fc0e98|7a475781ed0133c4f819cf2b717e9427c1072b40e68f5a3e55ff2152bf20cf56|f2b0910a9831d09404558611d20364456549a96f
crypto/openssh/sshd.8|man8/sshd.8|97ccc38e00e8fb3f2ff239da64afc27e8c27508f8c088d35ef3eb6e3a39f313a|97ccc38e00e8fb3f2ff239da64afc27e8c27508f8c088d35ef3eb6e3a39f313a|687a0d4a6b2391cd045951e4e431dd585d131575
lib/geom/cache/gcache.8|man8/gcache.8|a3cc20c2375fcf3d5ce5ace4e962bf9623a4d143ff02c32c4ef2bc0ec6a67290|a3cc20c2375fcf3d5ce5ace4e962bf9623a4d143ff02c32c4ef2bc0ec6a67290|7ac7604b9141005cc0663a5d021bceaf7746e940
lib/geom/concat/gconcat.8|man8/gconcat.8|02dd31675c1e05df99cb7705404bf2345946537718c7bd5d3b018bc839dbff44|02dd31675c1e05df99cb7705404bf2345946537718c7bd5d3b018bc839dbff44|27bd6c32bbb49a592a0dfbec5f211a7c2fed31d6
lib/geom/eli/geli.8|man8/geli.8|159c868921113ae43029633ae5231327624099b4c89c9bfa5182dd00bff4c8d0|159c868921113ae43029633ae5231327624099b4c89c9bfa5182dd00bff4c8d0|7ac7604b9141005cc0663a5d021bceaf7746e940
lib/geom/journal/gjournal.8|man8/gjournal.8|8cca4a9cbcd601f86f932121faec1846fd6bf4d31f1ae6425f70da3042ed4ce6|8cca4a9cbcd601f86f932121faec1846fd6bf4d31f1ae6425f70da3042ed4ce6|1d479bf6b4741fdc24490ad7179bbef0a78af288
lib/geom/label/glabel.8|man8/glabel.8|43755f4dac856721253ee05d69ee8f8de291e3667d5043285e0c52c3b777f093|43755f4dac856721253ee05d69ee8f8de291e3667d5043285e0c52c3b777f093|c80c104cbd52db994c0f2757bd1c6d014744022c
lib/geom/mirror/gmirror.8|man8/gmirror.8|163c508fa9fd37621fe59b522b83dff7e035eace8f98d777c4d5127478c604e2|163c508fa9fd37621fe59b522b83dff7e035eace8f98d777c4d5127478c604e2|27bd6c32bbb49a592a0dfbec5f211a7c2fed31d6
lib/geom/mountver/gmountver.8|man8/gmountver.8|3d1af36e753fc69410a3ed1cee797cdd95bc2b6581c1b179a68925e2c979bb5a|3d1af36e753fc69410a3ed1cee797cdd95bc2b6581c1b179a68925e2c979bb5a|fa9896e082a1046ff4fbc75fcba4d18d1f2efc19
lib/geom/multipath/gmultipath.8|man8/gmultipath.8|3554b7959090cbda867b2ce81cfba34a35bf799bddce20ae3618b637cb8a3f21|3554b7959090cbda867b2ce81cfba34a35bf799bddce20ae3618b637cb8a3f21|fa9896e082a1046ff4fbc75fcba4d18d1f2efc19
lib/geom/nop/gnop.8|man8/gnop.8|d10a067059fea0c3e33c5654511c6d7ccd95b08f94eb5fe31c2adbaf51f8c4b4|d10a067059fea0c3e33c5654511c6d7ccd95b08f94eb5fe31c2adbaf51f8c4b4|fa9896e082a1046ff4fbc75fcba4d18d1f2efc19
lib/geom/part/gpart.8|man8/gpart.8|15bdbb48d053026499de3bcfe75d7eca11b342cbb38d6f56e0e409544cdbf997|15bdbb48d053026499de3bcfe75d7eca11b342cbb38d6f56e0e409544cdbf997|be5d6a272ee6cd4982e2519033875466db22230b
lib/geom/raid/graid.8|man8/graid.8|5f8b31f4d645fcf73df8b2cfa17045418dedae8c26c65d875fa97ee586de4b97|5f8b31f4d645fcf73df8b2cfa17045418dedae8c26c65d875fa97ee586de4b97|fa38579f317d5c2ff2926fab9b12ee6d429bd155
lib/geom/raid3/graid3.8|man8/graid3.8|8da5e22e4e92fab50529142d5aced459aff9199221c882be9e929bed95ab481e|8da5e22e4e92fab50529142d5aced459aff9199221c882be9e929bed95ab481e|27bd6c32bbb49a592a0dfbec5f211a7c2fed31d6
lib/geom/shsec/gshsec.8|man8/gshsec.8|1565878ec49ff2c01df74d5aa16ef20ed23f22124e3f60e18a6f67d782bfde60|1565878ec49ff2c01df74d5aa16ef20ed23f22124e3f60e18a6f67d782bfde60|6d6132d8ca280649b6471f7c1045752828e3ebe5
lib/geom/stripe/gstripe.8|man8/gstripe.8|4a86102d4f26d339e4830f1de47ad7604098cca846f2c530d0a3a7c4a80cfa23|4a86102d4f26d339e4830f1de47ad7604098cca846f2c530d0a3a7c4a80cfa23|27bd6c32bbb49a592a0dfbec5f211a7c2fed31d6
lib/geom/union/gunion.8|man8/gunion.8|ae50e2f8187ff24ae42553155b8195ebbee9af98ee6a08b64320d2d5818afd0f|ae50e2f8187ff24ae42553155b8195ebbee9af98ee6a08b64320d2d5818afd0f|fa9896e082a1046ff4fbc75fcba4d18d1f2efc19
lib/geom/virstor/gvirstor.8|man8/gvirstor.8|ad9d948cadc770f053ab1f75849b93e36f207bb0340eacabdae2c104588c382d|ad9d948cadc770f053ab1f75849b93e36f207bb0340eacabdae2c104588c382d|fa9896e082a1046ff4fbc75fcba4d18d1f2efc19
lib/libpam/modules/pam_chroot/pam_chroot.8|man8/pam_chroot.8|fdbed8ab6c8c469822e19566f54e147dd1c0e63461f4ab0206c662f83910e4fe|fdbed8ab6c8c469822e19566f54e147dd1c0e63461f4ab0206c662f83910e4fe|6e1fc0118033f42b7c0d3623c8f67a89ebecabb2
lib/libpam/modules/pam_deny/pam_deny.8|man8/pam_deny.8|2ed7e670987b0fbd3a59102380d2247e8284c44a961e61a79c2df3bba3290c48|2ed7e670987b0fbd3a59102380d2247e8284c44a961e61a79c2df3bba3290c48|6e1fc0118033f42b7c0d3623c8f67a89ebecabb2
lib/libpam/modules/pam_echo/pam_echo.8|man8/pam_echo.8|7ea3efe33aaaba19890e59c7ebb151f06ed0c5773ada2c6d0727e76da616d0be|7ea3efe33aaaba19890e59c7ebb151f06ed0c5773ada2c6d0727e76da616d0be|6e1fc0118033f42b7c0d3623c8f67a89ebecabb2
lib/libpam/modules/pam_exec/pam_exec.8|man8/pam_exec.8|b5c6b94d0097012802a7eb327357dab7ced03b167c8e3bd741b71041ae31daf7|b5c6b94d0097012802a7eb327357dab7ced03b167c8e3bd741b71041ae31daf7|6e1fc0118033f42b7c0d3623c8f67a89ebecabb2
lib/libpam/modules/pam_ftpusers/pam_ftpusers.8|man8/pam_ftpusers.8|8a9eacb7e1f11c0afa4bdf9554a230bec7549a64c3db9283ba4990db928ff073|8a9eacb7e1f11c0afa4bdf9554a230bec7549a64c3db9283ba4990db928ff073|6e1fc0118033f42b7c0d3623c8f67a89ebecabb2
lib/libpam/modules/pam_group/pam_group.8|man8/pam_group.8|d1d9616489ce14fba87d6cddefb114236af88cbd74b43f5eb4015ca4069b846f|d1d9616489ce14fba87d6cddefb114236af88cbd74b43f5eb4015ca4069b846f|6e1fc0118033f42b7c0d3623c8f67a89ebecabb2
lib/libpam/modules/pam_guest/pam_guest.8|man8/pam_guest.8|58d2768c100f1637bc33f35619cd6e5459c9ad1d600984b35ae5cd614e0257c6|58d2768c100f1637bc33f35619cd6e5459c9ad1d600984b35ae5cd614e0257c6|6e1fc0118033f42b7c0d3623c8f67a89ebecabb2
lib/libpam/modules/pam_krb5/pam-krb5.8|man8/pam-krb5.8|96b05349162a98dd126ea500267ffb54c24ea9679cad6e2eacd6f2735b0ca2ec|96b05349162a98dd126ea500267ffb54c24ea9679cad6e2eacd6f2735b0ca2ec|4166181675d79c0157ea9bd4fcaa0b5c0319d0f1
lib/libpam/modules/pam_krb5/pam_krb5.8|man8/pam_krb5.8|8f5ef7119a29c740aaceb72d1ab4b8fee51d8d416b2c4d2e8502070b1923b106|8f5ef7119a29c740aaceb72d1ab4b8fee51d8d416b2c4d2e8502070b1923b106|6e1fc0118033f42b7c0d3623c8f67a89ebecabb2
lib/libpam/modules/pam_ksu/pam_ksu.8|man8/pam_ksu.8|29a63f25df7ccfc144061d4e7dd9e3f294fb4620ec7673ba2cd99d2f7eeca826|29a63f25df7ccfc144061d4e7dd9e3f294fb4620ec7673ba2cd99d2f7eeca826|6e1fc0118033f42b7c0d3623c8f67a89ebecabb2
lib/libpam/modules/pam_lastlog/pam_lastlog.8|man8/pam_lastlog.8|a389714e523bcf8acc4f543c734ab7104d916b675780072c463cf0689826c9d5|a389714e523bcf8acc4f543c734ab7104d916b675780072c463cf0689826c9d5|6e1fc0118033f42b7c0d3623c8f67a89ebecabb2
lib/libpam/modules/pam_login_access/pam_login_access.8|man8/pam_login_access.8|e7dd87da1df1c0623ea8b7f241f6d080869eaf0fbd2719351db1571c97783cf1|e7dd87da1df1c0623ea8b7f241f6d080869eaf0fbd2719351db1571c97783cf1|fa9896e082a1046ff4fbc75fcba4d18d1f2efc19
lib/libpam/modules/pam_nologin/pam_nologin.8|man8/pam_nologin.8|64b4170a204ad16dd6060428b58d4037977c5bb9c3024321c7a38087c6feee8b|64b4170a204ad16dd6060428b58d4037977c5bb9c3024321c7a38087c6feee8b|6e1fc0118033f42b7c0d3623c8f67a89ebecabb2
lib/libpam/modules/pam_passwdqc/pam_passwdqc.8|man8/pam_passwdqc.8|e79377252871f67420135bfcebb104516603fc9f66ad20043d054411fa359851|e79377252871f67420135bfcebb104516603fc9f66ad20043d054411fa359851|6e1fc0118033f42b7c0d3623c8f67a89ebecabb2
lib/libpam/modules/pam_permit/pam_permit.8|man8/pam_permit.8|a31f66d529a7131219c8c74d9f614140c0a6b46a0286b47393ef772cb6ac20c7|a31f66d529a7131219c8c74d9f614140c0a6b46a0286b47393ef772cb6ac20c7|6e1fc0118033f42b7c0d3623c8f67a89ebecabb2
lib/libpam/modules/pam_radius/pam_radius.8|man8/pam_radius.8|2cbff43bb4980daef61e9cb7754fe0bd25205d67452bc85c187991d673de5cb1|2cbff43bb4980daef61e9cb7754fe0bd25205d67452bc85c187991d673de5cb1|6e1fc0118033f42b7c0d3623c8f67a89ebecabb2
lib/libpam/modules/pam_rhosts/pam_rhosts.8|man8/pam_rhosts.8|59a100bb57022aee741f5cb22180dc718a591b581a4e6b42457c5bc4125aebfc|59a100bb57022aee741f5cb22180dc718a591b581a4e6b42457c5bc4125aebfc|6e1fc0118033f42b7c0d3623c8f67a89ebecabb2
lib/libpam/modules/pam_rootok/pam_rootok.8|man8/pam_rootok.8|882fd97b585029432056c19573119e357f267730af6cd6f0e3a9f9b882b56cc5|882fd97b585029432056c19573119e357f267730af6cd6f0e3a9f9b882b56cc5|6e1fc0118033f42b7c0d3623c8f67a89ebecabb2
lib/libpam/modules/pam_securetty/pam_securetty.8|man8/pam_securetty.8|ad6110fa926bdba3aee5d615dcd5eb9c5b8790e3713e3e7928e98c46823ff131|ad6110fa926bdba3aee5d615dcd5eb9c5b8790e3713e3e7928e98c46823ff131|6e1fc0118033f42b7c0d3623c8f67a89ebecabb2
lib/libpam/modules/pam_self/pam_self.8|man8/pam_self.8|41a673e3bcc90ed37665e9f0f4722d1573464a35e16765bdf3da0ddb2b02bbe0|41a673e3bcc90ed37665e9f0f4722d1573464a35e16765bdf3da0ddb2b02bbe0|6e1fc0118033f42b7c0d3623c8f67a89ebecabb2
lib/libpam/modules/pam_ssh/pam_ssh.8|man8/pam_ssh.8|0bc1fdf3754f827deb985a61e85322b1eb94b662d9eff9ba509f98c1b22fd85b|0bc1fdf3754f827deb985a61e85322b1eb94b662d9eff9ba509f98c1b22fd85b|6e1fc0118033f42b7c0d3623c8f67a89ebecabb2
lib/libpam/modules/pam_tacplus/pam_tacplus.8|man8/pam_tacplus.8|199ae05da8e1f635e564a558a012189b7a747673f95e72bdcae50a265de6f5be|199ae05da8e1f635e564a558a012189b7a747673f95e72bdcae50a265de6f5be|fa9896e082a1046ff4fbc75fcba4d18d1f2efc19
lib/libpam/modules/pam_unix/pam_unix.8|man8/pam_unix.8|a9d4bd09d705d437153828a67f85fbe4c2f762bc9d6957d461216bd8350c8cc3|a9d4bd09d705d437153828a67f85fbe4c2f762bc9d6957d461216bd8350c8cc3|6e1fc0118033f42b7c0d3623c8f67a89ebecabb2
lib/libpam/modules/pam_xdg/pam_xdg.8|man8/pam_xdg.8|091f9e31bf381aafb085fb7eeb295c215072836e727bd69c4e5d05db30eb3317|091f9e31bf381aafb085fb7eeb295c215072836e727bd69c4e5d05db30eb3317|616bb0b230835e8b88d032e2026854ad031afea2
lib/nss_tacplus/nss_tacplus.8|man8/nss_tacplus.8|fa675874a086aee7163a7aaaed922c45e511c96601828b68a0ee304828455df8|fa675874a086aee7163a7aaaed922c45e511c96601828b68a0ee304828455df8|246aec9a3ce305272f35e6416910024f602a03c1
libexec/bootpd/bootpd.8|man8/bootpd.8|72986a1b5e488968ee90b01ac452738b1fb4751e2b40bc904d2f9f4a7a6fd58f|72986a1b5e488968ee90b01ac452738b1fb4751e2b40bc904d2f9f4a7a6fd58f|fa9896e082a1046ff4fbc75fcba4d18d1f2efc19
libexec/bootpd/tools/bootpef/bootpef.8|man8/bootpef.8|af0c2e1b6f449fbfa48ccf1054b5854faf718d35c2584a3d55852492fb313f81|af0c2e1b6f449fbfa48ccf1054b5854faf718d35c2584a3d55852492fb313f81|b2c76c41be32f904179efed29c0ca04d53f3996c
libexec/bootpd/tools/bootptest/bootptest.8|man8/bootptest.8|c4f952c739257f1913acfac2990c3461380c539db924ee322b024e542b3e67eb|c4f952c739257f1913acfac2990c3461380c539db924ee322b024e542b3e67eb|b2c76c41be32f904179efed29c0ca04d53f3996c
libexec/comsat/comsat.8|man8/comsat.8|6c390013d58ab07c8bb2d1e3915cf5143bf172bf85f60c73f7996db133cb39d9|6c390013d58ab07c8bb2d1e3915cf5143bf172bf85f60c73f7996db133cb39d9|43581d7b6617959e4452094d9330ef020034a6c9
libexec/fingerd/fingerd.8|man8/fingerd.8|7bb58f77b9862c4a08892c6d1e0a029497c251cfc1226adddc4a9d98b4ec7169|7bb58f77b9862c4a08892c6d1e0a029497c251cfc1226adddc4a9d98b4ec7169|43581d7b6617959e4452094d9330ef020034a6c9
libexec/flua/flua.1|man1/flua.1|d8e9c5c46a093fa994e9cc4f2b71eb72237924e519539726ee9baca30e28a73a|d8e9c5c46a093fa994e9cc4f2b71eb72237924e519539726ee9baca30e28a73a|cbe50f7c20cf0ca484d29cf345864a18c29850e7
libexec/getty/getty.8|man8/getty.8|872bb6ee580e68a66ccafca13d54bdb96f590d5eb3c9d7c6f66e1d9eb3c40cdf|872bb6ee580e68a66ccafca13d54bdb96f590d5eb3c9d7c6f66e1d9eb3c40cdf|43581d7b6617959e4452094d9330ef020034a6c9
libexec/makewhatis.local/makewhatis.local.8|man8/makewhatis.local.8|cd09044d62cc89681b5fa37946605829ae599352b7c2a51d391b7cc5373db749|cd09044d62cc89681b5fa37946605829ae599352b7c2a51d391b7cc5373db749|fa9896e082a1046ff4fbc75fcba4d18d1f2efc19
libexec/mknetid/mknetid.8|man8/mknetid.8|0bd08d9d62ba69b29591898869f06f33c1c6914f0869cbe88051e5d26646ff7f|0bd08d9d62ba69b29591898869f06f33c1c6914f0869cbe88051e5d26646ff7f|fa9896e082a1046ff4fbc75fcba4d18d1f2efc19
libexec/phttpget/phttpget.8|man8/phttpget.8|562e4cd944a2a8db7b504fed09bb3cc29b51f787c342ae4cef4cf4bbd55ea524|562e4cd944a2a8db7b504fed09bb3cc29b51f787c342ae4cef4cf4bbd55ea524|9b30b96c1fa4ee0dfc540878fbb3247bf92d19eb
libexec/pppoed/pppoed.8|man8/pppoed.8|0e249d8cecfb3526352f7564d3ad534f32dc59cc0942c0201418a046691b2c1b|0e249d8cecfb3526352f7564d3ad534f32dc59cc0942c0201418a046691b2c1b|fa9896e082a1046ff4fbc75fcba4d18d1f2efc19
libexec/rbootd/rbootd.8|man8/rbootd.8|34bae35f0d82bab8e432e9239fb8e2691486317a7963cce2d62685b75211d61f|34bae35f0d82bab8e432e9239fb8e2691486317a7963cce2d62685b75211d61f|43581d7b6617959e4452094d9330ef020034a6c9
libexec/revnetgroup/revnetgroup.8|man8/revnetgroup.8|d0647ad0e7476b3bb40f82c5456d5e8aa18285cadb6a756b63706a061b852a7d|d0647ad0e7476b3bb40f82c5456d5e8aa18285cadb6a756b63706a061b852a7d|fa9896e082a1046ff4fbc75fcba4d18d1f2efc19
libexec/rpc.rquotad/rpc.rquotad.8|man8/rpc.rquotad.8|190617a7f1f624a58b16b7cb877441bd997dc5e482869c48bdda854bace22373|190617a7f1f624a58b16b7cb877441bd997dc5e482869c48bdda854bace22373|fa9896e082a1046ff4fbc75fcba4d18d1f2efc19
libexec/rpc.rstatd/rpc.rstatd.8|man8/rpc.rstatd.8|98f4bd873f3eb16c597b5d76ba62bb12dab90d37e4e68caad183f72cc45b86ae|98f4bd873f3eb16c597b5d76ba62bb12dab90d37e4e68caad183f72cc45b86ae|fa9896e082a1046ff4fbc75fcba4d18d1f2efc19
libexec/rpc.rusersd/rpc.rusersd.8|man8/rpc.rusersd.8|6cc5f53de4d46c3067b3f6dece6b0b584cad1c346d81d0a2ad0a744d322048c2|6cc5f53de4d46c3067b3f6dece6b0b584cad1c346d81d0a2ad0a744d322048c2|fa9896e082a1046ff4fbc75fcba4d18d1f2efc19
libexec/rpc.rwalld/rpc.rwalld.8|man8/rpc.rwalld.8|413d15e2f7063cb06e14f1a3ec88b0737dbcb7c10de45e7000cc3780b05af340|413d15e2f7063cb06e14f1a3ec88b0737dbcb7c10de45e7000cc3780b05af340|fa9896e082a1046ff4fbc75fcba4d18d1f2efc19
libexec/rpc.sprayd/rpc.sprayd.8|man8/rpc.sprayd.8|5b02e5ba28ea26824f54f77f8bc60aa66f1d7e3483622e36b27eeecd0922251f|5b02e5ba28ea26824f54f77f8bc60aa66f1d7e3483622e36b27eeecd0922251f|fa9896e082a1046ff4fbc75fcba4d18d1f2efc19
libexec/rtld-elf/rtld.1|man1/rtld.1|6456d3b739e66baef2033577e40e6c920d29db2076fea64da4e1eb5412aecbdf|7ae4f00e138fb62f277941e044e5a8a1ef07c54a61da311999c5aec263837182|16d000bdac54d7153f33a0d050bcc4307b702751
libexec/save-entropy/save-entropy.8|man8/save-entropy.8|f0eb5ecad1645fbce3d27e39d150e60ab4388bad28488f3dfaff19943f9d4ffb|f0eb5ecad1645fbce3d27e39d150e60ab4388bad28488f3dfaff19943f9d4ffb|8dc9b10e388da19d63b3dd718a8243e8e969091d
libexec/talkd/talkd.8|man8/talkd.8|97c170902b9f460faf60830920c41e223adc82fbf37cf7a872b0b4fb08960f0e|97c170902b9f460faf60830920c41e223adc82fbf37cf7a872b0b4fb08960f0e|43581d7b6617959e4452094d9330ef020034a6c9
libexec/tftpd/tftpd.8|man8/tftpd.8|daa0feccef0bcdbe21d8daa78f52668f63a81db09c1b4184b0ef8eaa76516662|daa0feccef0bcdbe21d8daa78f52668f63a81db09c1b4184b0ef8eaa76516662|79c342aaf86feb4efbd15383f54e4fe7bdc9da7b
libexec/ypxfr/ypxfr.8|man8/ypxfr.8|6f7951261961f6d093ee09ed001770f0a2065f7ebe46aafbef234beedc618990|6f7951261961f6d093ee09ed001770f0a2065f7ebe46aafbef234beedc618990|fa9896e082a1046ff4fbc75fcba4d18d1f2efc19
sbin/adjkerntz/adjkerntz.8|man8/adjkerntz.8|51b026e63e9cfa1bd28fdd258b7761fec3872069332bf446e9812d59b3110c70|51b026e63e9cfa1bd28fdd258b7761fec3872069332bf446e9812d59b3110c70|ad57cea9e633cac5ef3f17ce0a82160bc32d7f63
sbin/bectl/bectl.8|man8/bectl.8|7a4d6b45949d3b0be180e4561b6f52faabd2c7a501d012be622c7a59d689af4a|7a4d6b45949d3b0be180e4561b6f52faabd2c7a501d012be622c7a59d689af4a|3c242182fb4b07cf0a7fb3f3b80b39c879c7b617
sbin/bsdlabel/bsdlabel.8|man8/bsdlabel.8|e80f5db1029c9c609c764ddc73a9417621638b0a08ce448dab913b3f8baea951|e80f5db1029c9c609c764ddc73a9417621638b0a08ce448dab913b3f8baea951|be24d85ec78453b80effeb61dc8e5910a1caa3a8
sbin/camcontrol/camcontrol.8|man8/camcontrol.8|d8f22f4cff03db4dc20a5e24b10df07456a2a1d918c834cab150c794bd7717b7|d8f22f4cff03db4dc20a5e24b10df07456a2a1d918c834cab150c794bd7717b7|baef11e8e9b327dbe634edc01fef332a59ba9790
sbin/ccdconfig/ccdconfig.8|man8/ccdconfig.8|5ffd389ed14d77a18112e02930714872f232e638299bcb6ad15f20d2f8035d00|5ffd389ed14d77a18112e02930714872f232e638299bcb6ad15f20d2f8035d00|8432ddac21b3da5fa45b4f934e90e80deaa9cabf
sbin/clri/clri.8|man8/clri.8|440fd749ae1a60acef06342e0c3c8cca2140d0bdd2fa4d96a01bf1bf8d0af687|440fd749ae1a60acef06342e0c3c8cca2140d0bdd2fa4d96a01bf1bf8d0af687|51e16cb8fc536913f490ac6bc9c17e92ebd0411b
sbin/comcontrol/comcontrol.8|man8/comcontrol.8|805dd37d7183a081c187eab25eee955a3f3b0e370b763fbf042302f1d8135a83|805dd37d7183a081c187eab25eee955a3f3b0e370b763fbf042302f1d8135a83|4b4cf0d52c43e33c32983df60a8ea16b3d9e2f20
sbin/conscontrol/conscontrol.8|man8/conscontrol.8|6d7fc9c6efd1c650e327570d5b82c7a3915855ec1fb88cae49ff711095887de2|6d7fc9c6efd1c650e327570d5b82c7a3915855ec1fb88cae49ff711095887de2|de3fa71eccfacc23f75dd080d209d907e66d64eb
sbin/ddb/ddb.8|man8/ddb.8|98bbd44b40bedb8cfeee64e93ae1067b21912e7c9857707d45a9accc3735a2ff|98bbd44b40bedb8cfeee64e93ae1067b21912e7c9857707d45a9accc3735a2ff|fa9896e082a1046ff4fbc75fcba4d18d1f2efc19
sbin/decryptcore/decryptcore.8|man8/decryptcore.8|2d1c1c5e2d8472c13ed0fd6fbbed286748588681383c58aa8610dadddcc400a0|2d1c1c5e2d8472c13ed0fd6fbbed286748588681383c58aa8610dadddcc400a0|fa9896e082a1046ff4fbc75fcba4d18d1f2efc19
sbin/devd/devd.8|man8/devd.8|e61630e38321cc470b55a3fd543179d4091c54d6e924b472ca13b8594c35ac5b|e61630e38321cc470b55a3fd543179d4091c54d6e924b472ca13b8594c35ac5b|38a5520692d8202087ae04d1e1ba3dae42b994fa
sbin/devfs/devfs.8|man8/devfs.8|6cdf2ba99f4bd6a00d0d7e8bc4772340c56a24b2d8857456a75ee1dd81c55410|6cdf2ba99f4bd6a00d0d7e8bc4772340c56a24b2d8857456a75ee1dd81c55410|1a720cbec513210fa2e85c3882741ef2f6dc5f35
sbin/devmatch/devmatch.8|man8/devmatch.8|9918ad1d63dbff29be3a921ed1205d7d45a0f75d05b271054e54e76c73edcee3|9918ad1d63dbff29be3a921ed1205d7d45a0f75d05b271054e54e76c73edcee3|7a71b350237e0b1804abc160b804a204dc409cf2
sbin/dhclient/dhclient-script.8|man8/dhclient-script.8|171597fc8c87595c3bb0198b0de5cd39abecee4b8bbe0530c7aa7a4eaddca818|171597fc8c87595c3bb0198b0de5cd39abecee4b8bbe0530c7aa7a4eaddca818|fa9896e082a1046ff4fbc75fcba4d18d1f2efc19
sbin/dhclient/dhclient.8|man8/dhclient.8|268a2bfe2abbe81b5c50d5fca96f77088582213d7e9cdca81f903900b3616428|268a2bfe2abbe81b5c50d5fca96f77088582213d7e9cdca81f903900b3616428|84fce4b67adc1ed1882d9371eb5d92dbbc79766d
sbin/dmesg/dmesg.8|man8/dmesg.8|1bf5d64241bbffba1b958ab24de10dead8676d878bd6c19227f37fe843274d64|1bf5d64241bbffba1b958ab24de10dead8676d878bd6c19227f37fe843274d64|07b00bed83121043ffc88889edc15aad183227ba
sbin/dump/dump.8|man8/dump.8|8b945017441c78ea6b737a91b02b5b6602fb6700f62fbb12a31a4c567420dad4|8b945017441c78ea6b737a91b02b5b6602fb6700f62fbb12a31a4c567420dad4|51e16cb8fc536913f490ac6bc9c17e92ebd0411b
sbin/dumpfs/dumpfs.8|man8/dumpfs.8|55c92180c9a774420fb101cdc8e573d386c3b6fa2a663fce74f918281859d101|55c92180c9a774420fb101cdc8e573d386c3b6fa2a663fce74f918281859d101|51e16cb8fc536913f490ac6bc9c17e92ebd0411b
sbin/dumpon/dumpon.8|man8/dumpon.8|c641de735353628e766457676e8f2909431bdec5e37416b76a482d95b6fe238f|c641de735353628e766457676e8f2909431bdec5e37416b76a482d95b6fe238f|2608020ac8c3fe583eeaa782e99061ef54b80a0c
sbin/etherswitchcfg/etherswitchcfg.8|man8/etherswitchcfg.8|a6d73a54d0a327393cae8eed4436a13d6b09ff100ae0f589450a2ee9e0b38c01|a6d73a54d0a327393cae8eed4436a13d6b09ff100ae0f589450a2ee9e0b38c01|fa9896e082a1046ff4fbc75fcba4d18d1f2efc19
sbin/fdisk/fdisk.8|man8/fdisk.8|7b85a25c52dccbd03aebe7634623a89d752f1afee537e375148f5fcff1d26554|7b85a25c52dccbd03aebe7634623a89d752f1afee537e375148f5fcff1d26554|2be4c64a0d27a9136cc05c9bdf7a45162339aa69
sbin/ffsinfo/ffsinfo.8|man8/ffsinfo.8|0730ce4ba14e78c964a7f672f4231ec298ccfa38fcb49b27d83601c8d17c6ac1|0730ce4ba14e78c964a7f672f4231ec298ccfa38fcb49b27d83601c8d17c6ac1|27bd6c32bbb49a592a0dfbec5f211a7c2fed31d6
sbin/fsck/fsck.8|man8/fsck.8|0f5ac6ffa47a746bab421225143d91827768f730448ab0971cf6b5129761a9f2|0f5ac6ffa47a746bab421225143d91827768f730448ab0971cf6b5129761a9f2|fa9896e082a1046ff4fbc75fcba4d18d1f2efc19
sbin/fsck_ffs/fsck_ffs.8|man8/fsck_ffs.8|25f037eb7b4c15afd7f31714ecd8e33eb3c3b18dac8ee3a947c503ce19e4df41|25f037eb7b4c15afd7f31714ecd8e33eb3c3b18dac8ee3a947c503ce19e4df41|1a720cbec513210fa2e85c3882741ef2f6dc5f35
sbin/fsck_msdosfs/fsck_msdosfs.8|man8/fsck_msdosfs.8|30abdd8632ac86ea572ca8fe501de2f87cebecfb3dcbaa633f4cb88fc1c53446|30abdd8632ac86ea572ca8fe501de2f87cebecfb3dcbaa633f4cb88fc1c53446|93f4377caba08e4a47fb9f1878bf609bd4181564
sbin/fsdb/fsdb.8|man8/fsdb.8|21ecd76b7e76eb753618247ab3037a130166242a499f9248761ef7eb32526d0f|21ecd76b7e76eb753618247ab3037a130166242a499f9248761ef7eb32526d0f|fa9896e082a1046ff4fbc75fcba4d18d1f2efc19
sbin/fsirand/fsirand.8|man8/fsirand.8|a31a77f45b74a550d6535572b03da16fa41e1cf9893b7cde89e37a3148a9179a|a31a77f45b74a550d6535572b03da16fa41e1cf9893b7cde89e37a3148a9179a|b2c76c41be32f904179efed29c0ca04d53f3996c
sbin/geom/core/geom.8|man8/geom.8|b8d1ef582a2b9d50c39814735ae9c95a7e38fb9cd2246ca253be1cb1a9698287|b8d1ef582a2b9d50c39814735ae9c95a7e38fb9cd2246ca253be1cb1a9698287|33326a7b91490fd0c826ac4928f6b2b8fc278374
sbin/ggate/ggatec/ggatec.8|man8/ggatec.8|af1c014b6be042796e481d5f409150f1e1843f32108f27349e4028426bb755c1|af1c014b6be042796e481d5f409150f1e1843f32108f27349e4028426bb755c1|7ac7604b9141005cc0663a5d021bceaf7746e940
sbin/ggate/ggated/ggated.8|man8/ggated.8|ab274ce252e7f8116346e24a22cadeafc1c49498b43ab435a364f304dd14bc7b|ab274ce252e7f8116346e24a22cadeafc1c49498b43ab435a364f304dd14bc7b|3a27e586a109466ed29d2d4b57379f54f4c39f62
sbin/ggate/ggatel/ggatel.8|man8/ggatel.8|0cf99e36ef99a26f297e06747294c7d40f590651864624ca22dc4630d56c0cdf|0cf99e36ef99a26f297e06747294c7d40f590651864624ca22dc4630d56c0cdf|4f2ef756a404df70272b79c16fa7b1689cb0118b
sbin/growfs/growfs.8|man8/growfs.8|d5815e7b16fca6459e8205a2ca0600afbeec0963760e31d25194fa4961f8430e|d5815e7b16fca6459e8205a2ca0600afbeec0963760e31d25194fa4961f8430e|27bd6c32bbb49a592a0dfbec5f211a7c2fed31d6
sbin/hastctl/hastctl.8|man8/hastctl.8|8a12442fdf6a796c7d7c6366bd08afa907cc7ba03601a5298a552b67e12a075f|8a12442fdf6a796c7d7c6366bd08afa907cc7ba03601a5298a552b67e12a075f|5c2bc3db201a4fe8d7911cf816bea104d5dc2138
sbin/hastd/hastd.8|man8/hastd.8|4360e98117bc7b43170083805c144a3b50a97e79d860ff0607b61db2022d1a50|4360e98117bc7b43170083805c144a3b50a97e79d860ff0607b61db2022d1a50|5c2bc3db201a4fe8d7911cf816bea104d5dc2138
sbin/ifconfig/ifconfig.8|man8/ifconfig.8|1f45653418e48992232526b0a5af7fb7792b419f70612202b8d960d298e61fa5|1f45653418e48992232526b0a5af7fb7792b419f70612202b8d960d298e61fa5|c20f5fd443228743fed3b071ee30216145940178
sbin/init/init.8|man8/init.8|cdd2a00214f60e9a9f47f9aace0fe8a982b61f87d574038fa0256bc8c1a1b438|cdd2a00214f60e9a9f47f9aace0fe8a982b61f87d574038fa0256bc8c1a1b438|bc3e0c6afdb9adbe49f2efe8739580782bf6244b
sbin/ipf/ipf/ipf.8|man8/ipf.8|819e36679ddcf3d926ad0040e7b845403af4132c4b411c632d245a54e126271b|819e36679ddcf3d926ad0040e7b845403af4132c4b411c632d245a54e126271b|e413da1358194fe2e3c75a914b9192ffbc67dfdd
sbin/ipf/ipfs/ipfs.8|man8/ipfs.8|f32516495e025818f80bac211003496f77e7985271e49026d534006838485e6a|f32516495e025818f80bac211003496f77e7985271e49026d534006838485e6a|e413da1358194fe2e3c75a914b9192ffbc67dfdd
sbin/ipf/ipfstat/ipfstat.8|man8/ipfstat.8|378e5dba2863c0a3a8a214bd7a47925026121167ff9401584beb58e8e5e7dd39|378e5dba2863c0a3a8a214bd7a47925026121167ff9401584beb58e8e5e7dd39|b2c76c41be32f904179efed29c0ca04d53f3996c
sbin/ipf/ipftest/ipftest.1|man1/ipftest.1|433af5567d0a41ba8084021f6f78af904fffd5a7b16869c841bbe46b3fe53d8a|c0313faab0b54b5a4668cd23e91a677aa227470b02b24301c842f1c66921b7a6|347dd0539f3a75fdf2128dd4620ca99e96f311e9
sbin/ipf/ipmon/ipmon.8|man8/ipmon.8|7bda79e9616895c75dca5b3f3f2ae1d2238cd4ba668c8a20ff743e141cee13f8|7bda79e9616895c75dca5b3f3f2ae1d2238cd4ba668c8a20ff743e141cee13f8|e413da1358194fe2e3c75a914b9192ffbc67dfdd
sbin/ipf/ipnat/ipnat.1|man1/ipnat.1|ed500f5903afafb845aa02d648f9e6ee8386bf3a602c8367c25bd1580165ca55|2c0c464e76cfd5a5fa79099ee146c8b54c216fc1d91a87be75f0ec9496336428|e413da1358194fe2e3c75a914b9192ffbc67dfdd
sbin/ipf/ipnat/ipnat.8|man8/ipnat.8|12b2a4bac9b7cc5713bfe3032939da00863f4358d4c4632c6043d89be4b1fdf1|12b2a4bac9b7cc5713bfe3032939da00863f4358d4c4632c6043d89be4b1fdf1|e413da1358194fe2e3c75a914b9192ffbc67dfdd
sbin/ipf/ippool/ippool.8|man8/ippool.8|84e7a5b35127470581225a17fe34432c0d3bcf3f243e500a5a8208db562b694e|84e7a5b35127470581225a17fe34432c0d3bcf3f243e500a5a8208db562b694e|de70e79d076715b6ff4c03c732809f9847d436b4
sbin/ipf/ipscan/ipscan.8|man8/ipscan.8|a0facef1301811cbfa4311e684be1f6828005b58e9b33929ee016bd25c69ed0d|a0facef1301811cbfa4311e684be1f6828005b58e9b33929ee016bd25c69ed0d|e413da1358194fe2e3c75a914b9192ffbc67dfdd
sbin/ipf/ipsend/ipresend.1|man1/ipresend.1|c4a7c01b63580016ee5389d0550ac0cafe77d74a910df5b7b082a604c1a6770d|b11d9b9e43cc989e4b5b917d2daa1f12000150a2e7a9d02fd833e2f34412b105|e413da1358194fe2e3c75a914b9192ffbc67dfdd
sbin/ipf/ipsend/ipsend.1|man1/ipsend.1|b622b32a4f9715a7e01765d4c5ec595e0a4a2b7a4274c4b58f26dc56a2599cdd|4899a9d58b28f8420123ea040da224f12ab647bca7c9122e2c4d895be388eb09|31034044ff27443489cb416ca520c07421712f69
sbin/ipf/ipsend/iptest.1|man1/iptest.1|b7b5ddd7d45af89987f89088f6444baf6e5cea10e15500baf211f74ee65b009e|9f974eac6b77ac40198952db0ec0941cd4808cde80cf59a14f158f0f0f0e1784|e413da1358194fe2e3c75a914b9192ffbc67dfdd
sbin/ipfw/ipfw.8|man8/ipfw.8|8a0f3b74e8c99d8121cb5a0690a951da2dc9e6117999e2ce43f396450cf808b2|8a0f3b74e8c99d8121cb5a0690a951da2dc9e6117999e2ce43f396450cf808b2|c5cc084a34a3fc37aab5822f0de601a7e84fd4fa
sbin/kldconfig/kldconfig.8|man8/kldconfig.8|ff6631d7bfd66ba81069a75c618c0a224fc0cc14f0ecd0052bc376480ac897fa|ff6631d7bfd66ba81069a75c618c0a224fc0cc14f0ecd0052bc376480ac897fa|fa9896e082a1046ff4fbc75fcba4d18d1f2efc19
sbin/kldload/kldload.8|man8/kldload.8|8a7e8ff42813dc4fc5bc0502d73838e23975eb2633cf09a5ef130ec2b5f3ed35|8a7e8ff42813dc4fc5bc0502d73838e23975eb2633cf09a5ef130ec2b5f3ed35|64db9a0f82863d212ac0bcd49bc0254ccb9dd1ac
sbin/kldstat/kldstat.8|man8/kldstat.8|12531d1b7571e7f14a9af7c673a070121228153aaa7d71f772ebb7b996273f72|12531d1b7571e7f14a9af7c673a070121228153aaa7d71f772ebb7b996273f72|8d5d97372361aadb3d6cdfc5f5d1f8edcaa825aa
sbin/kldunload/kldunload.8|man8/kldunload.8|4a2d5497e7ff81ab6bc9f2e07d20164d294f048d1635af8b2bd693e7d08fbc16|4a2d5497e7ff81ab6bc9f2e07d20164d294f048d1635af8b2bd693e7d08fbc16|fa9896e082a1046ff4fbc75fcba4d18d1f2efc19
sbin/ldconfig/ldconfig.8|man8/ldconfig.8|9e117e23a305f892ffe3385544bec5ba400a5f17e6a793829948a846898609dd|9e117e23a305f892ffe3385544bec5ba400a5f17e6a793829948a846898609dd|dab59af3bcc7cb7ba01569d3044894b3e860ad56
sbin/md5/md5.1|man1/md5.1|9b0f58b20150077078ef2656fd1ee8a453bb3bbad630c1194b2a91563f661a87|9e70d75113194d4a723a28315e1a2ef21082439e8963fa4c5a63dc373c14970c|d23df52343be4dc9b73773b7d1324b5b715b42b1
sbin/mdconfig/mdconfig.8|man8/mdconfig.8|342395114a5df0e6f17cfd9ffca9163f5af7f2960a8c92fb4d256337dbb5aca4|342395114a5df0e6f17cfd9ffca9163f5af7f2960a8c92fb4d256337dbb5aca4|e461c7bc7dde5dc84dc9e04cb623c6f567bfe6e5
sbin/mdmfs/mdmfs.8|man8/mdmfs.8|d90c0e40c9580cd6097ea68b50393bd619dd965bbb246671f7468bfdc7f11a56|d90c0e40c9580cd6097ea68b50393bd619dd965bbb246671f7468bfdc7f11a56|1a720cbec513210fa2e85c3882741ef2f6dc5f35
sbin/mknod/mknod.8|man8/mknod.8|a056952291f32b41ff1c79f34df31c0d1daeeb3eee6437ad2344caae0f0f710d|a056952291f32b41ff1c79f34df31c0d1daeeb3eee6437ad2344caae0f0f710d|1a720cbec513210fa2e85c3882741ef2f6dc5f35
sbin/mksnap_ffs/mksnap_ffs.8|man8/mksnap_ffs.8|0d8d6f18098f4e4c65629561a1b2c72ab2d4c098a03842084cd5247ef2400879|0d8d6f18098f4e4c65629561a1b2c72ab2d4c098a03842084cd5247ef2400879|aa1a1e7dc42f954832a63c340de61f771b27278e
sbin/mount/mount.8|man8/mount.8|11a323891bb09e1f68601bf2f367141a109cb8d115b8d7810f32321abbb86236|11a323891bb09e1f68601bf2f367141a109cb8d115b8d7810f32321abbb86236|b5cd337f69bf8033994b5f5736e13bfaab47c028
sbin/mount_cd9660/mount_cd9660.8|man8/mount_cd9660.8|d8a78c91a41f8d7d73f5559e2cd93f78e233c029f7019cd6680b0eae7348416a|d8a78c91a41f8d7d73f5559e2cd93f78e233c029f7019cd6680b0eae7348416a|dde3a7e15be175e8b733cfc42bbb2a2c15810311
sbin/mount_fusefs/mount_fusefs.8|man8/mount_fusefs.8|7db3658f83e58048d6b98b31c5578ee4da04c49248769cb73a4c1ed5db7c05e0|7db3658f83e58048d6b98b31c5578ee4da04c49248769cb73a4c1ed5db7c05e0|fa9896e082a1046ff4fbc75fcba4d18d1f2efc19
sbin/mount_msdosfs/mount_msdosfs.8|man8/mount_msdosfs.8|72cd7a20626cd9c40fd560ca7ce5dbaf835925c70ed4ebfc60c1a67807e7dca4|72cd7a20626cd9c40fd560ca7ce5dbaf835925c70ed4ebfc60c1a67807e7dca4|93f4377caba08e4a47fb9f1878bf609bd4181564
sbin/mount_nfs/mount_nfs.8|man8/mount_nfs.8|14b444976d758b29cb19a076d6ca8b9c31382c2f21b9e6a74e6a93d15c52bd2e|14b444976d758b29cb19a076d6ca8b9c31382c2f21b9e6a74e6a93d15c52bd2e|91a74536a159e49cee76ae4eb3ce05e2ef70c773
sbin/mount_nullfs/mount_nullfs.8|man8/mount_nullfs.8|12a572f6d2645ae23c6df75ad666a9405ca92e06b8b43bb669dfac36f1ad8f63|12a572f6d2645ae23c6df75ad666a9405ca92e06b8b43bb669dfac36f1ad8f63|1853976b752229b0a93b21a6bcc7691d177bceb3
sbin/mount_udf/mount_udf.8|man8/mount_udf.8|4e4672a3685ada5ceed53f29aab65e9f1ea7de08a05f1616bf9071c76d2a18b2|4e4672a3685ada5ceed53f29aab65e9f1ea7de08a05f1616bf9071c76d2a18b2|c19c83b0c76db44c776ada8d16c924fe4c4848c6
sbin/mount_unionfs/mount_unionfs.8|man8/mount_unionfs.8|ea3bf84b799d59b19c8c66a247fe64ae13edc3b1cd3ada909854da0284b73cc5|ea3bf84b799d59b19c8c66a247fe64ae13edc3b1cd3ada909854da0284b73cc5|51e16cb8fc536913f490ac6bc9c17e92ebd0411b
sbin/natd/natd.8|man8/natd.8|e435bded2223c4a1d27934815a0debde5c87b07ab9b7087c94096e29c5ffb2f8|e435bded2223c4a1d27934815a0debde5c87b07ab9b7087c94096e29c5ffb2f8|f51949d1ac664c9e49f798caedac14278627694f
sbin/newfs/newfs.8|man8/newfs.8|474fc039868d14b6fc28e476749cc18a66fca8fa5dd86ffdf46ab0f232517c99|474fc039868d14b6fc28e476749cc18a66fca8fa5dd86ffdf46ab0f232517c99|f758262e66dd14964da327de322286586f9edaf2
sbin/newfs_msdos/newfs_msdos.8|man8/newfs_msdos.8|21b6afb0df4f5af2f7a699083a7de22f1d14e4dee5a358bf4e713e4b095e83e3|21b6afb0df4f5af2f7a699083a7de22f1d14e4dee5a358bf4e713e4b095e83e3|5c13952f167dc80aae3cfe879ca33f76a3da610e
sbin/nfsiod/nfsiod.8|man8/nfsiod.8|fad89e70338fb785576c57faedacedd896a54f55dc2d2ab28f8c517466baa15c|fad89e70338fb785576c57faedacedd896a54f55dc2d2ab28f8c517466baa15c|51e16cb8fc536913f490ac6bc9c17e92ebd0411b
sbin/nos-tun/nos-tun.8|man8/nos-tun.8|40d130515521b89fd40a282850442272f0b9c10e80c8818129eeb3933189ddb6|40d130515521b89fd40a282850442272f0b9c10e80c8818129eeb3933189ddb6|fa9896e082a1046ff4fbc75fcba4d18d1f2efc19
sbin/nvmecontrol/nvmecontrol.8|man8/nvmecontrol.8|63f0fc0b1450e2ad94cefcc57f323d9b1bc1f53b9a7a078265112bc392851f91|63f0fc0b1450e2ad94cefcc57f323d9b1bc1f53b9a7a078265112bc392851f91|6a2f1e3a06bc4e70eb60ac37b77cf6f3c7d9d8a3
sbin/pfctl/pfctl.8|man8/pfctl.8|7839576ae3645bc8ef59ed38a97a203e6208419a4986cfb482e6f48a097964d0|7839576ae3645bc8ef59ed38a97a203e6208419a4986cfb482e6f48a097964d0|9031b83ac1334094c90e1242b478c8ca4a72bc47
sbin/pfilctl/pfilctl.8|man8/pfilctl.8|390698e5672f0f491970e29fd9247882db0df4df9e28c28ce7fdabe33e0df235|390698e5672f0f491970e29fd9247882db0df4df9e28c28ce7fdabe33e0df235|fa9896e082a1046ff4fbc75fcba4d18d1f2efc19
sbin/pflowctl/pflowctl.8|man8/pflowctl.8|a0ece42b9ca28d45ed0d57de47affff3dc58efc2fa25fd44338b5c150fc37fad|a0ece42b9ca28d45ed0d57de47affff3dc58efc2fa25fd44338b5c150fc37fad|d21e322d563e0fd1f92c22205c2ced4bcd22dc23
sbin/ping/ping.8|man8/ping.8|8eb004eb1476b1387e5ced55a7b627f06b25ee25fbdeef34677e9ab9c45c73e5|8eb004eb1476b1387e5ced55a7b627f06b25ee25fbdeef34677e9ab9c45c73e5|2f4d348d950464990fac15958fae317a60b0aef3
sbin/quotacheck/quotacheck.8|man8/quotacheck.8|f518d373923b58e3406593e61aa064e8e65ce3592c7006f3bcf431efca9f3a91|f518d373923b58e3406593e61aa064e8e65ce3592c7006f3bcf431efca9f3a91|51e16cb8fc536913f490ac6bc9c17e92ebd0411b
sbin/rcorder/rcorder.8|man8/rcorder.8|b997b201459153074d55df0ebc8f22f7c1f7c583f02408015a9a3cca4268bf9d|b997b201459153074d55df0ebc8f22f7c1f7c583f02408015a9a3cca4268bf9d|31f6889564a45a6793d0e26f3da3d3009648dd39
sbin/reboot/boot_i386.8|man8/boot_i386.8|6f3a72d1d587de1847240ae1a797d72636098de088f5ef4dd0dcd90594e0aa38|6f3a72d1d587de1847240ae1a797d72636098de088f5ef4dd0dcd90594e0aa38|b8437cbae173308180fbaddc6a74bfb6f8c4410b
sbin/reboot/nextboot.8|man8/nextboot.8|ae1cf9202f1673b140f9d3bfa7ef64e892bc65e637758d32cf59abc68463f4f9|ae1cf9202f1673b140f9d3bfa7ef64e892bc65e637758d32cf59abc68463f4f9|68ed90d5b08995ce28dd44c57b25723f393096c6
sbin/reboot/reboot.8|man8/reboot.8|c405511c2fba2a18f2e922102d51d7fd8e899fa5315e885e829a38469a769b89|c405511c2fba2a18f2e922102d51d7fd8e899fa5315e885e829a38469a769b89|94c1c907f8c78d8c8ad34b6a7d374384f8fb71b6
sbin/recoverdisk/recoverdisk.1|man1/recoverdisk.1|7424f94729f8d6038e94601015f6e85d626b0cadbb09951d898743f938b2cff8|58ceccd79ef9498ad7038030a81b811b4d65ddc0423d477a0952adc2621084c2|e88b7dcac8701b6d925b8c7c66eada5143c37e16
sbin/restore/restore.8|man8/restore.8|6383fff12c3a283ee14041cd12357d29c7661584d5207e8c4a3c8a7732142c3e|6383fff12c3a283ee14041cd12357d29c7661584d5207e8c4a3c8a7732142c3e|51e16cb8fc536913f490ac6bc9c17e92ebd0411b
sbin/route/route.8|man8/route.8|1381d84c40ae855e18827ac26d5d74d0be24182950ad70045c5dcac92474639c|1381d84c40ae855e18827ac26d5d74d0be24182950ad70045c5dcac92474639c|8ce50d778757766d237d31e2d7fcea611fd3e204
sbin/routed/routed.8|man8/routed.8|cdbe311d242a20f2dd2b61302b7208b1493cfb064392ebb78bd27f3a81acdacc|cdbe311d242a20f2dd2b61302b7208b1493cfb064392ebb78bd27f3a81acdacc|4b7cdb5a420f518fbe1968a6916b6d017f54025d
sbin/routed/rtquery/rtquery.8|man8/rtquery.8|1c849eb5295315dfb31fe653a23f15d44d94294fe49bc0420a1f85d2ad49b1ac|1c849eb5295315dfb31fe653a23f15d44d94294fe49bc0420a1f85d2ad49b1ac|4b7cdb5a420f518fbe1968a6916b6d017f54025d
sbin/savecore/savecore.8|man8/savecore.8|0084cf386b136d0b91b0f1399641f522881d6e5e5ac196553de45275103816d9|0084cf386b136d0b91b0f1399641f522881d6e5e5ac196553de45275103816d9|cc61a0793a0e7db8601e5eba1242befb810a5844
sbin/setkey/setkey.8|man8/setkey.8|c51f0059c6f47b864ab63150a1d07212e6941f2e8e99d40817ec0f8e268e13df|c51f0059c6f47b864ab63150a1d07212e6941f2e8e99d40817ec0f8e268e13df|c838c3f2062b88e3608ab56d57498f4e0dc6d0ce
sbin/shutdown/shutdown.8|man8/shutdown.8|25e47ac0bd61e42d3a46fa462ecfb56822bae92872007d3df233d6d5106e3170|25e47ac0bd61e42d3a46fa462ecfb56822bae92872007d3df233d6d5106e3170|c13157b87b00e9a98c02b829c3658e46078db90b
sbin/swapon/swapon.8|man8/swapon.8|d0e514a863dd5cfc475bab05b41e5539e5ee4d7ebddd5522b4b7eee018a8ff21|d0e514a863dd5cfc475bab05b41e5539e5ee4d7ebddd5522b4b7eee018a8ff21|51e16cb8fc536913f490ac6bc9c17e92ebd0411b
sbin/sysctl/sysctl.8|man8/sysctl.8|37e2e5d02a686655bb174fcffd7266a7a69f77d0058aa149fa898e569b3be32b|37e2e5d02a686655bb174fcffd7266a7a69f77d0058aa149fa898e569b3be32b|10edaa6eda89dfcd394f91688e33bbf42d7e4fcc
sbin/tunefs/tunefs.8|man8/tunefs.8|6d60e11ac391e3b1254daf13d4771d445dab24821e462ec2d84c059029bc15c6|6d60e11ac391e3b1254daf13d4771d445dab24821e462ec2d84c059029bc15c6|ae185dc5f409f330806efbf355c57e2e94a15440
sbin/umbctl/umbctl.8|man8/umbctl.8|6ce40371278ce65ef5938c360991ec33b2ab3adbc268a8b938d48d91327828c4|6ce40371278ce65ef5938c360991ec33b2ab3adbc268a8b938d48d91327828c4|0f1bf1c22a0c97e84a4db19197a75952487aa20b
sbin/umount/umount.8|man8/umount.8|2c00de440b997bb2d867adb9619037a5cd1031c8ee822aba325b58e3bc2456f6|2c00de440b997bb2d867adb9619037a5cd1031c8ee822aba325b58e3bc2456f6|6e1fc0118033f42b7c0d3623c8f67a89ebecabb2
sbin/veriexec/veriexec.8|man8/veriexec.8|e0f3333c0f235a4b33fc8cfa6ce32fa16b4252f92b8b26341ed22aaa57421d10|e0f3333c0f235a4b33fc8cfa6ce32fa16b4252f92b8b26341ed22aaa57421d10|04907571427d6fdfbe582e971ff52df700c0df44
sbin/zfsbootcfg/zfsbootcfg.8|man8/zfsbootcfg.8|7efad4e0ed73e080a04613a82941c9c8b8da4605e493739957f5850bb4125918|7efad4e0ed73e080a04613a82941c9c8b8da4605e493739957f5850bb4125918|a3b72d89c7028a2254381e4d2b126416dee3fbb5
secure/usr.bin/openssl/man/CA.pl.1|man1/CA.pl.1|d3ed914352ce20c572af4ccfaa6f1656374256b4a4fe46b1d811696793a090e8|d3ed914352ce20c572af4ccfaa6f1656374256b4a4fe46b1d811696793a090e8|a3190104fa5cfab6a9a05735342c164492bbdc69
secure/usr.bin/openssl/man/openssl-asn1parse.1|man1/openssl-asn1parse.1|853dfa95da1da7ee7a0d230ddb83b997b1d410ee99a929832c0e6d1ed80e4254|853dfa95da1da7ee7a0d230ddb83b997b1d410ee99a929832c0e6d1ed80e4254|a3190104fa5cfab6a9a05735342c164492bbdc69
secure/usr.bin/openssl/man/openssl-ca.1|man1/openssl-ca.1|23b19bc475e2a0ad4634f2d9ef4ec87d3df6c7e37dfff061d7d35138780fabed|23b19bc475e2a0ad4634f2d9ef4ec87d3df6c7e37dfff061d7d35138780fabed|a3190104fa5cfab6a9a05735342c164492bbdc69
secure/usr.bin/openssl/man/openssl-ciphers.1|man1/openssl-ciphers.1|ae3632514fc01c8c4830086c04fb8fceb9778431745f7cf56f4460a1e3297920|ae3632514fc01c8c4830086c04fb8fceb9778431745f7cf56f4460a1e3297920|a3190104fa5cfab6a9a05735342c164492bbdc69
secure/usr.bin/openssl/man/openssl-cmds.1|man1/openssl-cmds.1|eccdd4880fac64a575e68e49c7862e9d0390c9b05dea5a8039b2c5b453e97eba|eccdd4880fac64a575e68e49c7862e9d0390c9b05dea5a8039b2c5b453e97eba|a3190104fa5cfab6a9a05735342c164492bbdc69
secure/usr.bin/openssl/man/openssl-cmp.1|man1/openssl-cmp.1|c6796baf7a798958203dff64ae610af93c2b195ab5484c25329f604333c86cf1|c6796baf7a798958203dff64ae610af93c2b195ab5484c25329f604333c86cf1|a3190104fa5cfab6a9a05735342c164492bbdc69
secure/usr.bin/openssl/man/openssl-cms.1|man1/openssl-cms.1|9bf722c864c47aef50e1173ff2a5fed8b027902db654c62c63ad673b42044572|9bf722c864c47aef50e1173ff2a5fed8b027902db654c62c63ad673b42044572|a3190104fa5cfab6a9a05735342c164492bbdc69
secure/usr.bin/openssl/man/openssl-crl.1|man1/openssl-crl.1|32ac5fad141bf631d32ad60b1a741a0bd1fb19caca81967ec2ac0a6fb0f9b9b5|32ac5fad141bf631d32ad60b1a741a0bd1fb19caca81967ec2ac0a6fb0f9b9b5|a3190104fa5cfab6a9a05735342c164492bbdc69
secure/usr.bin/openssl/man/openssl-crl2pkcs7.1|man1/openssl-crl2pkcs7.1|422e9eae6b4e42037c6add6cf16f53ad3f4ab3696191528eccb472466c7bd05c|422e9eae6b4e42037c6add6cf16f53ad3f4ab3696191528eccb472466c7bd05c|a3190104fa5cfab6a9a05735342c164492bbdc69
secure/usr.bin/openssl/man/openssl-dgst.1|man1/openssl-dgst.1|9ac8d56ae072e351598512c10f352570b2e7163156c310050578de1a5d943c50|9ac8d56ae072e351598512c10f352570b2e7163156c310050578de1a5d943c50|a3190104fa5cfab6a9a05735342c164492bbdc69
secure/usr.bin/openssl/man/openssl-dhparam.1|man1/openssl-dhparam.1|06ab0e16986864db851e878dbc67f0f2b66c8678ea9dcc8a975ef6df1201bf49|06ab0e16986864db851e878dbc67f0f2b66c8678ea9dcc8a975ef6df1201bf49|a3190104fa5cfab6a9a05735342c164492bbdc69
secure/usr.bin/openssl/man/openssl-dsa.1|man1/openssl-dsa.1|2190f924f727f43d57d11ec29d568e73b3e30c924c417c57aa30e64656258655|2190f924f727f43d57d11ec29d568e73b3e30c924c417c57aa30e64656258655|a3190104fa5cfab6a9a05735342c164492bbdc69
secure/usr.bin/openssl/man/openssl-dsaparam.1|man1/openssl-dsaparam.1|4730802b633c8b8cf1357574cb76a76ad65738246b22b756160d17573c0d6f97|4730802b633c8b8cf1357574cb76a76ad65738246b22b756160d17573c0d6f97|a3190104fa5cfab6a9a05735342c164492bbdc69
secure/usr.bin/openssl/man/openssl-ec.1|man1/openssl-ec.1|0ee407e0c24f4e0c6922f40321861439147ec9e7b5d34788a48b197c1787920c|0ee407e0c24f4e0c6922f40321861439147ec9e7b5d34788a48b197c1787920c|a3190104fa5cfab6a9a05735342c164492bbdc69
secure/usr.bin/openssl/man/openssl-ecparam.1|man1/openssl-ecparam.1|84c36b5fd27342c62bb84f188ff74ce8fb8f54b4bbe17eba437638f300b72286|84c36b5fd27342c62bb84f188ff74ce8fb8f54b4bbe17eba437638f300b72286|a3190104fa5cfab6a9a05735342c164492bbdc69
secure/usr.bin/openssl/man/openssl-enc.1|man1/openssl-enc.1|ad9fef8b967e12b3de0ad17f5ac5a356093816eadcb515aad1f5e6a61f1087fb|ad9fef8b967e12b3de0ad17f5ac5a356093816eadcb515aad1f5e6a61f1087fb|a3190104fa5cfab6a9a05735342c164492bbdc69
secure/usr.bin/openssl/man/openssl-engine.1|man1/openssl-engine.1|2d706d0b4856e110cf30e1de46f0f5236b3303065ce3591965e081b922f282f2|2d706d0b4856e110cf30e1de46f0f5236b3303065ce3591965e081b922f282f2|a3190104fa5cfab6a9a05735342c164492bbdc69
secure/usr.bin/openssl/man/openssl-errstr.1|man1/openssl-errstr.1|739d0b258d2dd14ea347c5000081cef4396e44a5ca694000dd078c9c0e767df2|739d0b258d2dd14ea347c5000081cef4396e44a5ca694000dd078c9c0e767df2|a3190104fa5cfab6a9a05735342c164492bbdc69
secure/usr.bin/openssl/man/openssl-fipsinstall.1|man1/openssl-fipsinstall.1|2159a0235ab04a522a773b66b3920e8d0a189ba36014bebccef70f3df283ea37|2159a0235ab04a522a773b66b3920e8d0a189ba36014bebccef70f3df283ea37|a3190104fa5cfab6a9a05735342c164492bbdc69
secure/usr.bin/openssl/man/openssl-format-options.1|man1/openssl-format-options.1|9b9c2d4264087ef2e460bbffee7d1e7fa56894f07a9f9992108822c7c7ef97b8|9b9c2d4264087ef2e460bbffee7d1e7fa56894f07a9f9992108822c7c7ef97b8|a3190104fa5cfab6a9a05735342c164492bbdc69
secure/usr.bin/openssl/man/openssl-gendsa.1|man1/openssl-gendsa.1|420a3c7d8eaa47f65ea90b7b4f9bfcee498afee7d38cbaa43021e7fa0938edec|420a3c7d8eaa47f65ea90b7b4f9bfcee498afee7d38cbaa43021e7fa0938edec|a3190104fa5cfab6a9a05735342c164492bbdc69
secure/usr.bin/openssl/man/openssl-genpkey.1|man1/openssl-genpkey.1|ee8fd8914abde6837359e18480ae1a6d73989e314440bfff71b006c471c5916b|ee8fd8914abde6837359e18480ae1a6d73989e314440bfff71b006c471c5916b|a3190104fa5cfab6a9a05735342c164492bbdc69
secure/usr.bin/openssl/man/openssl-genrsa.1|man1/openssl-genrsa.1|a6097730f831f99189c2481afe8f366b6e4737f6aa9cfc5dccd4544a2efc4b0a|a6097730f831f99189c2481afe8f366b6e4737f6aa9cfc5dccd4544a2efc4b0a|a3190104fa5cfab6a9a05735342c164492bbdc69
secure/usr.bin/openssl/man/openssl-info.1|man1/openssl-info.1|14821d082c783bd50879af6cbb383afb882a22b8afe47a7cfc17985522f054c2|14821d082c783bd50879af6cbb383afb882a22b8afe47a7cfc17985522f054c2|a3190104fa5cfab6a9a05735342c164492bbdc69
secure/usr.bin/openssl/man/openssl-kdf.1|man1/openssl-kdf.1|93da984228864c62d4ffd121cee0821b41a9283365cf165ee898288ea10854b7|93da984228864c62d4ffd121cee0821b41a9283365cf165ee898288ea10854b7|a3190104fa5cfab6a9a05735342c164492bbdc69
secure/usr.bin/openssl/man/openssl-list.1|man1/openssl-list.1|73ae77a1226d4c930d8f8c4749d928ae955d814b0a08e4571d61162b229c145f|73ae77a1226d4c930d8f8c4749d928ae955d814b0a08e4571d61162b229c145f|a3190104fa5cfab6a9a05735342c164492bbdc69
secure/usr.bin/openssl/man/openssl-mac.1|man1/openssl-mac.1|1689cecb93878291782f6ec3aa5ed30d3bd2a3c6a9a97144af73a53afb31b616|1689cecb93878291782f6ec3aa5ed30d3bd2a3c6a9a97144af73a53afb31b616|a3190104fa5cfab6a9a05735342c164492bbdc69
secure/usr.bin/openssl/man/openssl-namedisplay-options.1|man1/openssl-namedisplay-options.1|ccba58394db530ad0ae2f2579619c6a4dc3ef66318848d8ad787191d0cfa754e|ccba58394db530ad0ae2f2579619c6a4dc3ef66318848d8ad787191d0cfa754e|a3190104fa5cfab6a9a05735342c164492bbdc69
secure/usr.bin/openssl/man/openssl-nseq.1|man1/openssl-nseq.1|764bb9722363f917c923d30d97968bebe937c5e5c358110f97d7fcc4c0e08e8b|764bb9722363f917c923d30d97968bebe937c5e5c358110f97d7fcc4c0e08e8b|a3190104fa5cfab6a9a05735342c164492bbdc69
secure/usr.bin/openssl/man/openssl-ocsp.1|man1/openssl-ocsp.1|c7bb5b74cdd1c503923528018d02fdcb178ef58061f56430907888a319dcb75c|c7bb5b74cdd1c503923528018d02fdcb178ef58061f56430907888a319dcb75c|a3190104fa5cfab6a9a05735342c164492bbdc69
secure/usr.bin/openssl/man/openssl-passphrase-options.1|man1/openssl-passphrase-options.1|211193451220ce2de37941b5e029c32759e1c6a636f11b351e7c9e2304a5a708|211193451220ce2de37941b5e029c32759e1c6a636f11b351e7c9e2304a5a708|a3190104fa5cfab6a9a05735342c164492bbdc69
secure/usr.bin/openssl/man/openssl-passwd.1|man1/openssl-passwd.1|508f950089df7a68b9af68a6e7de20340f4efa139ce59e4f7cec4b61cba25814|508f950089df7a68b9af68a6e7de20340f4efa139ce59e4f7cec4b61cba25814|a3190104fa5cfab6a9a05735342c164492bbdc69
secure/usr.bin/openssl/man/openssl-pkcs12.1|man1/openssl-pkcs12.1|17dc9c35c3bddd768baf15170d24f923467acc0aea43829ea02fd59502525fc1|17dc9c35c3bddd768baf15170d24f923467acc0aea43829ea02fd59502525fc1|a3190104fa5cfab6a9a05735342c164492bbdc69
secure/usr.bin/openssl/man/openssl-pkcs7.1|man1/openssl-pkcs7.1|c087c27925748030851f5e8bb9b66d145ccec34a0ae472cac14903d54aeb65e6|c087c27925748030851f5e8bb9b66d145ccec34a0ae472cac14903d54aeb65e6|a3190104fa5cfab6a9a05735342c164492bbdc69
secure/usr.bin/openssl/man/openssl-pkcs8.1|man1/openssl-pkcs8.1|bfe281e35e0126c4a9eddc2ea93034913238b6079b8c89d419b54d2cc038d24b|bfe281e35e0126c4a9eddc2ea93034913238b6079b8c89d419b54d2cc038d24b|a3190104fa5cfab6a9a05735342c164492bbdc69
secure/usr.bin/openssl/man/openssl-pkey.1|man1/openssl-pkey.1|8ac006c835d6b968bdf4861c6fd81324b0b9ddbdfb8a8b7a8991ac7d295a3875|8ac006c835d6b968bdf4861c6fd81324b0b9ddbdfb8a8b7a8991ac7d295a3875|a3190104fa5cfab6a9a05735342c164492bbdc69
secure/usr.bin/openssl/man/openssl-pkeyparam.1|man1/openssl-pkeyparam.1|c36ec110ce751ad285c5a45baaf04dba89aef192b6af5c0c5bc765bdc57d83fd|c36ec110ce751ad285c5a45baaf04dba89aef192b6af5c0c5bc765bdc57d83fd|a3190104fa5cfab6a9a05735342c164492bbdc69
secure/usr.bin/openssl/man/openssl-pkeyutl.1|man1/openssl-pkeyutl.1|d7730c5a5b880817be3293db020bec899e9c92b411ce5efaf2df2ab0da20052d|d7730c5a5b880817be3293db020bec899e9c92b411ce5efaf2df2ab0da20052d|a3190104fa5cfab6a9a05735342c164492bbdc69
secure/usr.bin/openssl/man/openssl-prime.1|man1/openssl-prime.1|69495e8b2d545fdf6f2bb730fb3625754dae3c66ea3baa861b0067643acd088e|69495e8b2d545fdf6f2bb730fb3625754dae3c66ea3baa861b0067643acd088e|a3190104fa5cfab6a9a05735342c164492bbdc69
secure/usr.bin/openssl/man/openssl-rand.1|man1/openssl-rand.1|3c7603afeee3d523cb5ef2a65240d64d42220659105b45652d3e146141b6a4bc|3c7603afeee3d523cb5ef2a65240d64d42220659105b45652d3e146141b6a4bc|a3190104fa5cfab6a9a05735342c164492bbdc69
secure/usr.bin/openssl/man/openssl-rehash.1|man1/openssl-rehash.1|13b4bd1982e0184c27d2ae202e0d1e1a621f63cc72e9b4d306e4426c23d043fc|13b4bd1982e0184c27d2ae202e0d1e1a621f63cc72e9b4d306e4426c23d043fc|a3190104fa5cfab6a9a05735342c164492bbdc69
secure/usr.bin/openssl/man/openssl-req.1|man1/openssl-req.1|a705792593a6f5e17383f890afb30a6b0540da375686dcacf3b5e22e3825f57f|a705792593a6f5e17383f890afb30a6b0540da375686dcacf3b5e22e3825f57f|a3190104fa5cfab6a9a05735342c164492bbdc69
secure/usr.bin/openssl/man/openssl-rsa.1|man1/openssl-rsa.1|a1e0f827a18c10262ad37f76a5f0af0090e98fdc23dbadb5479d1c016ccbd6d5|a1e0f827a18c10262ad37f76a5f0af0090e98fdc23dbadb5479d1c016ccbd6d5|a3190104fa5cfab6a9a05735342c164492bbdc69
secure/usr.bin/openssl/man/openssl-rsautl.1|man1/openssl-rsautl.1|63954233a242aaee9e36354c8d52d132687bfa4fd630fa1f5a773149ac86b289|63954233a242aaee9e36354c8d52d132687bfa4fd630fa1f5a773149ac86b289|a3190104fa5cfab6a9a05735342c164492bbdc69
secure/usr.bin/openssl/man/openssl-s_client.1|man1/openssl-s_client.1|35f28c83c8d771866aa1bdf86435c7ded3922a0e82c389a949d05ccd23796590|35f28c83c8d771866aa1bdf86435c7ded3922a0e82c389a949d05ccd23796590|a3190104fa5cfab6a9a05735342c164492bbdc69
secure/usr.bin/openssl/man/openssl-s_server.1|man1/openssl-s_server.1|cceb0b0c3ce24708a5235ff8b86213790f8272c2972793040b240694a4addb9f|cceb0b0c3ce24708a5235ff8b86213790f8272c2972793040b240694a4addb9f|a3190104fa5cfab6a9a05735342c164492bbdc69
secure/usr.bin/openssl/man/openssl-s_time.1|man1/openssl-s_time.1|51f98ff47984a92c122dd5e2a2d7c860dbfa76eb9886eadbcd18b7634048a842|51f98ff47984a92c122dd5e2a2d7c860dbfa76eb9886eadbcd18b7634048a842|a3190104fa5cfab6a9a05735342c164492bbdc69
secure/usr.bin/openssl/man/openssl-sess_id.1|man1/openssl-sess_id.1|13eeecf3344b9e5a3f8558fe0d167d43e208d14d04657551c405055f64c3ea18|13eeecf3344b9e5a3f8558fe0d167d43e208d14d04657551c405055f64c3ea18|a3190104fa5cfab6a9a05735342c164492bbdc69
secure/usr.bin/openssl/man/openssl-skeyutl.1|man1/openssl-skeyutl.1|682f54bef3307b9700288cedd0ed6f913c79a1872dc8f90afb01614a8c075cb4|682f54bef3307b9700288cedd0ed6f913c79a1872dc8f90afb01614a8c075cb4|a3190104fa5cfab6a9a05735342c164492bbdc69
secure/usr.bin/openssl/man/openssl-smime.1|man1/openssl-smime.1|ed8409a36c9c61b65d2125b6d3f1677f8a55118216ea4903e5c59442bd3306a2|ed8409a36c9c61b65d2125b6d3f1677f8a55118216ea4903e5c59442bd3306a2|a3190104fa5cfab6a9a05735342c164492bbdc69
secure/usr.bin/openssl/man/openssl-speed.1|man1/openssl-speed.1|a2c5ee934f74f9aac9c9af5fe87e4ee72431c834abb9cc0bf966837d3999ddf4|a2c5ee934f74f9aac9c9af5fe87e4ee72431c834abb9cc0bf966837d3999ddf4|a3190104fa5cfab6a9a05735342c164492bbdc69
secure/usr.bin/openssl/man/openssl-spkac.1|man1/openssl-spkac.1|22572a2849a04135b7cecbf3788efe9ad34ff500416a772b9c1f6cbf30e8be04|22572a2849a04135b7cecbf3788efe9ad34ff500416a772b9c1f6cbf30e8be04|a3190104fa5cfab6a9a05735342c164492bbdc69
secure/usr.bin/openssl/man/openssl-srp.1|man1/openssl-srp.1|2bd38ce9d0a63346b34ef71593fcb7a2176bb6b182e8aa2c668b0b7ff6cb851c|2bd38ce9d0a63346b34ef71593fcb7a2176bb6b182e8aa2c668b0b7ff6cb851c|a3190104fa5cfab6a9a05735342c164492bbdc69
secure/usr.bin/openssl/man/openssl-storeutl.1|man1/openssl-storeutl.1|41d4ee711aa1aaecf3397eaf0e01541936b16980153517809d79c0d2c1309047|41d4ee711aa1aaecf3397eaf0e01541936b16980153517809d79c0d2c1309047|a3190104fa5cfab6a9a05735342c164492bbdc69
secure/usr.bin/openssl/man/openssl-ts.1|man1/openssl-ts.1|621d66ba4ac8d930059454490a9578223005fbfbd1cd47d2daf27aac57e0a582|621d66ba4ac8d930059454490a9578223005fbfbd1cd47d2daf27aac57e0a582|a3190104fa5cfab6a9a05735342c164492bbdc69
secure/usr.bin/openssl/man/openssl-verification-options.1|man1/openssl-verification-options.1|36ec59f74e6edf6064a43001ecebf322a5f52cb290cae26f002cc7ba119b788e|36ec59f74e6edf6064a43001ecebf322a5f52cb290cae26f002cc7ba119b788e|a3190104fa5cfab6a9a05735342c164492bbdc69
secure/usr.bin/openssl/man/openssl-verify.1|man1/openssl-verify.1|0ddaabbe318d5ae1d4cdbb245fb91699fa4a44f45c1cd38cef96833f16cee5eb|0ddaabbe318d5ae1d4cdbb245fb91699fa4a44f45c1cd38cef96833f16cee5eb|a3190104fa5cfab6a9a05735342c164492bbdc69
secure/usr.bin/openssl/man/openssl-version.1|man1/openssl-version.1|da0a95fc7a93425354254d9b474352b820ac3d6eca2331987a7feac64bf68751|da0a95fc7a93425354254d9b474352b820ac3d6eca2331987a7feac64bf68751|a3190104fa5cfab6a9a05735342c164492bbdc69
secure/usr.bin/openssl/man/openssl-x509.1|man1/openssl-x509.1|fa814fef2c7249d17fd69c12bfa2a6b1a5f63789b487934ab091369cf248125c|fa814fef2c7249d17fd69c12bfa2a6b1a5f63789b487934ab091369cf248125c|a3190104fa5cfab6a9a05735342c164492bbdc69
secure/usr.bin/openssl/man/openssl.1|man1/openssl.1|3947469f971493b1b96226799d646725a8d5faf5228bc61fa3347bbdf989d7e9|3947469f971493b1b96226799d646725a8d5faf5228bc61fa3347bbdf989d7e9|a3190104fa5cfab6a9a05735342c164492bbdc69
secure/usr.bin/openssl/man/tsget.1|man1/tsget.1|c6be4ac4124edcb2134b877d49ca85c1e2f223d6385678ac5a34290abb615ef4|c6be4ac4124edcb2134b877d49ca85c1e2f223d6385678ac5a34290abb615ef4|a3190104fa5cfab6a9a05735342c164492bbdc69
share/examples/ipfilter/mkfilters.1|man1/mkfilters.1|5870d60dd4a97a5307c7627419c0bf58ecb777eb0c16735aecd72254916241df|5870d60dd4a97a5307c7627419c0bf58ecb777eb0c16735aecd72254916241df|b2c76c41be32f904179efed29c0ca04d53f3996c
share/examples/mdoc/example.1|man1/example.1|6a3f64f581b1adff6c9181b51f8c0865fbfe3b722725cb20709be4bd4767f2b4|564c4c310f8a8b0471524d5789bbd8bfc28b164a612eefd1a63afd3b346bb8e2|49358373aa8a42f47b256656afdc2f831e2429fa
share/examples/scsi_target/scsi_target.8|man8/scsi_target.8|9083270226e7a84c9386cbecbbd39af7561822b5a27c4c7e84ded82c71586dbd|9083270226e7a84c9386cbecbbd39af7561822b5a27c4c7e84ded82c71586dbd|fa9896e082a1046ff4fbc75fcba4d18d1f2efc19
share/man/man1/builtin.1|man1/builtin.1|ea73c2d987814fb78f8c1f6ac3e1738626e155fc855dd5fb58aaa3e8b237eeb8|7b083c5052267e900ee570f1747bfe961cdc6e3e8ec95728c549d7b94bceada3|eb4b66863bf32e96a837b908add7d90e18631d8b
share/man/man1/intro.1|man1/intro.1|1c11ba7a3923150bc9c9a29cf491a978f5aa3fd1ec2e2d05cd52a39b9fea4d2e|f359e2f958d4ada38e59536ad381377fad89a6b6661c1490ba9f7d4ff5c4b6b0|cc0af6d5a6c2b10b8655945abdd4ab110cb11998
share/man/man8/beinstall.8|man8/beinstall.8|80eada8d4948276a3d3dc72fc8e01baa44abc794f728049f403862853cfcd96f|80eada8d4948276a3d3dc72fc8e01baa44abc794f728049f403862853cfcd96f|b07689d1f2a268317bead0d785407b2f7dd7de78
share/man/man8/crash.8|man8/crash.8|df049993c01f99ff0fe4d3b68d13d35c33872d7a206a99c2d1b0fa2d8ab47d50|df049993c01f99ff0fe4d3b68d13d35c33872d7a206a99c2d1b0fa2d8ab47d50|c9868af774ec24bcf6914fc971378e9723eb44ab
share/man/man8/debug.sh.8|man8/debug.sh.8|96ecd65f33448e7fa2c10cd3247b7ec06e6ee06356b07e9cc00849597cd154ac|96ecd65f33448e7fa2c10cd3247b7ec06e6ee06356b07e9cc00849597cd154ac|7efa58928cc48de56ffb6fc142a1daf3a3557376
share/man/man8/diskless.8|man8/diskless.8|58ccad41b6a7fca3501be30185e5a7ccf948e11cfb07d5836029cf3c6748bf8a|58ccad41b6a7fca3501be30185e5a7ccf948e11cfb07d5836029cf3c6748bf8a|6ed2f5184251bc021976cf5b25696716cf09cf5c
share/man/man8/intro.8|man8/intro.8|c18afeeebed307cbbf53346d1572886606473dd13185edc1afcb85326e17bd58|c18afeeebed307cbbf53346d1572886606473dd13185edc1afcb85326e17bd58|259bb93b80c0881a2b089e2836d92334477f09ef
share/man/man8/nanobsd.8|man8/nanobsd.8|f30b9c3936a0baf52322ce91d9034fffa24d565618a213f1816324007d6ced52|f30b9c3936a0baf52322ce91d9034fffa24d565618a213f1816324007d6ced52|fbc4e90c5ca6186ade53d29bf3e69aab6ad1cbc3
share/man/man8/rc.8|man8/rc.8|9615609323a8c05404c9f18699d7c1bb84a18a4dcdf85e00a50b8cc56731fa9b|9615609323a8c05404c9f18699d7c1bb84a18a4dcdf85e00a50b8cc56731fa9b|5c12023beb94609fb65845b76f21748a9f49bdca
share/man/man8/rc.subr.8|man8/rc.subr.8|ef0d349abaf7de4b792e5bf6d75596b8e972da2a4d6ddd8bb82099a316847521|ef0d349abaf7de4b792e5bf6d75596b8e972da2a4d6ddd8bb82099a316847521|c9ed4e99524cc2f20301ed3a3f31050f75dc365e
share/man/man8/rescue.8|man8/rescue.8|079fb7518f1e9207ed01dafca7bd7841935010d12664ab9eb8ac21605d1f79cd|079fb7518f1e9207ed01dafca7bd7841935010d12664ab9eb8ac21605d1f79cd|fa9896e082a1046ff4fbc75fcba4d18d1f2efc19
share/man/man8/uefi.8|man8/uefi.8|f27ce1f638fd6187894257318c0737f4a17c988aa40aff00ae7d96e85d777f54|f27ce1f638fd6187894257318c0737f4a17c988aa40aff00ae7d96e85d777f54|6e1fc0118033f42b7c0d3623c8f67a89ebecabb2
share/man/man8/yp.8|man8/yp.8|a49fb9de055eb31aa273f644b2cd1601ac4e3612bd23d514c6c0a45a522e9e4b|a49fb9de055eb31aa273f644b2cd1601ac4e3612bd23d514c6c0a45a522e9e4b|97759ccc715c4b365432c16d763c50eecfcb1100
stand/efi/gptboot/gptboot.efi.8|man8/gptboot.efi.8|e28572e98c5b844a9e79acca3bcef8eec2667f767382dcc5110f6540728d97a0|e28572e98c5b844a9e79acca3bcef8eec2667f767382dcc5110f6540728d97a0|3c242182fb4b07cf0a7fb3f3b80b39c879c7b617
stand/forth/beastie.4th.8|man8/beastie.4th.8|b3ab98b850ad1c823b0f1cbfa0b45f5c0a0510931ba851eff2b8219d9697c473|b3ab98b850ad1c823b0f1cbfa0b45f5c0a0510931ba851eff2b8219d9697c473|3c242182fb4b07cf0a7fb3f3b80b39c879c7b617
stand/forth/brand.4th.8|man8/brand.4th.8|8b92368b839d5f98daf65944c447b1cacf91cd57c8e41aef81c95c12ee77ee20|8b92368b839d5f98daf65944c447b1cacf91cd57c8e41aef81c95c12ee77ee20|3c242182fb4b07cf0a7fb3f3b80b39c879c7b617
stand/forth/check-password.4th.8|man8/check-password.4th.8|01601ad917267054a0c87dcb941f1368e662d9e21fbf80c5b9caaf20f6990f14|01601ad917267054a0c87dcb941f1368e662d9e21fbf80c5b9caaf20f6990f14|3c242182fb4b07cf0a7fb3f3b80b39c879c7b617
stand/forth/color.4th.8|man8/color.4th.8|c8d261d58e37205252e603c8a32cdc81a8cf39754f28052ce74893b3eda52b0f|c8d261d58e37205252e603c8a32cdc81a8cf39754f28052ce74893b3eda52b0f|3c242182fb4b07cf0a7fb3f3b80b39c879c7b617
stand/forth/delay.4th.8|man8/delay.4th.8|58bd80c3d08649e87ce05278020b1738d294e64d50a7423699a05c24e1af836c|58bd80c3d08649e87ce05278020b1738d294e64d50a7423699a05c24e1af836c|3c242182fb4b07cf0a7fb3f3b80b39c879c7b617
stand/forth/loader.4th.8|man8/loader.4th.8|77c00b031a6f4127e0b0a5f4b9f4129bfe1780411a4cb1ac9f1a08e1bb3bad30|77c00b031a6f4127e0b0a5f4b9f4129bfe1780411a4cb1ac9f1a08e1bb3bad30|3c242182fb4b07cf0a7fb3f3b80b39c879c7b617
stand/forth/menu.4th.8|man8/menu.4th.8|f166135dc8595e01f9d02ac07241bebf4430866fda829bc77f03b630f827a6cb|f166135dc8595e01f9d02ac07241bebf4430866fda829bc77f03b630f827a6cb|3c242182fb4b07cf0a7fb3f3b80b39c879c7b617
stand/forth/menusets.4th.8|man8/menusets.4th.8|b2d586d64db6097b32e5ae4209dfcdd96612674c4d28e6e44f309c6b433c164f|b2d586d64db6097b32e5ae4209dfcdd96612674c4d28e6e44f309c6b433c164f|3c242182fb4b07cf0a7fb3f3b80b39c879c7b617
stand/forth/version.4th.8|man8/version.4th.8|14fce713d74980a081f048f0bcb308f9d5ba302344941ce4887a3d5c22f13795|14fce713d74980a081f048f0bcb308f9d5ba302344941ce4887a3d5c22f13795|3c242182fb4b07cf0a7fb3f3b80b39c879c7b617
stand/i386/cdboot/cdboot.8|man8/cdboot.8|f4ccb012b34de58967ab5f86ab5c9c40d68ede8e6da12f8cf6ef71f28ad19fb2|f4ccb012b34de58967ab5f86ab5c9c40d68ede8e6da12f8cf6ef71f28ad19fb2|ecdb0b79bf93a2b8392694bd266c5930ca42bab5
stand/i386/gptboot/gptboot.8|man8/gptboot.8|e22d8cbc67c6aac547b4ca67aa2cfe6b0d0a659c77a297d831e0030794a8221f|e22d8cbc67c6aac547b4ca67aa2cfe6b0d0a659c77a297d831e0030794a8221f|3c242182fb4b07cf0a7fb3f3b80b39c879c7b617
stand/i386/gptzfsboot/gptzfsboot.8|man8/gptzfsboot.8|cd7094c5063fa5a53e6cc7a6b39ffd452f699beeab01a4beb2a1678efb36055b|cd7094c5063fa5a53e6cc7a6b39ffd452f699beeab01a4beb2a1678efb36055b|3c242182fb4b07cf0a7fb3f3b80b39c879c7b617
stand/i386/isoboot/isoboot.8|man8/isoboot.8|01de8c7aa4d99cf7b1b1614ebec4690425b82a47c624b4904a297a3ea2fc5b85|01de8c7aa4d99cf7b1b1614ebec4690425b82a47c624b4904a297a3ea2fc5b85|3c242182fb4b07cf0a7fb3f3b80b39c879c7b617
stand/i386/pxeldr/pxeboot.8|man8/pxeboot.8|d64a9c07493a9c9e53c7e56ab6a6e754c0d436edc1bea55757cddd4163111a51|d64a9c07493a9c9e53c7e56ab6a6e754c0d436edc1bea55757cddd4163111a51|89c2d3380aacf83c3523f4a45aa58cb5b50424e4
stand/lua/cli.lua.8|man8/cli.lua.8|cb0dc80cbf0f541532785e81c8aa8ca2dff5647780feac1b0694f6857139ab2c|cb0dc80cbf0f541532785e81c8aa8ca2dff5647780feac1b0694f6857139ab2c|c637cd700e09b24564ddac60021700e5e6dc44b9
stand/lua/color.lua.8|man8/color.lua.8|b92e796399d2beb18dda6699f1f27c5718cfa5b1fed988eb9ac82883a8a9b5bb|b92e796399d2beb18dda6699f1f27c5718cfa5b1fed988eb9ac82883a8a9b5bb|5d59c1b4f14e2fa6388b1d75ee3243085f1c69f2
stand/lua/config.lua.8|man8/config.lua.8|d014546bbbd4e2d99baafc7a41eccbbac198d3b9df74486f3aa8958397b38093|d014546bbbd4e2d99baafc7a41eccbbac198d3b9df74486f3aa8958397b38093|59f13e4da451d168041c9f04bfcdd0610ff12a87
stand/lua/core.lua.8|man8/core.lua.8|f4216ad3391da8bbceb34b770b1ccfc04dd829f3f8bf543084d785260d725595|f4216ad3391da8bbceb34b770b1ccfc04dd829f3f8bf543084d785260d725595|f77062f506f7bc752316da35e8d7da9a1ddb0d91
stand/lua/drawer.lua.8|man8/drawer.lua.8|53132dca98d5797ff17b887ecb59175cfb8b9eccb6913e84dcaebc3c261fe184|53132dca98d5797ff17b887ecb59175cfb8b9eccb6913e84dcaebc3c261fe184|5d59c1b4f14e2fa6388b1d75ee3243085f1c69f2
stand/lua/gfx.lua.8|man8/gfx.lua.8|70268b6b2a36937f3ff7f68737067a8d7d1bf0a6be6c04ed69eb8f82d343949d|70268b6b2a36937f3ff7f68737067a8d7d1bf0a6be6c04ed69eb8f82d343949d|5d59c1b4f14e2fa6388b1d75ee3243085f1c69f2
stand/lua/hook.lua.8|man8/hook.lua.8|322bc34091e5111e72fe47a419dce7de607a5f7d6a7d94336798e397221e02c4|322bc34091e5111e72fe47a419dce7de607a5f7d6a7d94336798e397221e02c4|5d59c1b4f14e2fa6388b1d75ee3243085f1c69f2
stand/lua/loader.lua.8|man8/loader.lua.8|0fcd23c71ef09fa73070c41ad2229f0c7f04882a7684fb00979b3ee824db286f|0fcd23c71ef09fa73070c41ad2229f0c7f04882a7684fb00979b3ee824db286f|59f13e4da451d168041c9f04bfcdd0610ff12a87
stand/lua/menu.lua.8|man8/menu.lua.8|449398d08076cd89da5ef2a58f4c0ca4ecb70ea6ac567a4d7bf8e88088484445|449398d08076cd89da5ef2a58f4c0ca4ecb70ea6ac567a4d7bf8e88088484445|5d59c1b4f14e2fa6388b1d75ee3243085f1c69f2
stand/lua/password.lua.8|man8/password.lua.8|237d9f89462f0c91fb7508a34f81afe185b91e080b78cdc0c3cc5904c4970e1c|237d9f89462f0c91fb7508a34f81afe185b91e080b78cdc0c3cc5904c4970e1c|5d59c1b4f14e2fa6388b1d75ee3243085f1c69f2
stand/lua/screen.lua.8|man8/screen.lua.8|0a5c161ab6eba1f71892df01b624f5268d5ee1952fe03a409dfcec60c27539e1|0a5c161ab6eba1f71892df01b624f5268d5ee1952fe03a409dfcec60c27539e1|5d59c1b4f14e2fa6388b1d75ee3243085f1c69f2
stand/man/boot1.efi.8|man8/boot1.efi.8|ac1bc3334d9115465136baf7d6125bc56ec13cbe841253ce5fa1e04e9ed39f2a|ac1bc3334d9115465136baf7d6125bc56ec13cbe841253ce5fa1e04e9ed39f2a|6abce6f7b8de60d549b131af427507a0c80255b3
stand/man/loader.8|man8/loader.8|3805c320b222cebfcac35e714a46d3c86d1c97de8d7ac82842e0afbbaeb0a0e7|3805c320b222cebfcac35e714a46d3c86d1c97de8d7ac82842e0afbbaeb0a0e7|f77062f506f7bc752316da35e8d7da9a1ddb0d91
stand/man/loader.efi.8|man8/loader.efi.8|d992070f15c655008fad9fee2f4d1b91c6b20b74bf7ac3aaac1f684e706c0e41|d992070f15c655008fad9fee2f4d1b91c6b20b74bf7ac3aaac1f684e706c0e41|fa550b255e957a3ec0707cf1308eac92cf4b2e08
stand/man/loader_4th.8|man8/loader_4th.8|52395fc91c5aa17bfade61b33c5fd1c1cfca34efd60078f6fa38411afa9d44bf|52395fc91c5aa17bfade61b33c5fd1c1cfca34efd60078f6fa38411afa9d44bf|6abce6f7b8de60d549b131af427507a0c80255b3
stand/man/loader_lua.8|man8/loader_lua.8|19cb6bf79c793e935171cd9b2d7051f28a692538ffe98bc4450b9fbc031154b5|19cb6bf79c793e935171cd9b2d7051f28a692538ffe98bc4450b9fbc031154b5|6abce6f7b8de60d549b131af427507a0c80255b3
stand/man/loader_simp.8|man8/loader_simp.8|638c5ce3badfac8e56435b45282a400648c9c4623d2cc05bf59238ae69f43483|638c5ce3badfac8e56435b45282a400648c9c4623d2cc05bf59238ae69f43483|3035855815c2fdbe27b65b9ec0374f4583ceb3f5
sys/contrib/openzfs/man/man1/cstyle.1|man1/cstyle.1|add08b89b845ed69f27d7de83071583dcbb95bf66b61aad4517442c5f8964f88|4cd81f4802fee44766d298e91e337d04e29dcc03434bebb2bf6ee742252c0699|0cafc294bf1223c9ecad5ff0fdf9c064b7ed3e94
sys/contrib/openzfs/man/man1/raidz_test.1|man1/raidz_test.1|0e98bf2b3c984917336deea5b918f93f21ea97bf85759ef9120d4da744464451|0e98bf2b3c984917336deea5b918f93f21ea97bf85759ef9120d4da744464451|61145dc2b94f12f6a47344fb9aac702321880e43
sys/contrib/openzfs/man/man1/test-runner.1|man1/test-runner.1|6c2483f2c2362bc426d90f464f0eabfe633cea721a100e62d5a8fe2f594255af|6c2483f2c2362bc426d90f464f0eabfe633cea721a100e62d5a8fe2f594255af|61145dc2b94f12f6a47344fb9aac702321880e43
sys/contrib/openzfs/man/man1/zarcstat.1|man1/zarcstat.1|d329346ab41ea80fa0dc52640de06720b63fdf11bca0430908b8df665141d246|d329346ab41ea80fa0dc52640de06720b63fdf11bca0430908b8df665141d246|0cafc294bf1223c9ecad5ff0fdf9c064b7ed3e94
sys/contrib/openzfs/man/man1/zhack.1|man1/zhack.1|04d081268e421ac020f218f2893148245b9d0356562d0e73ad603ce77b0c88aa|fecea6eccf13a4bf49eecc560498b74a0815e92c8f0aa579d16ecde39529c861|2c00a4216378d1c7d21cb983d1621a159c755c27
sys/contrib/openzfs/man/man1/ztest.1|man1/ztest.1|a916b22cc2420c3510f34cbe3021625357dc4f2c8361b4f0a1be3499702cbad9|35ca782fa32e82358dc8b3191753a07c380fc8095adc0faed615947037078533|0cafc294bf1223c9ecad5ff0fdf9c064b7ed3e94
sys/contrib/openzfs/man/man1/zvol_wait.1|man1/zvol_wait.1|017efac1cedaea32bd5f0cf769e858a5656f5ab098a86fb80c2f02e7aefcdcbc|017efac1cedaea32bd5f0cf769e858a5656f5ab098a86fb80c2f02e7aefcdcbc|61145dc2b94f12f6a47344fb9aac702321880e43
sys/contrib/openzfs/man/man8/fsck.zfs.8|man8/fsck.zfs.8|9099685c991ba5b3ffeec904a656f2bb2d4ef11a145fd0a6b54327b22330df75|9099685c991ba5b3ffeec904a656f2bb2d4ef11a145fd0a6b54327b22330df75|61145dc2b94f12f6a47344fb9aac702321880e43
sys/contrib/openzfs/man/man8/mount.zfs.8|man8/mount.zfs.8|dbef160a68d67cff31a7d9ecb359a86caa3b77de6f164061259cbda710708a2c|dbef160a68d67cff31a7d9ecb359a86caa3b77de6f164061259cbda710708a2c|61145dc2b94f12f6a47344fb9aac702321880e43
sys/contrib/openzfs/man/man8/vdev_id.8|man8/vdev_id.8|98094fb22944673c5af6526a58e82c0e68879ba5b50c58ecedcd56e9a0d6c74e|98094fb22944673c5af6526a58e82c0e68879ba5b50c58ecedcd56e9a0d6c74e|61145dc2b94f12f6a47344fb9aac702321880e43
sys/contrib/openzfs/man/man8/zdb.8|man8/zdb.8|2261bf08e014c628a073d6ac564dc38b27d6694f2166197656d25d33f16a9e61|2261bf08e014c628a073d6ac564dc38b27d6694f2166197656d25d33f16a9e61|a8dbd836b7856aa6f12cb2442a224fdb58d17f54
sys/contrib/openzfs/man/man8/zfs-allow.8|man8/zfs-allow.8|f8ede025f7dfbe70455808edb1ba2e7c6afe70817c41159efa7a7561b74281e8|f8ede025f7dfbe70455808edb1ba2e7c6afe70817c41159efa7a7561b74281e8|2c00a4216378d1c7d21cb983d1621a159c755c27
sys/contrib/openzfs/man/man8/zfs-bookmark.8|man8/zfs-bookmark.8|b659cf169dd1c66a798b1a5e460da460e0a0bf969f78a1e0331f17397510bda8|b659cf169dd1c66a798b1a5e460da460e0a0bf969f78a1e0331f17397510bda8|0cafc294bf1223c9ecad5ff0fdf9c064b7ed3e94
sys/contrib/openzfs/man/man8/zfs-clone.8|man8/zfs-clone.8|c99de43f1f684e1617e3edd84500efdd6f14d389920396e205c0272c0e8af9bc|c99de43f1f684e1617e3edd84500efdd6f14d389920396e205c0272c0e8af9bc|a8dbd836b7856aa6f12cb2442a224fdb58d17f54
sys/contrib/openzfs/man/man8/zfs-create.8|man8/zfs-create.8|4c7e2a3b3acfad84270da0eac441617f63eba05ad35cad895a9be4f51aa359db|4c7e2a3b3acfad84270da0eac441617f63eba05ad35cad895a9be4f51aa359db|0cafc294bf1223c9ecad5ff0fdf9c064b7ed3e94
sys/contrib/openzfs/man/man8/zfs-destroy.8|man8/zfs-destroy.8|04259cf3c4bd8dc6d8e8b9e9f74e5319ccbc3a68807a510185ac3f8ce02caf79|04259cf3c4bd8dc6d8e8b9e9f74e5319ccbc3a68807a510185ac3f8ce02caf79|0cafc294bf1223c9ecad5ff0fdf9c064b7ed3e94
sys/contrib/openzfs/man/man8/zfs-diff.8|man8/zfs-diff.8|95a21ee34edb8619c6175520d947c62f3255048fb57ed865451fbe9d8ec0c9c0|95a21ee34edb8619c6175520d947c62f3255048fb57ed865451fbe9d8ec0c9c0|0cafc294bf1223c9ecad5ff0fdf9c064b7ed3e94
sys/contrib/openzfs/man/man8/zfs-hold.8|man8/zfs-hold.8|3353020ae7b052eba133ed3f986e7acaf08726e31300239a1d1505b1aab77937|3353020ae7b052eba133ed3f986e7acaf08726e31300239a1d1505b1aab77937|0cafc294bf1223c9ecad5ff0fdf9c064b7ed3e94
sys/contrib/openzfs/man/man8/zfs-jail.8|man8/zfs-jail.8|a160ee2309a58e55c1584897c740c63dce1b61e24a3e1fbafc71b223e93a1ce4|a160ee2309a58e55c1584897c740c63dce1b61e24a3e1fbafc71b223e93a1ce4|155d5b8a19baa864ebe9d8346d932bd04ea23aca
sys/contrib/openzfs/man/man8/zfs-list.8|man8/zfs-list.8|30bcfea5b71dc4fd0eb0bfdca8d9ab483b27c548cc0f45b25e93f612171855f3|30bcfea5b71dc4fd0eb0bfdca8d9ab483b27c548cc0f45b25e93f612171855f3|0cafc294bf1223c9ecad5ff0fdf9c064b7ed3e94
sys/contrib/openzfs/man/man8/zfs-load-key.8|man8/zfs-load-key.8|2a0c7ee6d490981aa4e1ab822f76541e22cd2133e50ffcc5dc1346f7e2f6bc88|2a0c7ee6d490981aa4e1ab822f76541e22cd2133e50ffcc5dc1346f7e2f6bc88|0cafc294bf1223c9ecad5ff0fdf9c064b7ed3e94
sys/contrib/openzfs/man/man8/zfs-mount.8|man8/zfs-mount.8|57041238a4edd146fc239080d67047572823e22527a74d8c34c98a23e33c7907|57041238a4edd146fc239080d67047572823e22527a74d8c34c98a23e33c7907|0cafc294bf1223c9ecad5ff0fdf9c064b7ed3e94
sys/contrib/openzfs/man/man8/zfs-program.8|man8/zfs-program.8|a2eb06605d44960784dda4ac2d8fdef31bc4fed349779a196cf25643000692ff|a2eb06605d44960784dda4ac2d8fdef31bc4fed349779a196cf25643000692ff|3a8960711f4319f9b894ea2453c89065ee1b3a10
sys/contrib/openzfs/man/man8/zfs-project.8|man8/zfs-project.8|72558bf23efe74395ce355665f1506e53419688b0ab97e26778ee9a51d35ca01|72558bf23efe74395ce355665f1506e53419688b0ab97e26778ee9a51d35ca01|0cafc294bf1223c9ecad5ff0fdf9c064b7ed3e94
sys/contrib/openzfs/man/man8/zfs-promote.8|man8/zfs-promote.8|f48ac5f147f4c3d47bb21ba9acd1d25f12815dd8e9e9577aa58b6ad4e0d32717|f48ac5f147f4c3d47bb21ba9acd1d25f12815dd8e9e9577aa58b6ad4e0d32717|0cafc294bf1223c9ecad5ff0fdf9c064b7ed3e94
sys/contrib/openzfs/man/man8/zfs-receive.8|man8/zfs-receive.8|41afec29424e1e3cac44f9c4077a5514ad58ece45983428a8e9c9854ab20eff7|41afec29424e1e3cac44f9c4077a5514ad58ece45983428a8e9c9854ab20eff7|61145dc2b94f12f6a47344fb9aac702321880e43
sys/contrib/openzfs/man/man8/zfs-rename.8|man8/zfs-rename.8|d05e8d600deb8a075d53d05472a842285e04d79586c8f2921ccbfd981c931991|d05e8d600deb8a075d53d05472a842285e04d79586c8f2921ccbfd981c931991|0cafc294bf1223c9ecad5ff0fdf9c064b7ed3e94
sys/contrib/openzfs/man/man8/zfs-rewrite.8|man8/zfs-rewrite.8|5de8a942c5b89ba8d08d8961875e3cfe3d4128f83d7cd36882a399154340d92d|5de8a942c5b89ba8d08d8961875e3cfe3d4128f83d7cd36882a399154340d92d|155d5b8a19baa864ebe9d8346d932bd04ea23aca
sys/contrib/openzfs/man/man8/zfs-rollback.8|man8/zfs-rollback.8|fd5c8767d89ffc39d49fe4f63dbc7485ef14c2f71a58214eaaf04cfcde4dc9a1|fd5c8767d89ffc39d49fe4f63dbc7485ef14c2f71a58214eaaf04cfcde4dc9a1|071ab5a1f3cbfd29c8fbec27f7e619418adaf074
sys/contrib/openzfs/man/man8/zfs-send.8|man8/zfs-send.8|c1c1c2199245963588b13c0744377fc97cf5a01984a27cdfc4690abc68894659|c1c1c2199245963588b13c0744377fc97cf5a01984a27cdfc4690abc68894659|0cafc294bf1223c9ecad5ff0fdf9c064b7ed3e94
sys/contrib/openzfs/man/man8/zfs-set.8|man8/zfs-set.8|c3e6867fc52262f7f896fd55075107fc6f6e56e5fe4001aa7bbb999d6bbd9f3c|c3e6867fc52262f7f896fd55075107fc6f6e56e5fe4001aa7bbb999d6bbd9f3c|0cafc294bf1223c9ecad5ff0fdf9c064b7ed3e94
sys/contrib/openzfs/man/man8/zfs-share.8|man8/zfs-share.8|c6c3161a703d89e8209b8c38ae3dcfa68d00b2ff36e3ec7f6113147d4ba5e5b4|c6c3161a703d89e8209b8c38ae3dcfa68d00b2ff36e3ec7f6113147d4ba5e5b4|0cafc294bf1223c9ecad5ff0fdf9c064b7ed3e94
sys/contrib/openzfs/man/man8/zfs-snapshot.8|man8/zfs-snapshot.8|f7bdeff0dc587e4e6410c0f0e057ca4992a1ee4ec9c1c3e01e94d0f99a7278ca|f7bdeff0dc587e4e6410c0f0e057ca4992a1ee4ec9c1c3e01e94d0f99a7278ca|0cafc294bf1223c9ecad5ff0fdf9c064b7ed3e94
sys/contrib/openzfs/man/man8/zfs-upgrade.8|man8/zfs-upgrade.8|c7d882cfacbde22aa9fe4515d907f30611952c542bfec4eb9c54a7097b76f3a2|c7d882cfacbde22aa9fe4515d907f30611952c542bfec4eb9c54a7097b76f3a2|0cafc294bf1223c9ecad5ff0fdf9c064b7ed3e94
sys/contrib/openzfs/man/man8/zfs-userspace.8|man8/zfs-userspace.8|f0c50314b9b17cc87bd314e3bac8a020f4d6ad4d703e44b11df70b2cd0fd2d12|f0c50314b9b17cc87bd314e3bac8a020f4d6ad4d703e44b11df70b2cd0fd2d12|0cafc294bf1223c9ecad5ff0fdf9c064b7ed3e94
sys/contrib/openzfs/man/man8/zfs-wait.8|man8/zfs-wait.8|b5d52a3c7d3a596a04db9f39e1a00795d99be6222df4f2a94af5c6adcb13034c|b5d52a3c7d3a596a04db9f39e1a00795d99be6222df4f2a94af5c6adcb13034c|0cafc294bf1223c9ecad5ff0fdf9c064b7ed3e94
sys/contrib/openzfs/man/man8/zfs-zone.8|man8/zfs-zone.8|dc5a03227c07a50466c34cfccbf756d70382089a0d83888b1170b21935d5eab0|dc5a03227c07a50466c34cfccbf756d70382089a0d83888b1170b21935d5eab0|0cafc294bf1223c9ecad5ff0fdf9c064b7ed3e94
sys/contrib/openzfs/man/man8/zfs.8|man8/zfs.8|580231279f4efe0f9fe5e352d75166ee1adb69f9350636c83b27b1d005ec3eac|580231279f4efe0f9fe5e352d75166ee1adb69f9350636c83b27b1d005ec3eac|0cafc294bf1223c9ecad5ff0fdf9c064b7ed3e94
sys/contrib/openzfs/man/man8/zfs_ids_to_path.8|man8/zfs_ids_to_path.8|0ad6f3f774049c61a144ecc080466f3e67bc93eef1080e5d5202a3704e887a65|0ad6f3f774049c61a144ecc080466f3e67bc93eef1080e5d5202a3704e887a65|0cafc294bf1223c9ecad5ff0fdf9c064b7ed3e94
sys/contrib/openzfs/man/man8/zgenhostid.8|man8/zgenhostid.8|44e4c4f22a9cd986fdd1b4a61934304c49f29c8d127ad957087dabad88b5717f|44e4c4f22a9cd986fdd1b4a61934304c49f29c8d127ad957087dabad88b5717f|0cafc294bf1223c9ecad5ff0fdf9c064b7ed3e94
sys/contrib/openzfs/man/man8/zinject.8|man8/zinject.8|d6cd51bcf3ef4c5d1f5619d82ef475e1ee5249a6501bef1faad46da1228ed605|d6cd51bcf3ef4c5d1f5619d82ef475e1ee5249a6501bef1faad46da1228ed605|ce7e1f86a1810038f142c5c68b787c47252b39c5
sys/contrib/openzfs/man/man8/zpool-add.8|man8/zpool-add.8|0124298b348a83682cdf1769aafd036a5f83c6be4ac7398fb06a18246c419cb3|0124298b348a83682cdf1769aafd036a5f83c6be4ac7398fb06a18246c419cb3|61145dc2b94f12f6a47344fb9aac702321880e43
sys/contrib/openzfs/man/man8/zpool-attach.8|man8/zpool-attach.8|0403672ae55364027f01c2cb759601b788455d8584fe34dfc0caef684dcd2232|0403672ae55364027f01c2cb759601b788455d8584fe34dfc0caef684dcd2232|0cafc294bf1223c9ecad5ff0fdf9c064b7ed3e94
sys/contrib/openzfs/man/man8/zpool-checkpoint.8|man8/zpool-checkpoint.8|89c79ab56e14ed9f572f06c056424f120742a72ea018de74e05734f5f28f4ee6|89c79ab56e14ed9f572f06c056424f120742a72ea018de74e05734f5f28f4ee6|0cafc294bf1223c9ecad5ff0fdf9c064b7ed3e94
sys/contrib/openzfs/man/man8/zpool-clear.8|man8/zpool-clear.8|4eb213c8701f2702d376ec0b091bda32280110b11ee6ce560678f2dd0a7ac2dd|4eb213c8701f2702d376ec0b091bda32280110b11ee6ce560678f2dd0a7ac2dd|0cafc294bf1223c9ecad5ff0fdf9c064b7ed3e94
sys/contrib/openzfs/man/man8/zpool-create.8|man8/zpool-create.8|2ea6c2e59a9bf3d68c593bf9c191faa32235b33a339655a420ab269947445011|2ea6c2e59a9bf3d68c593bf9c191faa32235b33a339655a420ab269947445011|0cafc294bf1223c9ecad5ff0fdf9c064b7ed3e94
sys/contrib/openzfs/man/man8/zpool-ddtprune.8|man8/zpool-ddtprune.8|b480588d3760f2990042b3f6ee50ea76e5780cbe2639436ea980f224a54dbc49|b480588d3760f2990042b3f6ee50ea76e5780cbe2639436ea980f224a54dbc49|61145dc2b94f12f6a47344fb9aac702321880e43
sys/contrib/openzfs/man/man8/zpool-destroy.8|man8/zpool-destroy.8|3306d3758563e9920ccbecbc668997ac8897081431b70708b4bfc737a0f447c0|3306d3758563e9920ccbecbc668997ac8897081431b70708b4bfc737a0f447c0|0cafc294bf1223c9ecad5ff0fdf9c064b7ed3e94
sys/contrib/openzfs/man/man8/zpool-detach.8|man8/zpool-detach.8|fd7f8e7855126060466614503ef6443882865af540587d54bd149f99fb25cc60|fd7f8e7855126060466614503ef6443882865af540587d54bd149f99fb25cc60|0cafc294bf1223c9ecad5ff0fdf9c064b7ed3e94
sys/contrib/openzfs/man/man8/zpool-events.8|man8/zpool-events.8|4ad89b4055cf6c88d710ed6e7e47678b02dfba6709ab11c44c3d563fc6290388|4ad89b4055cf6c88d710ed6e7e47678b02dfba6709ab11c44c3d563fc6290388|25c6e6ed725d817764d32f97b589e3447906f783
sys/contrib/openzfs/man/man8/zpool-export.8|man8/zpool-export.8|89045251e34c2072679224b558d3885c6d5bbc5b575495d22278db9e77c4feb9|89045251e34c2072679224b558d3885c6d5bbc5b575495d22278db9e77c4feb9|0cafc294bf1223c9ecad5ff0fdf9c064b7ed3e94
sys/contrib/openzfs/man/man8/zpool-get.8|man8/zpool-get.8|60f72069bd2e533be826d71ad5ae97e34a1c30bff5c3931ffd03024e63f1cdbc|60f72069bd2e533be826d71ad5ae97e34a1c30bff5c3931ffd03024e63f1cdbc|0cafc294bf1223c9ecad5ff0fdf9c064b7ed3e94
sys/contrib/openzfs/man/man8/zpool-history.8|man8/zpool-history.8|340942fa65b2d158ac5b3bc3a2dc88833726d5ec43348336e7ac415ce97998ba|340942fa65b2d158ac5b3bc3a2dc88833726d5ec43348336e7ac415ce97998ba|0cafc294bf1223c9ecad5ff0fdf9c064b7ed3e94
sys/contrib/openzfs/man/man8/zpool-import.8|man8/zpool-import.8|efa1e615491845b5bcf21decb774029cfedde478c18f4950d96291953a103b6e|efa1e615491845b5bcf21decb774029cfedde478c18f4950d96291953a103b6e|0cafc294bf1223c9ecad5ff0fdf9c064b7ed3e94
sys/contrib/openzfs/man/man8/zpool-initialize.8|man8/zpool-initialize.8|31050d31b21e17c023c1f3d89808bb4578fc886648aa8011840b907b10c944f4|31050d31b21e17c023c1f3d89808bb4578fc886648aa8011840b907b10c944f4|0cafc294bf1223c9ecad5ff0fdf9c064b7ed3e94
sys/contrib/openzfs/man/man8/zpool-iostat.8|man8/zpool-iostat.8|504b98d983a1b7344c26c66741de505d69cf4735d00661556cdbd03063f5cbbd|504b98d983a1b7344c26c66741de505d69cf4735d00661556cdbd03063f5cbbd|25c6e6ed725d817764d32f97b589e3447906f783
sys/contrib/openzfs/man/man8/zpool-labelclear.8|man8/zpool-labelclear.8|2755a556ddf377bb5a2f83bd73c2fa879a01cd4aacc63960964a5245e429c379|2755a556ddf377bb5a2f83bd73c2fa879a01cd4aacc63960964a5245e429c379|0cafc294bf1223c9ecad5ff0fdf9c064b7ed3e94
sys/contrib/openzfs/man/man8/zpool-list.8|man8/zpool-list.8|ad32ba95c97908ac8416d4a432102c1869144ae1441a0f7fcbcc4df3a62b9c51|ad32ba95c97908ac8416d4a432102c1869144ae1441a0f7fcbcc4df3a62b9c51|0cafc294bf1223c9ecad5ff0fdf9c064b7ed3e94
sys/contrib/openzfs/man/man8/zpool-offline.8|man8/zpool-offline.8|b0e864f32ed6c563af9d57e555a84156bc6ace93acf8a995cb98f59dda68f258|b0e864f32ed6c563af9d57e555a84156bc6ace93acf8a995cb98f59dda68f258|0cafc294bf1223c9ecad5ff0fdf9c064b7ed3e94
sys/contrib/openzfs/man/man8/zpool-prefetch.8|man8/zpool-prefetch.8|a92e225e9d270ae36d5341879d0a51c4229d6029154928250969fd61c1a06a49|a92e225e9d270ae36d5341879d0a51c4229d6029154928250969fd61c1a06a49|155d5b8a19baa864ebe9d8346d932bd04ea23aca
sys/contrib/openzfs/man/man8/zpool-reguid.8|man8/zpool-reguid.8|20a6a74460a03c6f198bd3a3b7d6b90afbcf1141ed35b011732474a4b1fe0fa5|20a6a74460a03c6f198bd3a3b7d6b90afbcf1141ed35b011732474a4b1fe0fa5|0cafc294bf1223c9ecad5ff0fdf9c064b7ed3e94
sys/contrib/openzfs/man/man8/zpool-remove.8|man8/zpool-remove.8|0dbbcabfb49ed13bf7b78516b15ffb93ff374337f8f7f948787dd0334374b703|0dbbcabfb49ed13bf7b78516b15ffb93ff374337f8f7f948787dd0334374b703|ce7e1f86a1810038f142c5c68b787c47252b39c5
sys/contrib/openzfs/man/man8/zpool-reopen.8|man8/zpool-reopen.8|2ac02e1dbee5845d5f1b278069f1af4508da099922d261f926a8fcdba2379089|2ac02e1dbee5845d5f1b278069f1af4508da099922d261f926a8fcdba2379089|0cafc294bf1223c9ecad5ff0fdf9c064b7ed3e94
sys/contrib/openzfs/man/man8/zpool-replace.8|man8/zpool-replace.8|0e13298220202374110dfe08c3d9196ff533728e444b91794b669467c3092614|0e13298220202374110dfe08c3d9196ff533728e444b91794b669467c3092614|0cafc294bf1223c9ecad5ff0fdf9c064b7ed3e94
sys/contrib/openzfs/man/man8/zpool-resilver.8|man8/zpool-resilver.8|da3fa07e5473633f0b5d793cb27f1a956b0e5973bbd5f09eb58b9512e9caeaf7|da3fa07e5473633f0b5d793cb27f1a956b0e5973bbd5f09eb58b9512e9caeaf7|0cafc294bf1223c9ecad5ff0fdf9c064b7ed3e94
sys/contrib/openzfs/man/man8/zpool-scrub.8|man8/zpool-scrub.8|9236d2ab0805fdfd46dc0cc1cdb2ff1a52b73303b8a966dd98712bd86622f56a|9236d2ab0805fdfd46dc0cc1cdb2ff1a52b73303b8a966dd98712bd86622f56a|0cafc294bf1223c9ecad5ff0fdf9c064b7ed3e94
sys/contrib/openzfs/man/man8/zpool-split.8|man8/zpool-split.8|e25e820e58a95de03bbd421bc78fb6dc81066f47c4f125ab8aa414980b613317|e25e820e58a95de03bbd421bc78fb6dc81066f47c4f125ab8aa414980b613317|0cafc294bf1223c9ecad5ff0fdf9c064b7ed3e94
sys/contrib/openzfs/man/man8/zpool-status.8|man8/zpool-status.8|52ba4b6484caf255750298a400928bf54b88ab11c0aa937dcb13154ca3abd92a|52ba4b6484caf255750298a400928bf54b88ab11c0aa937dcb13154ca3abd92a|0cafc294bf1223c9ecad5ff0fdf9c064b7ed3e94
sys/contrib/openzfs/man/man8/zpool-sync.8|man8/zpool-sync.8|a2750b8f8987ca8de4dd71576bb0488eaef6d655697d7f715c6d96a9243b98b1|a2750b8f8987ca8de4dd71576bb0488eaef6d655697d7f715c6d96a9243b98b1|0cafc294bf1223c9ecad5ff0fdf9c064b7ed3e94
sys/contrib/openzfs/man/man8/zpool-trim.8|man8/zpool-trim.8|d30c0b9bff9cb4e43b1afbe97c1c01f741651242b3b72b612e9246769ebfa3ff|d30c0b9bff9cb4e43b1afbe97c1c01f741651242b3b72b612e9246769ebfa3ff|0cafc294bf1223c9ecad5ff0fdf9c064b7ed3e94
sys/contrib/openzfs/man/man8/zpool-upgrade.8|man8/zpool-upgrade.8|49abb86dafaafdb45db7103f2c6db09132f9979b453debbf584726d591605043|49abb86dafaafdb45db7103f2c6db09132f9979b453debbf584726d591605043|0cafc294bf1223c9ecad5ff0fdf9c064b7ed3e94
sys/contrib/openzfs/man/man8/zpool-wait.8|man8/zpool-wait.8|6270a87f79f2a183b100b8047fda744301ae9b787157ee4e72642d6407140e54|6270a87f79f2a183b100b8047fda744301ae9b787157ee4e72642d6407140e54|0cafc294bf1223c9ecad5ff0fdf9c064b7ed3e94
sys/contrib/openzfs/man/man8/zpool.8|man8/zpool.8|cdb7d6c44b302b5bee838fdc7e9c5083dd0b5567ce7de863757b1e3b70b5bfba|cdb7d6c44b302b5bee838fdc7e9c5083dd0b5567ce7de863757b1e3b70b5bfba|0cafc294bf1223c9ecad5ff0fdf9c064b7ed3e94
sys/contrib/openzfs/man/man8/zpool_influxdb.8|man8/zpool_influxdb.8|9115b101c4d237ab006cc3e6cc336007ecd5d350039ccef0145d3d842606ae5e|9115b101c4d237ab006cc3e6cc336007ecd5d350039ccef0145d3d842606ae5e|61145dc2b94f12f6a47344fb9aac702321880e43
sys/contrib/openzfs/man/man8/zstream.8|man8/zstream.8|87bf2080cc173d5c44d21fcf78a85a61af3f4233ea60e6df195e2c36a0c0ff73|87bf2080cc173d5c44d21fcf78a85a61af3f4233ea60e6df195e2c36a0c0ff73|0cafc294bf1223c9ecad5ff0fdf9c064b7ed3e94
sys/contrib/zstd/programs/zstd.1|man1/zstd.1|f3b554a8686f19266ed0a0de2b08d21f4fe278777e60aa1ab7f5abbe14be9220|7d16c39bb3d7d907e5de1cc0063bdce1ad110d6cc0b879af7139bf6bddca4653|ff426ceef657d7c478471e631349c5d1a8b96453
sys/contrib/zstd/programs/zstdgrep.1|man1/zstdgrep.1|48f849487660645500f3082c9371984b6248772b6e3af2650be59c7f30bc549d|870be6672462bfa01463ccb19000d51eb37f0cf042c0b40174c9422c92559203|ff426ceef657d7c478471e631349c5d1a8b96453
sys/contrib/zstd/programs/zstdless.1|man1/zstdless.1|38166f9eb8d93b36e29eb795ca6fa514d6ddddec78e3744b3ee6f1e6c413468c|b81683a9415ae75649f4f65a3d3db0b550245802956867eeac53bb6a24e9b841|ff426ceef657d7c478471e631349c5d1a8b96453
tools/tools/ath/athrd/athrd.1|man1/athrd.1|d941c1b035e44c8412f6fa61ee180cbc40052800d4aaf7ce5aa0f31cbbc5c7aa|d941c1b035e44c8412f6fa61ee180cbc40052800d4aaf7ce5aa0f31cbbc5c7aa|fa9896e082a1046ff4fbc75fcba4d18d1f2efc19
tools/tools/ether_reflect/ether_reflect.1|man1/ether_reflect.1|eec1622d2c01ee8bc7a261356758b7bec8942c5b928429530e1b3417eee8fb51|a12beac6e0dbdc885a59815f6e18a5d4b2c488427b83eb90f4cfa549d6f05438|6e1fc0118033f42b7c0d3623c8f67a89ebecabb2
tools/tools/fixwhite/fixwhite.1|man1/fixwhite.1|bbce68df307b6dd0ba23197397660380f18958fae65ae806cff11a7458fce0dd|bbce68df307b6dd0ba23197397660380f18958fae65ae806cff11a7458fce0dd|fa9896e082a1046ff4fbc75fcba4d18d1f2efc19
tools/tools/git/git-arc.1|man1/git-arc.1|395f044e7248903c01022bc098d00ef68225ab9d5ca3dc097863158de60821b1|003e35e236a838e1f6a3ba52f66097a39e1755fd67269fee5a9c7043b7c2a04d|20e6354fe78328494176427aa4fc49357d433460
tools/tools/ioat/ioatcontrol.8|man8/ioatcontrol.8|5d4f0688ca748ab754ef53a173ea37f8add1f374de8fd88c1f169a6d28b15e95|5d4f0688ca748ab754ef53a173ea37f8add1f374de8fd88c1f169a6d28b15e95|fa9896e082a1046ff4fbc75fcba4d18d1f2efc19
tools/tools/makeroot/makeroot.8|man8/makeroot.8|f502e887a318b952fd43426f7f0d78e9e780736c8ce0da992cf9635975325559|f502e887a318b952fd43426f7f0d78e9e780736c8ce0da992cf9635975325559|fa9896e082a1046ff4fbc75fcba4d18d1f2efc19
tools/tools/mcgrab/mcgrab.1|man1/mcgrab.1|4b3c8e1e7ae79299cd895a32a3df7418d040e4059ebd7aac3fa3a84c7bc13fbf|4b3c8e1e7ae79299cd895a32a3df7418d040e4059ebd7aac3fa3a84c7bc13fbf|fa9896e082a1046ff4fbc75fcba4d18d1f2efc19
tools/tools/mctest/mctest.1|man1/mctest.1|dd3bb5edfe4dfd3c28803fabb1b734def26919200a9d2c4aa6d6dff40a89f0c5|dd3bb5edfe4dfd3c28803fabb1b734def26919200a9d2c4aa6d6dff40a89f0c5|fa9896e082a1046ff4fbc75fcba4d18d1f2efc19
tools/tools/netmap/bridge.8|man8/bridge.8|f1620f63bf485d8a6a8db329f914ddcef469c6e58a85fe74dee170d96696e296|f1620f63bf485d8a6a8db329f914ddcef469c6e58a85fe74dee170d96696e296|fa9896e082a1046ff4fbc75fcba4d18d1f2efc19
tools/tools/netmap/lb.8|man8/lb.8|d4bb3e67b2367cbe933116d078336c9858d662dd8fed07b08a937978f9141198|d4bb3e67b2367cbe933116d078336c9858d662dd8fed07b08a937978f9141198|fa9896e082a1046ff4fbc75fcba4d18d1f2efc19
tools/tools/netmap/nmreplay.8|man8/nmreplay.8|027cb798ad4265efb9c1776365cc09f031a98ebdb8c95da1d38031d10b22d049|027cb798ad4265efb9c1776365cc09f031a98ebdb8c95da1d38031d10b22d049|fa9896e082a1046ff4fbc75fcba4d18d1f2efc19
tools/tools/netmap/pkt-gen.8|man8/pkt-gen.8|75670d2bb44ecaac315f41baf4c7ac2fc3ab153bc0fdb5137a0df8982a6f1459|75670d2bb44ecaac315f41baf4c7ac2fc3ab153bc0fdb5137a0df8982a6f1459|3c242182fb4b07cf0a7fb3f3b80b39c879c7b617
tools/tools/nvmf/nvmfd/nvmfd.8|man8/nvmfd.8|28cf4decd96ee251ddd300c28351dca6432005db452b8bf1dc73be0007e7ed4a|28cf4decd96ee251ddd300c28351dca6432005db452b8bf1dc73be0007e7ed4a|83dc2f33394bfee9e5e64693dda36b69e75718fc
tools/tools/vimage/vimage.8|man8/vimage.8|5238129eb692054801102725bbd130398996f38624c937989370db4a03a7aa3a|5238129eb692054801102725bbd130398996f38624c937989370db4a03a7aa3a|fa9896e082a1046ff4fbc75fcba4d18d1f2efc19
usr.bin/apply/apply.1|man1/apply.1|a7b630445aacf832bec5972fd1100eabea5971d0c7eb68f617cc336cb610c87e|ca8540e08491c0a83a4655ddf76235306031fe519a2a91ab66dbb464e7cd0920|a5ac63f95919f7695f17abad36d5b8831ffd2f1e
usr.bin/ar/ar.1|man1/ar.1|7d68cf4cbc2444d26c3bda6fbb5169204445f23777cbed374454b6860ee8a493|7d68cf4cbc2444d26c3bda6fbb5169204445f23777cbed374454b6860ee8a493|fa9896e082a1046ff4fbc75fcba4d18d1f2efc19
usr.bin/asa/asa.1|man1/asa.1|c72e850cad5e0de39d471473d820477639adfffc97e573cb29a59ecc76b367fb|b6d6d081a0844245e38d2ee1749647c7ea15a484f5d39636557219ba5edf0062|58d9d2f8daef8f646372efd6e87a7d4f5e05656b
usr.bin/awk/awk.1|man1/awk.1|161399fb11d9db099da4c1cdeaa16070c316218c99b6a337daf327261cac0539|d03c137191195338b0a0dc989a40c55bf87586d10bb39e3bc4a6e94c58df3594|e7a04a110724183c72e25c5c8461f89f50b4d08a
usr.bin/backlight/backlight.8|man8/backlight.8|a50be2a611d1916be13f53cd857798cc444fa5d23e1cde734cb27c0a6af17dcd|a50be2a611d1916be13f53cd857798cc444fa5d23e1cde734cb27c0a6af17dcd|fa9896e082a1046ff4fbc75fcba4d18d1f2efc19
usr.bin/basename/basename.1|man1/basename.1|d68468aafd9e05f4ad9398e174774dbf19337a5b6d7f2ab999f06c008d74486e|d68468aafd9e05f4ad9398e174774dbf19337a5b6d7f2ab999f06c008d74486e|bdcbfde31e8e9b343f113a1956384bdf30d1ed62
usr.bin/beep/beep.1|man1/beep.1|847c315d0b350759b068b12b39c99de7386d796fee78355a7689ff2e95229d29|75e005f797b828180aa7851220c88a303b4ef30ce146e4f70acf819d7daca7a4|6bda3655b8272aa9fd1301df3346aca4d5b0d39c
usr.bin/biff/biff.1|man1/biff.1|1eb9628862353e0c122d1f0a58a4c2c84602afd8cb0eb51287948a4bddf6ac7c|1eb9628862353e0c122d1f0a58a4c2c84602afd8cb0eb51287948a4bddf6ac7c|bdcbfde31e8e9b343f113a1956384bdf30d1ed62
usr.bin/bintrans/bintrans.1|man1/bintrans.1|f6592a358a3ac962673b1d5bf80000ec0386bf876f464b3fc3a19779d3e9eb8d|c9cbed527a145a8b3563e622a933b0f902a90cf899ee7a5de4936a70cdc44e32|491db92a1751ae3546cee4e73f43d7146cc9dc9d
usr.bin/bluetooth/bthost/bthost.1|man1/bthost.1|878c03fc307dd4c7333cf30716423396b745efc33f2917872395857c8b099ca1|878c03fc307dd4c7333cf30716423396b745efc33f2917872395857c8b099ca1|b2c76c41be32f904179efed29c0ca04d53f3996c
usr.bin/bluetooth/btsockstat/btsockstat.1|man1/btsockstat.1|6ea1ef382e99aee7929f00a35e03ab0df41b703f8993f458fef2443f01a47966|6ea1ef382e99aee7929f00a35e03ab0df41b703f8993f458fef2443f01a47966|b2c76c41be32f904179efed29c0ca04d53f3996c
usr.bin/bluetooth/rfcomm_sppd/rfcomm_sppd.1|man1/rfcomm_sppd.1|dacaf67ff3aaedeab7ddddf1945935470c4ec373c190470c91cc68ea67f1ab9e|dacaf67ff3aaedeab7ddddf1945935470c4ec373c190470c91cc68ea67f1ab9e|b2c76c41be32f904179efed29c0ca04d53f3996c
usr.bin/brandelf/brandelf.1|man1/brandelf.1|fbe7a585037b174b5efc50ffa7a9618e06f7148d7f0dce48382d9374bbeb2b43|fbe7a585037b174b5efc50ffa7a9618e06f7148d7f0dce48382d9374bbeb2b43|fa9896e082a1046ff4fbc75fcba4d18d1f2efc19
usr.bin/bsdiff/bsdiff/bsdiff.1|man1/bsdiff.1|20930091df3bb27a7408274ef8381fe462d91eabd1899b3d79602cd038f0452f|20930091df3bb27a7408274ef8381fe462d91eabd1899b3d79602cd038f0452f|fa9896e082a1046ff4fbc75fcba4d18d1f2efc19
usr.bin/bsdiff/bspatch/bspatch.1|man1/bspatch.1|4c75e802364aa0b235fffcc31d13f7f06dff3a55c98f81568bcd49c5feb0eed5|4c75e802364aa0b235fffcc31d13f7f06dff3a55c98f81568bcd49c5feb0eed5|fa9896e082a1046ff4fbc75fcba4d18d1f2efc19
usr.bin/c89/c89.1|man1/c89.1|ca91803a833837818a3d8019b085d80a4e8bfe50f645e45149b42d27582b0f83|ca91803a833837818a3d8019b085d80a4e8bfe50f645e45149b42d27582b0f83|fa9896e082a1046ff4fbc75fcba4d18d1f2efc19
usr.bin/c99/c99.1|man1/c99.1|76286415a0b83fffa03612072ae08913933af839720ebace11c87605afdf4499|76286415a0b83fffa03612072ae08913933af839720ebace11c87605afdf4499|b2c76c41be32f904179efed29c0ca04d53f3996c
usr.bin/calendar/calendar.1|man1/calendar.1|3bf3160f59815973a0438018bfedbfef78ac5dcec1b7729a39cdbbb4cba1b853|a889875fdfac31e04b1f366ed975d8ffe6019e441dca3f587132dedea0d32b23|0a82cd4f101c5eb8533a0049aaa3f06f005cf8af
usr.bin/cap_mkdb/cap_mkdb.1|man1/cap_mkdb.1|9eb612772e568a8b42a476a4008a5dd87ca329c3e80c8a9df37d228f9cf28c58|9eb612772e568a8b42a476a4008a5dd87ca329c3e80c8a9df37d228f9cf28c58|bdcbfde31e8e9b343f113a1956384bdf30d1ed62
usr.bin/chat/chat.8|man8/chat.8|6bd313522534a13bd8874bb90a9cbeb6e3c448049843fca77f9e8b8371e57e69|6bd313522534a13bd8874bb90a9cbeb6e3c448049843fca77f9e8b8371e57e69|b2c76c41be32f904179efed29c0ca04d53f3996c
usr.bin/chpass/chpass.1|man1/chpass.1|63bdda0a40d40a77f497e871b75685d24a9b3d30612ca51b35bf6e0b08628c72|8fb087a7d1895435a0e6b14af4d80b514d8b14ad0bccff4e6b560b535e7dd1da|a5ac63f95919f7695f17abad36d5b8831ffd2f1e
usr.bin/cksum/cksum.1|man1/cksum.1|a2c15d000918a12a021cd93dece352cf5cd3541cdd0d385718e82e2a23107a65|4f807a91a7e8417c8fa01074f6258087066d2c9f7c56b38e4416c5d2fa10e312|70445a8061226ad46a7079ce8ad96e89ae45d6c5
usr.bin/clang/bugpoint/bugpoint.1|man1/bugpoint.1|84e3a11b37f4fa7d7b8cc3fb675d57ebd3c4b9cf2d74962224de4ca46264f010|84e3a11b37f4fa7d7b8cc3fb675d57ebd3c4b9cf2d74962224de4ca46264f010|a324c34037ef2e1101962fca4ad0c021253288e1
usr.bin/clang/clang/clang.1|man1/clang.1|ecd67e68e0ff6a1bdbfae38854e0586ea6a06dfd4429cd635361fcfdf983d24f|ecd67e68e0ff6a1bdbfae38854e0586ea6a06dfd4429cd635361fcfdf983d24f|a324c34037ef2e1101962fca4ad0c021253288e1
usr.bin/clang/llc/llc.1|man1/llc.1|73ea918f4447372bb83979e36e9eb8c01f025a895401c055a5466e052e24a6e5|73ea918f4447372bb83979e36e9eb8c01f025a895401c055a5466e052e24a6e5|a324c34037ef2e1101962fca4ad0c021253288e1
usr.bin/clang/lldb-server/lldb-server.1|man1/lldb-server.1|841194ee11a142714ba191f64c2ba761da7408d6c1e1ceb591af9db1f58d2fe0|841194ee11a142714ba191f64c2ba761da7408d6c1e1ceb591af9db1f58d2fe0|b2c76c41be32f904179efed29c0ca04d53f3996c
usr.bin/clang/lldb/lldb.1|man1/lldb.1|d902419c105b1e4ce888ac828a939a489b7999d7e59d02cd70c429f23d8d6a16|d902419c105b1e4ce888ac828a939a489b7999d7e59d02cd70c429f23d8d6a16|b2c76c41be32f904179efed29c0ca04d53f3996c
usr.bin/clang/lli/lli.1|man1/lli.1|2473bdcf6d8a5197b41ca8c9c110db4e50c36882e520cdfe2c25f5fcfd3d2747|2473bdcf6d8a5197b41ca8c9c110db4e50c36882e520cdfe2c25f5fcfd3d2747|a324c34037ef2e1101962fca4ad0c021253288e1
usr.bin/clang/llvm-ar/llvm-ar.1|man1/llvm-ar.1|33239376c714a6e6030ae376aa115004c09fe95df22123009a8a4c28c510feb7|33239376c714a6e6030ae376aa115004c09fe95df22123009a8a4c28c510feb7|a324c34037ef2e1101962fca4ad0c021253288e1
usr.bin/clang/llvm-ar/llvm-ranlib.1|man1/llvm-ranlib.1|f403843d05171c19ed5089976c674b024fac3908aa67ef17e939ecedd80a3b0b|f403843d05171c19ed5089976c674b024fac3908aa67ef17e939ecedd80a3b0b|a324c34037ef2e1101962fca4ad0c021253288e1
usr.bin/clang/llvm-as/llvm-as.1|man1/llvm-as.1|d4a42ffae902fd9028d33c041c727634bbacd4fea24e08681286e1733f1bff50|d4a42ffae902fd9028d33c041c727634bbacd4fea24e08681286e1733f1bff50|a324c34037ef2e1101962fca4ad0c021253288e1
usr.bin/clang/llvm-bcanalyzer/llvm-bcanalyzer.1|man1/llvm-bcanalyzer.1|f9724ebe78b16c9d51638c278c98f8a778c5718c8f5dc6a00ef1120314b79614|f9724ebe78b16c9d51638c278c98f8a778c5718c8f5dc6a00ef1120314b79614|a324c34037ef2e1101962fca4ad0c021253288e1
usr.bin/clang/llvm-cov/llvm-cov.1|man1/llvm-cov.1|6f4c2adca5f5567b35cecf0e026cdacc0c48cdac9062d1de865fd246099c8b6d|6f4c2adca5f5567b35cecf0e026cdacc0c48cdac9062d1de865fd246099c8b6d|a324c34037ef2e1101962fca4ad0c021253288e1
usr.bin/clang/llvm-cxxfilt/llvm-cxxfilt.1|man1/llvm-cxxfilt.1|9edfa5ecc2e60c11722e4ae671cbad146ace7d97b5fbf3ba23d00e225068db26|9edfa5ecc2e60c11722e4ae671cbad146ace7d97b5fbf3ba23d00e225068db26|a324c34037ef2e1101962fca4ad0c021253288e1
usr.bin/clang/llvm-diff/llvm-diff.1|man1/llvm-diff.1|77f77a558849d72ff231f563e53434c3fd5c5feb415bdc63606860fec32df735|77f77a558849d72ff231f563e53434c3fd5c5feb415bdc63606860fec32df735|a324c34037ef2e1101962fca4ad0c021253288e1
usr.bin/clang/llvm-dis/llvm-dis.1|man1/llvm-dis.1|a3fe8f24710c8d73daaa0d7fce40909f0185136a2f0c6805442c67c377595e37|a3fe8f24710c8d73daaa0d7fce40909f0185136a2f0c6805442c67c377595e37|a324c34037ef2e1101962fca4ad0c021253288e1
usr.bin/clang/llvm-dwarfdump/llvm-dwarfdump.1|man1/llvm-dwarfdump.1|4681e202005dff6097f6ebde0951ea29856f36c2d7c5f51d93db2292300c9174|4681e202005dff6097f6ebde0951ea29856f36c2d7c5f51d93db2292300c9174|a324c34037ef2e1101962fca4ad0c021253288e1
usr.bin/clang/llvm-dwarfutil/llvm-dwarfutil.1|man1/llvm-dwarfutil.1|0ad9f480264d37758a0de0c312831652764658d668ca3e6eccd782b4c8299718|0ad9f480264d37758a0de0c312831652764658d668ca3e6eccd782b4c8299718|a324c34037ef2e1101962fca4ad0c021253288e1
usr.bin/clang/llvm-extract/llvm-extract.1|man1/llvm-extract.1|616c524b3a23d14379345227695e1fa1ab2e52451383736abe6fdae09622da84|616c524b3a23d14379345227695e1fa1ab2e52451383736abe6fdae09622da84|a324c34037ef2e1101962fca4ad0c021253288e1
usr.bin/clang/llvm-link/llvm-link.1|man1/llvm-link.1|0d5673e2b54c76e7365cb8c6d30ebb5db2f37678c0192672c6599a69203a1327|0d5673e2b54c76e7365cb8c6d30ebb5db2f37678c0192672c6599a69203a1327|a324c34037ef2e1101962fca4ad0c021253288e1
usr.bin/clang/llvm-mca/llvm-mca.1|man1/llvm-mca.1|ec64b554388703b52d201427e901384ffe35a128a97a68fe55c7a6954e37db31|ec64b554388703b52d201427e901384ffe35a128a97a68fe55c7a6954e37db31|a324c34037ef2e1101962fca4ad0c021253288e1
usr.bin/clang/llvm-nm/llvm-nm.1|man1/llvm-nm.1|f8ed69744186c9dc90ed5ef17ba391d3f727f284d7d4d428993f48462f7521d3|f8ed69744186c9dc90ed5ef17ba391d3f727f284d7d4d428993f48462f7521d3|a324c34037ef2e1101962fca4ad0c021253288e1
usr.bin/clang/llvm-objcopy/llvm-objcopy.1|man1/llvm-objcopy.1|37fa5b8e9a6f6a4c550eeabcd300c4e6c0aa61deaa8340bf9bbbde21ca82a837|37fa5b8e9a6f6a4c550eeabcd300c4e6c0aa61deaa8340bf9bbbde21ca82a837|a324c34037ef2e1101962fca4ad0c021253288e1
usr.bin/clang/llvm-objdump/llvm-objdump.1|man1/llvm-objdump.1|46fe79545128ee632ad66c3d42e3268dc480508924bbca99c9b256dfc2109925|46fe79545128ee632ad66c3d42e3268dc480508924bbca99c9b256dfc2109925|a324c34037ef2e1101962fca4ad0c021253288e1
usr.bin/clang/llvm-pdbutil/llvm-pdbutil.1|man1/llvm-pdbutil.1|33957d20d83266d5186052ad08530a566dd752bfe60a35e4715d16f2d53885b6|33957d20d83266d5186052ad08530a566dd752bfe60a35e4715d16f2d53885b6|a324c34037ef2e1101962fca4ad0c021253288e1
usr.bin/clang/llvm-profdata/llvm-profdata.1|man1/llvm-profdata.1|840f6cf8e91b3ac15068a18a536b7266eb408a844147fa4c62ef91db87fcbcee|840f6cf8e91b3ac15068a18a536b7266eb408a844147fa4c62ef91db87fcbcee|a324c34037ef2e1101962fca4ad0c021253288e1
usr.bin/clang/llvm-readobj/llvm-readelf.1|man1/llvm-readelf.1|84609e1897e6bb856ee8c2c82dff9ff22a0d2d72e30a9b1ac2b9ff9426f28814|84609e1897e6bb856ee8c2c82dff9ff22a0d2d72e30a9b1ac2b9ff9426f28814|a324c34037ef2e1101962fca4ad0c021253288e1
usr.bin/clang/llvm-readobj/llvm-readobj.1|man1/llvm-readobj.1|79d68619e2ae948e7d95c511d70dfc26e305210c60b1025b7877be9452322743|79d68619e2ae948e7d95c511d70dfc26e305210c60b1025b7877be9452322743|a324c34037ef2e1101962fca4ad0c021253288e1
usr.bin/clang/llvm-size/llvm-size.1|man1/llvm-size.1|a65ad5aadefe83f7850becbbca87aef5d95a89a3b2b97e2d2000eee77dac3c6b|a65ad5aadefe83f7850becbbca87aef5d95a89a3b2b97e2d2000eee77dac3c6b|a324c34037ef2e1101962fca4ad0c021253288e1
usr.bin/clang/llvm-strings/llvm-strings.1|man1/llvm-strings.1|516595acc6cd990f6d82125c352689501214bcd5d3a0e97e7c78cc7b5e1a301d|516595acc6cd990f6d82125c352689501214bcd5d3a0e97e7c78cc7b5e1a301d|a324c34037ef2e1101962fca4ad0c021253288e1
usr.bin/clang/llvm-symbolizer/llvm-addr2line.1|man1/llvm-addr2line.1|884a11e4eab1727a597ac8a93228ee3f69d050111f082941755679c328156604|884a11e4eab1727a597ac8a93228ee3f69d050111f082941755679c328156604|a324c34037ef2e1101962fca4ad0c021253288e1
usr.bin/clang/llvm-symbolizer/llvm-symbolizer.1|man1/llvm-symbolizer.1|8e9624aee0b83b4a0d2c37ee5373355d648c4b481e5a179d3851789f7a785671|8e9624aee0b83b4a0d2c37ee5373355d648c4b481e5a179d3851789f7a785671|a324c34037ef2e1101962fca4ad0c021253288e1
usr.bin/clang/opt/opt.1|man1/opt.1|baefa16920d11e4b72cf865384d0cdfd6df4e649d8cab57da8f249b379e70f04|baefa16920d11e4b72cf865384d0cdfd6df4e649d8cab57da8f249b379e70f04|a324c34037ef2e1101962fca4ad0c021253288e1
usr.bin/cmp/cmp.1|man1/cmp.1|8faa25b5288461b94c8af5394559aabce0566d89930fa6436b2cdd797f851950|8faa25b5288461b94c8af5394559aabce0566d89930fa6436b2cdd797f851950|bdcbfde31e8e9b343f113a1956384bdf30d1ed62
usr.bin/col/col.1|man1/col.1|350abdfdbc376c6b5fa1f4926be2afe07a85842d91f69b58aca28a6d8b17b67e|350abdfdbc376c6b5fa1f4926be2afe07a85842d91f69b58aca28a6d8b17b67e|bdcbfde31e8e9b343f113a1956384bdf30d1ed62
usr.bin/colrm/colrm.1|man1/colrm.1|2d4334c74ad816a92b7f35d7783e7f51f1233bf284623d706c601f4aa5d6b8c0|2d4334c74ad816a92b7f35d7783e7f51f1233bf284623d706c601f4aa5d6b8c0|bdcbfde31e8e9b343f113a1956384bdf30d1ed62
usr.bin/column/column.1|man1/column.1|6b70eef6f99ca00f65cd00216c65aa3dcfdb2175f1b7a49509e64f617b728ff6|5c1422c0aaee5c5cbc4eb14a1ddd2e9e98bea257c9eb8f3a1384214b5894213d|313713b24c6d2a3061972c4f431515c4f1b01c77
usr.bin/comm/comm.1|man1/comm.1|d590484fe320c62e633ebec707869933093aa155c18ab9ff682c15198cb2cdd5|d590484fe320c62e633ebec707869933093aa155c18ab9ff682c15198cb2cdd5|bdcbfde31e8e9b343f113a1956384bdf30d1ed62
usr.bin/compress/compress.1|man1/compress.1|e1bc78d1d33cc3a593993e558a5d46cea0f77687e2b304b6aa8da3dd0236cc67|e1bc78d1d33cc3a593993e558a5d46cea0f77687e2b304b6aa8da3dd0236cc67|bdcbfde31e8e9b343f113a1956384bdf30d1ed62
usr.bin/csplit/csplit.1|man1/csplit.1|031bf8027bcc852090b187eba3d854d8c84d4150bb10d22611075452c5972c10|031bf8027bcc852090b187eba3d854d8c84d4150bb10d22611075452c5972c10|fa9896e082a1046ff4fbc75fcba4d18d1f2efc19
usr.bin/ctags/ctags.1|man1/ctags.1|6dda65aa8e652d55e2995ee54563e139497653c8b753877a4cadc9890b373c11|6dda65aa8e652d55e2995ee54563e139497653c8b753877a4cadc9890b373c11|bdcbfde31e8e9b343f113a1956384bdf30d1ed62
usr.bin/ctlstat/ctlstat.8|man8/ctlstat.8|d4d65080c3619ecddc6e916e49d9f38467629d79f2e802a107d5599f80745019|d4d65080c3619ecddc6e916e49d9f38467629d79f2e802a107d5599f80745019|b2c76c41be32f904179efed29c0ca04d53f3996c
usr.bin/cut/cut.1|man1/cut.1|f52fc71bcdfa7419b26bcec5401295e8ff285753e74286ed5ecb2de65a7d1a02|bdbe95b6064af002f5fe326ef136b3c3d9a26c1e3b4f2ad6bd7399f82c6e823e|e30db5381c6e93b5af4755d1a5ba0641b804eac8
usr.bin/diff/diff.1|man1/diff.1|69889655ec5f1188fdf07b744f67da3a2259b94ca65666d11790aeb9a8102ae7|b43971802757afced0a20401248ddf68fa3e244c6d29906d5d23140ad70e12ee|e945411697cfaf9e57ef9ffdf9d35dfd9778612b
usr.bin/diff3/diff3.1|man1/diff3.1|3f8184133ff26c165243cf3db2499d6a73385b7df1d1ebdbeb51ebf7ffeeaa64|9a01208e03daa0b1fa80785c0faa36b76ea0e20cb299dfdd236e705efa9884f0|fa37a9e9135e5e87d8dc6342545c2e4f14537121
usr.bin/dpv/dpv.1|man1/dpv.1|d4f33c0e620d75101d4df6e278e472873da092d7f8d2253f6529ac1f314c7bc8|d4f33c0e620d75101d4df6e278e472873da092d7f8d2253f6529ac1f314c7bc8|fa9896e082a1046ff4fbc75fcba4d18d1f2efc19
usr.bin/dtc/dtc.1|man1/dtc.1|3881423736a2a31303ca3b30e02fb9a8dd542c17a606e7730e686dfc0ca22bbd|3881423736a2a31303ca3b30e02fb9a8dd542c17a606e7730e686dfc0ca22bbd|fa9896e082a1046ff4fbc75fcba4d18d1f2efc19
usr.bin/du/du.1|man1/du.1|37a96c01a02758b2ff72cb105836a75cdc271dd35724a11b82eb37a371edb188|c2bb8b464041efb90e4456bbe64a353b3437d2bc244d3e2b86108326bca4f040|b0c292621eb61ba4e88d5868fa7cba4911f2a172
usr.bin/elfctl/elfctl.1|man1/elfctl.1|78448df37464410ad5cca39d6ef018e2de5943044ae3a8de28483a09d88f2344|dbdb3e18b4f9a71d1aec2c129b6065453adb36745df77f71e0539ee86fa15f25|6e8f4f422fea2cfc1a7b524b69be7ee090bdac06
usr.bin/elfdump/elfdump.1|man1/elfdump.1|a7c8514ecc3f19ab1bd2747bb1f6ff16df348374fa1acbe85ee1e38ed10009a9|a7c8514ecc3f19ab1bd2747bb1f6ff16df348374fa1acbe85ee1e38ed10009a9|fa9896e082a1046ff4fbc75fcba4d18d1f2efc19
usr.bin/enigma/enigma.1|man1/enigma.1|8ffdd458e9aaaadb2d2ea0a9cc632f57e2f4a38251987da6173b3f926ff6703f|8ffdd458e9aaaadb2d2ea0a9cc632f57e2f4a38251987da6173b3f926ff6703f|fa9896e082a1046ff4fbc75fcba4d18d1f2efc19
usr.bin/env/env.1|man1/env.1|5ec323474a038162350cbee7f913d86f10156d1a3a1704045251a43795b9f8d2|9f7cd6c4c1e00d4bdf85b5104e893d2735f4e914e8883bc2c7d0140300b349b0|6f6166e49c78f6460732c02bbbba6fcc218221cf
usr.bin/etdump/etdump.1|man1/etdump.1|607b55c7d48cd6bdf23a8618456c5947403d5958b7fd03b0b71458a41f2a3969|9f1c381f5bb4d7af5145202c9278a3c39eaaf676d471a373c9c8931f4742dc1f|283be95ea29abd7f867e4084bafe368c47f6c038
usr.bin/expand/expand.1|man1/expand.1|4eb9ddd6a6bb88b70879577cef92ce56b012ecd119710771dcede63e41ff93ed|8d7e92363744e407c82bba539b3ca63099e94b938b7fd3370a7b3802b43aaaea|f3eeeb959c9b00c89a2e1ff009c78162eb398656
usr.bin/false/false.1|man1/false.1|3c76664091739d905a58083d3974f1397f1b4da99c2043c3ec23b3910c22c26f|3c76664091739d905a58083d3974f1397f1b4da99c2043c3ec23b3910c22c26f|bdcbfde31e8e9b343f113a1956384bdf30d1ed62
usr.bin/fetch/fetch.1|man1/fetch.1|631ea7523f4375c753ea1c516f6cbf59e3e7a91dc6c480b04a2a65d81d99ed29|c8c89d374d7acdb6d91932aa410fc68f52d44f681900a62a961da755ca354f05|98bfed530cbf860a5c729d97adf42628cefb55cb
usr.bin/file2c/file2c.1|man1/file2c.1|9b9e8de13cbc93c9b1721b9f564b9fed434cd6ed4df181f7a2e8a1df9f6708b6|9b9e8de13cbc93c9b1721b9f564b9fed434cd6ed4df181f7a2e8a1df9f6708b6|fa9896e082a1046ff4fbc75fcba4d18d1f2efc19
usr.bin/find/find.1|man1/find.1|c126104630cde9deb428d4140c132d6a3fdbf3fa4b9fc45f281ae59a9b80bf3e|84ae4b3cf189429ed7979458b0bd3776cbf0c08f9932581808ac40e336d286f1|5cbb1e05086c2cb510a9b77a6979dfb42c0cf215
usr.bin/finger/finger.1|man1/finger.1|2d2a4e416f0dbd12400901d854d1269194b52f2ccb4eb901b3bd2cb820fc76dd|2d2a4e416f0dbd12400901d854d1269194b52f2ccb4eb901b3bd2cb820fc76dd|bdcbfde31e8e9b343f113a1956384bdf30d1ed62
usr.bin/fmt/fmt.1|man1/fmt.1|d740e77d725f501f669407b1fc49a514d8df34f116834df0761fd7be20592853|d740e77d725f501f669407b1fc49a514d8df34f116834df0761fd7be20592853|bdcbfde31e8e9b343f113a1956384bdf30d1ed62
usr.bin/fold/fold.1|man1/fold.1|a97f605943f5752c196e119d578b5e47769d775b75251a08117d3c3186d95adb|a97f605943f5752c196e119d578b5e47769d775b75251a08117d3c3186d95adb|bdcbfde31e8e9b343f113a1956384bdf30d1ed62
usr.bin/fortune/strfile/strfile.8|man8/strfile.8|3a526b74d25ab62410bcd34582cdc84ec1da47d419d1949717c3eb922a12627f|3a526b74d25ab62410bcd34582cdc84ec1da47d419d1949717c3eb922a12627f|bdcbfde31e8e9b343f113a1956384bdf30d1ed62
usr.bin/from/from.1|man1/from.1|9103398fcf2736ced47a25bfdfdcdfdee1bff53e7684deca4ab1b130b938419c|9103398fcf2736ced47a25bfdfdcdfdee1bff53e7684deca4ab1b130b938419c|bdcbfde31e8e9b343f113a1956384bdf30d1ed62
usr.bin/fstat/fstat.1|man1/fstat.1|5752abbb3466253bd3af9270737f65ccf327fed39c7528bd7a5e1c282e17df59|ce1bb4caa98378683bf02931dbaf2f59c2f274c708125f662aa3eb8ef0f114ac|0ba51e3b638424597add4212958524c9b750dd7b
usr.bin/fstat/fuser.1|man1/fuser.1|1f3794cd8e68177c6f7114d16b691938328372db6fb90c7074ae14a020d19bcc|1f3794cd8e68177c6f7114d16b691938328372db6fb90c7074ae14a020d19bcc|fa9896e082a1046ff4fbc75fcba4d18d1f2efc19
usr.bin/fsync/fsync.1|man1/fsync.1|f035690260d29abf0239cbb2634919bfa2b2354a671977df2cf080d637cd8fa9|f035690260d29abf0239cbb2634919bfa2b2354a671977df2cf080d637cd8fa9|fa9896e082a1046ff4fbc75fcba4d18d1f2efc19
usr.bin/gcore/gcore.1|man1/gcore.1|53c2a1e7d56662b8b261d6753a74980b38e61d755869009ed935a8c21ae9de53|53c2a1e7d56662b8b261d6753a74980b38e61d755869009ed935a8c21ae9de53|bdcbfde31e8e9b343f113a1956384bdf30d1ed62
usr.bin/gencat/gencat.1|man1/gencat.1|6d86fb32d3103fac19e1f2a4283086d0c7d2a7f4241594abb34c929ca8c4f588|6d86fb32d3103fac19e1f2a4283086d0c7d2a7f4241594abb34c929ca8c4f588|fa9896e082a1046ff4fbc75fcba4d18d1f2efc19
usr.bin/genl/genl.1|man1/genl.1|fea1a831081327d4abb8ce49befa63f0c72ea2c638dab8cb33a680c454b67f4c|037fe5be2f67364dfe0eca3e8d377ee6687e5d34a2040844782bbf3c9d328756|13d81ef632ec6ca5e6936ab77e8ac67a8c430033
usr.bin/getaddrinfo/getaddrinfo.1|man1/getaddrinfo.1|2e396980257180ab5c6ed48913ce8083700f3b79c002ee468a792e8dab35056b|5a4305d38a6b2912ade2ed63ad7594915638c59197e9085d444c3b7d1877bdba|9cb98ab7ceeb97b70a4891a4a3a21372158ccf24
usr.bin/getconf/getconf.1|man1/getconf.1|8dd67123fe64bea72a85a3ab3bf5c46a97254dcdf5b9ccdaf4404b282da6f9a8|8dd67123fe64bea72a85a3ab3bf5c46a97254dcdf5b9ccdaf4404b282da6f9a8|fa9896e082a1046ff4fbc75fcba4d18d1f2efc19
usr.bin/getent/getent.1|man1/getent.1|210dbdf0dd63f805093a246d260e8d23eb748e6dc6484a818ad5858b39256a28|210dbdf0dd63f805093a246d260e8d23eb748e6dc6484a818ad5858b39256a28|fa9896e082a1046ff4fbc75fcba4d18d1f2efc19
usr.bin/getopt/getopt.1|man1/getopt.1|c2fcdc4b96b26777b26ad6fa71dad90b49a34023ec6edb14468cdd2df87fdf22|c2fcdc4b96b26777b26ad6fa71dad90b49a34023ec6edb14468cdd2df87fdf22|b2c76c41be32f904179efed29c0ca04d53f3996c
usr.bin/gprof/gprof.1|man1/gprof.1|75efc971741d9873753561c78c6451af0969d57b0976bf269a6779a9a0639edd|75efc971741d9873753561c78c6451af0969d57b0976bf269a6779a9a0639edd|bdcbfde31e8e9b343f113a1956384bdf30d1ed62
usr.bin/grep/grep.1|man1/grep.1|a240be6291e719181e1f0cfed23094452971d280908cad4320f652e5397871da|a240be6291e719181e1f0cfed23094452971d280908cad4320f652e5397871da|bdcbfde31e8e9b343f113a1956384bdf30d1ed62
usr.bin/grep/zgrep.1|man1/zgrep.1|d2bdfb84bcb91af086907c9e6c9ec099fba4d86c32f640ad3400123ee4bbb15e|68ba2b14d0ca41ad671489a94eaee62ace8b72ebe3dab36aebf777cf412ff044|6aca792f6f003dceb5ec1b50698c78c33e9b271d
usr.bin/gzip/gzexe.1|man1/gzexe.1|80a6eb5e8bff4cd531e7263884be06ab31fd0a47834c91a61eb696cf190c9c7c|80a6eb5e8bff4cd531e7263884be06ab31fd0a47834c91a61eb696cf190c9c7c|fa9896e082a1046ff4fbc75fcba4d18d1f2efc19
usr.bin/gzip/gzip.1|man1/gzip.1|820fd0c957c6308e7ebb109357d00477446619c1e39906f9fd1ef7734c0adb1e|44f3d983a878059c6d4cae19492d82976bed18d84c4f3ecb778864872fbfd34d|bc919e81e0b7dadf0ef550d83d0ef910cc20c5bf
usr.bin/gzip/zdiff.1|man1/zdiff.1|871716e288ad894155b7ffc04923384143e97573338b6a0bf900f0e4a4647c20|871716e288ad894155b7ffc04923384143e97573338b6a0bf900f0e4a4647c20|fa9896e082a1046ff4fbc75fcba4d18d1f2efc19
usr.bin/gzip/zforce.1|man1/zforce.1|51a31e4721592d0c6f255eeaf3b5819ffe38f87351be31ad2c94cbec221d5d72|51a31e4721592d0c6f255eeaf3b5819ffe38f87351be31ad2c94cbec221d5d72|fa9896e082a1046ff4fbc75fcba4d18d1f2efc19
usr.bin/gzip/zmore.1|man1/zmore.1|36c74e30440d6a32611ce7a383d1a7eaafcc3ccd2ece5e7fb49ad21e5ed8c06f|36c74e30440d6a32611ce7a383d1a7eaafcc3ccd2ece5e7fb49ad21e5ed8c06f|fa9896e082a1046ff4fbc75fcba4d18d1f2efc19
usr.bin/gzip/znew.1|man1/znew.1|f4ecc8dbfcca077876bd36ea5b154fff0d1ba45f8f802131f2932a90d6ab7b96|f4ecc8dbfcca077876bd36ea5b154fff0d1ba45f8f802131f2932a90d6ab7b96|fa9896e082a1046ff4fbc75fcba4d18d1f2efc19
usr.bin/head/head.1|man1/head.1|ba9373847fb61b12aaeec754934d01da92fd8c4c4abcc8a00e48c1e78aeaa1f1|ba9373847fb61b12aaeec754934d01da92fd8c4c4abcc8a00e48c1e78aeaa1f1|bdcbfde31e8e9b343f113a1956384bdf30d1ed62
usr.bin/hesinfo/hesinfo.1|man1/hesinfo.1|8935d0176a0dcac2fb5d548512a55946e3ecc0cb332f752e5285dec29d19d0c3|8935d0176a0dcac2fb5d548512a55946e3ecc0cb332f752e5285dec29d19d0c3|fa9896e082a1046ff4fbc75fcba4d18d1f2efc19
usr.bin/hexdump/hexdump.1|man1/hexdump.1|54a33ec27ba0f1effdc0ec894dc3d4fdc676701c921ddf096d577c7f0082aac6|54a33ec27ba0f1effdc0ec894dc3d4fdc676701c921ddf096d577c7f0082aac6|bdcbfde31e8e9b343f113a1956384bdf30d1ed62
usr.bin/hexdump/od.1|man1/od.1|9f17615af9effa8b0d2f527747a36f1c2318bdb96e36128221703d827360a79b|9f17615af9effa8b0d2f527747a36f1c2318bdb96e36128221703d827360a79b|bdcbfde31e8e9b343f113a1956384bdf30d1ed62
usr.bin/iconv/iconv.1|man1/iconv.1|d449af41d18bb7d01afd0fae00e812de9d17ddc4980a53c40807a7e9e47172c0|d449af41d18bb7d01afd0fae00e812de9d17ddc4980a53c40807a7e9e47172c0|b2c76c41be32f904179efed29c0ca04d53f3996c
usr.bin/id/groups.1|man1/groups.1|e26806043fd27084ae5e5d8a7a17f7aa6bd787067660f234c125aa786ddf48da|4207ca6e2000e68c39dc37c6242320bcb063510912ef4f7a5382af065d571fa4|2c4190609c78c532e0a667eba1ffb4b5c98ea532
usr.bin/id/id.1|man1/id.1|3adb1285697eea5d1fc46ed751063734c1fb4a1539e6da794d6816204149f9da|c0ff39b2ed0635ca69b3e80c292c718f801d59a10a6539c9048cfe37a226e971|2c4190609c78c532e0a667eba1ffb4b5c98ea532
usr.bin/id/whoami.1|man1/whoami.1|3ab1961f5e23ea8971ee411ccbf6e361f8463b0fe02674da28a903af103bd32c|3ab1961f5e23ea8971ee411ccbf6e361f8463b0fe02674da28a903af103bd32c|bdcbfde31e8e9b343f113a1956384bdf30d1ed62
usr.bin/ident/ident.1|man1/ident.1|655501c48d8077e3299e8afe48f27a025a0c5e1cc5ad1462c653bc005e11fc9c|451d1ad7cd49d3821da1f02983c2a48ad3171addfea553d8e4dee585bb7a26f1|56d81eb17db0e7d5f4a183b823f9e81cc2293f29
usr.bin/indent/indent.1|man1/indent.1|c2bcdf967ab5040f2cedb5fb2201d19ca3d23eabcf6d91d402fccc1b27b47b20|c2bcdf967ab5040f2cedb5fb2201d19ca3d23eabcf6d91d402fccc1b27b47b20|bdcbfde31e8e9b343f113a1956384bdf30d1ed62
usr.bin/ipcrm/ipcrm.1|man1/ipcrm.1|36e2966e2ab51329d3d709677b8046e7b731fc9786250d3b30de3f3f51712e52|5cc2db0ecc59f74c2582ff76cc6fdba45bae153a2d64acf7279180d751259f7f|6e8f4f422fea2cfc1a7b524b69be7ee090bdac06
usr.bin/ipcs/ipcs.1|man1/ipcs.1|03fc20346656da92fa54112b77ae4be3713a2442330a4c420af16018511daf4f|03fc20346656da92fa54112b77ae4be3713a2442330a4c420af16018511daf4f|fa9896e082a1046ff4fbc75fcba4d18d1f2efc19
usr.bin/iscsictl/iscsictl.8|man8/iscsictl.8|eabecbc6e21fa58aa2c81ffddc2b51ec8dee0826f7d75dd939baa82c1724d127|eabecbc6e21fa58aa2c81ffddc2b51ec8dee0826f7d75dd939baa82c1724d127|cc61a0793a0e7db8601e5eba1242befb810a5844
usr.bin/join/join.1|man1/join.1|9602ccdb53ea857555b87d793cd13425f4d262c96e434a85e37db9e50bb7b2b6|9602ccdb53ea857555b87d793cd13425f4d262c96e434a85e37db9e50bb7b2b6|bdcbfde31e8e9b343f113a1956384bdf30d1ed62
usr.bin/jot/jot.1|man1/jot.1|a8d1144351909a5311f911aeb4b6b6366db47c44b8e885a751eb1cfefcdf131e|a8d1144351909a5311f911aeb4b6b6366db47c44b8e885a751eb1cfefcdf131e|bdcbfde31e8e9b343f113a1956384bdf30d1ed62
usr.bin/kdump/kdump.1|man1/kdump.1|1d345e0b173b03cc69d9151c5c9cd5b0bc4f92d064ef4bdf88544ca21a57aff0|1d345e0b173b03cc69d9151c5c9cd5b0bc4f92d064ef4bdf88544ca21a57aff0|bdcbfde31e8e9b343f113a1956384bdf30d1ed62
usr.bin/killall/killall.1|man1/killall.1|a716bf1425953d5a96a423ce8085828f3b4e033a42dbaecc3cc302ae651f5838|a716bf1425953d5a96a423ce8085828f3b4e033a42dbaecc3cc302ae651f5838|fa9896e082a1046ff4fbc75fcba4d18d1f2efc19
usr.bin/ktrace/ktrace.1|man1/ktrace.1|46a0923a15b17d76c128c70de5ef6b71f96c662016ac7f2a5d55134ead24c0fd|3744ce14b02d5cac317a1a5fc0f10cfdf8bfec8d17e7eab3d394dca3dae12131|96f4be881e8e9e0cb9a6ad2cd9f17f4440983600
usr.bin/ktrdump/ktrdump.8|man8/ktrdump.8|168bd03dc170c4e19d5c1de72597aba32cac78569c4f1c6e20bc8059d9cdb0f2|168bd03dc170c4e19d5c1de72597aba32cac78569c4f1c6e20bc8059d9cdb0f2|fa9896e082a1046ff4fbc75fcba4d18d1f2efc19
usr.bin/lam/lam.1|man1/lam.1|7984f8b3ea81b6a840e2812823fabf6795b4a43b57afefa0e083536e2dc3c2ab|7984f8b3ea81b6a840e2812823fabf6795b4a43b57afefa0e083536e2dc3c2ab|bdcbfde31e8e9b343f113a1956384bdf30d1ed62
usr.bin/last/last.1|man1/last.1|454b829d930bd25bf3d11a532ea764c8acfa9ca35ace6c134e2339d87e7fa05c|0c46b8fba26b0bdf636d109a721f0b1878b8e78e1c0959636be5fc77125c6ff3|cc61a0793a0e7db8601e5eba1242befb810a5844
usr.bin/lastcomm/lastcomm.1|man1/lastcomm.1|287fa7ce3aca443f6dd22d2744c3b4f4ecf5d640c6db9b5fd57100787d690595|287fa7ce3aca443f6dd22d2744c3b4f4ecf5d640c6db9b5fd57100787d690595|bdcbfde31e8e9b343f113a1956384bdf30d1ed62
usr.bin/ldd/ldd.1|man1/ldd.1|5b3229930d4248b3a2b745539f73a9dbc9bbaba97aea7439bbbff4ff4dbe28ab|5b3229930d4248b3a2b745539f73a9dbc9bbaba97aea7439bbbff4ff4dbe28ab|b2c76c41be32f904179efed29c0ca04d53f3996c
usr.bin/leave/leave.1|man1/leave.1|3a59a9fe7a3dfc5285115a9fc3f4390a2d14bdcaee4e07d7d18b267f21e8f1b0|3a59a9fe7a3dfc5285115a9fc3f4390a2d14bdcaee4e07d7d18b267f21e8f1b0|bdcbfde31e8e9b343f113a1956384bdf30d1ed62
usr.bin/lex/lex.1|man1/lex.1|d177dcf640e6b7b51b0211659f5a4c0304c4fae728f51a08980c2531523b1ed5|d177dcf640e6b7b51b0211659f5a4c0304c4fae728f51a08980c2531523b1ed5|b2c76c41be32f904179efed29c0ca04d53f3996c
usr.bin/limits/limits.1|man1/limits.1|175fe46b1bc248e410aae0b064ed5344fa25ccab3dc63993c92699ce4b42973e|7a6db62e51a7d0e7543b923a091b35d2ef8075f03684af87f747423d54d1fc84|f54f41403d149e867b896ae753a0e7e2b0c738b0
usr.bin/locale/locale.1|man1/locale.1|754db07196edf193f32b3244c0d3cc4dc8f85d809cc5d2d78af86c78e03fcb19|754db07196edf193f32b3244c0d3cc4dc8f85d809cc5d2d78af86c78e03fcb19|fa9896e082a1046ff4fbc75fcba4d18d1f2efc19
usr.bin/localedef/localedef.1|man1/localedef.1|26128779c45dec707dda17e8a966b44ffd2603dff53594565a410d76aee5a53c|5fcd5343c395aa47cc66e57e78f6aafe52cab559436bc93cb46f03f28859d42f|c0367c654a3340c5aa194a3137489f760d556139
usr.bin/locate/locate/locate.1|man1/locate.1|5f70846c646f24acbfa970680f7c6870539bb7482f60d689deaa7590345c8e53|5f70846c646f24acbfa970680f7c6870539bb7482f60d689deaa7590345c8e53|bdcbfde31e8e9b343f113a1956384bdf30d1ed62
usr.bin/locate/locate/locate.updatedb.8|man8/locate.updatedb.8|33e7e7e7a2899088d88a9e48b0470aeab71aa5874c1e59a2173f0b697d859a0d|33e7e7e7a2899088d88a9e48b0470aeab71aa5874c1e59a2173f0b697d859a0d|fa9896e082a1046ff4fbc75fcba4d18d1f2efc19
usr.bin/lock/lock.1|man1/lock.1|dc3c5768c24ef16e922233b09e3c71d6910f4f15b177615155b0f3b2d4c3cd5e|1de65cb58b9a967c7a514f192233fd7c8bd4d0a13e9d0b7d845f069ab20faa82|3ef9e138dd8b70879ba91d84ac623baa0d4b6c91
usr.bin/lockf/lockf.1|man1/lockf.1|dd075a1e0f088afb7ac986592d0c33ed7f93d9fe426d1add3d4439c6dc284f6c|4640c66c462720b534a3d4ea3d46deb3da581de5262b70ab583f947eed1c3380|1ed68542b1f7fcf56caa820064bdfb61a6b14f36
usr.bin/logger/logger.1|man1/logger.1|48c24ccff98dad68160314653019fc17bcc7743f5c5c983ca918edeebb6f4240|48c24ccff98dad68160314653019fc17bcc7743f5c5c983ca918edeebb6f4240|bdcbfde31e8e9b343f113a1956384bdf30d1ed62
usr.bin/login/login.1|man1/login.1|5c0bf9b08b54c78d1a1978f26342d4e08d6e7bb6affd6da85d25b7c5859bcaf2|92c0a2b5d888c5d3d16e2022a3d7262fd195bdd8b5a218380880035f22dc7d9e|51e30d5adfb910b2130eec82d356b88404df250d
usr.bin/logins/logins.1|man1/logins.1|7fd6f2e5d75a2cd223ac8fe32da869429f2be7aed903d62a57bd8121cf2e3b95|7fd6f2e5d75a2cd223ac8fe32da869429f2be7aed903d62a57bd8121cf2e3b95|e738085b94631f90e21a49852538ac95974baf44
usr.bin/logname/logname.1|man1/logname.1|0dc06e92e0c4710c1311f4e500a6e1a65a47730841e01f3bbc701d1913428451|0dc06e92e0c4710c1311f4e500a6e1a65a47730841e01f3bbc701d1913428451|bdcbfde31e8e9b343f113a1956384bdf30d1ed62
usr.bin/look/look.1|man1/look.1|c3f1b008a3a89265ce8dc26b90b5f72504dc3e2a1248475e1c57a9d45e4f9983|872d78b5b841dcfcdb4ee4d9254993e6cccf66dd24602a1b6a5f249bcddbaf77|7df526eb10c9095e4988e77900f60ba00c42b095
usr.bin/lorder/lorder.1|man1/lorder.1|6380082b944dffbe2999e3ca0870b07b978bb4ee07cbf6c14954527f588b3432|c1ac069ba3419ae8dc59811c97cc8c39c32eeabd43510972765c143936a41f82|cf4d9bf8b38819da12c6d686d5cf6dbd6353cd61
usr.bin/lsvfs/lsvfs.1|man1/lsvfs.1|237abf7ede87e370b85130ed635c51665eaca950d201d7be50f9b5c33d0937d7|da21842d83c62ef71e73e1397a0b1995a1c2789ac31335994a2c95092d33e422|1a720cbec513210fa2e85c3882741ef2f6dc5f35
usr.bin/m4/m4.1|man1/m4.1|113b276cb91766c9cf9f4827aa24f5861ff176966bee0d1ea83e048d58717b34|113b276cb91766c9cf9f4827aa24f5861ff176966bee0d1ea83e048d58717b34|bdcbfde31e8e9b343f113a1956384bdf30d1ed62
usr.bin/mail/mail.1|man1/mail.1|73a52f2250fc3f6a6d512ff5690755cb1577c7a13aaae33b6a78e2e0d247e0b2|73a52f2250fc3f6a6d512ff5690755cb1577c7a13aaae33b6a78e2e0d247e0b2|bdcbfde31e8e9b343f113a1956384bdf30d1ed62
usr.bin/man/man.1|man1/man.1|07e495719df47c1a5d7169a6cf2dfc7503cf00e2544c68c1ad7d959fa0b6a9fd|ae00e986fe09f9a6fe685832af436eafc6b01312fb1523393da37725b2d59381|668fbde7df9af6e78cef7e9f5fa8ec7cb0966119
usr.bin/man/manpath.1|man1/manpath.1|b20a065672fd4d0a53dc46a72bb59e97d7343f1d2a9077fee72bc86b41a57827|4b3f8c12770f7642823e75ba67ff38d49b4a53e9bfcc4bfffc7a99524c460b8c|de3fa71eccfacc23f75dd080d209d907e66d64eb
usr.bin/mdo/mdo.1|man1/mdo.1|cfe1a8cffb96fd71e49b3ebbc50d11818ddf133ca125c8d8a0d7b6223669575c|cfe1a8cffb96fd71e49b3ebbc50d11818ddf133ca125c8d8a0d7b6223669575c|050ee8641ff8e44b3f4e64f61244aab743aa853f
usr.bin/mesg/mesg.1|man1/mesg.1|6e14f95eb4c140cb58ef8a200c3ef1a1b7655d1973f739bda2e25351e69ebf34|6e14f95eb4c140cb58ef8a200c3ef1a1b7655d1973f739bda2e25351e69ebf34|bdcbfde31e8e9b343f113a1956384bdf30d1ed62
usr.bin/mididump/mididump.1|man1/mididump.1|2d9622eb92dd5b31666a0f7f7a6dd8de6a53a96c8d36fe86a084abee5001ebe2|2d9622eb92dd5b31666a0f7f7a6dd8de6a53a96c8d36fe86a084abee5001ebe2|27aec148ea4bfa2ccd2170ed1ccc6665aa819607
usr.bin/ministat/ministat.1|man1/ministat.1|03b9a562069057b520d4b953c265f6e9e157133c69f304fb6c448a97a467c8d6|9219f0a5d3810f87e585831042cf840dc01582551caf2e73b8a4c98602b04353|66c45406f5eda04039d8f9699b9cdab61e1cb7b4
usr.bin/mkcsmapper/mkcsmapper.1|man1/mkcsmapper.1|132a7c5ab73571cfa1eee5e2df14c10334cca8feabc62bfbaff90ea558d0b656|132a7c5ab73571cfa1eee5e2df14c10334cca8feabc62bfbaff90ea558d0b656|fa9896e082a1046ff4fbc75fcba4d18d1f2efc19
usr.bin/mkdep/mkdep.1|man1/mkdep.1|f6e4bae11b1509fb197d218e51bbc47bb8dd4d9532dd5edbe9f3148f46ff4bab|f6e4bae11b1509fb197d218e51bbc47bb8dd4d9532dd5edbe9f3148f46ff4bab|bdcbfde31e8e9b343f113a1956384bdf30d1ed62
usr.bin/mkesdb/mkesdb.1|man1/mkesdb.1|28583086075aa2fb30ca0166287b865ff2cbd8f19ad7baa9bff2d489b83f84bc|28583086075aa2fb30ca0166287b865ff2cbd8f19ad7baa9bff2d489b83f84bc|fa9896e082a1046ff4fbc75fcba4d18d1f2efc19
usr.bin/mkfifo/mkfifo.1|man1/mkfifo.1|81ad2f1685b5fe3d60421bf806abe8146ea0b43323612fbc57290b6ae69e9fbb|81ad2f1685b5fe3d60421bf806abe8146ea0b43323612fbc57290b6ae69e9fbb|bdcbfde31e8e9b343f113a1956384bdf30d1ed62
usr.bin/mkimg/mkimg.1|man1/mkimg.1|775b5ce874a0afcc2a0057f07e59d86fa0044ad73a05892d5525ab0156e5279f|d99cc04e60647428e91390fbf97cbe5affbbd978687d4d3237f8a0b5efb8a44b|97ee3aeb2abf7ad5b38fbfebe7e1730b3e52d2fd
usr.bin/mkstr/mkstr.1|man1/mkstr.1|a8ae166b1f6dc5e2f59610e78d4588a510f55ab90f4658bbed5da661c322734f|a8ae166b1f6dc5e2f59610e78d4588a510f55ab90f4658bbed5da661c322734f|bdcbfde31e8e9b343f113a1956384bdf30d1ed62
usr.bin/mktemp/mktemp.1|man1/mktemp.1|8029887cd7129788e3d54dc38b8756ae3ad72b51d050d09694dc4f2cf13eac17|63e8fe757e291bbf8f5e1c41073578affafb4ad5ff82cd5c48674222d6582580|e3a9e2f029ab7a0674f44b64e5d246fbc9f932ca
usr.bin/mkuzip/mkuzip.8|man8/mkuzip.8|d8bcd4511113e3a7bb6868891ca017a135ecbfe80fbc0087d169037485af6e23|d8bcd4511113e3a7bb6868891ca017a135ecbfe80fbc0087d169037485af6e23|525a177c165740fc697df3de5b92e58b3b41477c
usr.bin/msgs/msgs.1|man1/msgs.1|d83bcf9ad4e68a8db95b1f1936516395dd93b52d6ac0e9911dfdeea6fa6ea6a2|072cf6b14cfd2c190c19601ee9ba4ea4df26a0b3ef07577220e1baba67a7c7de|6e1fc0118033f42b7c0d3623c8f67a89ebecabb2
usr.bin/mt/mt.1|man1/mt.1|7ed67b1e6ee20a1c5c781ebb7a7db369b1146a725bdc73f4d94c9fdfc15da350|18c8f1e5581cd3aeddcc25fa20350d42c2534e8942a6241659c4374ee7fafd78|7fe98ee4d49ad4a7c5e994a999567aec4b34f84e
usr.bin/ncal/ncal.1|man1/ncal.1|096d8b95d95a5a3fee5c1501506bcfd554fbec438b81659928d6c911e9b80a79|2bcdb14e963f2dfd7d6c5a6a212358004ed7213bd34c7bfb09320d8dc28e3471|49224311fe6d850e5c25a7e79328c87029df6be8
usr.bin/netstat/netstat.1|man1/netstat.1|d45ef9eb0a4b1cb8fb9fa27f84cce27bb68c47844dd871ab7ff79016084bf765|8b119dad0f5473acf3936cd38856250e35ef4257dad4726b749441d6a47a306a|c63d3e582ac0712254a9308adcb6fedebe0b8567
usr.bin/newgrp/newgrp.1|man1/newgrp.1|d171d3a669693e988924e89a53b01aea6be7743c2f810297084b48ef7b3aa092|f23336e3874113b5ff683e0a97afe5cf1936fc7a03eee7819a71ceb4e106381f|2c4190609c78c532e0a667eba1ffb4b5c98ea532
usr.bin/nfsstat/nfsstat.1|man1/nfsstat.1|23f15517968857af234097256586b4da6191da5498a77eaa13f59db8dfbcaf3c|42c2f4a17a8459e6c0e29ed7ba22486a0668d39f5eb0551598a9b882db308f3d|cc61a0793a0e7db8601e5eba1242befb810a5844
usr.bin/nice/nice.1|man1/nice.1|75e3f4e7f7d3f108bf95570c5edaa93a2f7023d80d9229e0147340d19a9a15e9|75e3f4e7f7d3f108bf95570c5edaa93a2f7023d80d9229e0147340d19a9a15e9|bdcbfde31e8e9b343f113a1956384bdf30d1ed62
usr.bin/nl/nl.1|man1/nl.1|0247654ea4837c810564d93265284e416ff9fef7d2f8642bc92d01c181e29f7a|0247654ea4837c810564d93265284e416ff9fef7d2f8642bc92d01c181e29f7a|b2c76c41be32f904179efed29c0ca04d53f3996c
usr.bin/nohup/nohup.1|man1/nohup.1|55602d08e0d7060ff6cadb0a908e6adaecb05fa492cdaa4c5970d3f5245dc2de|55602d08e0d7060ff6cadb0a908e6adaecb05fa492cdaa4c5970d3f5245dc2de|bdcbfde31e8e9b343f113a1956384bdf30d1ed62
usr.bin/pagesize/pagesize.1|man1/pagesize.1|d6fc8693339f8d1aed00691dd90641373a616953dc6f9f24e0ff840cae89401c|d6fc8693339f8d1aed00691dd90641373a616953dc6f9f24e0ff840cae89401c|bdcbfde31e8e9b343f113a1956384bdf30d1ed62
usr.bin/passwd/passwd.1|man1/passwd.1|2837fe0915fdb44214604c67be653b50a984335b1be614dbc3d559377faad201|2837fe0915fdb44214604c67be653b50a984335b1be614dbc3d559377faad201|bdcbfde31e8e9b343f113a1956384bdf30d1ed62
usr.bin/paste/paste.1|man1/paste.1|edefb4f6a0ce8a82fafb496b48cc806c4df85e2749c149b33fd942a7818b7a8a|edefb4f6a0ce8a82fafb496b48cc806c4df85e2749c149b33fd942a7818b7a8a|bdcbfde31e8e9b343f113a1956384bdf30d1ed62
usr.bin/patch/patch.1|man1/patch.1|d856252fef5fec3a0ad16d077ca621eef45c99272c547825022040dc91d7bdcc|d856252fef5fec3a0ad16d077ca621eef45c99272c547825022040dc91d7bdcc|b2c76c41be32f904179efed29c0ca04d53f3996c
usr.bin/pathchk/pathchk.1|man1/pathchk.1|b24268dc4018cb8ffcf117582ebc874bc4be30cfc92918e9c17bbb23d0662b3b|b24268dc4018cb8ffcf117582ebc874bc4be30cfc92918e9c17bbb23d0662b3b|fa9896e082a1046ff4fbc75fcba4d18d1f2efc19
usr.bin/perror/perror.1|man1/perror.1|77a4c08f8d8628f70360bc456f6580d24611f22685874cfb7abd22435519a99c|77a4c08f8d8628f70360bc456f6580d24611f22685874cfb7abd22435519a99c|fa9896e082a1046ff4fbc75fcba4d18d1f2efc19
usr.bin/posixmqcontrol/posixmqcontrol.1|man1/posixmqcontrol.1|d29066a9d89c84c28d0f5781008d2b40559da0a8220a026fd1565bb3f7373203|d29066a9d89c84c28d0f5781008d2b40559da0a8220a026fd1565bb3f7373203|6e1fc0118033f42b7c0d3623c8f67a89ebecabb2
usr.bin/posixshmcontrol/posixshmcontrol.1|man1/posixshmcontrol.1|e682950b29da03dd7d58e3786ae5b21a2e74b277cd713e4ec6da3201b61e08e7|ab4d920536c6850f2362717ae04fbac565cb2a9566608b85d58a86d1358e8409|3c242182fb4b07cf0a7fb3f3b80b39c879c7b617
usr.bin/pr/pr.1|man1/pr.1|95067762fffc04b6e7d0a37ade4fd5128a26308c013d40766a5575ae4d75a6bb|95067762fffc04b6e7d0a37ade4fd5128a26308c013d40766a5575ae4d75a6bb|bdcbfde31e8e9b343f113a1956384bdf30d1ed62
usr.bin/printenv/printenv.1|man1/printenv.1|5cf23a5dd2c0efcb4aab94e0602eba945f5aa8a020046cd3baa72764bc5bd60f|5cf23a5dd2c0efcb4aab94e0602eba945f5aa8a020046cd3baa72764bc5bd60f|bdcbfde31e8e9b343f113a1956384bdf30d1ed62
usr.bin/printf/printf.1|man1/printf.1|b6da339f3f834543477288518ee7d7167061906e0542f88242d5874e1bd20f47|b6da339f3f834543477288518ee7d7167061906e0542f88242d5874e1bd20f47|bdcbfde31e8e9b343f113a1956384bdf30d1ed62
usr.bin/proccontrol/proccontrol.1|man1/proccontrol.1|8f5c08cfc1ec6976080123fd3e788351d7a80ab28a7f93ac11ac5e207d848ef9|00c5fe2b20798821a97d05dcad4029ab827f29d0c13a301d3a35abb9917f3d59|3c242182fb4b07cf0a7fb3f3b80b39c879c7b617
usr.bin/procstat/procstat.1|man1/procstat.1|37adc9b6a781b59aa41ac5bc13f13904f05c99e563ec75d1174fb25fe4650df3|8b8ebe527e08e18cffae6af4bfc5a291ea833628becdf74e10f91611a4a85cf4|cc61a0793a0e7db8601e5eba1242befb810a5844
usr.bin/protect/protect.1|man1/protect.1|7a8133e7af7c1937b4b601c1d71478553d4dafe4460e04a842bed47518ebff76|7a8133e7af7c1937b4b601c1d71478553d4dafe4460e04a842bed47518ebff76|fa9896e082a1046ff4fbc75fcba4d18d1f2efc19
usr.bin/quota/quota.1|man1/quota.1|3d99b5e3a85b9fa1b45e382e77a989d4fb2d392ff3577c5bbb107aec86a068ca|3d99b5e3a85b9fa1b45e382e77a989d4fb2d392ff3577c5bbb107aec86a068ca|bdcbfde31e8e9b343f113a1956384bdf30d1ed62
usr.bin/rctl/rctl.8|man8/rctl.8|562c8c91b74ce096ae0808d858b6b449d24f1243d37e2f4ee43b7a7d0520a394|562c8c91b74ce096ae0808d858b6b449d24f1243d37e2f4ee43b7a7d0520a394|fa9896e082a1046ff4fbc75fcba4d18d1f2efc19
usr.bin/renice/renice.8|man8/renice.8|2af8d157c3291906c00239d24e5a74d01ad029c8cb58976b676091e1e3338c8c|2af8d157c3291906c00239d24e5a74d01ad029c8cb58976b676091e1e3338c8c|bdcbfde31e8e9b343f113a1956384bdf30d1ed62
usr.bin/resizewin/resizewin.1|man1/resizewin.1|b139433654741688b7c3f8d551a6f50cf3a6a1b81b826796d4ff7246cb91937d|63bde13ee62452f3c52002abd7022a51780222e7a9f3dadd778f663a58156776|4a5d51e73e48b27d90b21ed26999b23208f603d8
usr.bin/rev/rev.1|man1/rev.1|a6fce881bd2f380486979c9b34800c399e3c9f4d1d84461d9b62751e1e72a3b3|a6fce881bd2f380486979c9b34800c399e3c9f4d1d84461d9b62751e1e72a3b3|bdcbfde31e8e9b343f113a1956384bdf30d1ed62
usr.bin/revoke/revoke.1|man1/revoke.1|a58ec30b886540acdabbd5b3a687d84ac7cabc236f0629bca374b7699dc17455|a58ec30b886540acdabbd5b3a687d84ac7cabc236f0629bca374b7699dc17455|fa9896e082a1046ff4fbc75fcba4d18d1f2efc19
usr.bin/rpcgen/rpcgen.1|man1/rpcgen.1|e8e3bdf749131b30e1e26ddd5aec5598e802b0c6e6ec138a23965cedf4f1ce50|e8e3bdf749131b30e1e26ddd5aec5598e802b0c6e6ec138a23965cedf4f1ce50|bdcbfde31e8e9b343f113a1956384bdf30d1ed62
usr.bin/rpcinfo/rpcinfo.8|man8/rpcinfo.8|af3162bed07ef386ac56e4ead6c45056e7fb31a1115e4c41076a116a1242abe0|af3162bed07ef386ac56e4ead6c45056e7fb31a1115e4c41076a116a1242abe0|bdcbfde31e8e9b343f113a1956384bdf30d1ed62
usr.bin/rs/rs.1|man1/rs.1|3568e66e09d9cc73c6f444bf775cfd624c195ccbbc863c8f345ac324ae76cdfe|3568e66e09d9cc73c6f444bf775cfd624c195ccbbc863c8f345ac324ae76cdfe|bdcbfde31e8e9b343f113a1956384bdf30d1ed62
usr.bin/runat/runat.1|man1/runat.1|a36ecaad8f621eb4c8eba9dbd757536a762990fa4583cf7a1c9895f13cd524f3|a36ecaad8f621eb4c8eba9dbd757536a762990fa4583cf7a1c9895f13cd524f3|0660de8172cd5a03affb9e87a1007cac5ba30425
usr.bin/rup/rup.1|man1/rup.1|14044f9a44bc1aa2837789718b04fba6a734bd9b6078b793d0088a2852f0ac0b|14044f9a44bc1aa2837789718b04fba6a734bd9b6078b793d0088a2852f0ac0b|fa9896e082a1046ff4fbc75fcba4d18d1f2efc19
usr.bin/ruptime/ruptime.1|man1/ruptime.1|f99509df3ba1a84d6646e13815c48395b82580e75305f2e0539ffc162a55ef0b|f99509df3ba1a84d6646e13815c48395b82580e75305f2e0539ffc162a55ef0b|bdcbfde31e8e9b343f113a1956384bdf30d1ed62
usr.bin/rusers/rusers.1|man1/rusers.1|3005d3e74dadcf60da02a763aa05a0abb668e90140ffdbf2342d23433d08f773|3005d3e74dadcf60da02a763aa05a0abb668e90140ffdbf2342d23433d08f773|bdcbfde31e8e9b343f113a1956384bdf30d1ed62
usr.bin/rwall/rwall.1|man1/rwall.1|db53acac5e241234c74c0c210d426d2b5b0e2f8132700509fc527e101acfaf77|db53acac5e241234c74c0c210d426d2b5b0e2f8132700509fc527e101acfaf77|bdcbfde31e8e9b343f113a1956384bdf30d1ed62
usr.bin/rwho/rwho.1|man1/rwho.1|b95a29ec642b030a53b35d5bfaba65ce552d98e1380790bda346b8e2c4582d57|b95a29ec642b030a53b35d5bfaba65ce552d98e1380790bda346b8e2c4582d57|bdcbfde31e8e9b343f113a1956384bdf30d1ed62
usr.bin/script/script.1|man1/script.1|c150130d6702af74bc662acd196aff9013909b2782070c6628de3713c2cbb33a|c19f73d5279df9120994f08f8139ca2f6270baad8782b9f79818cb89e64b5876|a5ac63f95919f7695f17abad36d5b8831ffd2f1e
usr.bin/sdiff/sdiff.1|man1/sdiff.1|2b6bad4196e96ed727be284f515f65732ff810c1937552ded825d2d128800d71|eacc81c21b3706c7b9c02dc315f1d7107834a787e8b4ed1acfe50951d0e3622d|2670aa4807f04c484c4f5449b6fa25d98c4b8961
usr.bin/sed/sed.1|man1/sed.1|25a26285b3377cd804c1c96ae96b0f4d083041f9717d75507a7f91965f24c3a4|cfa17dd82a949cd1cdd41501864339d4521420fab3f4db7f749dfc6ea067ea72|3cb2a7e01e13c866d7c4bb55da8f229233c0cd7c
usr.bin/seq/seq.1|man1/seq.1|178f5c1e9afb0bcdd2f98ffce15cfb6ea7ec2805e0261890c58e42fa1be7f978|b9b79fd3c44df604bcaa8c6c923b525cfcc253f06b6a8fed2fdee25dd259e238|2f893597fcc34456d5adfc3f1633b39c76d0764f
usr.bin/showmount/showmount.8|man8/showmount.8|16687ce36766fed22493276cc18627b5b4beb4251650973ddd82816757894af3|16687ce36766fed22493276cc18627b5b4beb4251650973ddd82816757894af3|bdcbfde31e8e9b343f113a1956384bdf30d1ed62
usr.bin/sockstat/sockstat.1|man1/sockstat.1|17c5edbfbe8adf54ca63ee953ab06047909a8c363928d14cfc55d98fd6a08e25|eb941258f4ee36796a8c6d91ec864548c8754fdd817243b2883e8a9392a4b0e3|5845acb55615d5bc92fb2220005364c74765855a
usr.bin/soelim/soelim.1|man1/soelim.1|e69366f0bef2e5f0f7544855e41a81cdf8c93d5c529468ee2fbc26097fea1e1c|7d21fc1daea03b0d80454acf00c5f2ccf541e22b1bbacc059bc8d8d6530d9e19|3c242182fb4b07cf0a7fb3f3b80b39c879c7b617
usr.bin/split/split.1|man1/split.1|1637353a74cea4769a1f9059284045aed11ec4a63c3982eab9599731e52e4a95|19097154ce40750e7c6ac871e9600dffada72f9e532893a288e2051fa595150b|784f5708fd0feb4fbc14d24a448a7cf0fc0de664
usr.bin/ssh-copy-id/ssh-copy-id.1|man1/ssh-copy-id.1|de80042818b96948cf2902a2708c9c7f80352285fb1089d8d773b60968a63928|de80042818b96948cf2902a2708c9c7f80352285fb1089d8d773b60968a63928|fa9896e082a1046ff4fbc75fcba4d18d1f2efc19
usr.bin/stat/stat.1|man1/stat.1|8fddf005364f5418a7198ca1bb07884efa83e4d8c34be370620b1dcd38ba071d|fb13c620d514d970b8aad906ce78d9820cbf50361eeab2e5d8cb17bd0a6664a4|697d7905aba98c7e76ccbb9fffea173379f11296
usr.bin/stdbuf/stdbuf.1|man1/stdbuf.1|fb8b8f35240c48a5269aa42d12653e529781577c6b9d45cda9b1d834e589f125|fb8b8f35240c48a5269aa42d12653e529781577c6b9d45cda9b1d834e589f125|fa9896e082a1046ff4fbc75fcba4d18d1f2efc19
usr.bin/su/su.1|man1/su.1|90127dfb6b8001d5bb306f105ea0ce38ceeb03b7f99cc2438f56932a90d124c5|c7f1e1a86988a5a89735f93284e89fe9d0b7180dcc12b891f6a6d2101ffec44d|f850a9288bde429befdfc4563288b8d71b58b308
usr.bin/systat/systat.1|man1/systat.1|4a406704de0da95bef670e44c96179b3f7d427f1f976d4d8b77f4ab1368f9573|4a406704de0da95bef670e44c96179b3f7d427f1f976d4d8b77f4ab1368f9573|bdcbfde31e8e9b343f113a1956384bdf30d1ed62
usr.bin/tabs/tabs.1|man1/tabs.1|76fde693007ef41f5a7c8290888f24b42a582965620d863da580d58250a0b2b9|76fde693007ef41f5a7c8290888f24b42a582965620d863da580d58250a0b2b9|fa9896e082a1046ff4fbc75fcba4d18d1f2efc19
usr.bin/tail/tail.1|man1/tail.1|f7f2588e046aefd852ebdc5e8db80b1f336f11ce6dc99b4178cbf5b0e59d2b8a|dcd4c035c51fbcbbdbfa692a6aa7b505c418da48b670105b899d7b0a5f826acf|9f20787fe89e2a912a9e5dd2d3da56087722e8c2
usr.bin/talk/talk.1|man1/talk.1|f4eb80975cf0705a3c3be2af63751b41ea1a8f3ebf9eeb299324fb2f078c6fe6|f4eb80975cf0705a3c3be2af63751b41ea1a8f3ebf9eeb299324fb2f078c6fe6|bdcbfde31e8e9b343f113a1956384bdf30d1ed62
usr.bin/tcopy/tcopy.1|man1/tcopy.1|526354577f710a913c2d538ed3cba54a73c5010052b33174ec8f511ac7bd267e|48ee1aada0d6c59b9318014ec357d1c4912aa840bf202cdad3713c7bbf857b27|4f766afc1ca0595fcabafe4dbc61974bb81bfbfe
usr.bin/tee/tee.1|man1/tee.1|4e03baafe4bda39b4efd55f7eba8d846d7da81ef50b03b9ae433fdfea0f29ec5|e83a7260495f385fa1e665a74b1c4ff688e5a2c74692789f3e87cb8bbb32639d|1b3748977f28c70e0b161fb476bf4e075bcc5940
usr.bin/tftp/tftp.1|man1/tftp.1|67c8043dd9b4520c0b860034894b225afb3854b36eca0c54391f1054f3ccaf1e|67c8043dd9b4520c0b860034894b225afb3854b36eca0c54391f1054f3ccaf1e|bdcbfde31e8e9b343f113a1956384bdf30d1ed62
usr.bin/time/time.1|man1/time.1|13b7255f4eb221ee8a7b32cff6c1d0c7a1ffff871186003c332437250c875b5d|1124ac9513a90b03b3920f0f6faa65867d18f463dbafdf0ef329f7ea5a57957e|cb18ba9df52df247198c0f41979090686a0f8403
usr.bin/tip/tip/cu.1|man1/cu.1|a31f61c21ba6e8ebea3c2f35623227fa68f2f4f9be2b4d5f55b7dd9763fd1751|c93897931ce0eb72ccc4fa49d4c427eecb65740f1d5f4f606d91b8a6cb25642c|4d12c7b9df660b15580ff3b07ef5570d1cab958a
usr.bin/tip/tip/tip.1|man1/tip.1|0678bb70fedf58d0136208f931c910f540129a06d7f9762e9e549409f29bd0f2|0678bb70fedf58d0136208f931c910f540129a06d7f9762e9e549409f29bd0f2|bdcbfde31e8e9b343f113a1956384bdf30d1ed62
usr.bin/top/top.1|man1/top.1|fdf7dee5468465c7dc1d856c25c98705f2ca8f6bfad02489b4f603210d7673e3|17c858b6ef6cae13f332666d710606c287c67052786ac8eedcd3e3845f4f6c05|6a41fd466701db71da443e1b87b31d463d99d056
usr.bin/touch/touch.1|man1/touch.1|3a0306d52105b7ad4bc1d1b6f064b4cb538ade10f3ea0f5e190077ee35f2a077|3a0306d52105b7ad4bc1d1b6f064b4cb538ade10f3ea0f5e190077ee35f2a077|bdcbfde31e8e9b343f113a1956384bdf30d1ed62
usr.bin/tr/tr.1|man1/tr.1|0da6a2fab98c0e903eddf1bcc69ff2e3d71ac5ac2064cf14bef55063f82a3810|0da6a2fab98c0e903eddf1bcc69ff2e3d71ac5ac2064cf14bef55063f82a3810|bdcbfde31e8e9b343f113a1956384bdf30d1ed62
usr.bin/true/true.1|man1/true.1|5ed9dc6d88f041d0c0d5a3063c435ebbdefa0b2d2442e87c34f1e22ce6d6abfd|5ed9dc6d88f041d0c0d5a3063c435ebbdefa0b2d2442e87c34f1e22ce6d6abfd|bdcbfde31e8e9b343f113a1956384bdf30d1ed62
usr.bin/truncate/truncate.1|man1/truncate.1|5aa264cc1e3a1a49a1040849d51830b4eb0a3ff9a40df3ba2f3d01987391efeb|9fe9ff93abcd51a6994c753af2d46650e6e337cea881dd7934b474cb616a2da6|91ad27bcfc496393ba88f39ca13cdf1c59a7f487
usr.bin/truss/truss.1|man1/truss.1|2e0f2cc5b7895f99f7683936dc5bc7afe68c74442048c8453375214d461211e0|c399c4422a24bbf669fd2b5e3522f56ca4f40f7a3c39acb2249c85b81a3b02c6|fa9ac741d03342c33a0e8f85114949625ba4901f
usr.bin/tsort/tsort.1|man1/tsort.1|8da100f146d6a4955b0a7677bcc3943d71c7bd6039256f5e382600e229431f04|8da100f146d6a4955b0a7677bcc3943d71c7bd6039256f5e382600e229431f04|bdcbfde31e8e9b343f113a1956384bdf30d1ed62
usr.bin/tty/tty.1|man1/tty.1|f96dde71e90ae19b58ab2c111957e25878fcc5aaa22b99f3337779145c53de32|f96dde71e90ae19b58ab2c111957e25878fcc5aaa22b99f3337779145c53de32|bdcbfde31e8e9b343f113a1956384bdf30d1ed62
usr.bin/ul/ul.1|man1/ul.1|a1e0dadee6134ca33a96aa2a4cf2404cee9c3870dd4648910154f486f8fcb64d|a1e0dadee6134ca33a96aa2a4cf2404cee9c3870dd4648910154f486f8fcb64d|bdcbfde31e8e9b343f113a1956384bdf30d1ed62
usr.bin/uname/uname.1|man1/uname.1|d5023a497349beaff7fa91ec231acea21a0603aa2a6b92de3c5a465620883334|d5023a497349beaff7fa91ec231acea21a0603aa2a6b92de3c5a465620883334|bdcbfde31e8e9b343f113a1956384bdf30d1ed62
usr.bin/uniq/uniq.1|man1/uniq.1|3c9a2d613b0f7f64f1f003b3c7800a18619b39fa01124b773417907d23a2c125|9bd3de90d3a10eaf5d808f952f350fb66e19fa56ca7152c443042e41c9e0e9ce|b93791f5e7b0246b121dd98c10d6563298d6b2b0
usr.bin/units/units.1|man1/units.1|bade8a6e7e47fbfde5cf8179a3e495a655c642c3ac6b00a8f3aa7942f7a1d3a5|bade8a6e7e47fbfde5cf8179a3e495a655c642c3ac6b00a8f3aa7942f7a1d3a5|b2c76c41be32f904179efed29c0ca04d53f3996c
usr.bin/usbhidaction/usbhidaction.1|man1/usbhidaction.1|31f671384863ecad9681e157fb4ae5d27423c267c37ddec67569ad8c147b05fb|31f671384863ecad9681e157fb4ae5d27423c267c37ddec67569ad8c147b05fb|b2c76c41be32f904179efed29c0ca04d53f3996c
usr.bin/usbhidctl/usbhidctl.1|man1/usbhidctl.1|065c24dba83e69d46ae1c8ebfc5302caab636b5b523afc2cb0e56de0154c1981|065c24dba83e69d46ae1c8ebfc5302caab636b5b523afc2cb0e56de0154c1981|b2c76c41be32f904179efed29c0ca04d53f3996c
usr.bin/users/users.1|man1/users.1|7082ea0c7d418586ef5d014c93bacfc09977adf95afefe7e053a76c946242960|7082ea0c7d418586ef5d014c93bacfc09977adf95afefe7e053a76c946242960|bdcbfde31e8e9b343f113a1956384bdf30d1ed62
usr.bin/vgrind/vgrind.1|man1/vgrind.1|8dd7fbc3f8997d17a96229203ae245fabad66b02bee0948ad1cef9d7e18237bf|8dd7fbc3f8997d17a96229203ae245fabad66b02bee0948ad1cef9d7e18237bf|bdcbfde31e8e9b343f113a1956384bdf30d1ed62
usr.bin/vmstat/vmstat.8|man8/vmstat.8|4ad3947f48bf822c836e26092341ea10ebe1f277415ccdd644844875aeee0a1e|4ad3947f48bf822c836e26092341ea10ebe1f277415ccdd644844875aeee0a1e|cc61a0793a0e7db8601e5eba1242befb810a5844
usr.bin/vtfontcvt/vtfontcvt.8|man8/vtfontcvt.8|403f059937c480c07c8986e0d9f3d31f49c16fe4d2c4b9a41618e1ae4fd7ea1e|403f059937c480c07c8986e0d9f3d31f49c16fe4d2c4b9a41618e1ae4fd7ea1e|fa9896e082a1046ff4fbc75fcba4d18d1f2efc19
usr.bin/w/uptime.1|man1/uptime.1|9d1d287f1665fec4b768045d5f33a3e4da4a1b152eb2848f89f34c9355766dcb|e9aa5e03869e5f46c3841c61267066616fa575faa9ab127051e98e70e0f06f44|f6ff04831acf4b3ae693afb96a090e4a0c3803ab
usr.bin/w/w.1|man1/w.1|e2a431ebf5c67239ea60ddecbdbc69f70b4e10450f14e4a94d6a84a8d653ee6e|a7d5d9492939afe6f09fc1d67af337e42e01a47c9c1088e75a3fcf2689a9942f|f6ff04831acf4b3ae693afb96a090e4a0c3803ab
usr.bin/wall/wall.1|man1/wall.1|4530bc5db8405404a0a0ad99aa24d71e73c60a62826f827b900c1123e663930e|4530bc5db8405404a0a0ad99aa24d71e73c60a62826f827b900c1123e663930e|bdcbfde31e8e9b343f113a1956384bdf30d1ed62
usr.bin/wc/wc.1|man1/wc.1|05357b1463a51f56cb217d32e5f5e3587f3d7febb6676f1f91685407a4b18a9f|16d49e8cf4b089989f7352143dc8ad862d92b273983703b636d72d6fae9653dc|093b16a63674a8ac3087020b92072936d15df7bf
usr.bin/what/what.1|man1/what.1|6320e11776cd629281883021d5e4eb9631ef8fca2fb0f2d8e2b5b3356826fdd9|6320e11776cd629281883021d5e4eb9631ef8fca2fb0f2d8e2b5b3356826fdd9|bdcbfde31e8e9b343f113a1956384bdf30d1ed62
usr.bin/whereis/whereis.1|man1/whereis.1|76026a3b9c49a0f87ee519497642aec952c8122019ee7ac14c40817003131add|76026a3b9c49a0f87ee519497642aec952c8122019ee7ac14c40817003131add|bdcbfde31e8e9b343f113a1956384bdf30d1ed62
usr.bin/which/which.1|man1/which.1|6137a50fb0fdca8ac8fd07805b15f4c5888c3a890e6e22f3587680f254e2dc61|6137a50fb0fdca8ac8fd07805b15f4c5888c3a890e6e22f3587680f254e2dc61|fa9896e082a1046ff4fbc75fcba4d18d1f2efc19
usr.bin/who/who.1|man1/who.1|47b7ca4539b17d91ac697922eb6276c1e6be23c040b1913248b7f42bdad26d50|47b7ca4539b17d91ac697922eb6276c1e6be23c040b1913248b7f42bdad26d50|bdcbfde31e8e9b343f113a1956384bdf30d1ed62
usr.bin/whois/whois.1|man1/whois.1|96cdce495a62e6d5da90be5726433e16e6874df89dc672ac55a0bad8e42f550c|96cdce495a62e6d5da90be5726433e16e6874df89dc672ac55a0bad8e42f550c|bdcbfde31e8e9b343f113a1956384bdf30d1ed62
usr.bin/write/write.1|man1/write.1|d1e2c1af04df74658ced36fe258d5161d4f740a928b941dfc43dcde5febaca12|d1e2c1af04df74658ced36fe258d5161d4f740a928b941dfc43dcde5febaca12|bdcbfde31e8e9b343f113a1956384bdf30d1ed62
usr.bin/xargs/xargs.1|man1/xargs.1|076ca0303c5d06d26ed0502e451952f3f0ee23c1b520cca6e93e5954ca7e70aa|076ca0303c5d06d26ed0502e451952f3f0ee23c1b520cca6e93e5954ca7e70aa|bdcbfde31e8e9b343f113a1956384bdf30d1ed62
usr.bin/xinstall/install.1|man1/install.1|75463e53c6c00516745ff0d7ce7002675743872c9537b4875215747894ecd45d|ec62cfb8d47f4b00b2fddc96dd4747aebe8d9446d85b01cdaf1763c432dfcbb2|993df5472e52f1fce7d527fcd35a5d0a7d51dde0
usr.bin/xstr/xstr.1|man1/xstr.1|a38a3d316c15fd7f89594ea1caea5609ea601f9524225f6ac5eff545b4b1898a|a38a3d316c15fd7f89594ea1caea5609ea601f9524225f6ac5eff545b4b1898a|bdcbfde31e8e9b343f113a1956384bdf30d1ed62
usr.bin/yes/yes.1|man1/yes.1|bb8773fc6d5438e57daa3377ae0ab485ca249512735123e9f00cb4ccf387e4d3|5a3a5b5e0321a6644c2f261102682485face6e67144e450178d85e50bc3fb4d1|f2e600ff156d6ac80630b199c3781ac3c1527a9c
usr.bin/ypcat/ypcat.1|man1/ypcat.1|03e74b26e40fddf25cae4c1c0d509d064bc8ed5bd10debc5850c278e3bded651|03e74b26e40fddf25cae4c1c0d509d064bc8ed5bd10debc5850c278e3bded651|fa9896e082a1046ff4fbc75fcba4d18d1f2efc19
usr.bin/ypmatch/ypmatch.1|man1/ypmatch.1|4d9f95fba317c7e503c0c55254752172f77fcd8a56da84fa7afbcaea865312c4|4d9f95fba317c7e503c0c55254752172f77fcd8a56da84fa7afbcaea865312c4|fa9896e082a1046ff4fbc75fcba4d18d1f2efc19
usr.bin/ypwhich/ypwhich.1|man1/ypwhich.1|85a4b74abea18c45cb883ce2c5bc98281430a2fb348ffeca81434594dd71dbba|85a4b74abea18c45cb883ce2c5bc98281430a2fb348ffeca81434594dd71dbba|fa9896e082a1046ff4fbc75fcba4d18d1f2efc19
usr.sbin/ac/ac.8|man8/ac.8|9a754f150f64808283569992eff72bf16c67b3796b10da59ff6b81fc25abfce7|9a754f150f64808283569992eff72bf16c67b3796b10da59ff6b81fc25abfce7|fa9896e082a1046ff4fbc75fcba4d18d1f2efc19
usr.sbin/accton/accton.8|man8/accton.8|a4f2305972208aa591775b9dc7e5394a45dfea9f9f6e7d999f458c3d2c27b162|a4f2305972208aa591775b9dc7e5394a45dfea9f9f6e7d999f458c3d2c27b162|b2c76c41be32f904179efed29c0ca04d53f3996c
usr.sbin/acpi/acpiconf/acpiconf.8|man8/acpiconf.8|16805e9c24714666860c3baf908fd4ac6a6e48df56895a71c5c7a7cd66233f6c|16805e9c24714666860c3baf908fd4ac6a6e48df56895a71c5c7a7cd66233f6c|e738085b94631f90e21a49852538ac95974baf44
usr.sbin/acpi/acpidb/acpidb.8|man8/acpidb.8|76f68a1b4ce0f3d9207c885702b2aab7c5dd7a1cd28e1a97862c55a5bb27db54|76f68a1b4ce0f3d9207c885702b2aab7c5dd7a1cd28e1a97862c55a5bb27db54|fa9896e082a1046ff4fbc75fcba4d18d1f2efc19
usr.sbin/acpi/acpidump/acpidump.8|man8/acpidump.8|da317dfff6efa5d089368a648a5199bc15b94e104ebee682d44c44d2c1cb7d6d|da317dfff6efa5d089368a648a5199bc15b94e104ebee682d44c44d2c1cb7d6d|3ff9ea7dc2c52fcb67b7f6234cd351c3e2fbfafd
usr.sbin/acpi/iasl/iasl.8|man8/iasl.8|f7aba9d5ca18a5720e22aea73114004bbd1cf58267abe9f29eb824cd614e4111|f7aba9d5ca18a5720e22aea73114004bbd1cf58267abe9f29eb824cd614e4111|fa9896e082a1046ff4fbc75fcba4d18d1f2efc19
usr.sbin/adduser/adduser.8|man8/adduser.8|0f04370711283d177dd72ee91a4adba7cbcece7ad9773da319012b8105175048|0f04370711283d177dd72ee91a4adba7cbcece7ad9773da319012b8105175048|2c4190609c78c532e0a667eba1ffb4b5c98ea532
usr.sbin/adduser/rmuser.8|man8/rmuser.8|7576f043b18db638061a9990bf197455caee13b14fd7c1cf299a5c8515dd65f1|7576f043b18db638061a9990bf197455caee13b14fd7c1cf299a5c8515dd65f1|fa9896e082a1046ff4fbc75fcba4d18d1f2efc19
usr.sbin/apm/apm.8|man8/apm.8|1780374f0900ed95ab1559d90400a24b5e997e4972444f3f022277d453e4907d|1780374f0900ed95ab1559d90400a24b5e997e4972444f3f022277d453e4907d|fe9134294b22c232b60e666af2ec5d671ea053b3
usr.sbin/apmd/apmd.8|man8/apmd.8|c7520b651194677beb6c931df4ddd02f26a67013e34b5114b26248318d402fb7|c7520b651194677beb6c931df4ddd02f26a67013e34b5114b26248318d402fb7|8a7b61203704d362cfbc66c00619f51b24106b55
usr.sbin/arp/arp.8|man8/arp.8|76888b30cc59984389f4140b7fdfa3fed577fcaecea834c26124b80d05f97756|76888b30cc59984389f4140b7fdfa3fed577fcaecea834c26124b80d05f97756|cc61a0793a0e7db8601e5eba1242befb810a5844
usr.sbin/autofs/automount.8|man8/automount.8|52c8ec2806368bf2f7b446bb8faa3dc0976f5dadd4308b4c677338dba1185cbc|52c8ec2806368bf2f7b446bb8faa3dc0976f5dadd4308b4c677338dba1185cbc|7839534a5a7b0d97131512888d6baa8ba5c20e56
usr.sbin/autofs/automountd.8|man8/automountd.8|cd16831656c7447d38999756b7fe831b3b0103cc7c140ea31d8c9dcd91fea815|cd16831656c7447d38999756b7fe831b3b0103cc7c140ea31d8c9dcd91fea815|7839534a5a7b0d97131512888d6baa8ba5c20e56
usr.sbin/autofs/autounmountd.8|man8/autounmountd.8|6f02d934b9d2861307069119f8eaa3138f1458c54775a630ab7c8d2516f7b0a3|6f02d934b9d2861307069119f8eaa3138f1458c54775a630ab7c8d2516f7b0a3|7839534a5a7b0d97131512888d6baa8ba5c20e56
usr.sbin/bhyve/bhyve.8|man8/bhyve.8|1510ee985984c3e53d1d43882eff21718f41f6a98f5cb5ae9d97b6c45d208eb5|1510ee985984c3e53d1d43882eff21718f41f6a98f5cb5ae9d97b6c45d208eb5|3c242182fb4b07cf0a7fb3f3b80b39c879c7b617
usr.sbin/bhyvectl/bhyvectl.8|man8/bhyvectl.8|ed4710326ebc3ddc62486e300dc8afe08bb37429dcb81eb01e38e18bc5d38800|ed4710326ebc3ddc62486e300dc8afe08bb37429dcb81eb01e38e18bc5d38800|22348fb999385edaef38ce5e4308f44135f0326c
usr.sbin/bhyveload/bhyveload.8|man8/bhyveload.8|39848a49f48b217e165bd4f510f3c6d71c84c10cf6e4430570e5ff89e41bcd74|39848a49f48b217e165bd4f510f3c6d71c84c10cf6e4430570e5ff89e41bcd74|5df041c4bbf70d549b055f332630925295ad5aaf
usr.sbin/binmiscctl/binmiscctl.8|man8/binmiscctl.8|dc7870f8319cae4a5413463bac624489eec801f875f4edd06fc929dcae022a90|dc7870f8319cae4a5413463bac624489eec801f875f4edd06fc929dcae022a90|c013ca2cf772194de340aeb452a6ccfe7e1cecd8
usr.sbin/bluetooth/ath3kfw/ath3kfw.8|man8/ath3kfw.8|5a5c2e452beeb1862a697d3c3e7391da0326f09c5a0e3e992853074009d172f2|5a5c2e452beeb1862a697d3c3e7391da0326f09c5a0e3e992853074009d172f2|3c242182fb4b07cf0a7fb3f3b80b39c879c7b617
usr.sbin/bluetooth/bcmfw/bcmfw.8|man8/bcmfw.8|bdaa8e450b1aab49609962403e1c9f7384a37a1dd68e811dea37f9f02cd415c1|bdaa8e450b1aab49609962403e1c9f7384a37a1dd68e811dea37f9f02cd415c1|0790d99e0b951cfee5be0e1db4bc6fae972aeacb
usr.sbin/bluetooth/bluetooth-config/bluetooth-config.8|man8/bluetooth-config.8|a64a19e09799cf959c7a6f4ae49a5d2b4d9a649ce7b1ba7e4d52f4058500d253|a64a19e09799cf959c7a6f4ae49a5d2b4d9a649ce7b1ba7e4d52f4058500d253|fa9896e082a1046ff4fbc75fcba4d18d1f2efc19
usr.sbin/bluetooth/bthidcontrol/bthidcontrol.8|man8/bthidcontrol.8|064664215b2d54034a7df0700aad78a36fa5e2bb197742cb803183237f5e090c|064664215b2d54034a7df0700aad78a36fa5e2bb197742cb803183237f5e090c|b2c76c41be32f904179efed29c0ca04d53f3996c
usr.sbin/bluetooth/bthidd/bthidd.8|man8/bthidd.8|ad9e70289953455a7feda81e189a0857fe7d7a82709fbf790d05e4030be0feb0|ad9e70289953455a7feda81e189a0857fe7d7a82709fbf790d05e4030be0feb0|b2c76c41be32f904179efed29c0ca04d53f3996c
usr.sbin/bluetooth/btpand/btpand.8|man8/btpand.8|0b968cc4e8196be91cdb52f335a513a8880dfc0ae7876a637476361ca95979d8|0b968cc4e8196be91cdb52f335a513a8880dfc0ae7876a637476361ca95979d8|b2c76c41be32f904179efed29c0ca04d53f3996c
usr.sbin/bluetooth/hccontrol/hccontrol.8|man8/hccontrol.8|0d6ac43121f8df2a0887100b804ec7bee1cb59285cd2e82d22c008273ac4edbf|0d6ac43121f8df2a0887100b804ec7bee1cb59285cd2e82d22c008273ac4edbf|b2c76c41be32f904179efed29c0ca04d53f3996c
usr.sbin/bluetooth/hcsecd/hcsecd.8|man8/hcsecd.8|5e56bb78ab694f12b3e75bb31c24fbe92fea4dae58801e25410615b2d3100677|5e56bb78ab694f12b3e75bb31c24fbe92fea4dae58801e25410615b2d3100677|b2c76c41be32f904179efed29c0ca04d53f3996c
usr.sbin/bluetooth/iwmbtfw/iwmbtfw.8|man8/iwmbtfw.8|cdb3b2f58194d3a4761b1a9bcdf5c3387bf7f9e8f2b59e506d09f28034e586ad|cdb3b2f58194d3a4761b1a9bcdf5c3387bf7f9e8f2b59e506d09f28034e586ad|665ea58a31342f6cbe4f597d63616728e850a545
usr.sbin/bluetooth/l2control/l2control.8|man8/l2control.8|0a2e8a0a83caace401d293de051f50c27a0c12f0d92fbef8187a74afcf591163|0a2e8a0a83caace401d293de051f50c27a0c12f0d92fbef8187a74afcf591163|b2c76c41be32f904179efed29c0ca04d53f3996c
usr.sbin/bluetooth/l2ping/l2ping.8|man8/l2ping.8|f52c9f21d4856c1da7af55b7386233cc7ffc94f44da9126c51530f900c3bf171|f52c9f21d4856c1da7af55b7386233cc7ffc94f44da9126c51530f900c3bf171|b2c76c41be32f904179efed29c0ca04d53f3996c
usr.sbin/bluetooth/rfcomm_pppd/rfcomm_pppd.8|man8/rfcomm_pppd.8|56c6696e526dc2cee6c9ae52daed288e62231d9d332d778c5c049d3f15b2acea|56c6696e526dc2cee6c9ae52daed288e62231d9d332d778c5c049d3f15b2acea|b2c76c41be32f904179efed29c0ca04d53f3996c
usr.sbin/bluetooth/rtlbtfw/rtlbtfw.8|man8/rtlbtfw.8|f69ed3130fa391d87fec7057f479487106e1c1ee29fd5efc3d0f6be284a24fea|f69ed3130fa391d87fec7057f479487106e1c1ee29fd5efc3d0f6be284a24fea|e63297e1b61e4104ee51e4ed3e170cc2ed24ce38
usr.sbin/bluetooth/sdpcontrol/sdpcontrol.8|man8/sdpcontrol.8|bbd08346c3acc2bb32ee55d7dcedb060ae34506339338ea6a2ab60a3fb3ab539|bbd08346c3acc2bb32ee55d7dcedb060ae34506339338ea6a2ab60a3fb3ab539|b2c76c41be32f904179efed29c0ca04d53f3996c
usr.sbin/bluetooth/sdpd/sdpd.8|man8/sdpd.8|966c8d36a0ce037d8024d422c28b733be106be00576839593763857af14f18ac|966c8d36a0ce037d8024d422c28b733be106be00576839593763857af14f18ac|b2c76c41be32f904179efed29c0ca04d53f3996c
usr.sbin/boot0cfg/boot0cfg.8|man8/boot0cfg.8|2c77940b806831a1cc40f861ca33c46f74fe8c47b171adc6c59cd7d481095708|2c77940b806831a1cc40f861ca33c46f74fe8c47b171adc6c59cd7d481095708|15a0a7d525cf8e306f9f202496f67bee12026660
usr.sbin/bootparamd/bootparamd/bootparamd.8|man8/bootparamd.8|6c5be00aa298d79c86fd16c0f4c124ac44917c46c541e4c27e473f3777ef246b|6c5be00aa298d79c86fd16c0f4c124ac44917c46c541e4c27e473f3777ef246b|8a7b61203704d362cfbc66c00619f51b24106b55
usr.sbin/boottrace/boottrace.8|man8/boottrace.8|0ac9345635fcba9022994a684b8ad243a3be40902a4a78b7a7e31c6a9f141170|0ac9345635fcba9022994a684b8ad243a3be40902a4a78b7a7e31c6a9f141170|4d846d260e2b9a3d4d0a701462568268cbfe7a5b
usr.sbin/bsdconfig/bsdconfig.8|man8/bsdconfig.8|f47365a5bdbdc2d359d4214d0d5b3875560ff9bd23449222ce3630c78955e8ac|f47365a5bdbdc2d359d4214d0d5b3875560ff9bd23449222ce3630c78955e8ac|fa9896e082a1046ff4fbc75fcba4d18d1f2efc19
usr.sbin/bsdinstall/bsdinstall.8|man8/bsdinstall.8|9f057aa8dbcc481f6bb74209317e59c30764c5b56d4a24dd7bbdacceddc121a1|9f057aa8dbcc481f6bb74209317e59c30764c5b56d4a24dd7bbdacceddc121a1|1f5869130f6ebd299e65a627eff23a8c3d360afb
usr.sbin/bsdinstall/partedit/sade.8|man8/sade.8|24412bafe251debf16902d2b1c06c97197a25ac3e7714b78bf8e052e9fa93023|24412bafe251debf16902d2b1c06c97197a25ac3e7714b78bf8e052e9fa93023|fa9896e082a1046ff4fbc75fcba4d18d1f2efc19
usr.sbin/bsnmpd/tools/bsnmptools/bsnmpget.1|man1/bsnmpget.1|e2f709972b3c0213be16bc2d92be4ec8440a6bec4e6ed102f9a75c5c49898601|e2f709972b3c0213be16bc2d92be4ec8440a6bec4e6ed102f9a75c5c49898601|fa9896e082a1046ff4fbc75fcba4d18d1f2efc19
usr.sbin/btxld/btxld.8|man8/btxld.8|f1001aea8c5d78fb6738d8c3f5a69fc3324bac2b734648b2f8eef9bf3c4c0b9b|f1001aea8c5d78fb6738d8c3f5a69fc3324bac2b734648b2f8eef9bf3c4c0b9b|fa9896e082a1046ff4fbc75fcba4d18d1f2efc19
usr.sbin/camdd/camdd.8|man8/camdd.8|1c6dd3d751f3ac42502fde7977dbdb1dff89707b4bf6cd41c8eae65adc03025b|1c6dd3d751f3ac42502fde7977dbdb1dff89707b4bf6cd41c8eae65adc03025b|fa9896e082a1046ff4fbc75fcba4d18d1f2efc19
usr.sbin/cdcontrol/cdcontrol.1|man1/cdcontrol.1|570e8c3e55f4bc5de94318ceca8af3ca925610f25379bba5dfd46a92356e30c2|570e8c3e55f4bc5de94318ceca8af3ca925610f25379bba5dfd46a92356e30c2|b2c76c41be32f904179efed29c0ca04d53f3996c
usr.sbin/certctl/certctl.8|man8/certctl.8|572fe8bd261bc034c13875afc0f6037c3ec79b35d5a27efe4a9c94b5ec784690|572fe8bd261bc034c13875afc0f6037c3ec79b35d5a27efe4a9c94b5ec784690|c65e233a52c61bf24fb935d1971e38fbde10791d
usr.sbin/chkgrp/chkgrp.8|man8/chkgrp.8|e5c81578bb584a96e307efccf16424d3ea30f55d093026d5cdc2d3e3dd5157e1|e5c81578bb584a96e307efccf16424d3ea30f55d093026d5cdc2d3e3dd5157e1|2c4190609c78c532e0a667eba1ffb4b5c98ea532
usr.sbin/chown/chgrp.1|man1/chgrp.1|7a9fbbe727b5c7f0abb6cd24243c59df3f60d9d6e905bf71f3547073b39a6be3|27f20bc86cd143daa860c3f2f8f6c1e5d46ed11d352315e17201ff6c62e73762|2c4190609c78c532e0a667eba1ffb4b5c98ea532
usr.sbin/chown/chown.8|man8/chown.8|e43d61cd1631adacbd8470080e98bcd37556ccfdf55c190f2c05af0fd44544d3|e43d61cd1631adacbd8470080e98bcd37556ccfdf55c190f2c05af0fd44544d3|2c4190609c78c532e0a667eba1ffb4b5c98ea532
usr.sbin/chroot/chroot.8|man8/chroot.8|7ba11a84d107bde3bc47edfa3791651d7840971ca1ac0c015978a9c208112590|7ba11a84d107bde3bc47edfa3791651d7840971ca1ac0c015978a9c208112590|9229de71e48c153b0a270e579dbdb1706c8e3f8c
usr.sbin/ckdist/ckdist.1|man1/ckdist.1|4943e4b07a59c0680a6be88acd4cbf0ac9abae5ea14a801b599be386fb584b42|4943e4b07a59c0680a6be88acd4cbf0ac9abae5ea14a801b599be386fb584b42|fa9896e082a1046ff4fbc75fcba4d18d1f2efc19
usr.sbin/clear_locks/clear_locks.8|man8/clear_locks.8|40766bbc19bd3a5ee0deef8c994b218c6b71ab34d3dab59e12071cce190137af|40766bbc19bd3a5ee0deef8c994b218c6b71ab34d3dab59e12071cce190137af|fa9896e082a1046ff4fbc75fcba4d18d1f2efc19
usr.sbin/config/config.8|man8/config.8|2072852db50e3dcf69f112120743fe6549668bb4b0ef285e6a7a3e17d8142ce2|2072852db50e3dcf69f112120743fe6549668bb4b0ef285e6a7a3e17d8142ce2|9e2b87207ba1949f402e169416f63ab5cdbf3dd4
usr.sbin/cpucontrol/cpucontrol.8|man8/cpucontrol.8|f69d92bb72d0d3fea1d57a5e81bdb39e7b9ab77362459c8f713e9fb7714ad62b|f69d92bb72d0d3fea1d57a5e81bdb39e7b9ab77362459c8f713e9fb7714ad62b|fa9896e082a1046ff4fbc75fcba4d18d1f2efc19
usr.sbin/crashinfo/crashinfo.8|man8/crashinfo.8|f3c91aa1c4e242277aeb6c40bf68fef8333593214d71ede1946cb33827d1552d|f3c91aa1c4e242277aeb6c40bf68fef8333593214d71ede1946cb33827d1552d|fa9896e082a1046ff4fbc75fcba4d18d1f2efc19
usr.sbin/cron/cron/cron.8|man8/cron.8|3af5547e3f67420e43e5fce28c2b1d1648211f61184592f82e88927b1b445ac6|3af5547e3f67420e43e5fce28c2b1d1648211f61184592f82e88927b1b445ac6|2edb8d4f60cd66979c0b8a76c2ccbc33dac462ad
usr.sbin/cron/crontab/crontab.1|man1/crontab.1|06972d16a0d3dc79b0f18e0514785331d599af8379d1e62d15855afdc58fb843|b920120d24516114cff5b1d679a79a829f114fbe925a9d76fc8d7cbfeda76a40|da9cd485d0950de83c9762ca99532114aeb394d4
usr.sbin/crunch/crunchgen/crunchgen.1|man1/crunchgen.1|6782679c253bc7f51c803dec434073aa6f8267ce1b697a465e9919f4ff74ac03|6782679c253bc7f51c803dec434073aa6f8267ce1b697a465e9919f4ff74ac03|b2c76c41be32f904179efed29c0ca04d53f3996c
usr.sbin/crunch/crunchide/crunchide.1|man1/crunchide.1|a90d1b6586f45791295262c1ae6f9348e2448032bcc55bbb341c4e204bdf9a42|a90d1b6586f45791295262c1ae6f9348e2448032bcc55bbb341c4e204bdf9a42|b2c76c41be32f904179efed29c0ca04d53f3996c
usr.sbin/ctladm/ctladm.8|man8/ctladm.8|4c6f0b6fd420df0339cb93cbe3a5c5dcd7a5bd42beb87169cabf411b15f053ab|4c6f0b6fd420df0339cb93cbe3a5c5dcd7a5bd42beb87169cabf411b15f053ab|8206fcc5ef82a0e0518ed5e3a011ef38893b3eb6
usr.sbin/ctld/ctld.8|man8/ctld.8|4d471b71e5beac46282cf4f5f3922850e479cfbf51a8a8066ddda1104749e2e8|4d471b71e5beac46282cf4f5f3922850e479cfbf51a8a8066ddda1104749e2e8|fa9896e082a1046ff4fbc75fcba4d18d1f2efc19
usr.sbin/cxgbetool/cxgbetool.8|man8/cxgbetool.8|f0be0239558a3a8dd6f67fdaa4d09d4a33a0814c3b4200e6430c60e35886ed69|f0be0239558a3a8dd6f67fdaa4d09d4a33a0814c3b4200e6430c60e35886ed69|3c242182fb4b07cf0a7fb3f3b80b39c879c7b617
usr.sbin/daemon/daemon.8|man8/daemon.8|6f86339d86ac58be95916adf3d16bf1d5400ed18f3ae3311f8cdb045fa8537c7|6f86339d86ac58be95916adf3d16bf1d5400ed18f3ae3311f8cdb045fa8537c7|79f020ffcad205ef82b0a098fd356dbbc5fba8cd
usr.sbin/dconschat/dconschat.8|man8/dconschat.8|8d74076671a37b5dfd80e90ff0fa631d42bde709f4db712d2547430b85f0b9cb|8d74076671a37b5dfd80e90ff0fa631d42bde709f4db712d2547430b85f0b9cb|9fd66e40cac02691d36386cf275d23367e34fc43
usr.sbin/devctl/devctl.8|man8/devctl.8|8e4830f87e2bc560f61e8c8ba0cf10f7bf5cfd17cfecd9b636b09b26be3d956a|8e4830f87e2bc560f61e8c8ba0cf10f7bf5cfd17cfecd9b636b09b26be3d956a|fa9896e082a1046ff4fbc75fcba4d18d1f2efc19
usr.sbin/devinfo/devinfo.8|man8/devinfo.8|661300bb4d1b41ac31e21bd64bfc737d495f186f6d5f7f843bfc33b3b1e36f84|661300bb4d1b41ac31e21bd64bfc737d495f186f6d5f7f843bfc33b3b1e36f84|de3fa71eccfacc23f75dd080d209d907e66d64eb
usr.sbin/diskinfo/diskinfo.8|man8/diskinfo.8|2bfbd638adfb77156c13bbcac23d199f78ab157038e9aa882a0a9012742ab309|2bfbd638adfb77156c13bbcac23d199f78ab157038e9aa882a0a9012742ab309|240c22909a06d8b3d52fbc6d00bcf27fe9a1dc02
usr.sbin/dumpcis/dumpcis.8|man8/dumpcis.8|fa496821bb5c367f3b7b84911933bff8abf12f3a3fe71ca2885d3beb91c5e7be|fa496821bb5c367f3b7b84911933bff8abf12f3a3fe71ca2885d3beb91c5e7be|8bafd2f0523209ec4c5eb2a64c90b3013cb6b45c
usr.sbin/edquota/edquota.8|man8/edquota.8|ef61eea486948209215e2d75815bac61b9efd11487d3365b3d63ed3ca5747305|ef61eea486948209215e2d75815bac61b9efd11487d3365b3d63ed3ca5747305|8a7b61203704d362cfbc66c00619f51b24106b55
usr.sbin/efibootmgr/efibootmgr.8|man8/efibootmgr.8|5550782a5b93a979a6ed9077957093b0954a800be37f720e7170350d891faf8d|5550782a5b93a979a6ed9077957093b0954a800be37f720e7170350d891faf8d|80a97bc622509ac56a6e49c9254441de7817e16d
usr.sbin/efidp/efidp.8|man8/efidp.8|c2bfa2dd4b545c48856fc0afcff1ebb00011223190d3d16ca404a8ef30a5fbcc|c2bfa2dd4b545c48856fc0afcff1ebb00011223190d3d16ca404a8ef30a5fbcc|fa9896e082a1046ff4fbc75fcba4d18d1f2efc19
usr.sbin/efitable/efitable.8|man8/efitable.8|7a85724dec3a8d7e0c4cb768435cd8d5ca04704cb85a678092ea20982163e5b5|7a85724dec3a8d7e0c4cb768435cd8d5ca04704cb85a678092ea20982163e5b5|453cfe97276d2b2e6ffc4c851ae39b5927bd2385
usr.sbin/efivar/efivar.8|man8/efivar.8|580f217ffdebac9358808e7ce171502abf8fb7716a6ab93f2755c74d440a1b7b|580f217ffdebac9358808e7ce171502abf8fb7716a6ab93f2755c74d440a1b7b|fa9896e082a1046ff4fbc75fcba4d18d1f2efc19
usr.sbin/efiwake/efiwake.8|man8/efiwake.8|e125c40a812f36b02468c10905a9e5fdde2bfee7cb5d475c28eb4d883a26937d|e125c40a812f36b02468c10905a9e5fdde2bfee7cb5d475c28eb4d883a26937d|4d846d260e2b9a3d4d0a701462568268cbfe7a5b
usr.sbin/etcupdate/etcupdate.8|man8/etcupdate.8|ac503ee6bdeb35dcad7fcb5ef415e7fa8c8efbd541c69cbb1ce1ddbcf8522e30|ac503ee6bdeb35dcad7fcb5ef415e7fa8c8efbd541c69cbb1ce1ddbcf8522e30|4e57c937999df5b186ccf827542aee717baab07c
usr.sbin/extattr/rmextattr.8|man8/rmextattr.8|8b875ff43e60fba837c7f11b26d43f3ddf21c6cd9f626054591992b851abc091|8b875ff43e60fba837c7f11b26d43f3ddf21c6cd9f626054591992b851abc091|fa9896e082a1046ff4fbc75fcba4d18d1f2efc19
usr.sbin/extattrctl/extattrctl.8|man8/extattrctl.8|6fcf7e4284614a9647052ca45fd5c79bb1504e7a3475118da2661a6281dff5eb|6fcf7e4284614a9647052ca45fd5c79bb1504e7a3475118da2661a6281dff5eb|1a720cbec513210fa2e85c3882741ef2f6dc5f35
usr.sbin/fdcontrol/fdcontrol.8|man8/fdcontrol.8|7b5b627219bbacade867cbe81bae1e4fdfb5b0a4e8f3676f3fa1fe2d6a7d7996|7b5b627219bbacade867cbe81bae1e4fdfb5b0a4e8f3676f3fa1fe2d6a7d7996|661b40ffdee25dd81d19fbbcd6cb09e3ec159342
usr.sbin/fdformat/fdformat.8|man8/fdformat.8|441120e23a1bdb8fab1c1aa3cc85885f349f72bba4ddd077f977381d8035dbfe|441120e23a1bdb8fab1c1aa3cc85885f349f72bba4ddd077f977381d8035dbfe|661b40ffdee25dd81d19fbbcd6cb09e3ec159342
usr.sbin/fdread/fdread.1|man1/fdread.1|12477e750f75db571227b5c0fa69b81281158594ff7851841d43b27045705e74|9686c5dfac87d203a2f0a4dd096ace6c1674b0dcdb6d5c368c313c018064458f|661b40ffdee25dd81d19fbbcd6cb09e3ec159342
usr.sbin/fdwrite/fdwrite.1|man1/fdwrite.1|0e92400dd8926a660e4e952a24cbc8f60c0b1365591d6813e436e37fc4733458|9fe93f512ab75b0b72392460adb96607d840f831f9516c50a4fb8fcafb3faac7|661b40ffdee25dd81d19fbbcd6cb09e3ec159342
usr.sbin/fifolog/fifolog_create/fifolog.1|man1/fifolog.1|5811731529e826b0d5366033c19f14c533ab6f03c41f336090ac99aa4dec2bb8|5811731529e826b0d5366033c19f14c533ab6f03c41f336090ac99aa4dec2bb8|fa9896e082a1046ff4fbc75fcba4d18d1f2efc19
usr.sbin/flowctl/flowctl.8|man8/flowctl.8|27bf54270b1f2d80b047937867d3ffa219e11aed58b0ca08964a7921a0acab7e|27bf54270b1f2d80b047937867d3ffa219e11aed58b0ca08964a7921a0acab7e|fa9896e082a1046ff4fbc75fcba4d18d1f2efc19
usr.sbin/freebsd-update/freebsd-update.8|man8/freebsd-update.8|b8c203a864fb245b4376c52a4c61f8e8a7733008b97821eaf7f05d388ab735c7|b8c203a864fb245b4376c52a4c61f8e8a7733008b97821eaf7f05d388ab735c7|d7bda1a9963717f98bcccc95c2b188a8753a16f6
usr.sbin/fstyp/fstyp.8|man8/fstyp.8|f1804bd1f67959343d8fea28fb661c25db4ba3c512123c72a6203641c2270918|f1804bd1f67959343d8fea28fb661c25db4ba3c512123c72a6203641c2270918|1a720cbec513210fa2e85c3882741ef2f6dc5f35
usr.sbin/fwcontrol/fwcontrol.8|man8/fwcontrol.8|5d4b3d921b1c094b46762230bfe7b7dc6d5e00f508aa663599eba2773f6da588|5d4b3d921b1c094b46762230bfe7b7dc6d5e00f508aa663599eba2773f6da588|fa9896e082a1046ff4fbc75fcba4d18d1f2efc19
usr.sbin/fwget/fwget.8|man8/fwget.8|1a9df7fc4701f58e480a29095f59a3b7317d854fd185d58a1af4ff738f35a044|1a9df7fc4701f58e480a29095f59a3b7317d854fd185d58a1af4ff738f35a044|fc618b5f7e5844b859030d8337b2b272dc20169e
usr.sbin/getfmac/getfmac.8|man8/getfmac.8|1251ff20ba6c3638df2de00371e006c1737d1c7ab4c465825920ce6fa124a9a8|1251ff20ba6c3638df2de00371e006c1737d1c7ab4c465825920ce6fa124a9a8|3e0cf576487ee9514d237bd67006181af6ef551f
usr.sbin/getpmac/getpmac.8|man8/getpmac.8|b5c51c7f0e4892215c567a10dc87c707a8eaa3a4a7d1ac0d6bda10a65045c6ce|b5c51c7f0e4892215c567a10dc87c707a8eaa3a4a7d1ac0d6bda10a65045c6ce|fa9896e082a1046ff4fbc75fcba4d18d1f2efc19
usr.sbin/gpioctl/gpioctl.8|man8/gpioctl.8|7590e365a31a586e269e21f57ed2023f0a458d38dae0f48a7a38efcceff4c0d9|7590e365a31a586e269e21f57ed2023f0a458d38dae0f48a7a38efcceff4c0d9|3c242182fb4b07cf0a7fb3f3b80b39c879c7b617
usr.sbin/gssd/gssd.8|man8/gssd.8|42bae1e3100dbe8b6e85552f99d60d08f725cd148616f50cf35c981055959ec8|42bae1e3100dbe8b6e85552f99d60d08f725cd148616f50cf35c981055959ec8|b74aaa1a2199261f9078247d29481a994b6b5e42
usr.sbin/gstat/gstat.8|man8/gstat.8|e5a8dca55a41af8e63d2f01338f0f4d81262d575c93834d28c2c375cf81752e5|e5a8dca55a41af8e63d2f01338f0f4d81262d575c93834d28c2c375cf81752e5|0430faacb61d83ea6eaf3100b44e95de2b5f83ff
usr.sbin/i2c/i2c.8|man8/i2c.8|dd17210aa8fc36da159ec45dc6b9280b3d75ba1b41fa3b6fe99ac6167cda6cf3|dd17210aa8fc36da159ec45dc6b9280b3d75ba1b41fa3b6fe99ac6167cda6cf3|c7c3ef8949021696029fb73a513678578a9f8a46
usr.sbin/ifmcstat/ifmcstat.8|man8/ifmcstat.8|673d50014247a9fb492445383b9c2adc7bca4a7205c5286858bf1c419ad968b1|673d50014247a9fb492445383b9c2adc7bca4a7205c5286858bf1c419ad968b1|fa9896e082a1046ff4fbc75fcba4d18d1f2efc19
usr.sbin/inetd/inetd.8|man8/inetd.8|bb601f2a92b9545f19f977b8b3ad82493554c639193e26eb54dc6a830450ba78|bb601f2a92b9545f19f977b8b3ad82493554c639193e26eb54dc6a830450ba78|f0d6eb11b74c128d8cd12e14a791e6a7cdb558dd
usr.sbin/iostat/iostat.8|man8/iostat.8|aa7f946fb6ba679ebb506ca3cd5c0531c278b6ed8f2e7126e929ef72922f4f0d|aa7f946fb6ba679ebb506ca3cd5c0531c278b6ed8f2e7126e929ef72922f4f0d|62551ae38bf201654ebf2ffd59cb320ac75107a0
usr.sbin/iovctl/iovctl.8|man8/iovctl.8|5e13fb238981c19678f0ee8457c53a0bb59f6774a4521dc94067564665292689|5e13fb238981c19678f0ee8457c53a0bb59f6774a4521dc94067564665292689|8b5f5fed89a66ccaeb3f7cecd6b6028182769fad
usr.sbin/ip6addrctl/ip6addrctl.8|man8/ip6addrctl.8|22e013bcfd47f96c4ca85d4eae4d7ec58d0f45b9fc98071e946791b6398c37bb|22e013bcfd47f96c4ca85d4eae4d7ec58d0f45b9fc98071e946791b6398c37bb|6dcdd79a251b5e62ff9ce562ad451e92dec39408
usr.sbin/ipfwpcap/ipfwpcap.8|man8/ipfwpcap.8|e27ea13791887038c821be64702119c0181b34fd2da822165dde35be2cba3b9b|e27ea13791887038c821be64702119c0181b34fd2da822165dde35be2cba3b9b|fa9896e082a1046ff4fbc75fcba4d18d1f2efc19
usr.sbin/iscsid/iscsid.8|man8/iscsid.8|24edd6b405f7e46feb6eb7031cf709993ee35bcdba831d6554fa4732ff94da68|24edd6b405f7e46feb6eb7031cf709993ee35bcdba831d6554fa4732ff94da68|fa9896e082a1046ff4fbc75fcba4d18d1f2efc19
usr.sbin/jail/jail.8|man8/jail.8|c5bba2cf3e9dfd11e72a4321e06d1119db5b595eb7b916c0fde00cf8c02a7476|c5bba2cf3e9dfd11e72a4321e06d1119db5b595eb7b916c0fde00cf8c02a7476|793abbf91f7fe16c435c415c41b52c4e918e4204
usr.sbin/jexec/jexec.8|man8/jexec.8|722cde8f734e59488bb6a9c5ef4c450d794a6dd6f38d24a5e073463934d832a0|722cde8f734e59488bb6a9c5ef4c450d794a6dd6f38d24a5e073463934d832a0|d56f3b051f6135b4a675fd75ccfcef0310368781
usr.sbin/jls/jls.8|man8/jls.8|3f15f0f6145f12c789fccb229dcd0579cfe8ce110c934cb815fc89cb245428da|3f15f0f6145f12c789fccb229dcd0579cfe8ce110c934cb815fc89cb245428da|1d8590371049bb14a6410fa83cd03d9eca32f764
usr.sbin/kbdcontrol/kbdcontrol.1|man1/kbdcontrol.1|5c4de88201762b4beb043bea003384200b772d4ebf37a0e796d32dcb94e972db|de7f9675db41ced52117d300e14947fb01f41236f6d477542685e075d3f897d3|de3fa71eccfacc23f75dd080d209d907e66d64eb
usr.sbin/kbdmap/kbdmap.1|man1/kbdmap.1|9ac4fed87be252a3ec0360c2ddda0ea1425621c7e44f0bda9edc630b06955a3a|890ea8bf6256a62696bbc436164e876bffc252541f7178de490252bbaf3a6086|580dc180c7ebd84a4aee27938a5f4a62520ac5d9
usr.sbin/kldxref/kldxref.8|man8/kldxref.8|2115164d1354b67dbc5be8e2d3e518b566918a8d687288020aebb74a3dafce52|2115164d1354b67dbc5be8e2d3e518b566918a8d687288020aebb74a3dafce52|2b92b754f18ce86e11e56f91c73aae8d89be80cc
usr.sbin/lastlogin/lastlogin.8|man8/lastlogin.8|26eb75d934ef162e67fafa606d8d6d2b0b7d5cd88d99ccb5943a60161918a4f1|26eb75d934ef162e67fafa606d8d6d2b0b7d5cd88d99ccb5943a60161918a4f1|cc61a0793a0e7db8601e5eba1242befb810a5844
usr.sbin/lpr/chkprintcap/chkprintcap.8|man8/chkprintcap.8|5391cada3ea14a2d1de85d1c4cb4229e1b4d839edecddb671b3b6ae621d119c7|5391cada3ea14a2d1de85d1c4cb4229e1b4d839edecddb671b3b6ae621d119c7|9b75d6ec6929e7e6723fbfeb52f60acfa63e5dbc
usr.sbin/lpr/lp/lp.1|man1/lp.1|41449fdb164f687c51fd2e0014bf9eb8193c46dd6c1467b90b24c23dfb9f51f6|e01b345d06467e2e94a95fd60eee44989a6f4a424243ef462cd500a22c49a394|9b75d6ec6929e7e6723fbfeb52f60acfa63e5dbc
usr.sbin/lpr/lpc/lpc.8|man8/lpc.8|d36f4acca7eae00eb31f0e3192bf539079872422731a61273f7e69b41d5ab3f8|d36f4acca7eae00eb31f0e3192bf539079872422731a61273f7e69b41d5ab3f8|9b75d6ec6929e7e6723fbfeb52f60acfa63e5dbc
usr.sbin/lpr/lpd/lpd.8|man8/lpd.8|9feed3ff677f0ec366535ede48dfa6d02aa3a57e05305ba89f29e1185431d01a|9feed3ff677f0ec366535ede48dfa6d02aa3a57e05305ba89f29e1185431d01a|a895394023597d063979c10b96a3a187f29dd7fc
usr.sbin/lpr/lpq/lpq.1|man1/lpq.1|95e4df190bf76680742a18a16938b9e9d1262dbbcd45a9ecd82c18785cffb9b9|683dc39805f90997ecfda1278651c17bf948e93ef8c93187c9853f73d9ba3381|9b75d6ec6929e7e6723fbfeb52f60acfa63e5dbc
usr.sbin/lpr/lpr/lpr.1|man1/lpr.1|543f7d41076794dce96b07dffe97f09575c5c0f547e753396e647cd8eebeb38c|9248015afc1b0c0afa8e0d99e075d15ca19bc83b048e0b07a1a7ad75f3f4ae41|9b75d6ec6929e7e6723fbfeb52f60acfa63e5dbc
usr.sbin/lpr/lprm/lprm.1|man1/lprm.1|915bacbe5cb95787bff3e687842c4ac3e522ef06e0e244a872b85b17d83e3a8d|ef1c1884bb8dda57fbc9daa6f873ef829ef8e5e21d59b6406b56ddf179326527|9b75d6ec6929e7e6723fbfeb52f60acfa63e5dbc
usr.sbin/lpr/lptest/lptest.1|man1/lptest.1|dde2d52db99180b231d8e72a73fe204b3e2e0627182fea8ab38a3a2c7dec77cb|4378926e4c71a09e70d6d282087cd47eb38963f3bb2e442d86bc3ee424cecb5d|9b75d6ec6929e7e6723fbfeb52f60acfa63e5dbc
usr.sbin/lpr/pac/pac.8|man8/pac.8|aed44107d314aeefc42546ff92deb1d401cfd277e612ac217fc9231e4aadeb45|aed44107d314aeefc42546ff92deb1d401cfd277e612ac217fc9231e4aadeb45|9b75d6ec6929e7e6723fbfeb52f60acfa63e5dbc
usr.sbin/lptcontrol/lptcontrol.8|man8/lptcontrol.8|fda5a3b286431ec841e1790242bc444dd4a640d8c9e2559070dd8971a8e50f3f|fda5a3b286431ec841e1790242bc444dd4a640d8c9e2559070dd8971a8e50f3f|fa9896e082a1046ff4fbc75fcba4d18d1f2efc19
usr.sbin/mailwrapper/mailwrapper.8|man8/mailwrapper.8|0b4f91c88bc197e0f487b546b3a63f7a7ca767c670c16416afc0f3e6ef703a5e|0b4f91c88bc197e0f487b546b3a63f7a7ca767c670c16416afc0f3e6ef703a5e|6e1fc0118033f42b7c0d3623c8f67a89ebecabb2
usr.sbin/makefs/makefs.8|man8/makefs.8|b442819e780a8491393eb9f48c93c491d6e4f9478f50628c39a225c37c4b1de4|b442819e780a8491393eb9f48c93c491d6e4f9478f50628c39a225c37c4b1de4|019d13dafed63bb923866b8e0be12163cecde3e6
usr.sbin/manctl/manctl.8|man8/manctl.8|566eade2496c81c2cea60074600bc212d754491ee169a1464b7ec4426797447a|566eade2496c81c2cea60074600bc212d754491ee169a1464b7ec4426797447a|fa9896e082a1046ff4fbc75fcba4d18d1f2efc19
usr.sbin/memcontrol/memcontrol.8|man8/memcontrol.8|c2e071bced7c1408bee4a80875b86b4a78cd627c2ad9db9db955161ff9c2a2f2|c2e071bced7c1408bee4a80875b86b4a78cd627c2ad9db9db955161ff9c2a2f2|fa9896e082a1046ff4fbc75fcba4d18d1f2efc19
usr.sbin/mfiutil/mfiutil.8|man8/mfiutil.8|e7538f6a2a0cac7ad46f059c47cac84c912a33d27485863d27162900c610cc27|e7538f6a2a0cac7ad46f059c47cac84c912a33d27485863d27162900c610cc27|71c50c15215786767ac3c50686393c168155015d
usr.sbin/mixer/mixer.8|man8/mixer.8|22f6fe69d99918cefd0156c8120087a7016d9f2df25d796aa091d95d66cc6a60|22f6fe69d99918cefd0156c8120087a7016d9f2df25d796aa091d95d66cc6a60|254d0a0ae90867697827b7e48cbbbdaae930b886
usr.sbin/mld6query/mld6query.8|man8/mld6query.8|3112bf13b1a8466374688e94c3a3918d42ad87ca674edaf471e94f3efc708a61|3112bf13b1a8466374688e94c3a3918d42ad87ca674edaf471e94f3efc708a61|fa9896e082a1046ff4fbc75fcba4d18d1f2efc19
usr.sbin/mlx5tool/mlx5tool.8|man8/mlx5tool.8|1d6ed71ac963cd6ddc336bc411dd496f6fe974b450b8a9a7f83ef159c0838f5f|1d6ed71ac963cd6ddc336bc411dd496f6fe974b450b8a9a7f83ef159c0838f5f|2878d99dfcfbdd7a415a7f31cf95fbd53fc8e581
usr.sbin/mlxcontrol/mlxcontrol.8|man8/mlxcontrol.8|a7d719589f0ac12707120da4030f03e8bfe256c8f2a5536ae4efeb9eac4b0b5d|a7d719589f0ac12707120da4030f03e8bfe256c8f2a5536ae4efeb9eac4b0b5d|fa9896e082a1046ff4fbc75fcba4d18d1f2efc19
usr.sbin/mountd/mountd.8|man8/mountd.8|4eb7b073d5af2c117af0497f638bae1af4d603546705894f25cf2f00ef8a7909|4eb7b073d5af2c117af0497f638bae1af4d603546705894f25cf2f00ef8a7909|6db916d21a09aebf3e7cb5c95e2ad714ab2b8882
usr.sbin/moused/moused/moused.8|man8/moused.8|f8cf7cff418fbd4de7da2cd18f70afde2176861c1af09e190b584bf59bfa61a5|f8cf7cff418fbd4de7da2cd18f70afde2176861c1af09e190b584bf59bfa61a5|d48dc8c0c7319b927f9d1ca44e83e5a232ad7642
usr.sbin/moused/msconvd/msconvd.8|man8/msconvd.8|200ab81d5da072065174663ab4f368afbd014aa74f66e94ecd760ef3278c8e66|200ab81d5da072065174663ab4f368afbd014aa74f66e94ecd760ef3278c8e66|11231c8206993e68001d17da8a2b45759715a17a
usr.sbin/mpsutil/mpsutil.8|man8/mpsutil.8|4beb37388c42c3363625db33bc84b45da1ec12f95e49b5fd437860dac49885d1|4beb37388c42c3363625db33bc84b45da1ec12f95e49b5fd437860dac49885d1|fa9896e082a1046ff4fbc75fcba4d18d1f2efc19
usr.sbin/mptable/mptable.1|man1/mptable.1|0cb0efc2436b699ec0cb3d2ee0e1e6a61cc40fc3865542724de4bafd7f6c647d|0cb0efc2436b699ec0cb3d2ee0e1e6a61cc40fc3865542724de4bafd7f6c647d|fa9896e082a1046ff4fbc75fcba4d18d1f2efc19
usr.sbin/mptutil/mptutil.8|man8/mptutil.8|e0de0d0afba09d6e8f287c152d2a1501742f0cf7902f13d6b6978ac48191e930|e0de0d0afba09d6e8f287c152d2a1501742f0cf7902f13d6b6978ac48191e930|b128bedfb95c1fefe10e3375b07e200eff8c3664
usr.sbin/mtest/mtest.8|man8/mtest.8|fea5ee6f1971fd2f24f815b9a42f153d196a831827c07e4c275d10e3c8cfffba|fea5ee6f1971fd2f24f815b9a42f153d196a831827c07e4c275d10e3c8cfffba|fa9896e082a1046ff4fbc75fcba4d18d1f2efc19
usr.sbin/ndp/ndp.8|man8/ndp.8|05fef5045c49a2ea5512e79850c69e39e5d03e1a5d04f9c2bca066890a063303|05fef5045c49a2ea5512e79850c69e39e5d03e1a5d04f9c2bca066890a063303|fa9896e082a1046ff4fbc75fcba4d18d1f2efc19
usr.sbin/newsyslog/newsyslog.8|man8/newsyslog.8|4819cd9212cc1425a9f7fa15fc9c0c718214533c0edf36c0a70558f9491c20a1|4819cd9212cc1425a9f7fa15fc9c0c718214533c0edf36c0a70558f9491c20a1|07b00bed83121043ffc88889edc15aad183227ba
usr.sbin/nfscbd/nfscbd.8|man8/nfscbd.8|2b6b0047012248086e37c9df1f1d86b0fcaa26ef1f2b5ed3d1f357ff3be63f98|2b6b0047012248086e37c9df1f1d86b0fcaa26ef1f2b5ed3d1f357ff3be63f98|fa9896e082a1046ff4fbc75fcba4d18d1f2efc19
usr.sbin/nfsd/nfsd.8|man8/nfsd.8|17ea06b7f8e1b7b622dbf7b960dfeeab07ee92c0b4428e8ef9c8e00885101009|17ea06b7f8e1b7b622dbf7b960dfeeab07ee92c0b4428e8ef9c8e00885101009|785d429c2b930b6c68381cfadb5d4530a6360628
usr.sbin/nfsdumpstate/nfsdumpstate.8|man8/nfsdumpstate.8|fa2b097e46158bd44a0ca487059cb98387e03e395aac3bb180cb67c2c76580fe|fa2b097e46158bd44a0ca487059cb98387e03e395aac3bb180cb67c2c76580fe|fa9896e082a1046ff4fbc75fcba4d18d1f2efc19
usr.sbin/nfsrevoke/nfsrevoke.8|man8/nfsrevoke.8|c9393615ba4f7e94a3bbabede9d21ae6237c3504c9075b59016f28441594deba|c9393615ba4f7e94a3bbabede9d21ae6237c3504c9075b59016f28441594deba|fa9896e082a1046ff4fbc75fcba4d18d1f2efc19
usr.sbin/nfsuserd/nfsuserd.8|man8/nfsuserd.8|e27515dc2231c8cc5f0aa6986cd2cf0c5c480764b815f8ec1d382d842c8676eb|e27515dc2231c8cc5f0aa6986cd2cf0c5c480764b815f8ec1d382d842c8676eb|fa9896e082a1046ff4fbc75fcba4d18d1f2efc19
usr.sbin/ngctl/ngctl.8|man8/ngctl.8|d49c13daac861f6e45f05f40353f5ce460c666a36b9df8b98dc8182d7df7023b|d49c13daac861f6e45f05f40353f5ce460c666a36b9df8b98dc8182d7df7023b|d3f3314359a0ee9bf7b2520c45bee5968a6bce62
usr.sbin/nghook/nghook.8|man8/nghook.8|52d5aed2e04d086281988ef1efe9a293fcecfef4b0c3672dbd8967ecabd654ff|52d5aed2e04d086281988ef1efe9a293fcecfef4b0c3672dbd8967ecabd654ff|206bf1998ef94c23e078e7c990869b2831851953
usr.sbin/nologin/nologin.8|man8/nologin.8|3e4168af2c45e36ef77c29d38909e810b50317fcebf17edffc799cc60c057a47|3e4168af2c45e36ef77c29d38909e810b50317fcebf17edffc799cc60c057a47|8a7b61203704d362cfbc66c00619f51b24106b55
usr.sbin/nscd/nscd.8|man8/nscd.8|1596512242a2aa3be0cd5795d84986671163e5b427e2e3ae94d2bd15b6b14380|1596512242a2aa3be0cd5795d84986671163e5b427e2e3ae94d2bd15b6b14380|fa9896e082a1046ff4fbc75fcba4d18d1f2efc19
usr.sbin/ntp/doc/ntpdate.8|man8/ntpdate.8|911bf1040136209513792f3b499ab2ae86fb33b3a16a6626ebb0649a0831a0c1|911bf1040136209513792f3b499ab2ae86fb33b3a16a6626ebb0649a0831a0c1|fa9896e082a1046ff4fbc75fcba4d18d1f2efc19
usr.sbin/ntp/doc/ntptime.8|man8/ntptime.8|80e1792b3fdda885b7f2932907cba29f4b56e1573b42fcb2a12b54ea207f140a|80e1792b3fdda885b7f2932907cba29f4b56e1573b42fcb2a12b54ea207f140a|fa9896e082a1046ff4fbc75fcba4d18d1f2efc19
usr.sbin/ntp/doc/ntptrace.8|man8/ntptrace.8|c701810548e87fd0f7b3c9f64f6658c328565d7a01cd28dcc4373451c1168170|c701810548e87fd0f7b3c9f64f6658c328565d7a01cd28dcc4373451c1168170|fa9896e082a1046ff4fbc75fcba4d18d1f2efc19
usr.sbin/nvram/nvram.8|man8/nvram.8|cb26e6a9ccc9213f352c14f382d39e74b4d3cb1f8af3ea7721eda3db87fdf7f7|cb26e6a9ccc9213f352c14f382d39e74b4d3cb1f8af3ea7721eda3db87fdf7f7|8318c2f613bea98573aa4cd9ef7a4249d5010dd3
usr.sbin/ofwdump/ofwdump.8|man8/ofwdump.8|13305074a4e09d851dd2209ffd11075e6e7af804d18e64e725cf2a93f6ae3cd8|13305074a4e09d851dd2209ffd11075e6e7af804d18e64e725cf2a93f6ae3cd8|bcde15f5f894ece1f507ae997d17d810efae9c76
usr.sbin/pciconf/pciconf.8|man8/pciconf.8|5b04fecbf45846a157ae82a4f94ff470c1c3e132edc02a1bd12517fa771b143d|5b04fecbf45846a157ae82a4f94ff470c1c3e132edc02a1bd12517fa771b143d|ae4ae80a27a348474f0be17168bd5f2d9dbdd960
usr.sbin/periodic/periodic.8|man8/periodic.8|dd8b7c8e3b040a82c7c4dd9b11c7e1d9e804ce99093808fad686b621a6a30145|dd8b7c8e3b040a82c7c4dd9b11c7e1d9e804ce99093808fad686b621a6a30145|fa9896e082a1046ff4fbc75fcba4d18d1f2efc19
usr.sbin/pmcannotate/pmcannotate.8|man8/pmcannotate.8|df25b048905d7c1b76348d3ec950628d87b07fb96424d851e91430874f24308a|df25b048905d7c1b76348d3ec950628d87b07fb96424d851e91430874f24308a|de11299323e0a647ae2164f74ca966862e7c4dd8
usr.sbin/pmccontrol/pmccontrol.8|man8/pmccontrol.8|50ad2ab9f08980596b6d14dea7fa1844123a0610c5c02c139179314a93b29a55|50ad2ab9f08980596b6d14dea7fa1844123a0610c5c02c139179314a93b29a55|fa9896e082a1046ff4fbc75fcba4d18d1f2efc19
usr.sbin/pmcstat/pmcstat.8|man8/pmcstat.8|7de4919592db1aa84f1eb8f960131306ac2c2176d08ffd4f6096382acce2aee5|7de4919592db1aa84f1eb8f960131306ac2c2176d08ffd4f6096382acce2aee5|3f3f452b907d9bab35381994b135a4090466c1f3
usr.sbin/pmcstudy/pmcstudy.8|man8/pmcstudy.8|18270ea83ea8330aa87bfb4b44a40356c80ba86a9af8f1f7f0b6fb3c2192f7f0|18270ea83ea8330aa87bfb4b44a40356c80ba86a9af8f1f7f0b6fb3c2192f7f0|fa9896e082a1046ff4fbc75fcba4d18d1f2efc19
usr.sbin/pnfsdscopymr/pnfsdscopymr.8|man8/pnfsdscopymr.8|e9c18753c2132bbb8f155a235ad10453c0e790f81583293bbbab7673310c3059|e9c18753c2132bbb8f155a235ad10453c0e790f81583293bbbab7673310c3059|dc8725726d0205c10b01c06717cb265ab7d239e5
usr.sbin/pnfsdsfile/pnfsdsfile.8|man8/pnfsdsfile.8|98f096c9b5a70913f9f1eab1dfe0c27948f2c0fdf0f18e33d965d0af6003f7e4|98f096c9b5a70913f9f1eab1dfe0c27948f2c0fdf0f18e33d965d0af6003f7e4|fa9896e082a1046ff4fbc75fcba4d18d1f2efc19
usr.sbin/pnfsdskill/pnfsdskill.8|man8/pnfsdskill.8|db5afe3346cdd71283c6ad38a98ced1cf84b662005aa24064ee7b0ea6c40ef17|db5afe3346cdd71283c6ad38a98ced1cf84b662005aa24064ee7b0ea6c40ef17|c801836ff43deea3c86935abcad1069bfcd3989c
usr.sbin/powerd/powerd.8|man8/powerd.8|f86b5b81d654f4c43b881e8651af3d45da36e492e1a4e6a3ef8b8567c5abc16f|f86b5b81d654f4c43b881e8651af3d45da36e492e1a4e6a3ef8b8567c5abc16f|fa9896e082a1046ff4fbc75fcba4d18d1f2efc19
usr.sbin/ppp/ppp.8|man8/ppp.8|0c133ba3517a63784b1dfdf38df51d6c3a85579771f247632dd7ed751643cd33|0c133ba3517a63784b1dfdf38df51d6c3a85579771f247632dd7ed751643cd33|f16ca171eaad70563872f61042eccd2971da572f
usr.sbin/pppctl/pppctl.8|man8/pppctl.8|cc593dca1b373ab964ebe56a659912e53d952f25f8a2f1425f0af5079cdc07e7|cc593dca1b373ab964ebe56a659912e53d952f25f8a2f1425f0af5079cdc07e7|b2c76c41be32f904179efed29c0ca04d53f3996c
usr.sbin/prometheus_sysctl_exporter/prometheus_sysctl_exporter.8|man8/prometheus_sysctl_exporter.8|89def5cd43363b510a5d4f4a9ee4594f9fea79f1486392708893af6ab63d297c|89def5cd43363b510a5d4f4a9ee4594f9fea79f1486392708893af6ab63d297c|8d227fc5ddf95a6f7f270779ae45f5943db6ad56
usr.sbin/pstat/pstat.8|man8/pstat.8|908606ba1551d8f1b26f6922e44889335131076226fb36954470c29633809137|908606ba1551d8f1b26f6922e44889335131076226fb36954470c29633809137|8a7b61203704d362cfbc66c00619f51b24106b55
usr.sbin/pw/pw.8|man8/pw.8|f1b4ea4aee8ada82c6df6fd6cbd4e4114b811aa7ec193d41c784501f2f4d4b21|f1b4ea4aee8ada82c6df6fd6cbd4e4114b811aa7ec193d41c784501f2f4d4b21|2c4190609c78c532e0a667eba1ffb4b5c98ea532
usr.sbin/pwd_mkdb/pwd_mkdb.8|man8/pwd_mkdb.8|7c8112b28e56f9c187379729f4b8a52af1c37ef9a79c636b2e918455ef0997ab|7c8112b28e56f9c187379729f4b8a52af1c37ef9a79c636b2e918455ef0997ab|3467ce29b4485b5318e7efac187cfb7ec0c91aea
usr.sbin/pwm/pwm.8|man8/pwm.8|160fe7f2f0ea93d68f37cefed6dabdc77296998082d11f45432e93d8e9572e33|160fe7f2f0ea93d68f37cefed6dabdc77296998082d11f45432e93d8e9572e33|fa9896e082a1046ff4fbc75fcba4d18d1f2efc19
usr.sbin/quot/quot.8|man8/quot.8|19d0d7da10701d57d2257183b2b175791b2feb41343a57f94470b6991eccb859|19d0d7da10701d57d2257183b2b175791b2feb41343a57f94470b6991eccb859|9a7afecc503b1364132a60d2342b4b56811cf439
usr.sbin/quotaon/quotaon.8|man8/quotaon.8|6bcbb7c3abbdea6a3481a17db921481760193fe2998fed42f3e931972ef611a3|6bcbb7c3abbdea6a3481a17db921481760193fe2998fed42f3e931972ef611a3|8a7b61203704d362cfbc66c00619f51b24106b55
usr.sbin/rarpd/rarpd.8|man8/rarpd.8|1acb340491d4725c57648ad17e1d274c378d357c53a17455112d8585971620d9|1acb340491d4725c57648ad17e1d274c378d357c53a17455112d8585971620d9|fa9896e082a1046ff4fbc75fcba4d18d1f2efc19
usr.sbin/repquota/repquota.8|man8/repquota.8|aa612bf6a6c538a8f62b736bf337ffe3586c75b96b6d7c0bfcea0d945c6a06e8|aa612bf6a6c538a8f62b736bf337ffe3586c75b96b6d7c0bfcea0d945c6a06e8|8a7b61203704d362cfbc66c00619f51b24106b55
usr.sbin/rip6query/rip6query.8|man8/rip6query.8|d0c51e1a351be432c25d77a52229f1cd6af8ad132b1b8fa744646cf3a4ff2988|d0c51e1a351be432c25d77a52229f1cd6af8ad132b1b8fa744646cf3a4ff2988|4b7cdb5a420f518fbe1968a6916b6d017f54025d
usr.sbin/rmt/rmt.8|man8/rmt.8|64075ecd02f86d2e3878d1ea846ca11052b3cedd79a5363dac835352587b0577|64075ecd02f86d2e3878d1ea846ca11052b3cedd79a5363dac835352587b0577|8a7b61203704d362cfbc66c00619f51b24106b55
usr.sbin/route6d/route6d.8|man8/route6d.8|e03e4372ad6541d63e6c4dc7c1701365557e6a2bb2a0bae054171c141d439836|e03e4372ad6541d63e6c4dc7c1701365557e6a2bb2a0bae054171c141d439836|4b7cdb5a420f518fbe1968a6916b6d017f54025d
usr.sbin/rpc.lockd/rpc.lockd.8|man8/rpc.lockd.8|bfb2d8daed5918dd0db7e850f9d2c83754c50b9ad3301192930137280b45b5d8|bfb2d8daed5918dd0db7e850f9d2c83754c50b9ad3301192930137280b45b5d8|44e72c6e2e6bcfa2cba89afb92fa05f6ac4d5660
usr.sbin/rpc.statd/rpc.statd.8|man8/rpc.statd.8|ccf9a63ae9709ef5a46ab9afb0e31cb8d54c26eb980259af8aff992fe321232c|ccf9a63ae9709ef5a46ab9afb0e31cb8d54c26eb980259af8aff992fe321232c|fa9896e082a1046ff4fbc75fcba4d18d1f2efc19
usr.sbin/rpc.tlsclntd/rpc.tlsclntd.8|man8/rpc.tlsclntd.8|d61a02467c969d73bb37f5fe4a91724228ad4300558d9509c0b5a65ffe5798de|d61a02467c969d73bb37f5fe4a91724228ad4300558d9509c0b5a65ffe5798de|6e1fc0118033f42b7c0d3623c8f67a89ebecabb2
usr.sbin/rpc.tlsservd/rpc.tlsservd.8|man8/rpc.tlsservd.8|213b5364dbcb5cf74899f3c264ac2b0f916112f69e246efaafe402cdbddf465d|213b5364dbcb5cf74899f3c264ac2b0f916112f69e246efaafe402cdbddf465d|8e5f80da89d74a5ef429b34bb9c3f8b589f8da9a
usr.sbin/rpc.umntall/rpc.umntall.8|man8/rpc.umntall.8|4f09371db42c8e0e332aa11d93aa3c610bf538e1513f44501371caccd9690bb0|4f09371db42c8e0e332aa11d93aa3c610bf538e1513f44501371caccd9690bb0|fa9896e082a1046ff4fbc75fcba4d18d1f2efc19
usr.sbin/rpc.yppasswdd/rpc.yppasswdd.8|man8/rpc.yppasswdd.8|a95016b58560f386cb1951dbcb5c68c379643470064c3af8e608e52091505a85|a95016b58560f386cb1951dbcb5c68c379643470064c3af8e608e52091505a85|fa9896e082a1046ff4fbc75fcba4d18d1f2efc19
usr.sbin/rpc.ypxfrd/rpc.ypxfrd.8|man8/rpc.ypxfrd.8|520e0821f3d8a3979f10aa4bc1c7f8d6b133223cb6f4e357245b443b2d1818e7|520e0821f3d8a3979f10aa4bc1c7f8d6b133223cb6f4e357245b443b2d1818e7|fa9896e082a1046ff4fbc75fcba4d18d1f2efc19
usr.sbin/rpcbind/rpcbind.8|man8/rpcbind.8|147fb1a1c6968b50e18af007e49ac1c9437966931c08375859478fd320965863|147fb1a1c6968b50e18af007e49ac1c9437966931c08375859478fd320965863|42905aa17b7e90a1f6881d84903e58330488f4ea
usr.sbin/rrenumd/rrenumd.8|man8/rrenumd.8|990f6ac764499c1ca86bed8856f40ddf1946be161f323ceaaf2d6c161d52f9fe|990f6ac764499c1ca86bed8856f40ddf1946be161f323ceaaf2d6c161d52f9fe|fa9896e082a1046ff4fbc75fcba4d18d1f2efc19
usr.sbin/rtadvctl/rtadvctl.8|man8/rtadvctl.8|e1f1871bf69d923715a6250368aff8a63edc190a1ad5288bc9140e87166ec65a|e1f1871bf69d923715a6250368aff8a63edc190a1ad5288bc9140e87166ec65a|fa9896e082a1046ff4fbc75fcba4d18d1f2efc19
usr.sbin/rtadvd/rtadvd.8|man8/rtadvd.8|4b08d8dac8f2cab398ffa954fb7e575403fcb32c1bc35881bca4ef8e2581304e|4b08d8dac8f2cab398ffa954fb7e575403fcb32c1bc35881bca4ef8e2581304e|fa9896e082a1046ff4fbc75fcba4d18d1f2efc19
usr.sbin/rtprio/rtprio.1|man1/rtprio.1|1f4cbf5c58da162f14ff74920a0b479282d90aeb59e8872a55b1bf934a4b1d7d|1f4cbf5c58da162f14ff74920a0b479282d90aeb59e8872a55b1bf934a4b1d7d|fa9896e082a1046ff4fbc75fcba4d18d1f2efc19
usr.sbin/rtsold/rtsold.8|man8/rtsold.8|714fdd4f18c98a81b868f2e161a2304452b7ffdb9d88a2b2a1831bc009116879|714fdd4f18c98a81b868f2e161a2304452b7ffdb9d88a2b2a1831bc009116879|fa9896e082a1046ff4fbc75fcba4d18d1f2efc19
usr.sbin/rwhod/rwhod.8|man8/rwhod.8|1e0f8cfcd268847a8083aca62b49ddf96a40ee3664b39aae77e12881eaa7b18f|1e0f8cfcd268847a8083aca62b49ddf96a40ee3664b39aae77e12881eaa7b18f|8a7b61203704d362cfbc66c00619f51b24106b55
usr.sbin/sa/sa.8|man8/sa.8|66efd426f0d7c766f1cf2433221b8f3dea2ea13be9a4aba7bd52c4998ce983a4|66efd426f0d7c766f1cf2433221b8f3dea2ea13be9a4aba7bd52c4998ce983a4|fa9896e082a1046ff4fbc75fcba4d18d1f2efc19
usr.sbin/service/service.8|man8/service.8|7018e22f8d39bb765900659eb75bc742d9ffd8e13dcb5aec401ae8d96ca6ebae|7018e22f8d39bb765900659eb75bc742d9ffd8e13dcb5aec401ae8d96ca6ebae|25fca243f2b7ca0c523aa1cf26aaea25035e68d2
usr.sbin/services_mkdb/services_mkdb.8|man8/services_mkdb.8|952ebea6147100463e994356be62fe8e1941e285513b820a76471ab87b5a0e20|952ebea6147100463e994356be62fe8e1941e285513b820a76471ab87b5a0e20|fa9896e082a1046ff4fbc75fcba4d18d1f2efc19
usr.sbin/sesutil/sesutil.8|man8/sesutil.8|0d829dae78475e45f3fa41ff776f87358b6a9c55a507392ce6114c353fee544b|0d829dae78475e45f3fa41ff776f87358b6a9c55a507392ce6114c353fee544b|cc61a0793a0e7db8601e5eba1242befb810a5844
usr.sbin/setaudit/setaudit.8|man8/setaudit.8|9063b24dc0cbe8a8bf00ae1cca8a220b3bb7444fa54e4800d00a5a079cfa96ce|9063b24dc0cbe8a8bf00ae1cca8a220b3bb7444fa54e4800d00a5a079cfa96ce|80a089d4359ab014ee017860cc23da40f7a4c8fd
usr.sbin/setfib/setfib.1|man1/setfib.1|5d7e408f7d634e159e844477a846c42e92c64262590fb6accf0f97bf54f7907c|5d7e408f7d634e159e844477a846c42e92c64262590fb6accf0f97bf54f7907c|fa9896e082a1046ff4fbc75fcba4d18d1f2efc19
usr.sbin/setfmac/setfmac.8|man8/setfmac.8|406e6584b6c35373e872c520afa6234fe9754e3bfc12c0b848b5f6e3eaf105ee|406e6584b6c35373e872c520afa6234fe9754e3bfc12c0b848b5f6e3eaf105ee|fa9896e082a1046ff4fbc75fcba4d18d1f2efc19
usr.sbin/setfmac/setfsmac.8|man8/setfsmac.8|b25969b8885ca5b1a46ae5ee6c245664b2f5081ab644c7923bd0ca0889ada677|b25969b8885ca5b1a46ae5ee6c245664b2f5081ab644c7923bd0ca0889ada677|fa9896e082a1046ff4fbc75fcba4d18d1f2efc19
usr.sbin/setpmac/setpmac.8|man8/setpmac.8|1e4f2296cc886dc06527c48b382cf00363dd5d255e3620043c1d2b5523873935|1e4f2296cc886dc06527c48b382cf00363dd5d255e3620043c1d2b5523873935|fa9896e082a1046ff4fbc75fcba4d18d1f2efc19
usr.sbin/smbmsg/smbmsg.8|man8/smbmsg.8|74998dd2b60bd979ad7ef5268d278ad1a03bdbfcc75dfdc3768496e3abba4c05|74998dd2b60bd979ad7ef5268d278ad1a03bdbfcc75dfdc3768496e3abba4c05|fa9896e082a1046ff4fbc75fcba4d18d1f2efc19
usr.sbin/snapinfo/snapinfo.8|man8/snapinfo.8|c4ca408011103b3d38ffd645d62daf116ed90a6fa2b687fc939707285c1d9c3a|c4ca408011103b3d38ffd645d62daf116ed90a6fa2b687fc939707285c1d9c3a|1a720cbec513210fa2e85c3882741ef2f6dc5f35
usr.sbin/sndctl/sndctl.8|man8/sndctl.8|8b9847fe3e53550d1bec702720b7bb211066ddd6a35cc0a6e835570c7e5796d5|8b9847fe3e53550d1bec702720b7bb211066ddd6a35cc0a6e835570c7e5796d5|65029fee78371398e0d978a0f08307c1dd23f7b8
usr.sbin/spi/spi.8|man8/spi.8|a9debf1a43d0bbd8d75a62b86003e22f9ecee42706cb9c7ecd5cce7614a2ef83|a9debf1a43d0bbd8d75a62b86003e22f9ecee42706cb9c7ecd5cce7614a2ef83|fa9896e082a1046ff4fbc75fcba4d18d1f2efc19
usr.sbin/spkrtest/spkrtest.8|man8/spkrtest.8|512d572ad2cec780cc6259545578b36e68e491b7617461c299a15ebf0035980c|512d572ad2cec780cc6259545578b36e68e491b7617461c299a15ebf0035980c|7cff9672de44824d7d59cb562f53992a055e49cc
usr.sbin/spray/spray.8|man8/spray.8|279e87e092144ad6fb837e0d78da824a993a04df252e87b56dc0a23feac52dff|279e87e092144ad6fb837e0d78da824a993a04df252e87b56dc0a23feac52dff|fa9896e082a1046ff4fbc75fcba4d18d1f2efc19
usr.sbin/syslogd/syslogd.8|man8/syslogd.8|9af099e32186fd0dde9c6d560ad3eabef8f99cf2177987c6659723b0b8a97286|9af099e32186fd0dde9c6d560ad3eabef8f99cf2177987c6659723b0b8a97286|c75550e499971549b31d514ab139b80297c14792
usr.sbin/sysrc/sysrc.8|man8/sysrc.8|1c0d7a87b2528c9106a8795a3dd4d0b2806d8b2588f735d764658fc442ca0840|1c0d7a87b2528c9106a8795a3dd4d0b2806d8b2588f735d764658fc442ca0840|9a6e6e9edc7eee4aeeb2f9f0e7be12eee656efaf
usr.sbin/tcpdrop/tcpdrop.8|man8/tcpdrop.8|095cb724cd5d9c6fcfda08b5a885c1bd3cfe4b948a81773d7819b62c4da30bf0|095cb724cd5d9c6fcfda08b5a885c1bd3cfe4b948a81773d7819b62c4da30bf0|fa9896e082a1046ff4fbc75fcba4d18d1f2efc19
usr.sbin/tcpsso/tcpsso.8|man8/tcpsso.8|94fe8741b2365029397ece4abab0e7d4b39d35b8a138e856b3f5caf4042e3ad3|94fe8741b2365029397ece4abab0e7d4b39d35b8a138e856b3f5caf4042e3ad3|2edac5a60a57a2a6ef80c61079d427c4ee31b7a9
usr.sbin/traceroute/traceroute.8|man8/traceroute.8|5248c109c699a317967b42a187826a25bafd0ad5267a527c167edf3caefc3c82|5248c109c699a317967b42a187826a25bafd0ad5267a527c167edf3caefc3c82|7098712bbfd60df9db324decbc1a5dd8f751356f
usr.sbin/traceroute6/traceroute6.8|man8/traceroute6.8|375f9b4f21e030a2d02812ba3d57da558c2a6ae12bfeb8083c70fb2539ead99c|375f9b4f21e030a2d02812ba3d57da558c2a6ae12bfeb8083c70fb2539ead99c|42f9573827e9642410c4c99e42549ee7a1beca00
usr.sbin/trim/trim.8|man8/trim.8|a10b84fdc2425a8e33892b3e3349a0b388b101a9350f8800a73c94da1d9c1aff|a10b84fdc2425a8e33892b3e3349a0b388b101a9350f8800a73c94da1d9c1aff|f327af946e9c57551f6aaef2c747f970342f8940
usr.sbin/tzsetup/tzsetup.8|man8/tzsetup.8|1c6c07c43b842a010960fc71060d0a21c3b842c7e34cdcb336c2558495c85815|1c6c07c43b842a010960fc71060d0a21c3b842c7e34cdcb336c2558495c85815|c6030b380469f928c8cae87ed53bcb234cb3486f
usr.sbin/uathload/uathload.8|man8/uathload.8|168c3499bf38bf97f244a97a794e88f437c6d25f6897267a027d15edeb82e640|168c3499bf38bf97f244a97a794e88f437c6d25f6897267a027d15edeb82e640|fe1b8df274774bed56314c5b8dc7397808dd761f
usr.sbin/uefisign/uefisign.8|man8/uefisign.8|11f8ff07630c535721dd60a1d5f5ee427b1be5a9ec778f1400fbc15cd2bcd100|11f8ff07630c535721dd60a1d5f5ee427b1be5a9ec778f1400fbc15cd2bcd100|d2859cd9e33c26dd792c113fbe16460bfde44035
usr.sbin/ugidfw/ugidfw.8|man8/ugidfw.8|8dd2a1628181360ac0f71bc173ae358a5db1bf2cadc90615051463f76cd81d2f|8dd2a1628181360ac0f71bc173ae358a5db1bf2cadc90615051463f76cd81d2f|fa9896e082a1046ff4fbc75fcba4d18d1f2efc19
usr.sbin/uhsoctl/uhsoctl.1|man1/uhsoctl.1|da65f10cdd022fc7c27e559fada06c505e384ba17aedfdc2a870f0c8372af4b2|da65f10cdd022fc7c27e559fada06c505e384ba17aedfdc2a870f0c8372af4b2|fa9896e082a1046ff4fbc75fcba4d18d1f2efc19
usr.sbin/usbconfig/usbconfig.8|man8/usbconfig.8|3d9d96d2fd29d067386c15be96c0e799f8863f281325da28a6f48b8b63806df9|3d9d96d2fd29d067386c15be96c0e799f8863f281325da28a6f48b8b63806df9|c66308d7bcc3931b60a096bfe6ba0f50105e77de
usr.sbin/usbdump/usbdump.8|man8/usbdump.8|f99f2d813a7e7618ab9cd5905170d87c8f2a77e123fc3aaebf6ad90a2c5535f0|f99f2d813a7e7618ab9cd5905170d87c8f2a77e123fc3aaebf6ad90a2c5535f0|a76cac3a2062d4be107b4dabda0fcdedf71db340
usr.sbin/utx/utx.8|man8/utx.8|b510b26fffa660ae5a73876ce559c8da9863e61da3f24ad174e0c9dab8c68cd5|b510b26fffa660ae5a73876ce559c8da9863e61da3f24ad174e0c9dab8c68cd5|fa9896e082a1046ff4fbc75fcba4d18d1f2efc19
usr.sbin/valectl/valectl.8|man8/valectl.8|9a4dd0c30d2ebc03b45f7343679eac205e357df2e33f935c62a80e54f76f6831|9a4dd0c30d2ebc03b45f7343679eac205e357df2e33f935c62a80e54f76f6831|a2f53837f0a8934cfcf7ba3c1fdfc93f217d3703
usr.sbin/vidcontrol/vidcontrol.1|man1/vidcontrol.1|7fe0a97f217e436a07347153c4d208a8fd6ce37a0e36867ffd02929e18ddcbda|1992d79242c3a77af1b1ada9fec540508751877c659b790384a3be327b603998|1e34e2f9fd76da0595652f6befd55c7a5c0815cd
usr.sbin/vigr/vigr.8|man8/vigr.8|c60c0eade1afc6e85dda4770475e1024726095bce63d5fbc86de509d087fa881|c60c0eade1afc6e85dda4770475e1024726095bce63d5fbc86de509d087fa881|fa9896e082a1046ff4fbc75fcba4d18d1f2efc19
usr.sbin/vipw/vipw.8|man8/vipw.8|22151b75d7bc651aa3d83bdc3ad689d7f23d5c663292cd4441d9aa8f09cd1898|22151b75d7bc651aa3d83bdc3ad689d7f23d5c663292cd4441d9aa8f09cd1898|8a7b61203704d362cfbc66c00619f51b24106b55
usr.sbin/virtual_oss/virtual_bt_speaker/virtual_bt_speaker.8|man8/virtual_bt_speaker.8|f98b14f61d5403d5adb0b968d4f45e09b8bdcb696dc7ff91898fe9f81bd5b161|f98b14f61d5403d5adb0b968d4f45e09b8bdcb696dc7ff91898fe9f81bd5b161|5a31c623143f4a20e5b5fb337ec97ac0b39635fc
usr.sbin/virtual_oss/virtual_equalizer/virtual_equalizer.8|man8/virtual_equalizer.8|4c9212d91d1bbdd0ae9eb3e03e753b4336cbcef0947f56558afde593c34aa67b|4c9212d91d1bbdd0ae9eb3e03e753b4336cbcef0947f56558afde593c34aa67b|5a31c623143f4a20e5b5fb337ec97ac0b39635fc
usr.sbin/virtual_oss/virtual_oss/virtual_oss.8|man8/virtual_oss.8|838a5b2ebd7858d969901ce4fd475e056e370cb174fc5c800cbc5d8a69e10614|838a5b2ebd7858d969901ce4fd475e056e370cb174fc5c800cbc5d8a69e10614|a380d07f4739168a6eae4383ca23c2ed9890d0fe
usr.sbin/virtual_oss/virtual_oss_cmd/virtual_oss_cmd.8|man8/virtual_oss_cmd.8|40293a049a0881fb9c864be1ea147b7e5ce4209c90688ee250c39e6766bd98b4|40293a049a0881fb9c864be1ea147b7e5ce4209c90688ee250c39e6766bd98b4|5a31c623143f4a20e5b5fb337ec97ac0b39635fc
usr.sbin/wake/wake.8|man8/wake.8|292e0932792db4d922c7f2fa2d3779779b2494b47344301b888c3c919da0bd97|292e0932792db4d922c7f2fa2d3779779b2494b47344301b888c3c919da0bd97|fa9896e082a1046ff4fbc75fcba4d18d1f2efc19
usr.sbin/watch/watch.8|man8/watch.8|42417e84644c3c0b0cf5cb6d60bb8deade2494cd1746fe71d055c5d35ba67b4b|42417e84644c3c0b0cf5cb6d60bb8deade2494cd1746fe71d055c5d35ba67b4b|9187f64a74698736a5686971b3cfbcb226cb098c
usr.sbin/watchdogd/watchdog.8|man8/watchdog.8|e593c621f82d8f4783cc6aceb6d7f91dff6a0267f8daaac46c6c08399df988f0|e593c621f82d8f4783cc6aceb6d7f91dff6a0267f8daaac46c6c08399df988f0|fa9896e082a1046ff4fbc75fcba4d18d1f2efc19
usr.sbin/watchdogd/watchdogd.8|man8/watchdogd.8|20d2c5037de3c2edb2ad880c44e907058c284fdb8af516f3e65fc6bd3f241ec0|20d2c5037de3c2edb2ad880c44e907058c284fdb8af516f3e65fc6bd3f241ec0|3c242182fb4b07cf0a7fb3f3b80b39c879c7b617
usr.sbin/wlandebug/wlandebug.8|man8/wlandebug.8|3d92fc59c4b0bf7a4b04be4ded6a73b915178bf06c147789ce7cfbcaa818a98f|3d92fc59c4b0bf7a4b04be4ded6a73b915178bf06c147789ce7cfbcaa818a98f|fa9896e082a1046ff4fbc75fcba4d18d1f2efc19
usr.sbin/wlanstat/wlanstat.8|man8/wlanstat.8|1f9068d9e174744842cdd92a596dca8bf1d12479ff65628d2720668ca573c4ad|1f9068d9e174744842cdd92a596dca8bf1d12479ff65628d2720668ca573c4ad|cb714aa76b1febb213106fb6575b4e676ff3316b
usr.sbin/wpa/hostapd/hostapd.8|man8/hostapd.8|8011d80b82eec43ff42ac2a08c24cdf3ca5b74e7de89b378d28108a1ee17e6b9|8011d80b82eec43ff42ac2a08c24cdf3ca5b74e7de89b378d28108a1ee17e6b9|fa9896e082a1046ff4fbc75fcba4d18d1f2efc19
usr.sbin/wpa/hostapd_cli/hostapd_cli.8|man8/hostapd_cli.8|945efddaf5468163500fe410c54d78ec9c9e86081ab6de900cfbb5835ea18a7b|945efddaf5468163500fe410c54d78ec9c9e86081ab6de900cfbb5835ea18a7b|fa9896e082a1046ff4fbc75fcba4d18d1f2efc19
usr.sbin/wpa/wpa_cli/wpa_cli.8|man8/wpa_cli.8|e4816f0173515d462c991930e161fc3faea859c5438e65e28251c4126434376a|e4816f0173515d462c991930e161fc3faea859c5438e65e28251c4126434376a|18a27dd64129f4b11ba458065bb5bb883f6b4c6e
usr.sbin/wpa/wpa_passphrase/wpa_passphrase.8|man8/wpa_passphrase.8|6975e6f3a4d3539f752a6bf18dae965fd76798e1498dbe65076fc52aeb0fbcd9|6975e6f3a4d3539f752a6bf18dae965fd76798e1498dbe65076fc52aeb0fbcd9|fa9896e082a1046ff4fbc75fcba4d18d1f2efc19
usr.sbin/wpa/wpa_supplicant/wpa_supplicant.8|man8/wpa_supplicant.8|ad9004f09cfbabfe1908a02d4ba98ef6775dac1a31950eae8660f94b672cde7b|ad9004f09cfbabfe1908a02d4ba98ef6775dac1a31950eae8660f94b672cde7b|ed0adb244484366e5f1e43e63b96b2da5087b84f
usr.sbin/yp_mkdb/yp_mkdb.8|man8/yp_mkdb.8|deed6fffa65ac1a8313f87c4b2749b88e0269013a5d21dbb41516ca812e736df|deed6fffa65ac1a8313f87c4b2749b88e0269013a5d21dbb41516ca812e736df|fa9896e082a1046ff4fbc75fcba4d18d1f2efc19
usr.sbin/ypbind/ypbind.8|man8/ypbind.8|cc5ff337962bc9a82a11fea53d09b5293a4f580f384cd38b33df961938fad7de|cc5ff337962bc9a82a11fea53d09b5293a4f580f384cd38b33df961938fad7de|fa9896e082a1046ff4fbc75fcba4d18d1f2efc19
usr.sbin/ypldap/ypldap.8|man8/ypldap.8|adbf5901c7457680487788463962b523e5439b6d681779e56d1a736c00225e30|adbf5901c7457680487788463962b523e5439b6d681779e56d1a736c00225e30|b2c76c41be32f904179efed29c0ca04d53f3996c
usr.sbin/yppoll/yppoll.8|man8/yppoll.8|0dc1930aea544d62713d5245c2af7847b5e77f558122f6d90d363f32ac0a75ca|0dc1930aea544d62713d5245c2af7847b5e77f558122f6d90d363f32ac0a75ca|b2c76c41be32f904179efed29c0ca04d53f3996c
usr.sbin/yppush/yppush.8|man8/yppush.8|29970fbaa8fb38f3b07e6f628dee45875dd97b0c9dc7b08259ea604d7c733f70|29970fbaa8fb38f3b07e6f628dee45875dd97b0c9dc7b08259ea604d7c733f70|fa9896e082a1046ff4fbc75fcba4d18d1f2efc19
usr.sbin/ypserv/ypinit.8|man8/ypinit.8|8c73a2db64388bd306b72fe655123f9ffde4f29a1c2403d9d298c71d0d855e0d|8c73a2db64388bd306b72fe655123f9ffde4f29a1c2403d9d298c71d0d855e0d|fa9896e082a1046ff4fbc75fcba4d18d1f2efc19
usr.sbin/ypserv/ypserv.8|man8/ypserv.8|8a1bf2a862789cdd83de864d10aa6fb5a84e61178e4ae2e1daf3dc86f7d1f6ed|8a1bf2a862789cdd83de864d10aa6fb5a84e61178e4ae2e1daf3dc86f7d1f6ed|fa9896e082a1046ff4fbc75fcba4d18d1f2efc19
usr.sbin/ypset/ypset.8|man8/ypset.8|6b6f6d466d5a4929616ddfa658582fddead46a6a6c73589ed52dad0764e13c0d|6b6f6d466d5a4929616ddfa658582fddead46a6a6c73589ed52dad0764e13c0d|fa9896e082a1046ff4fbc75fcba4d18d1f2efc19
usr.sbin/zonectl/zonectl.8|man8/zonectl.8|c66b675b4e9ad1199c4ae1239705aef6fd4da8b7790bdbe0af93aa2ecc0f46a4|c66b675b4e9ad1199c4ae1239705aef6fd4da8b7790bdbe0af93aa2ecc0f46a4|3c242182fb4b07cf0a7fb3f3b80b39c879c7b617
usr.sbin/zzz/zzz.8|man8/zzz.8|7b8d86e70d508ca91ffe1574a6247699b4f67a29a5cbb4953130449266e9598e|7b8d86e70d508ca91ffe1574a6247699b4f67a29a5cbb4953130449266e9598e|fa9896e082a1046ff4fbc75fcba4d18d1f2efc19
