# Format: src_path|target_path|orig_hash|last_existed_orig_hash|git_commit_hash
# Generated by man-tr-scan.sh. Do not edit manually.
bin/cat/cat.1|man1/cat.1|0e201bb9b597d56cc4ea9dfdeee48a250e456094acb9fdc3383035f7143be2b9|0e201bb9b597d56cc4ea9dfdeee48a250e456094acb9fdc3383035f7143be2b9|b2c76c41be32f904179efed29c0ca04d53f3996c
bin/chflags/chflags.1|man1/chflags.1|1956de5102c3521de3352348ebcb76abbf28168e9988b199a4db185db08cd135|1956de5102c3521de3352348ebcb76abbf28168e9988b199a4db185db08cd135|b2c76c41be32f904179efed29c0ca04d53f3996c
bin/chio/chio.1|man1/chio.1|201cd5177c59025c3976f71865da7f40c62ceff4d90ed8475127d138aa2821a1|201cd5177c59025c3976f71865da7f40c62ceff4d90ed8475127d138aa2821a1|fa9896e082a1046ff4fbc75fcba4d18d1f2efc19
bin/chmod/chmod.1|man1/chmod.1|16b07ab041f93a87ff6886d9543de92a7cf92b3e1fd1cc25475930c62570a29f|16b07ab041f93a87ff6886d9543de92a7cf92b3e1fd1cc25475930c62570a29f|b2c76c41be32f904179efed29c0ca04d53f3996c
bin/cp/cp.1|man1/cp.1|5df6adb570cd045a0d4c477b010497b9004b72befdc7bb37d711c1859117466a|5df6adb570cd045a0d4c477b010497b9004b72befdc7bb37d711c1859117466a|8a9ae26afca3b69050b8464bebb79011eb76abe5
bin/cpuset/cpuset.1|man1/cpuset.1|b9752bcd33438d926fb7f8e738632272ed68e70136efd4c38ae1f0713514d6c6|b9752bcd33438d926fb7f8e738632272ed68e70136efd4c38ae1f0713514d6c6|fa9896e082a1046ff4fbc75fcba4d18d1f2efc19
bin/date/date.1|man1/date.1|9d4e89c12e2ff7d6d75b94d553beab23d942b13ce888e28e4ff54aa8dfd60a7b|9d4e89c12e2ff7d6d75b94d553beab23d942b13ce888e28e4ff54aa8dfd60a7b|b0abbe05dfa144ff6ceabeb317e9493a13c0917d
bin/dd/dd.1|man1/dd.1|64fc91dccbeaef50e3f011590fcb6341c4c0c9e64e5fcb4dcde848ce0ef7c15a|64fc91dccbeaef50e3f011590fcb6341c4c0c9e64e5fcb4dcde848ce0ef7c15a|b2c76c41be32f904179efed29c0ca04d53f3996c
bin/df/df.1|man1/df.1|7e9b22b1aec3d611e1f039a2249dad35f1314e7a92929d582f05db6cebb10a02|7e9b22b1aec3d611e1f039a2249dad35f1314e7a92929d582f05db6cebb10a02|b2c76c41be32f904179efed29c0ca04d53f3996c
bin/domainname/domainname.1|man1/domainname.1|833949d2306dd4ce5fd6a158c1f3d8dfbc17ec3f22952151d0a0308cb6dcac40|833949d2306dd4ce5fd6a158c1f3d8dfbc17ec3f22952151d0a0308cb6dcac40|b2c76c41be32f904179efed29c0ca04d53f3996c
bin/echo/echo.1|man1/echo.1|f937fa7d30ccf3f699295d3c1b5d6e9839ebfb724bd8790b833ea0fb9db322d3|f937fa7d30ccf3f699295d3c1b5d6e9839ebfb724bd8790b833ea0fb9db322d3|b2c76c41be32f904179efed29c0ca04d53f3996c
bin/ed/ed.1|man1/ed.1|9f4a3c343d4795931a1aab23053c5d139b9afaa5f7b898c2ea913edd78c65398|9f4a3c343d4795931a1aab23053c5d139b9afaa5f7b898c2ea913edd78c65398|b2c76c41be32f904179efed29c0ca04d53f3996c
bin/expr/expr.1|man1/expr.1|23d961c0927f87387fef7457adb5e51805aa37aef623af915e70b2ad06f7ce0a|23d961c0927f87387fef7457adb5e51805aa37aef623af915e70b2ad06f7ce0a|fa9896e082a1046ff4fbc75fcba4d18d1f2efc19
bin/freebsd-version/freebsd-version.1|man1/freebsd-version.1|ca5b9cec9d4d4055e9d8a019f29ee14d0209b83db11abd6eed070141212934ee|ca5b9cec9d4d4055e9d8a019f29ee14d0209b83db11abd6eed070141212934ee|66be60537568cb47df7beef8bb190f3d04461224
bin/getfacl/getfacl.1|man1/getfacl.1|117daf976ebd904fb4fb7f41cb9e08a9521782c7d0c98841e5977cd1291ec30d|117daf976ebd904fb4fb7f41cb9e08a9521782c7d0c98841e5977cd1291ec30d|fa9896e082a1046ff4fbc75fcba4d18d1f2efc19
bin/hostname/hostname.1|man1/hostname.1|3b41b79549a961d628e9aa1f4d452602aa42acf98d905b1fb58da0da3dfd5dad|3b41b79549a961d628e9aa1f4d452602aa42acf98d905b1fb58da0da3dfd5dad|b2c76c41be32f904179efed29c0ca04d53f3996c
bin/kenv/kenv.1|man1/kenv.1|7ad9870dc86718735906d82d9794f1eb6e7ba029b8bab1f4902ceab1a3b4938a|7ad9870dc86718735906d82d9794f1eb6e7ba029b8bab1f4902ceab1a3b4938a|c839c1566147cc2d255aab1f7a1f8ed3f86299a8
bin/kill/kill.1|man1/kill.1|bbcddd8edb9c085e9251f6b2a4cd431ac86f9c9a52dfffe5131cc4becf9d1874|bbcddd8edb9c085e9251f6b2a4cd431ac86f9c9a52dfffe5131cc4becf9d1874|fe74df3f9db830194ba7b91d4d703dddee2a60c7
bin/ln/ln.1|man1/ln.1|75707f9c251c5f9eeabc523bbaf0850dcf34a98e53d6db3349a1737a99c82fef|75707f9c251c5f9eeabc523bbaf0850dcf34a98e53d6db3349a1737a99c82fef|b2c76c41be32f904179efed29c0ca04d53f3996c
bin/ls/ls.1|man1/ls.1|36c8a352338819ddd28fed718be29a0d1f47133b67ba22de72351b3f2cbb9987|36c8a352338819ddd28fed718be29a0d1f47133b67ba22de72351b3f2cbb9987|e6d9c11666f785ec45cb6f7e05fc87012d6bb4d5
bin/mkdir/mkdir.1|man1/mkdir.1|af69cb32a64ab0195806cd9716b38749edd39e6d1198ff2aff1d06f4ff0288c5|af69cb32a64ab0195806cd9716b38749edd39e6d1198ff2aff1d06f4ff0288c5|b2c76c41be32f904179efed29c0ca04d53f3996c
bin/mv/mv.1|man1/mv.1|2e8eb33de5438eac448ee54f25351d4dd35876590dec2dabff561927fb61d735|2e8eb33de5438eac448ee54f25351d4dd35876590dec2dabff561927fb61d735|b2c76c41be32f904179efed29c0ca04d53f3996c
bin/nproc/nproc.1|man1/nproc.1|c4503df6517aa66a7698c62b79a480901f2980548bde7c50f6be437f253ad583|c4503df6517aa66a7698c62b79a480901f2980548bde7c50f6be437f253ad583|1e078fb6021ebb5ccfb092fe9e5befcf4054ac0b
bin/pax/pax.1|man1/pax.1|bd789ca6e50eb0bc8ea656c3070270e7dfbb52d40764831631645277a3212941|bd789ca6e50eb0bc8ea656c3070270e7dfbb52d40764831631645277a3212941|b2c76c41be32f904179efed29c0ca04d53f3996c
bin/pkill/pkill.1|man1/pkill.1|c626bea9440df89a280e8ddcb51f2e8f259f83d4a23a9f1c04a9842f953c8b3d|c626bea9440df89a280e8ddcb51f2e8f259f83d4a23a9f1c04a9842f953c8b3d|4354f62149b23feb7de04f73c46abc13eb34d63b
bin/ps/ps.1|man1/ps.1|4da79048bd41c24dc1066d3fcef213213090828e76f618feaabea69536bbd76f|4da79048bd41c24dc1066d3fcef213213090828e76f618feaabea69536bbd76f|afd579619956ff69be52cf6a9c4804df1bdd8cb9
bin/pwait/pwait.1|man1/pwait.1|7b7db07e71b4e3d88994e119c93f21757232deaa65cfcf64fb9c06939255b23b|7b7db07e71b4e3d88994e119c93f21757232deaa65cfcf64fb9c06939255b23b|04753df6c7de6f4300a9545b7199ee1bc6ede0d9
bin/pwd/pwd.1|man1/pwd.1|979ffeada2bcc3fafc4935f7256cf566eee2270093bbccc6fc1f9843d40bc15d|979ffeada2bcc3fafc4935f7256cf566eee2270093bbccc6fc1f9843d40bc15d|ae75d4bdc12bcdd30099bf35ce72f3452972b59f
bin/realpath/realpath.1|man1/realpath.1|bb502a2dc91d3253650d694c5b102302e9c285de4f5eff1a393f48128ab05f67|bb502a2dc91d3253650d694c5b102302e9c285de4f5eff1a393f48128ab05f67|b2c76c41be32f904179efed29c0ca04d53f3996c
bin/rm/rm.1|man1/rm.1|7a0c01242dd084bfacf8e5a1296b00a72ca4637ee9b441ec4faa567f78afdfe7|7a0c01242dd084bfacf8e5a1296b00a72ca4637ee9b441ec4faa567f78afdfe7|b2c76c41be32f904179efed29c0ca04d53f3996c
bin/rmdir/rmdir.1|man1/rmdir.1|a95832ea27781cca618b5991c142a42a10e6d3aa654c8e60b62f9e938233fd0b|a95832ea27781cca618b5991c142a42a10e6d3aa654c8e60b62f9e938233fd0b|b2c76c41be32f904179efed29c0ca04d53f3996c
bin/setfacl/setfacl.1|man1/setfacl.1|1a2d2fb9ee3d81621b3b0953d77af982de4de6a69c30a79add5c5743b2d8ecff|1a2d2fb9ee3d81621b3b0953d77af982de4de6a69c30a79add5c5743b2d8ecff|fa9896e082a1046ff4fbc75fcba4d18d1f2efc19
bin/sh/sh.1|man1/sh.1|c77ca123c521226d04d65197867d365593a2b60653151218cb349c5d1ff3ad4a|c77ca123c521226d04d65197867d365593a2b60653151218cb349c5d1ff3ad4a|cee36a5e003c90659f274a2f20699543c73f2d34
bin/sleep/sleep.1|man1/sleep.1|78f6ed53eb5e81717d59db0812c8bfc368ce7070d39ee65eb7b38784056bed36|78f6ed53eb5e81717d59db0812c8bfc368ce7070d39ee65eb7b38784056bed36|51acd75a12ddb8fbd738f0b20f882eb8af1f24d9
bin/stty/stty.1|man1/stty.1|e940e79e1b27d1c80ddef4522004df880fb7c8660daaad158612efd695344919|e940e79e1b27d1c80ddef4522004df880fb7c8660daaad158612efd695344919|50949816e0f1f8338b37bb4cc1da21a86b09e5c3
bin/sync/sync.8|man8/sync.8|9e4cd8f43094f8ad30ee5bc8cdc1a06d8a117f160b09f62ed8aa513432803034|9e4cd8f43094f8ad30ee5bc8cdc1a06d8a117f160b09f62ed8aa513432803034|bb27b83033d0a9a6425ceb508ad51cfb0cf266ea
bin/test/test.1|man1/test.1|197cf89768a68cba6513f7bd45263ad9ab3b5beec85964c16108e04e96caeb16|197cf89768a68cba6513f7bd45263ad9ab3b5beec85964c16108e04e96caeb16|b2c76c41be32f904179efed29c0ca04d53f3996c
bin/timeout/timeout.1|man1/timeout.1|e951a1d059c1b60234fa6e603b0fcb4ae4451c0ed2bbac84dce5d5c4173887fe|e951a1d059c1b60234fa6e603b0fcb4ae4451c0ed2bbac84dce5d5c4173887fe|a716cf6d56043823cebe9b5eb5d0804c8d0f7888
bin/uuidgen/uuidgen.1|man1/uuidgen.1|f1e69105a5ac58d54b04040dfbc22e3a0aeb75d82ec020665fe20b0c70f60e14|f1e69105a5ac58d54b04040dfbc22e3a0aeb75d82ec020665fe20b0c70f60e14|9b5fbee391685effc9828e74535532f6beb31145
cddl/contrib/opensolaris/cmd/dtrace/dtrace.1|man1/dtrace.1|9d4bd249e5473d321fcd8515bbcd5ae797611413ca4e0d23ce76e6ca99267b28|9d4bd249e5473d321fcd8515bbcd5ae797611413ca4e0d23ce76e6ca99267b28|ff6b04c37e780e070d871dff60370a0376efde4c
cddl/contrib/opensolaris/cmd/lockstat/lockstat.1|man1/lockstat.1|84435bd9cc0305e6acd8b1869882ca16487e700f20f023a175207f170e4e9470|84435bd9cc0305e6acd8b1869882ca16487e700f20f023a175207f170e4e9470|bfa1565246cf02153749d2635814b03ad5d61d38
cddl/usr.bin/ctfconvert/ctfconvert.1|man1/ctfconvert.1|f2784528fe6a1816a4810bdd798cb7da9334bc4ece021f14e5ad75faa21442d7|f2784528fe6a1816a4810bdd798cb7da9334bc4ece021f14e5ad75faa21442d7|992be3acfe68d315e081ba27f7087e8261dc4ecf
cddl/usr.bin/ctfdump/ctfdump.1|man1/ctfdump.1|dafc3852261e508b9edd96ff24f3b1f2ae156c6346e6a060985bd572e89154e4|dafc3852261e508b9edd96ff24f3b1f2ae156c6346e6a060985bd572e89154e4|fa9896e082a1046ff4fbc75fcba4d18d1f2efc19
cddl/usr.bin/ctfmerge/ctfmerge.1|man1/ctfmerge.1|577e9b96741553d0a4ac3fe5d3241aa13cdd7c83ae0db8b4e829475ee7a78161|577e9b96741553d0a4ac3fe5d3241aa13cdd7c83ae0db8b4e829475ee7a78161|b60835acb9841cdc1df9921bca3f4e1f904680b5
cddl/usr.sbin/dwatch/dwatch.1|man1/dwatch.1|20d712216c2eb03428b91f21afa42648e6cdfe7554cfdad111a077a35b29923d|20d712216c2eb03428b91f21afa42648e6cdfe7554cfdad111a077a35b29923d|fa9896e082a1046ff4fbc75fcba4d18d1f2efc19
cddl/usr.sbin/plockstat/plockstat.1|man1/plockstat.1|340e17d78b0b6b3c5fd70ff061d5f90c680c72f2804840923961937bd9d160a2|340e17d78b0b6b3c5fd70ff061d5f90c680c72f2804840923961937bd9d160a2|fa9896e082a1046ff4fbc75fcba4d18d1f2efc19
cddl/usr.sbin/zfsd/zfsd.8|man8/zfsd.8|3b7dbf07450fb7021ee5f221ee9714b0108650742f79af8b1e71128a2db71f98|3b7dbf07450fb7021ee5f221ee9714b0108650742f79af8b1e71128a2db71f98|6136631124c08c24ff1d07c493fd07f1ff059ed5
contrib/atf/atf-sh/atf-check.1|man1/atf-check.1|0cf36cc17045c7820d2647e2e37180671773de3641a73b0c7e5fd449d3d23c37|0cf36cc17045c7820d2647e2e37180671773de3641a73b0c7e5fd449d3d23c37|c203bd70b5957f85616424b6fa374479372d06e3
contrib/atf/atf-sh/atf-sh.1|man1/atf-sh.1|94201c5f7fae55cd937fcd19eea367d6451e02708479e6fc3fc319ee1b74d23d|94201c5f7fae55cd937fcd19eea367d6451e02708479e6fc3fc319ee1b74d23d|b93c1b1a3b046e4d36d85cb7265c25e19b793388
contrib/atf/doc/atf-test-program.1|man1/atf-test-program.1|4345092c9734875112ac7b104337af71c7dd67e29fac36e21a6924310424aad7|4345092c9734875112ac7b104337af71c7dd67e29fac36e21a6924310424aad7|0677dfd1c4dadb62482e2c72fa4c6720902128a4
contrib/bc/manuals/bc/A.1|man1/A.1|f7df3907d6edc03ca2b094017bf3fa8a351edd5dbd1c3b0fc7a0b909d78fcb88|f7df3907d6edc03ca2b094017bf3fa8a351edd5dbd1c3b0fc7a0b909d78fcb88|ab36487a79cd0093d76ec3cdc8eb8c0e114835db
contrib/bc/manuals/bc/E.1|man1/E.1|c9232b0228bf0c4f10f9e4979038588754fc425c8b8aa7b6fce3f849045a72be|c9232b0228bf0c4f10f9e4979038588754fc425c8b8aa7b6fce3f849045a72be|ab36487a79cd0093d76ec3cdc8eb8c0e114835db
contrib/bc/manuals/bc/EH.1|man1/EH.1|102bbed1d67e5f3563c2859d1062c3fd65177c3d0655bc3144eaa74bd36c3162|102bbed1d67e5f3563c2859d1062c3fd65177c3d0655bc3144eaa74bd36c3162|ab36487a79cd0093d76ec3cdc8eb8c0e114835db
contrib/bc/manuals/bc/EHN.1|man1/EHN.1|666ac2631b97733a83a4ef0b95b7e3f075f9adc97e57c6e33c9c71ef414ee105|666ac2631b97733a83a4ef0b95b7e3f075f9adc97e57c6e33c9c71ef414ee105|ab36487a79cd0093d76ec3cdc8eb8c0e114835db
contrib/bc/manuals/bc/EN.1|man1/EN.1|c434f1b45607465f35acb5fef7d0b38d37c1114e760515ce7d9cfb647410b657|c434f1b45607465f35acb5fef7d0b38d37c1114e760515ce7d9cfb647410b657|ab36487a79cd0093d76ec3cdc8eb8c0e114835db
contrib/bc/manuals/bc/H.1|man1/H.1|d49c36a541682539ef4154ff844cbb5855da9ce044a7a435156ce30d119eead1|d49c36a541682539ef4154ff844cbb5855da9ce044a7a435156ce30d119eead1|ab36487a79cd0093d76ec3cdc8eb8c0e114835db
contrib/bc/manuals/bc/HN.1|man1/HN.1|0d0ddf230b2cc06f64547ecc9055ab3b8349a231e0e7c74bef6998a7901d4461|0d0ddf230b2cc06f64547ecc9055ab3b8349a231e0e7c74bef6998a7901d4461|ab36487a79cd0093d76ec3cdc8eb8c0e114835db
contrib/bc/manuals/bc/N.1|man1/N.1|7bae3cd90a095c86b9302dd972d0f9b55fedfe8cca1020499190b6b554feaa6c|7bae3cd90a095c86b9302dd972d0f9b55fedfe8cca1020499190b6b554feaa6c|ab36487a79cd0093d76ec3cdc8eb8c0e114835db
contrib/bc/manuals/dc/A.1|man1/A.1|6f39ac1a75a4a45b06684c2df04e1e4fe4a6c70bbdf68f9754275aefeef92874|6f39ac1a75a4a45b06684c2df04e1e4fe4a6c70bbdf68f9754275aefeef92874|ab36487a79cd0093d76ec3cdc8eb8c0e114835db
contrib/bc/manuals/dc/E.1|man1/E.1|66cf1aa29900964872375902ed463baecd9ab80a887642652c81f0186666bb47|66cf1aa29900964872375902ed463baecd9ab80a887642652c81f0186666bb47|ab36487a79cd0093d76ec3cdc8eb8c0e114835db
contrib/bc/manuals/dc/EH.1|man1/EH.1|3d6555ad544b0b8fd0f2d9b120000eeb1bcfa62d601e12465043c60cd215f75f|3d6555ad544b0b8fd0f2d9b120000eeb1bcfa62d601e12465043c60cd215f75f|ab36487a79cd0093d76ec3cdc8eb8c0e114835db
contrib/bc/manuals/dc/EHN.1|man1/EHN.1|1fe6acd533ac8bc7493cdcc77e10f70c7505671e896faff2973eb9e7b85078f2|1fe6acd533ac8bc7493cdcc77e10f70c7505671e896faff2973eb9e7b85078f2|ab36487a79cd0093d76ec3cdc8eb8c0e114835db
contrib/bc/manuals/dc/EN.1|man1/EN.1|2e9502cfc2389061a53856efff1f941d762210318f59d56f8879a1acaa050a4d|2e9502cfc2389061a53856efff1f941d762210318f59d56f8879a1acaa050a4d|ab36487a79cd0093d76ec3cdc8eb8c0e114835db
contrib/bc/manuals/dc/H.1|man1/H.1|5ddd9f0145bd76e3ffd7dbfecb48ab27825c4682bcc7aac8c5dd534b30589363|5ddd9f0145bd76e3ffd7dbfecb48ab27825c4682bcc7aac8c5dd534b30589363|ab36487a79cd0093d76ec3cdc8eb8c0e114835db
contrib/bc/manuals/dc/HN.1|man1/HN.1|df8009b10e194f30822b635c97113b1d71785fbe9a9386d9434fb8523f68709b|df8009b10e194f30822b635c97113b1d71785fbe9a9386d9434fb8523f68709b|ab36487a79cd0093d76ec3cdc8eb8c0e114835db
contrib/bc/manuals/dc/N.1|man1/N.1|c59bde85323eba5f19831727c2d4685e209164d54d206269f9f3a92283ead5d5|c59bde85323eba5f19831727c2d4685e209164d54d206269f9f3a92283ead5d5|ab36487a79cd0093d76ec3cdc8eb8c0e114835db
contrib/blocklist/bin/blacklistctl.8|man8/blacklistctl.8|61c1354b5a1732ec6f75d8cf3089483707454377ee6735e96c173fae0257cb95|61c1354b5a1732ec6f75d8cf3089483707454377ee6735e96c173fae0257cb95|53a984a36f3c27f3e272ea6a8f5efa49ad0c2685
contrib/blocklist/bin/blacklistd.8|man8/blacklistd.8|d8b70aabe7f1f9c278540208468001e8946f2e4fd1775fc7c685802fc3ff79e9|d8b70aabe7f1f9c278540208468001e8946f2e4fd1775fc7c685802fc3ff79e9|53a984a36f3c27f3e272ea6a8f5efa49ad0c2685
contrib/bmake/bmake.1|man1/bmake.1|9fbf647d0b5a54890117327dfc00308f9e3b0a40175cc31cfce69a31d8c68453|9fbf647d0b5a54890117327dfc00308f9e3b0a40175cc31cfce69a31d8c68453|c95f96dea30a26b7d3543961db6e25e677c02c5a
contrib/bmake/make.1|man1/make.1|da5c7f3b5e46ef96725af3611505c14045bd461467211c4b4a34aca9d9fa1a3c|da5c7f3b5e46ef96725af3611505c14045bd461467211c4b4a34aca9d9fa1a3c|c95f96dea30a26b7d3543961db6e25e677c02c5a
contrib/bsddialog/bsddialog.1|man1/bsddialog.1|658b80ca8ab2df539ea362e046f75ece5ddd49b31ccd7045f242f237754bdd0c|658b80ca8ab2df539ea362e046f75ece5ddd49b31ccd7045f242f237754bdd0c|84823cc70824c8d842f503d8c2e6d7b0c2d95b61
contrib/bsnmp/gensnmpdef/gensnmpdef.1|man1/gensnmpdef.1|bf652f3e132dd5ff585a786e5703584262dc6a8eecac63becb248dc3a81265bd|bf652f3e132dd5ff585a786e5703584262dc6a8eecac63becb248dc3a81265bd|e1d581b289848ffa97c452756dc52d45efb68a01
contrib/bsnmp/gensnmptree/gensnmptree.1|man1/gensnmptree.1|c814420483a9921953d26522932ad076f7216e5a25daeded87c4097898179ce2|c814420483a9921953d26522932ad076f7216e5a25daeded87c4097898179ce2|4ac8f4067096a9d4a00e41cd53bd5c4fa295fd15
contrib/bsnmp/snmpd/bsnmpd.1|man1/bsnmpd.1|a5c6fc557c885512f233497362ffa0d57b9a249e50a2c100bc74236db8857639|a5c6fc557c885512f233497362ffa0d57b9a249e50a2c100bc74236db8857639|9ea0bf43e58287466ad183fe758a01498ede4259
contrib/byacc/yacc.1|man1/yacc.1|56981b50c82a04acad1db0e4e22ec58dfd8dc1f5bdba3605b7c335f3d3a6f7ac|56981b50c82a04acad1db0e4e22ec58dfd8dc1f5bdba3605b7c335f3d3a6f7ac|8e022d3cdea10ee1039a632f670c27fd93f65625
contrib/bzip2/bzip2.1|man1/bzip2.1|396f0caae5a6d108e6315298e76f64723b5e6bfd090869862260035c8c60fab3|396f0caae5a6d108e6315298e76f64723b5e6bfd090869862260035c8c60fab3|51f61fc0c7ece7a30c737341e65455841bc3f04e
contrib/com_err/compile_et.1|man1/compile_et.1|95ab8b4ab558d03c3611385203316940f31413fe0ea08cb4d1a834df15edd568|95ab8b4ab558d03c3611385203316940f31413fe0ea08cb4d1a834df15edd568|aa12cea2ccc6e686d6d31cf67d6bc69cbc1ba744
contrib/dialog/dialog.1|man1/dialog.1|389c3ca672deb402d7ff0961d63a0ac2f02e99c524bc75b3c9116f5b916098f2|389c3ca672deb402d7ff0961d63a0ac2f02e99c524bc75b3c9116f5b916098f2|a96ef4501919d7ac08e94e98dc34b0bdd744802b
contrib/diff/man/cmp.1|man1/cmp.1|9d777c0bbe51abd4d6d92adff3908c2ad349ef0f50f48109809f7d5c874f231f|9d777c0bbe51abd4d6d92adff3908c2ad349ef0f50f48109809f7d5c874f231f|18fd37a72c3a7549d2d4f6c6ea00bdcd2bdaca01
contrib/diff/man/diff.1|man1/diff.1|59619786650a769ec2826dc6cad8294b541ca9fecd51114906b34fe3b900f1df|59619786650a769ec2826dc6cad8294b541ca9fecd51114906b34fe3b900f1df|18fd37a72c3a7549d2d4f6c6ea00bdcd2bdaca01
contrib/diff/man/diff3.1|man1/diff3.1|9ccabb2a40355929413320c2fae76db8812a8793c49cfbd163c1e10c37b0ccac|9ccabb2a40355929413320c2fae76db8812a8793c49cfbd163c1e10c37b0ccac|998db43a8d31330a111205a1bba9707883de8610
contrib/diff/man/sdiff.1|man1/sdiff.1|930d853f4ec680cc60696b42244c6d361dcb8cb1fc7983840dfc7d65a05aa134|930d853f4ec680cc60696b42244c6d361dcb8cb1fc7983840dfc7d65a05aa134|18fd37a72c3a7549d2d4f6c6ea00bdcd2bdaca01
contrib/dma/dma.8|man8/dma.8|820345fd83d46d435bcf1e32f10c9fb479ef7217fa42b79b627dea84869802da|820345fd83d46d435bcf1e32f10c9fb479ef7217fa42b79b627dea84869802da|fbe95b885f3431b1d8003545b32e8ffa88f2d16b
contrib/ee/ee.1|man1/ee.1|c75ab5c8ad54d6d3b9c0b28de5a1d7ee9a8af953a19db919f6b76e6fea06598e|c75ab5c8ad54d6d3b9c0b28de5a1d7ee9a8af953a19db919f6b76e6fea06598e|6580cc162dd5297b520fe1be21579bc787974ffb
contrib/elftoolchain/addr2line/addr2line.1|man1/addr2line.1|5b2498976159be2ac73262e1bad38144001aa8e51dc21ea558b2b312a8f8c9df|5b2498976159be2ac73262e1bad38144001aa8e51dc21ea558b2b312a8f8c9df|ae500c1ff8974130f7f2692772cf288b90349e0d
contrib/elftoolchain/ar/ar.1|man1/ar.1|4580ea21d5d99301f91802853b45202bda78b20775f6350b430113f9a901a44c|4580ea21d5d99301f91802853b45202bda78b20775f6350b430113f9a901a44c|ae500c1ff8974130f7f2692772cf288b90349e0d
contrib/elftoolchain/ar/ranlib.1|man1/ranlib.1|ccedff617c7066943148d85f61a45569f32891121599e80c4625f03b5aaea12c|ccedff617c7066943148d85f61a45569f32891121599e80c4625f03b5aaea12c|ae500c1ff8974130f7f2692772cf288b90349e0d
contrib/elftoolchain/brandelf/brandelf.1|man1/brandelf.1|f90e477636f0c2660b9a56e19cf00a805e036bc9bc3d365ca01d55f3b8b3991d|f90e477636f0c2660b9a56e19cf00a805e036bc9bc3d365ca01d55f3b8b3991d|656f49f8e2b0656824a5f10aeb760a00fdd3753f
contrib/elftoolchain/cxxfilt/c++filt.1|man1/c++filt.1|0f0bf096a8a5d2abe2718f125149689862faf8035766c8ee77e138caf06596c8|0f0bf096a8a5d2abe2718f125149689862faf8035766c8ee77e138caf06596c8|ae500c1ff8974130f7f2692772cf288b90349e0d
contrib/elftoolchain/elfcopy/elfcopy.1|man1/elfcopy.1|f37e6a638a924237f7dc12cb3647cfa48dd7b0a6078f4dc9c39d0334a70eb4c0|f37e6a638a924237f7dc12cb3647cfa48dd7b0a6078f4dc9c39d0334a70eb4c0|ae500c1ff8974130f7f2692772cf288b90349e0d
contrib/elftoolchain/elfcopy/mcs.1|man1/mcs.1|caf12eedb536b6250f461fc1dd54a21461c990e79b73cf9e657e8405383f383e|caf12eedb536b6250f461fc1dd54a21461c990e79b73cf9e657e8405383f383e|ae500c1ff8974130f7f2692772cf288b90349e0d
contrib/elftoolchain/elfcopy/strip.1|man1/strip.1|47ddea6087e17da8cb1416c5615c31cd407822d0888d8ab59c1599211e838866|47ddea6087e17da8cb1416c5615c31cd407822d0888d8ab59c1599211e838866|36d7818975359fd2aacb19e4f9442a841dc954bb
contrib/elftoolchain/elfdump/elfdump.1|man1/elfdump.1|da1bd0b1328e1c12757869990dd370d788dd9130ffc2f16e97055fd092a95e17|da1bd0b1328e1c12757869990dd370d788dd9130ffc2f16e97055fd092a95e17|656f49f8e2b0656824a5f10aeb760a00fdd3753f
contrib/elftoolchain/nm/nm.1|man1/nm.1|530e09c03140f1c4dad776c9490ba4c5f9efacb1565f6eb7561d139f38d59c0e|530e09c03140f1c4dad776c9490ba4c5f9efacb1565f6eb7561d139f38d59c0e|ae500c1ff8974130f7f2692772cf288b90349e0d
contrib/elftoolchain/readelf/readelf.1|man1/readelf.1|b1ae6b821bcc7d8e5c14df3553c4623b86a9ff7de2e06992a40008f1290f4a06|b1ae6b821bcc7d8e5c14df3553c4623b86a9ff7de2e06992a40008f1290f4a06|deef4b8ce8ba7292fe5088bf9f6d4e2e35662fe8
contrib/elftoolchain/size/size.1|man1/size.1|dfe8585ffa19b70d73b2b9b41cbfc6adc95bc61e20cf986c1f568b540dad0a68|dfe8585ffa19b70d73b2b9b41cbfc6adc95bc61e20cf986c1f568b540dad0a68|b00fe64f4acfe315181f65999af16e9a7bdc600b
contrib/elftoolchain/strings/strings.1|man1/strings.1|c6e2ed0bef8a566b63ee627c5adbc3fc475869cf8f65a868452d7aed58d6a93d|c6e2ed0bef8a566b63ee627c5adbc3fc475869cf8f65a868452d7aed58d6a93d|839529caa9c35f92b638dbe074655598e7a6bb6f
contrib/expat/doc/xmlwf.1|man1/xmlwf.1|d0c7006ad0ac5689a36f36a14ee2b0df0d5297bd48c5aded708b085fe476c87d|d0c7006ad0ac5689a36f36a14ee2b0df0d5297bd48c5aded708b085fe476c87d|6136e3d40354c11ea0356feac2bb88ec7d6d6c04
contrib/hyperv/tools/hv_kvp_daemon.8|man8/hv_kvp_daemon.8|6de1702cf0c8e39a0db57d0da4e5be0ed16320cc6e02a28d9eb28bbff6e8dec6|6de1702cf0c8e39a0db57d0da4e5be0ed16320cc6e02a28d9eb28bbff6e8dec6|1545452c5448d6e1f030b8142eb85db172d2c816
contrib/hyperv/tools/hv_vss_daemon.8|man8/hv_vss_daemon.8|cbb50cc28cd86a74bad71fc8454880e5cb856c209531e8437456bf5b1e696656|cbb50cc28cd86a74bad71fc8454880e5cb856c209531e8437456bf5b1e696656|168fce73b59d6023cab45d063a452551a1f2103e
contrib/ldns-host/ldns-host.1|man1/ldns-host.1|e0c7f654193234e1066cd0a018821fcf8a9910fc8a9e8f7a991d7294306efb2b|e0c7f654193234e1066cd0a018821fcf8a9910fc8a9e8f7a991d7294306efb2b|3f68b24e10aeb1a1cd85f2d349da44138d52c501
contrib/ldns/drill/drill.1|man1/drill.1|c4076ed4d7651a734446d6eb8613b966e23443973fd2545a964882a8de91a5b3|c4076ed4d7651a734446d6eb8613b966e23443973fd2545a964882a8de91a5b3|986ba33c7a3bc8f5ba13c7a9d6512602f6e32c61
contrib/ldns/packaging/ldns-config.1|man1/ldns-config.1|5218247882ff9903273134a949c174c32b278ae673daf34edab45c8e025ffb2c|5218247882ff9903273134a949c174c32b278ae673daf34edab45c8e025ffb2c|c81fa81aab339d6a2d11019e0768bd463131f87a
contrib/libarchive/cat/bsdcat.1|man1/bsdcat.1|604e2e140654e602a79341244664490415719ee7cbd3d077e69b3b079142acac|604e2e140654e602a79341244664490415719ee7cbd3d077e69b3b079142acac|2ae238160f205576f465cbbed2c397774bea3976
contrib/libarchive/cpio/bsdcpio.1|man1/bsdcpio.1|36ac9b490ecfaf92ab939f6f24b30f941cb5c25e16be2d5a3f0e96d2dfc7bcb4|36ac9b490ecfaf92ab939f6f24b30f941cb5c25e16be2d5a3f0e96d2dfc7bcb4|2ae238160f205576f465cbbed2c397774bea3976
contrib/libarchive/tar/bsdtar.1|man1/bsdtar.1|e7efc124af2d9c47214a69dfb403ffb168a741bf279620c912df25b48a6a9cf7|e7efc124af2d9c47214a69dfb403ffb168a741bf279620c912df25b48a6a9cf7|6dad4525a2910496ecf3c41de659aac906f6c1f4
contrib/libarchive/unzip/bsdunzip.1|man1/bsdunzip.1|21887322e9c5a9d103bdd58ea714f3983e5b17c86d57b2aec96ec4678cf18a3d|21887322e9c5a9d103bdd58ea714f3983e5b17c86d57b2aec96ec4678cf18a3d|2ae238160f205576f465cbbed2c397774bea3976
contrib/libder/derdump/derdump.1|man1/derdump.1|7fd66f6064cf0954b64c051eb4b80cb2cfa9ec2a0d235b3310428201c811e7ce|7fd66f6064cf0954b64c051eb4b80cb2cfa9ec2a0d235b3310428201c811e7ce|ba667efb5301da32009d5cbc5ae5df9cff895e82
contrib/libfido2/man/fido2-assert.1|man1/fido2-assert.1|17cff8c23f8ed88ed8fbb4b6cbc8acab7d9c30be20fa443cac6839e9afc7d545|17cff8c23f8ed88ed8fbb4b6cbc8acab7d9c30be20fa443cac6839e9afc7d545|128bace5102e5871fc0a139bb0a3448a08ea3c13
contrib/libfido2/man/fido2-cred.1|man1/fido2-cred.1|8c0cbc7728c75def1f657168f901a2ddb5a729d44d480ebb5f9420ae17ce90cf|8c0cbc7728c75def1f657168f901a2ddb5a729d44d480ebb5f9420ae17ce90cf|128bace5102e5871fc0a139bb0a3448a08ea3c13
contrib/libfido2/man/fido2-token.1|man1/fido2-token.1|58926ec8838295598c66049d77515e1455574919443a58499940d7f2c50ec63d|58926ec8838295598c66049d77515e1455574919443a58499940d7f2c50ec63d|5bfbde817cdedbd7309c38a361cd1211bdcdd70e
contrib/libpcap/pcap-config.1|man1/pcap-config.1|ce055bc5eac57796c0722c40bfc9bd46b6bb41e8b91c82403769dd4ca9f73083|ce055bc5eac57796c0722c40bfc9bd46b6bb41e8b91c82403769dd4ca9f73083|26f21a6494b4cf791bc45d7ed3138bfab9f8f854
contrib/libxo/xo/xo.1|man1/xo.1|0fd51437369d2addbf4ab36b0e2141cf4451a8ec1a89f22f7a10152e843daea1|0fd51437369d2addbf4ab36b0e2141cf4451a8ec1a89f22f7a10152e843daea1|34b867ca30479cec104fd069178df294f8ea35f1
contrib/libxo/xohtml/xohtml.1|man1/xohtml.1|2279f67d137888673591cfced5bc93749c10fac4babd064097411f173a47679c|2279f67d137888673591cfced5bc93749c10fac4babd064097411f173a47679c|fd5e3f3ec6c6248e892c9e7b2f17da3bfe7b6837
contrib/libxo/xolint/xolint.1|man1/xolint.1|5dc9e607257af8ac133c17d946f5741dfac644de14714668acfc6e3f0d7549b0|5dc9e607257af8ac133c17d946f5741dfac644de14714668acfc6e3f0d7549b0|fd5e3f3ec6c6248e892c9e7b2f17da3bfe7b6837
contrib/libxo/xopo/xopo.1|man1/xopo.1|3dee6d4401acbfa2d7df62b0e958cb86bbf3c16948276b3e7ef9216cd2786444|3dee6d4401acbfa2d7df62b0e958cb86bbf3c16948276b3e7ef9216cd2786444|fd5e3f3ec6c6248e892c9e7b2f17da3bfe7b6837
contrib/llvm-project/lld/docs/ld.lld.1|man1/ld.lld.1|681677661186b6014d29a849774eeb90924ce140259ad232fd9e33ca507f1227|681677661186b6014d29a849774eeb90924ce140259ad232fd9e33ca507f1227|9d99cbbb284fb88c44b05241e73790f429d086dc
contrib/lua/doc/lua.1|man1/lua.1|704c5891d638e98819b1e7b6c8250fe19f5a670200d948d285fdba991e893f76|704c5891d638e98819b1e7b6c8250fe19f5a670200d948d285fdba991e893f76|a9490b81b032b43cdb3c8c76b4d01bbad9ff82c1
contrib/lua/doc/luac.1|man1/luac.1|09bb1187e9397981ed1c4b75c7441cd0796bed1ed5f42f94a29542495700faf6|09bb1187e9397981ed1c4b75c7441cd0796bed1ed5f42f94a29542495700faf6|8e3e3a7ae841ccf6f6ac30a2eeab85df5d7f04bc
contrib/mandoc/apropos.1|man1/apropos.1|448e419afe55cea5b4a4d8eaf964f9dee7dabc0983992da8f18d0082bf641ff0|448e419afe55cea5b4a4d8eaf964f9dee7dabc0983992da8f18d0082bf641ff0|6d38604fc532a3fc060788e3ce40464b46047eaf
contrib/mandoc/catman.8|man8/catman.8|3328024846d5f2e188dae22ba34b8daa9ac54876d2b29936438f9cbdf73335e0|3328024846d5f2e188dae22ba34b8daa9ac54876d2b29936438f9cbdf73335e0|a1f4ccd6c79470eb0180f4d9a012b24c267d2574
contrib/mandoc/demandoc.1|man1/demandoc.1|51d0b383346f0719e349c736518903aef61b9cfa9d07d2f318eb9728ec84d6d6|51d0b383346f0719e349c736518903aef61b9cfa9d07d2f318eb9728ec84d6d6|dd276946d56197947c47fa7a37255859aea6e942
contrib/mandoc/makewhatis.8|man8/makewhatis.8|46139e7b0b949dcba9b0db63a65f2bd07f2b4a9ef3f78a42870e3945256c1d89|46139e7b0b949dcba9b0db63a65f2bd07f2b4a9ef3f78a42870e3945256c1d89|dd276946d56197947c47fa7a37255859aea6e942
contrib/mandoc/man.1|man1/man.1|b7b293ddcc5e05feb5208c577a9da44ac1f76a3e19b2fc5958695496dd15a846|b7b293ddcc5e05feb5208c577a9da44ac1f76a3e19b2fc5958695496dd15a846|a271d8fd33b5356a06b0d18b16a7a1eb9d5af980
contrib/mandoc/man.cgi.8|man8/man.cgi.8|c26d2bca3c86c81d6ea476e63c50092e845b6818a14d68ee0c263a3f7ac76c80|c26d2bca3c86c81d6ea476e63c50092e845b6818a14d68ee0c263a3f7ac76c80|dd276946d56197947c47fa7a37255859aea6e942
contrib/mandoc/man.options.1|man1/man.options.1|12296b6c2d2d1a6833312db404581fa844a499123ba28a1ec6dfe70c041be200|12296b6c2d2d1a6833312db404581fa844a499123ba28a1ec6dfe70c041be200|f763f12ed5eba2c95385dd2f93fc47a66dfa927c
contrib/mandoc/mandoc.1|man1/mandoc.1|147411cc9ef2cdb7aeef8b70f0908ff7b67c2987c0539a564f1b73b5b32df0af|147411cc9ef2cdb7aeef8b70f0908ff7b67c2987c0539a564f1b73b5b32df0af|f763f12ed5eba2c95385dd2f93fc47a66dfa927c
contrib/mandoc/mandocd.8|man8/mandocd.8|039af740b0d546c1fa9d585416beed1e0a3df564c6e80653672f33d2dba7f27b|039af740b0d546c1fa9d585416beed1e0a3df564c6e80653672f33d2dba7f27b|a1f4ccd6c79470eb0180f4d9a012b24c267d2574
contrib/mandoc/soelim.1|man1/soelim.1|c17eafe7897039f5da44abfe7c5b11209ef07b59695662260d3e9d38999dfaf0|c17eafe7897039f5da44abfe7c5b11209ef07b59695662260d3e9d38999dfaf0|61d06d6bd19dafe8ea971dd43e8328fa1b473456
contrib/mtree/mtree.8|man8/mtree.8|d6331dd73c31c130856c78cbf28100487117800e69d8448ba4dae420f5d66319|d6331dd73c31c130856c78cbf28100487117800e69d8448ba4dae420f5d66319|f957857c48351396dbd0127bc0fdd47f69e82f6d
contrib/ncurses/man/clear.1|man1/clear.1|1f62bfeebec95375600c5455113bd360e1f006b0e65f9e9a3fca6f124c035ca3|1f62bfeebec95375600c5455113bd360e1f006b0e65f9e9a3fca6f124c035ca3|8de7c76ee02fcc7a405d47cc4b816c27de0dc2e4
contrib/ncurses/man/tabs.1|man1/tabs.1|420080b42721c277703c8d95c256949b430ce3b917fadd321168c27e9f5c6165|420080b42721c277703c8d95c256949b430ce3b917fadd321168c27e9f5c6165|8de7c76ee02fcc7a405d47cc4b816c27de0dc2e4
contrib/ncurses/man/tput.1|man1/tput.1|7d7b374e9b27f85fba996f811863e42a7953f79f3646cd0d3d61160f6adcb1ae|7d7b374e9b27f85fba996f811863e42a7953f79f3646cd0d3d61160f6adcb1ae|8de7c76ee02fcc7a405d47cc4b816c27de0dc2e4
contrib/ncurses/man/tset.1|man1/tset.1|b3a41302cade598519779597eb9013086a2182072af5af311c02329256af58ef|b3a41302cade598519779597eb9013086a2182072af5af311c02329256af58ef|8de7c76ee02fcc7a405d47cc4b816c27de0dc2e4
contrib/netcat/nc.1|man1/nc.1|551101541181fc29c564d9e42d2a1d0e1203272a73f420769a611ff1d9a85639|551101541181fc29c564d9e42d2a1d0e1203272a73f420769a611ff1d9a85639|0fe58344e8290637c91d70142578e92bd3d1e8f7
contrib/nvi/man/vi.1|man1/vi.1|6b2f5a19e1eacc10261ffeb339c9522dbdba15e48e6a9f4f2d002d81ce218b61|6b2f5a19e1eacc10261ffeb339c9522dbdba15e48e6a9f4f2d002d81ce218b61|88f55c3150e94285197623b6d9608f966e7efa12
contrib/ofed/infiniband-diags/man/check_lft_balance.8|man8/check_lft_balance.8|205d39b56899691e432d82553415497c189fea2895de2adc1891d571e9d8af88|205d39b56899691e432d82553415497c189fea2895de2adc1891d571e9d8af88|d6b92ffa990dc57d8a969a98e3ca4e25ba39cbb2
contrib/ofed/infiniband-diags/man/dump_fts.8|man8/dump_fts.8|30b52c7310383ab4e78794a03dfa7dbe5ca712f6bd21ac5ef9c6771ad0ea6440|30b52c7310383ab4e78794a03dfa7dbe5ca712f6bd21ac5ef9c6771ad0ea6440|d6b92ffa990dc57d8a969a98e3ca4e25ba39cbb2
contrib/ofed/infiniband-diags/man/ibaddr.8|man8/ibaddr.8|9a149bc8192c181dd1fba58ac7d107f1039924562d524002a09da173a9c952c9|9a149bc8192c181dd1fba58ac7d107f1039924562d524002a09da173a9c952c9|d6b92ffa990dc57d8a969a98e3ca4e25ba39cbb2
contrib/ofed/infiniband-diags/man/ibcacheedit.8|man8/ibcacheedit.8|c23e23ed58e9f198743a76a7cdde158d411b99b549e8fe8300bb3aeee17e0fc4|c23e23ed58e9f198743a76a7cdde158d411b99b549e8fe8300bb3aeee17e0fc4|d6b92ffa990dc57d8a969a98e3ca4e25ba39cbb2
contrib/ofed/infiniband-diags/man/ibccconfig.8|man8/ibccconfig.8|db7924da770ad3116932d6f2be557a239d5d06dc993182051dd80f1f9380887d|db7924da770ad3116932d6f2be557a239d5d06dc993182051dd80f1f9380887d|d6b92ffa990dc57d8a969a98e3ca4e25ba39cbb2
contrib/ofed/infiniband-diags/man/ibccquery.8|man8/ibccquery.8|09df75b898755552b05b7c44c1223910fd010eadf76e5bb1240ff4c4fd5d4327|09df75b898755552b05b7c44c1223910fd010eadf76e5bb1240ff4c4fd5d4327|d6b92ffa990dc57d8a969a98e3ca4e25ba39cbb2
contrib/ofed/infiniband-diags/man/ibfindnodesusing.8|man8/ibfindnodesusing.8|bd341f5b2cff7973b0b6ef3372c2e6c49067db62b134a8846ffabf54739706cf|bd341f5b2cff7973b0b6ef3372c2e6c49067db62b134a8846ffabf54739706cf|d6b92ffa990dc57d8a969a98e3ca4e25ba39cbb2
contrib/ofed/infiniband-diags/man/ibhosts.8|man8/ibhosts.8|68d855fe2034ab54672d1adcdf258179415dad3830ef8eb3c54d19fa15eb887a|68d855fe2034ab54672d1adcdf258179415dad3830ef8eb3c54d19fa15eb887a|d6b92ffa990dc57d8a969a98e3ca4e25ba39cbb2
contrib/ofed/infiniband-diags/man/ibidsverify.8|man8/ibidsverify.8|6b44f6d7535daea4d58b93a966e2ea0d14dacb204ae479da09a0471657dbd770|6b44f6d7535daea4d58b93a966e2ea0d14dacb204ae479da09a0471657dbd770|d6b92ffa990dc57d8a969a98e3ca4e25ba39cbb2
contrib/ofed/infiniband-diags/man/iblinkinfo.8|man8/iblinkinfo.8|7c161a1e642035b4de739d433886f1bbaa2860f8e19cc77c19358d5a313b2925|7c161a1e642035b4de739d433886f1bbaa2860f8e19cc77c19358d5a313b2925|d6b92ffa990dc57d8a969a98e3ca4e25ba39cbb2
contrib/ofed/infiniband-diags/man/ibnetdiscover.8|man8/ibnetdiscover.8|1907881bdb707874c19be1326d0a0f87fa58129ea4c5ecfe4a86fd2b029d3456|1907881bdb707874c19be1326d0a0f87fa58129ea4c5ecfe4a86fd2b029d3456|d6b92ffa990dc57d8a969a98e3ca4e25ba39cbb2
contrib/ofed/infiniband-diags/man/ibnodes.8|man8/ibnodes.8|e76aef78d49a4f5f9d3d0b2712d0bd66f738467896c98af47fadbe94abf69c53|e76aef78d49a4f5f9d3d0b2712d0bd66f738467896c98af47fadbe94abf69c53|d6b92ffa990dc57d8a969a98e3ca4e25ba39cbb2
contrib/ofed/infiniband-diags/man/ibping.8|man8/ibping.8|782dc7960033427e4db9d590dbe5c440f2b366786230a3ec61d24e8d4ef1fd41|782dc7960033427e4db9d590dbe5c440f2b366786230a3ec61d24e8d4ef1fd41|d6b92ffa990dc57d8a969a98e3ca4e25ba39cbb2
contrib/ofed/infiniband-diags/man/ibportstate.8|man8/ibportstate.8|ea99eac54adeae7083fcbc5e659e0a41ad10aaa9db07a54d4470635587313184|ea99eac54adeae7083fcbc5e659e0a41ad10aaa9db07a54d4470635587313184|d6b92ffa990dc57d8a969a98e3ca4e25ba39cbb2
contrib/ofed/infiniband-diags/man/ibqueryerrors.8|man8/ibqueryerrors.8|196a82d3edcc5b8501cb6e5c81a89e100b355e9106635a1676440c7542bc1f95|196a82d3edcc5b8501cb6e5c81a89e100b355e9106635a1676440c7542bc1f95|d6b92ffa990dc57d8a969a98e3ca4e25ba39cbb2
contrib/ofed/infiniband-diags/man/ibroute.8|man8/ibroute.8|4cda4ebd18e1e55942f75fb828ccfef9bc45e75da2f9df0717cd085a17182a4c|4cda4ebd18e1e55942f75fb828ccfef9bc45e75da2f9df0717cd085a17182a4c|d6b92ffa990dc57d8a969a98e3ca4e25ba39cbb2
contrib/ofed/infiniband-diags/man/ibrouters.8|man8/ibrouters.8|4982b1b3229a2816e77d982de371eb7d29d06cf30dbb462a0163f6b5b232de36|4982b1b3229a2816e77d982de371eb7d29d06cf30dbb462a0163f6b5b232de36|d6b92ffa990dc57d8a969a98e3ca4e25ba39cbb2
contrib/ofed/infiniband-diags/man/ibstat.8|man8/ibstat.8|a7b0d775ffdbd09ce482b6f02026ca85a2511fa935986361bc45d1893789eb43|a7b0d775ffdbd09ce482b6f02026ca85a2511fa935986361bc45d1893789eb43|d6b92ffa990dc57d8a969a98e3ca4e25ba39cbb2
contrib/ofed/infiniband-diags/man/ibstatus.8|man8/ibstatus.8|4a357592752ad1d11c1831693ca2cfefeacb23bfa8138050b83e3a404f550c60|4a357592752ad1d11c1831693ca2cfefeacb23bfa8138050b83e3a404f550c60|d6b92ffa990dc57d8a969a98e3ca4e25ba39cbb2
contrib/ofed/infiniband-diags/man/ibswitches.8|man8/ibswitches.8|db38f64f9c9ed32be6821b3d0b8251eabf1b08e941dea3fc2222eb32970089bf|db38f64f9c9ed32be6821b3d0b8251eabf1b08e941dea3fc2222eb32970089bf|d6b92ffa990dc57d8a969a98e3ca4e25ba39cbb2
contrib/ofed/infiniband-diags/man/ibsysstat.8|man8/ibsysstat.8|cfecb9e08d8b2884bcc6c80029b75cbb59779e013826c7c72b1c84ab58235148|cfecb9e08d8b2884bcc6c80029b75cbb59779e013826c7c72b1c84ab58235148|d6b92ffa990dc57d8a969a98e3ca4e25ba39cbb2
contrib/ofed/infiniband-diags/man/ibtracert.8|man8/ibtracert.8|e4a7d6e54a033c7ae319929ddacbc273cdbaa3d80578d70be8e57f8c29ae91d0|e4a7d6e54a033c7ae319929ddacbc273cdbaa3d80578d70be8e57f8c29ae91d0|d6b92ffa990dc57d8a969a98e3ca4e25ba39cbb2
contrib/ofed/infiniband-diags/man/infiniband-diags.8|man8/infiniband-diags.8|adbd4ed673782ecbb0bedd91bce6c07b98d8eca4075f132c0b6c58536d1177ea|adbd4ed673782ecbb0bedd91bce6c07b98d8eca4075f132c0b6c58536d1177ea|d6b92ffa990dc57d8a969a98e3ca4e25ba39cbb2
contrib/ofed/infiniband-diags/man/perfquery.8|man8/perfquery.8|366c27c16f4eafdff794182fe7eedc22fd82be32f217bcec256eb77d5286c8b2|366c27c16f4eafdff794182fe7eedc22fd82be32f217bcec256eb77d5286c8b2|d6b92ffa990dc57d8a969a98e3ca4e25ba39cbb2
contrib/ofed/infiniband-diags/man/saquery.8|man8/saquery.8|3ec0b481e56e8ebf862b6d424283cb722adb2ae6c7f29646416a76ca3d8d652a|3ec0b481e56e8ebf862b6d424283cb722adb2ae6c7f29646416a76ca3d8d652a|d6b92ffa990dc57d8a969a98e3ca4e25ba39cbb2
contrib/ofed/infiniband-diags/man/sminfo.8|man8/sminfo.8|e60664ddcbb94b7a1da1cdf1d2faa2df200fecba247e1c2a6fccc74f7d9a46da|e60664ddcbb94b7a1da1cdf1d2faa2df200fecba247e1c2a6fccc74f7d9a46da|d6b92ffa990dc57d8a969a98e3ca4e25ba39cbb2
contrib/ofed/infiniband-diags/man/smpdump.8|man8/smpdump.8|0b53cf0de191e71641be4373c9a25e377d180c289dfdfce6790cab8943f3a6f1|0b53cf0de191e71641be4373c9a25e377d180c289dfdfce6790cab8943f3a6f1|d6b92ffa990dc57d8a969a98e3ca4e25ba39cbb2
contrib/ofed/infiniband-diags/man/smpquery.8|man8/smpquery.8|fe910d031a15c5309cef6c4cc6728bca36fc6928bd857122ab111b4a684900cc|fe910d031a15c5309cef6c4cc6728bca36fc6928bd857122ab111b4a684900cc|d6b92ffa990dc57d8a969a98e3ca4e25ba39cbb2
contrib/ofed/infiniband-diags/man/vendstat.8|man8/vendstat.8|6d4ee7dbab0653b16c2e14205c2d4b4b9f796d558779008b2a528f42d4aa1d8e|6d4ee7dbab0653b16c2e14205c2d4b4b9f796d558779008b2a528f42d4aa1d8e|d6b92ffa990dc57d8a969a98e3ca4e25ba39cbb2
contrib/ofed/libibverbs/man/ibv_asyncwatch.1|man1/ibv_asyncwatch.1|5b60e85087acabbd8c048ccfe1ea467e8d885b820698fb6fd3e540f7f5ffe484|5b60e85087acabbd8c048ccfe1ea467e8d885b820698fb6fd3e540f7f5ffe484|d6b92ffa990dc57d8a969a98e3ca4e25ba39cbb2
contrib/ofed/libibverbs/man/ibv_devices.1|man1/ibv_devices.1|6e6b2397342574c8928d482cd62a5217d1f1c8b9c7c414087b815d62acea69a2|6e6b2397342574c8928d482cd62a5217d1f1c8b9c7c414087b815d62acea69a2|d6b92ffa990dc57d8a969a98e3ca4e25ba39cbb2
contrib/ofed/libibverbs/man/ibv_devinfo.1|man1/ibv_devinfo.1|7a2135019118ef5956740547c31b557b23ca829932497cb4174069c497f2ffa8|7a2135019118ef5956740547c31b557b23ca829932497cb4174069c497f2ffa8|d6b92ffa990dc57d8a969a98e3ca4e25ba39cbb2
contrib/ofed/libibverbs/man/ibv_rc_pingpong.1|man1/ibv_rc_pingpong.1|aa393e9947b9aec13366b932dc203af44d0d5cc6b08bf8190984f917cb1e9d4f|aa393e9947b9aec13366b932dc203af44d0d5cc6b08bf8190984f917cb1e9d4f|d6b92ffa990dc57d8a969a98e3ca4e25ba39cbb2
contrib/ofed/libibverbs/man/ibv_srq_pingpong.1|man1/ibv_srq_pingpong.1|8d2a6f301c76e4c2d1b9943d4bcd5c46a5fd7bb91af665dca7aba78756501e01|8d2a6f301c76e4c2d1b9943d4bcd5c46a5fd7bb91af665dca7aba78756501e01|d6b92ffa990dc57d8a969a98e3ca4e25ba39cbb2
contrib/ofed/libibverbs/man/ibv_uc_pingpong.1|man1/ibv_uc_pingpong.1|7ce11c3a45fa16a9085998f4b48e0679007aba5cb0a2ed09c9dcdbd0a428c6cf|7ce11c3a45fa16a9085998f4b48e0679007aba5cb0a2ed09c9dcdbd0a428c6cf|d6b92ffa990dc57d8a969a98e3ca4e25ba39cbb2
contrib/ofed/libibverbs/man/ibv_ud_pingpong.1|man1/ibv_ud_pingpong.1|0842ffdc8d916b1383892bf2730da63a97921ed764238a942e836a332d95bda1|0842ffdc8d916b1383892bf2730da63a97921ed764238a942e836a332d95bda1|d6b92ffa990dc57d8a969a98e3ca4e25ba39cbb2
contrib/ofed/libibverbs/man/ibv_xsrq_pingpong.1|man1/ibv_xsrq_pingpong.1|28a1ccb477b0926d3e47d985b2d9dd671bc3e43b7118195591100b7f5e2341fa|28a1ccb477b0926d3e47d985b2d9dd671bc3e43b7118195591100b7f5e2341fa|d6b92ffa990dc57d8a969a98e3ca4e25ba39cbb2
contrib/ofed/librdmacm/man/cmtime.1|man1/cmtime.1|5987fca99055f6f217a6db529a1f9b7792d87ba8ab897dd9d0e1d788b2fab36b|5987fca99055f6f217a6db529a1f9b7792d87ba8ab897dd9d0e1d788b2fab36b|d6b92ffa990dc57d8a969a98e3ca4e25ba39cbb2
contrib/ofed/librdmacm/man/mckey.1|man1/mckey.1|92e6db13084bd368993d638e30351accaa12464229840a71461090eded2d20d8|92e6db13084bd368993d638e30351accaa12464229840a71461090eded2d20d8|d6b92ffa990dc57d8a969a98e3ca4e25ba39cbb2
contrib/ofed/librdmacm/man/rcopy.1|man1/rcopy.1|eca91a28d7507d540e15ad6dc4962d337a320157e5eef2bde1a1d972ae4899b8|eca91a28d7507d540e15ad6dc4962d337a320157e5eef2bde1a1d972ae4899b8|d6b92ffa990dc57d8a969a98e3ca4e25ba39cbb2
contrib/ofed/librdmacm/man/rdma_client.1|man1/rdma_client.1|d1a2584bd2bd17f13b11f9a81098112d4029d2f29370217256a96b0e309be5ed|d1a2584bd2bd17f13b11f9a81098112d4029d2f29370217256a96b0e309be5ed|d6b92ffa990dc57d8a969a98e3ca4e25ba39cbb2
contrib/ofed/librdmacm/man/rdma_server.1|man1/rdma_server.1|c78654676a38cf08d1fdf40617e7b1fae86574ff605ba5405b6871770ea8af55|c78654676a38cf08d1fdf40617e7b1fae86574ff605ba5405b6871770ea8af55|d6b92ffa990dc57d8a969a98e3ca4e25ba39cbb2
contrib/ofed/librdmacm/man/rdma_xclient.1|man1/rdma_xclient.1|c6ca21e77a87d5a3ca5f959d65cda0347b19a2d795efa8df1a8dabdc969dc9ee|c6ca21e77a87d5a3ca5f959d65cda0347b19a2d795efa8df1a8dabdc969dc9ee|d6b92ffa990dc57d8a969a98e3ca4e25ba39cbb2
contrib/ofed/librdmacm/man/rdma_xserver.1|man1/rdma_xserver.1|a7af44d16707e287bf487d4a03c9ba62e4c7ce94da9fe0440820291f772a3f07|a7af44d16707e287bf487d4a03c9ba62e4c7ce94da9fe0440820291f772a3f07|d6b92ffa990dc57d8a969a98e3ca4e25ba39cbb2
contrib/ofed/librdmacm/man/riostream.1|man1/riostream.1|85df7cd22b6626f4e3dccf0effe05dec31be6513ecf1ace50e6dd0e4b10384bc|85df7cd22b6626f4e3dccf0effe05dec31be6513ecf1ace50e6dd0e4b10384bc|d6b92ffa990dc57d8a969a98e3ca4e25ba39cbb2
contrib/ofed/librdmacm/man/rping.1|man1/rping.1|80e6c1a0b6a0136d87440e1863ce2603e6cdbe2282209fb5a89b0639f380176a|80e6c1a0b6a0136d87440e1863ce2603e6cdbe2282209fb5a89b0639f380176a|d6b92ffa990dc57d8a969a98e3ca4e25ba39cbb2
contrib/ofed/librdmacm/man/rstream.1|man1/rstream.1|0b898d5d105f4d9bd49d2ccbbd5a268dd98438af7a908305319097d1bb325575|0b898d5d105f4d9bd49d2ccbbd5a268dd98438af7a908305319097d1bb325575|d6b92ffa990dc57d8a969a98e3ca4e25ba39cbb2
contrib/ofed/librdmacm/man/ucmatose.1|man1/ucmatose.1|2e30018823c5aa9fb9bd0a4703602f264d7535c63bd1c45a155dd742002646a4|2e30018823c5aa9fb9bd0a4703602f264d7535c63bd1c45a155dd742002646a4|d6b92ffa990dc57d8a969a98e3ca4e25ba39cbb2
contrib/ofed/librdmacm/man/udaddy.1|man1/udaddy.1|461932ba38f5c7aa42c51919f012c4aa1947c20453378843a453f8f50f4bca69|461932ba38f5c7aa42c51919f012c4aa1947c20453378843a453f8f50f4bca69|d6b92ffa990dc57d8a969a98e3ca4e25ba39cbb2
contrib/ofed/librdmacm/man/udpong.1|man1/udpong.1|45759356a062b89971a759e5724e5a93d3f86a423dd003c1600a506757866116|45759356a062b89971a759e5724e5a93d3f86a423dd003c1600a506757866116|d6b92ffa990dc57d8a969a98e3ca4e25ba39cbb2
contrib/ofed/opensm/man/opensm.8|man8/opensm.8|5e2e9e154203230dd5adcc1425f66b5acb5706a3b7d6fb48d2a7d16fa929be55|5e2e9e154203230dd5adcc1425f66b5acb5706a3b7d6fb48d2a7d16fa929be55|d6b92ffa990dc57d8a969a98e3ca4e25ba39cbb2
contrib/one-true-awk/awk.1|man1/awk.1|743dee3c3bba4847553c70c344237305d3b6276b53d6fdf92eb112b79fb334a1|743dee3c3bba4847553c70c344237305d3b6276b53d6fdf92eb112b79fb334a1|284244ac36832b71f2e9e128f45ce132a3c293b0
contrib/openbsm/bin/audit/audit.8|man8/audit.8|247a99a396afdc0158940543052fad044759e8ec5fa9879bd385ce1a6ee987c5|247a99a396afdc0158940543052fad044759e8ec5fa9879bd385ce1a6ee987c5|b6a05070fa77edc7ce6e60b61623fd806e807be6
contrib/openbsm/bin/auditd/auditd.8|man8/auditd.8|cee950467ab1f1926c52b0addba31fba52e4e57ec74d9d5696708696ffd72d95|cee950467ab1f1926c52b0addba31fba52e4e57ec74d9d5696708696ffd72d95|72a600a7a1908f1e778f54e08bd60a93be87dd33
contrib/openbsm/bin/auditdistd/auditdistd.8|man8/auditdistd.8|802cf89e68f3b7c8d780b01ee8ee6ea12ba985ae5e3c71b0d7b54caa98f9c32d|802cf89e68f3b7c8d780b01ee8ee6ea12ba985ae5e3c71b0d7b54caa98f9c32d|b6a05070fa77edc7ce6e60b61623fd806e807be6
contrib/openbsm/bin/auditfilterd/auditfilterd.8|man8/auditfilterd.8|8b5f1f438f9ff1fd4bd6e42ddc6970eef0ac0b493f2783c1e78bf30600c0730a|8b5f1f438f9ff1fd4bd6e42ddc6970eef0ac0b493f2783c1e78bf30600c0730a|b6a05070fa77edc7ce6e60b61623fd806e807be6
contrib/openbsm/bin/auditreduce/auditreduce.1|man1/auditreduce.1|9ab241aa13a66168a4cbdd3d65bc341c7e0162e775020b09f2d913c8e961c5a1|9ab241aa13a66168a4cbdd3d65bc341c7e0162e775020b09f2d913c8e961c5a1|71f8f48356585b1777d5d6a940c86f810bd20c6a
contrib/openbsm/bin/praudit/praudit.1|man1/praudit.1|a1cd57e952029d663e14013c78f819b76b27194c42e3bb67adae2338124fcd67|a1cd57e952029d663e14013c78f819b76b27194c42e3bb67adae2338124fcd67|6f3d7c0ea8941c53c455d060b6ece34e55c5871d
contrib/openpam/bin/pamtest/pamtest.1|man1/pamtest.1|2ab8fe799025537ce2f14967cd7c2def640c9fbe99589b477040e10142af5ed8|2ab8fe799025537ce2f14967cd7c2def640c9fbe99589b477040e10142af5ed8|3ba4c8c81a28de3e00ccf6d7f92c6f8e58bef456
contrib/openpam/bin/su/su.1|man1/su.1|e98f554f2aa240509d0b9b458e2bcbb5d858bf81d6515bba8e3244e9d89ee693|e98f554f2aa240509d0b9b458e2bcbb5d858bf81d6515bba8e3244e9d89ee693|3ba4c8c81a28de3e00ccf6d7f92c6f8e58bef456
contrib/pf/authpf/authpf.8|man8/authpf.8|5f728892415a929de7eb1e138d92316b2b213339caa509bc4868093a92711d96|5f728892415a929de7eb1e138d92316b2b213339caa509bc4868093a92711d96|a24f107bb9b0a543975efce0c68eec67f76045e5
contrib/pf/ftp-proxy/ftp-proxy.8|man8/ftp-proxy.8|0a3c49f6b14ea216fb377588a7a4f338d027fa060f9fcd256317a91bd8feaa2f|0a3c49f6b14ea216fb377588a7a4f338d027fa060f9fcd256317a91bd8feaa2f|e0bfbfce7922dd3c28eb072b599c6bb8f65f039e
contrib/pf/pflogd/pflogd.8|man8/pflogd.8|479abaff86b5a2b75c5d08d6a872d5233bd097bb456b566907c15187e701559f|479abaff86b5a2b75c5d08d6a872d5233bd097bb456b566907c15187e701559f|2bda75506d9596e367637208846ba605a938a0db
contrib/pf/tftp-proxy/tftp-proxy.8|man8/tftp-proxy.8|360088481509cf312226e5c52d2f8e0e1e276abf46f1a9032aa23c19fd256b71|360088481509cf312226e5c52d2f8e0e1e276abf46f1a9032aa23c19fd256b71|67ecd4f3a477a0ca5b76a1694f89755df27a8679
contrib/pnpinfo/pnpinfo.8|man8/pnpinfo.8|57c886b1c0a256b13e51e8bc441e023729e5716b43e253135700ba630f47fbd9|57c886b1c0a256b13e51e8bc441e023729e5716b43e253135700ba630f47fbd9|99f3b482da15db6f2ae4702d592b53dd36d4cf55
contrib/sendmail/contrib/qtool.8|man8/qtool.8|4936cb1687bffa9e37d4d229b0b17244a21d9ac4452af66a4088754b2e6d83ea|4936cb1687bffa9e37d4d229b0b17244a21d9ac4452af66a4088754b2e6d83ea|4313cc83440a39bdf976f955b1d4d3f3c4d1552f
contrib/sendmail/editmap/editmap.8|man8/editmap.8|e6016fce66c6fe51a21fca35ee73260498055f366ff22bb606fc45de680a18c7|e6016fce66c6fe51a21fca35ee73260498055f366ff22bb606fc45de680a18c7|2fb4f839f3fc72ce2bab12f9ba4760f97f73e97f
contrib/sendmail/mail.local/mail.local.8|man8/mail.local.8|3bf1c1d1840cff91750b36f1ed9e8bac903b7af6c3d18f5f4e262d1d9e9ddb73|3bf1c1d1840cff91750b36f1ed9e8bac903b7af6c3d18f5f4e262d1d9e9ddb73|4313cc83440a39bdf976f955b1d4d3f3c4d1552f
contrib/sendmail/mailstats/mailstats.8|man8/mailstats.8|5f160e5bbab06092bc483111a9bf27ace20eed17e3e6b858231dd07fa06c3806|5f160e5bbab06092bc483111a9bf27ace20eed17e3e6b858231dd07fa06c3806|2fb4f839f3fc72ce2bab12f9ba4760f97f73e97f
contrib/sendmail/makemap/makemap.8|man8/makemap.8|a9b00ce0a92f4080c63b193cc8c7370e4652dba9b606d60088d509aba9f3ea93|a9b00ce0a92f4080c63b193cc8c7370e4652dba9b606d60088d509aba9f3ea93|58ae50f31e9546207cecc77b3ee9825bef48a2b5
contrib/sendmail/praliases/praliases.8|man8/praliases.8|c1aef6934fed76b9626ff2424a6a5cc9806871f865f05c8c693588190a67dc4b|c1aef6934fed76b9626ff2424a6a5cc9806871f865f05c8c693588190a67dc4b|2fb4f839f3fc72ce2bab12f9ba4760f97f73e97f
contrib/sendmail/rmail/rmail.8|man8/rmail.8|dd5d0f22197d3870ebe689f946ac4999f89982a95b4f76ef7a21a3f027ab036f|dd5d0f22197d3870ebe689f946ac4999f89982a95b4f76ef7a21a3f027ab036f|2fb4f839f3fc72ce2bab12f9ba4760f97f73e97f
contrib/sendmail/smrsh/smrsh.8|man8/smrsh.8|281c2095e5c5c09edc8178e618f279d68dff8bd3cacb921636c3a7a947f9c885|281c2095e5c5c09edc8178e618f279d68dff8bd3cacb921636c3a7a947f9c885|4313cc83440a39bdf976f955b1d4d3f3c4d1552f
contrib/sendmail/src/mailq.1|man1/mailq.1|2e9657e567341cad7fc317e7b62788c392cd732d6c92f047c8bad94bbde63b09|2e9657e567341cad7fc317e7b62788c392cd732d6c92f047c8bad94bbde63b09|2fb4f839f3fc72ce2bab12f9ba4760f97f73e97f
contrib/sendmail/src/newaliases.1|man1/newaliases.1|59e9e2cc41de375910cc543f1de859f7cc2c1890453818c6d058c7c30f94072b|59e9e2cc41de375910cc543f1de859f7cc2c1890453818c6d058c7c30f94072b|e3df9a78da6be1dc9f0f43cd8ca8e252b451f762
contrib/sendmail/src/sendmail.8|man8/sendmail.8|d022eeec6c743d26f4423215c46eba8e5eb55ce00b3a9e60f83294aa959be7ba|d022eeec6c743d26f4423215c46eba8e5eb55ce00b3a9e60f83294aa959be7ba|58ae50f31e9546207cecc77b3ee9825bef48a2b5
contrib/sendmail/vacation/vacation.1|man1/vacation.1|329f4da68d7088ddb24eed9a3830f7ccaed3d3fe18357213061caced2f31c694|329f4da68d7088ddb24eed9a3830f7ccaed3d3fe18357213061caced2f31c694|58ae50f31e9546207cecc77b3ee9825bef48a2b5
contrib/smbfs/mount_smbfs/mount_smbfs.8|man8/mount_smbfs.8|cdfeb207e52023ac773360579566c7f5ea21044b45c2ee204d8de05a4885ff53|cdfeb207e52023ac773360579566c7f5ea21044b45c2ee204d8de05a4885ff53|e366cf07bc647948b3ae7861d24c0a1cc0570264
contrib/smbfs/smbutil/smbutil.1|man1/smbutil.1|024c7eb9783b84b8e18bae88c2f7e138928982cbc9e02a1f9f9150968b6285a0|024c7eb9783b84b8e18bae88c2f7e138928982cbc9e02a1f9f9150968b6285a0|e366cf07bc647948b3ae7861d24c0a1cc0570264
contrib/sqlite3/sqlite3.1|man1/sqlite3.1|e5fc3fa4301dea75de2efc0e1e941d33c6e5a307c6b46c5eaa533d1bcbf36611|e5fc3fa4301dea75de2efc0e1e941d33c6e5a307c6b46c5eaa533d1bcbf36611|d461550fc2c08ee7706e0ca022ded84731e2ea8e
contrib/tcp_wrappers/tcpd.8|man8/tcpd.8|d0626be914d4497ea05849f10620038afb107d83d5773213c8193263b4e9ea59|d0626be914d4497ea05849f10620038afb107d83d5773213c8193263b4e9ea59|2aef693010b252e8cff0ce46a6ebf15b74c82219
contrib/tcp_wrappers/tcpdchk.8|man8/tcpdchk.8|d506a593dccc2b8ceb0187f9881e694b1c3b729902eabe8a32189cd506c8b682|d506a593dccc2b8ceb0187f9881e694b1c3b729902eabe8a32189cd506c8b682|2aef693010b252e8cff0ce46a6ebf15b74c82219
contrib/tcp_wrappers/tcpdmatch.8|man8/tcpdmatch.8|0b218ee3f808f922988856c2e24fcac7e02a7f7f8d5a8f16fb07fac9dc3954e9|0b218ee3f808f922988856c2e24fcac7e02a7f7f8d5a8f16fb07fac9dc3954e9|2aef693010b252e8cff0ce46a6ebf15b74c82219
contrib/telnet/telnet/telnet.1|man1/telnet.1|aa6c0de0d7ebb1f5a39c55b0d39712c338a63027baeaaded6e88381acc5d7fef|aa6c0de0d7ebb1f5a39c55b0d39712c338a63027baeaaded6e88381acc5d7fef|d2e0204ec0ace5a65e688a35a960e949624f3cb2
contrib/tnftp/src/ftp.1|man1/ftp.1|77885afae7a082e5af485199f77b0fe87cec19f6b264fb596c58f0df828e5d87|77885afae7a082e5af485199f77b0fe87cec19f6b264fb596c58f0df828e5d87|cc361f6598d866348f2456297bcc82cc92f03a1d
contrib/tzcode/date.1|man1/date.1|21bd99211264aa1fd64d7079e305033c83dbc22ed91daebf648b3da3d2ed263d|21bd99211264aa1fd64d7079e305033c83dbc22ed91daebf648b3da3d2ed263d|1a036312c3bb79d52f058b0534c97c8217b159b0
contrib/tzcode/tzselect.8|man8/tzselect.8|ca0fb2f731e5722367d201052125ed11b95d138b34bfeac71eacebfa5d2d389d|ca0fb2f731e5722367d201052125ed11b95d138b34bfeac71eacebfa5d2d389d|f6a30753e66ee67e7dce35dfc2cbae8ffdedc420
contrib/tzcode/zdump.8|man8/zdump.8|c18695c807d3253d3d3c7b1546a6479ce932c913ca10df54b392918330c03d16|c18695c807d3253d3d3c7b1546a6479ce932c913ca10df54b392918330c03d16|f6a30753e66ee67e7dce35dfc2cbae8ffdedc420
contrib/tzcode/zic.8|man8/zic.8|8cb7f790de9bfdf86bdf2863601c0215385e5e35e70d409518f7c97d5c9a9547|8cb7f790de9bfdf86bdf2863601c0215385e5e35e70d409518f7c97d5c9a9547|6b26fcc32f1577c6dd62c5851e06c11ff33c0073
contrib/unbound/doc/unbound-anchor.8|man8/unbound-anchor.8|4d083c2399075c3263bba5495543dcad2fd8f2af4d33246b5259339852a3159d|4d083c2399075c3263bba5495543dcad2fd8f2af4d33246b5259339852a3159d|1e00200e49f5fb8afaa032fdaf1c848aeae8afdd
contrib/unbound/doc/unbound-checkconf.8|man8/unbound-checkconf.8|29582b87ca1b16453e0828b363311655b6908c7476d0faad4954339c746ed2cd|29582b87ca1b16453e0828b363311655b6908c7476d0faad4954339c746ed2cd|1e00200e49f5fb8afaa032fdaf1c848aeae8afdd
contrib/unbound/doc/unbound-control.8|man8/unbound-control.8|4f4062c18bc81e9b314a4a3211bcbc4771f8690a33488d0fd1677ae4fba21610|4f4062c18bc81e9b314a4a3211bcbc4771f8690a33488d0fd1677ae4fba21610|1e00200e49f5fb8afaa032fdaf1c848aeae8afdd
contrib/unbound/doc/unbound-host.1|man1/unbound-host.1|81fee7d24697513111d140a8fb2b27cd09f18cebef043925cc1f37a7fb700593|81fee7d24697513111d140a8fb2b27cd09f18cebef043925cc1f37a7fb700593|1e00200e49f5fb8afaa032fdaf1c848aeae8afdd
contrib/unbound/doc/unbound.8|man8/unbound.8|e091d913cd6fb3c4524caec46feb7c428319ed30ac00e2ff738ed9a7bc33b8c9|e091d913cd6fb3c4524caec46feb7c428319ed30ac00e2ff738ed9a7bc33b8c9|1e00200e49f5fb8afaa032fdaf1c848aeae8afdd
contrib/unifdef/unifdef.1|man1/unifdef.1|34274dd5e4e7f2deef6b27c64cac0fb547d2b84ea048e7f6b877d23447488656|34274dd5e4e7f2deef6b27c64cac0fb547d2b84ea048e7f6b877d23447488656|049b7608f41bf4e93ac6de718c45bef261f6977d
contrib/unvis/unvis.1|man1/unvis.1|6ea50c0d4ba753f022cf80e3ade088eb740cec91bd46fd97c87d046c8bd8fd3d|6ea50c0d4ba753f022cf80e3ade088eb740cec91bd46fd97c87d046c8bd8fd3d|f1f890804985a1043da42a5def13c79dc005f5e9
contrib/vis/vis.1|man1/vis.1|0af94f81c763940599fe6fd63f277b89e16f98617c51ab906dc54dce7cf41d13|0af94f81c763940599fe6fd63f277b89e16f98617c51ab906dc54dce7cf41d13|15fccd86b9dd17ca2cc1a70b060a2b1a1bf8470b
contrib/wireguard-tools/man/wg.8|man8/wg.8|9e434e23208befc87b5c3efe1b8d0890d2fd297f33ab18d5d9cbe811a809c0c0|9e434e23208befc87b5c3efe1b8d0890d2fd297f33ab18d5d9cbe811a809c0c0|785abf57ab46cd890e5f5efc05d897b27edb2f35
contrib/wpa/hostapd/hostapd.8|man8/hostapd.8|c0cbb364da8d7c36b9557ca040eaaf3974205e96563001190b44aacfc78a1ee5|c0cbb364da8d7c36b9557ca040eaaf3974205e96563001190b44aacfc78a1ee5|5b9c547c072b84410b50897cc53710c75b2f6b74
contrib/wpa/hostapd/hostapd_cli.1|man1/hostapd_cli.1|1c69dfbe2c3256748b41cdf59f74ed8de38fc763fcf1f6abb402f30e0f1e375d|1c69dfbe2c3256748b41cdf59f74ed8de38fc763fcf1f6abb402f30e0f1e375d|e28a4053b110e06768631ac8401ed4a3c05e68a5
contrib/xz/src/lzmainfo/lzmainfo.1|man1/lzmainfo.1|4eba273eb9257a613279dc9a2faa4101724f1ce95bb21efd39125e095ff5b336|4eba273eb9257a613279dc9a2faa4101724f1ce95bb21efd39125e095ff5b336|679e924056374cedeef858d3b150ea89c1c42946
contrib/xz/src/xz/xz.1|man1/xz.1|7e76f9ed8cbb52f8a4976b9c3684e0e13b71976b872a9cda0661dbafda8b185a|7e76f9ed8cbb52f8a4976b9c3684e0e13b71976b872a9cda0661dbafda8b185a|8d58fa9fed63355d8921db13b899511ebff406c3
contrib/xz/src/xzdec/xzdec.1|man1/xzdec.1|51571323562d054206a2bb00dddcdd8bd967b164d53df827ce679495c18a69d4|51571323562d054206a2bb00dddcdd8bd967b164d53df827ce679495c18a69d4|679e924056374cedeef858d3b150ea89c1c42946
crypto/heimdal/admin/ktutil.8|man8/ktutil.8|fb3a4a79e26cd7dafea2957460505da34c161d61cef7f652dbc01d5bf8efa7c7|fb3a4a79e26cd7dafea2957460505da34c161d61cef7f652dbc01d5bf8efa7c7|ae77177087c655fc883075af4f425b37e032cd05
crypto/heimdal/appl/afsutil/afslog.1|man1/afslog.1|4e66df11583fe6dec5360f6253505ea2f50337535d2f10cb6456c3ae7c5fd9e2|4e66df11583fe6dec5360f6253505ea2f50337535d2f10cb6456c3ae7c5fd9e2|ae77177087c655fc883075af4f425b37e032cd05
crypto/heimdal/appl/afsutil/pagsh.1|man1/pagsh.1|d825c530af6a167179df6380246e2a3747e037d890d054121ba2110706500f81|d825c530af6a167179df6380246e2a3747e037d890d054121ba2110706500f81|ae77177087c655fc883075af4f425b37e032cd05
crypto/heimdal/appl/ftp/ftp/ftp.1|man1/ftp.1|fdad121d24a1f68d8d1920e0aeba5b2220d2a1d5ec316b2ecbb32ce46fb1d3d9|fdad121d24a1f68d8d1920e0aeba5b2220d2a1d5ec316b2ecbb32ce46fb1d3d9|a60e3800c7fd4e3a413fa25eeb03488f582fbdce
crypto/heimdal/appl/ftp/ftpd/ftpd.8|man8/ftpd.8|0f504303b760845d9cd7f5d2ceac5d7af2ce602f0bb23d86b456efffab7e6363|0f504303b760845d9cd7f5d2ceac5d7af2ce602f0bb23d86b456efffab7e6363|ae77177087c655fc883075af4f425b37e032cd05
crypto/heimdal/appl/kf/kf.1|man1/kf.1|b0ed7d23aa6e18c804d6a8295efe78c12e086e99b769ff0816954caf3831b780|b0ed7d23aa6e18c804d6a8295efe78c12e086e99b769ff0816954caf3831b780|ae77177087c655fc883075af4f425b37e032cd05
crypto/heimdal/appl/kf/kfd.8|man8/kfd.8|34ac61c829111c45482bec275047bd23bade8601ce1c5369370fdba75348b9a8|34ac61c829111c45482bec275047bd23bade8601ce1c5369370fdba75348b9a8|ae77177087c655fc883075af4f425b37e032cd05
crypto/heimdal/appl/login/login.1|man1/login.1|f3a207a1beae9cada9cdee44a1da6f343f289a28c7c77fe00f39e239146f8de7|f3a207a1beae9cada9cdee44a1da6f343f289a28c7c77fe00f39e239146f8de7|ae77177087c655fc883075af4f425b37e032cd05
crypto/heimdal/appl/push/pfrom.1|man1/pfrom.1|5a310cf94b34910a3659183bef3b819f57ca75776f3c3a40fd13d8a389d562dc|5a310cf94b34910a3659183bef3b819f57ca75776f3c3a40fd13d8a389d562dc|ae77177087c655fc883075af4f425b37e032cd05
crypto/heimdal/appl/push/push.8|man8/push.8|314485a324d8006db15c4ebba9f50503a1b2395fc287230e73e1e60725224b78|314485a324d8006db15c4ebba9f50503a1b2395fc287230e73e1e60725224b78|ae77177087c655fc883075af4f425b37e032cd05
crypto/heimdal/appl/rcp/rcp.1|man1/rcp.1|8c1d0e72ca32272ebc37a95414d92c737109f838d3051f74864bf9a6fff3f4da|8c1d0e72ca32272ebc37a95414d92c737109f838d3051f74864bf9a6fff3f4da|ae77177087c655fc883075af4f425b37e032cd05
crypto/heimdal/appl/rsh/rsh.1|man1/rsh.1|b8771833db5254092416ed4d1a02b3708ae1662b41d7f514be1fcf53c45ce492|b8771833db5254092416ed4d1a02b3708ae1662b41d7f514be1fcf53c45ce492|a60e3800c7fd4e3a413fa25eeb03488f582fbdce
crypto/heimdal/appl/rsh/rshd.8|man8/rshd.8|bcf2e6ec632216ef0e32db2ae3b951e54422d435b5da4ea172578028c4e4e748|bcf2e6ec632216ef0e32db2ae3b951e54422d435b5da4ea172578028c4e4e748|ae77177087c655fc883075af4f425b37e032cd05
crypto/heimdal/appl/su/su.1|man1/su.1|1ff0f5618e7ff540a247e2972b27a05a151484fd4cd05003006c6566a2c3ff74|1ff0f5618e7ff540a247e2972b27a05a151484fd4cd05003006c6566a2c3ff74|ae77177087c655fc883075af4f425b37e032cd05
crypto/heimdal/appl/telnet/telnet/telnet.1|man1/telnet.1|25c114f498349d15d409c26d9ff43dcd3cbbcf9407721288f7e3aa83423f02b6|25c114f498349d15d409c26d9ff43dcd3cbbcf9407721288f7e3aa83423f02b6|c19800e8cd5640693f36f2040db4ab5e8d738146
crypto/heimdal/appl/telnet/telnetd/telnetd.8|man8/telnetd.8|079f8e523ee7fdd54547c229fd8774340bd6930702919774e9a59530ced8f4fc|079f8e523ee7fdd54547c229fd8774340bd6930702919774e9a59530ced8f4fc|c19800e8cd5640693f36f2040db4ab5e8d738146
crypto/heimdal/kadmin/kadmin.8|man8/kadmin.8|314db1a1d5d3b0de4d2383839a25ff222db01b9abec714c6faab5427dd850c88|314db1a1d5d3b0de4d2383839a25ff222db01b9abec714c6faab5427dd850c88|ae77177087c655fc883075af4f425b37e032cd05
crypto/heimdal/kadmin/kadmind.8|man8/kadmind.8|5c55e83b38a830644edc1312b590732c0b0c24b5b0672003dc05d0ec19fda337|5c55e83b38a830644edc1312b590732c0b0c24b5b0672003dc05d0ec19fda337|ae77177087c655fc883075af4f425b37e032cd05
crypto/heimdal/kcm/kcm.8|man8/kcm.8|04a98d3f07a462555a5177e87406fede5d08357a2ec99a8071dd78697fc31628|04a98d3f07a462555a5177e87406fede5d08357a2ec99a8071dd78697fc31628|ae77177087c655fc883075af4f425b37e032cd05
crypto/heimdal/kdc/hprop.8|man8/hprop.8|b1caa19f941aa7a5b9c4ef3046af519e1731ff94c808c192826b30b6d0a54267|b1caa19f941aa7a5b9c4ef3046af519e1731ff94c808c192826b30b6d0a54267|ae77177087c655fc883075af4f425b37e032cd05
crypto/heimdal/kdc/hpropd.8|man8/hpropd.8|5d1057ed8a0f59d418656802a12ef7eae14e77f3ac6ac1ae7ed8f5d21eb62fd0|5d1057ed8a0f59d418656802a12ef7eae14e77f3ac6ac1ae7ed8f5d21eb62fd0|ae77177087c655fc883075af4f425b37e032cd05
crypto/heimdal/kdc/kdc.8|man8/kdc.8|b4c4d3cffa9ef2d2136ed17d723bb50b481313f511556a47bdf148f2fbd8f2c3|b4c4d3cffa9ef2d2136ed17d723bb50b481313f511556a47bdf148f2fbd8f2c3|a60e3800c7fd4e3a413fa25eeb03488f582fbdce
crypto/heimdal/kdc/kstash.8|man8/kstash.8|e78ef0c36ebd53d2e16360c219c66860df6965061c4ef9bcaf7d58df5d376e99|e78ef0c36ebd53d2e16360c219c66860df6965061c4ef9bcaf7d58df5d376e99|ae77177087c655fc883075af4f425b37e032cd05
crypto/heimdal/kdc/string2key.8|man8/string2key.8|ab214f341b4e6b2aaa39d164a6ef962e7c4e946a654ec6bad8e8dd99f2db1a4c|ab214f341b4e6b2aaa39d164a6ef962e7c4e946a654ec6bad8e8dd99f2db1a4c|ae77177087c655fc883075af4f425b37e032cd05
crypto/heimdal/kpasswd/kpasswd.1|man1/kpasswd.1|6430a7e8346df1d1968f5bcc5b6d31ad724f1afeb7338fdf3c7112004a8cdade|6430a7e8346df1d1968f5bcc5b6d31ad724f1afeb7338fdf3c7112004a8cdade|ae77177087c655fc883075af4f425b37e032cd05
crypto/heimdal/kpasswd/kpasswdd.8|man8/kpasswdd.8|d81f75e4e58f9ed24d33bc6fdc2adee61bce6bcaede19635c26cf76044148eaa|d81f75e4e58f9ed24d33bc6fdc2adee61bce6bcaede19635c26cf76044148eaa|ae77177087c655fc883075af4f425b37e032cd05
crypto/heimdal/kuser/copy_cred_cache.1|man1/copy_cred_cache.1|69b8aee2f88fffd636df8719a605718ad5653bb9c2dfc037a5bcc97b153dd030|69b8aee2f88fffd636df8719a605718ad5653bb9c2dfc037a5bcc97b153dd030|ae77177087c655fc883075af4f425b37e032cd05
crypto/heimdal/kuser/kdestroy.1|man1/kdestroy.1|1471847cf9f833122bb9d506e0b417b455873acc60c60c350fd0b6c5ceaba808|1471847cf9f833122bb9d506e0b417b455873acc60c60c350fd0b6c5ceaba808|ae77177087c655fc883075af4f425b37e032cd05
crypto/heimdal/kuser/kdigest.8|man8/kdigest.8|cadf84849114542e8eaa7c50e6534800b22daa60d8638df5e8129174792b9980|cadf84849114542e8eaa7c50e6534800b22daa60d8638df5e8129174792b9980|ae77177087c655fc883075af4f425b37e032cd05
crypto/heimdal/kuser/kgetcred.1|man1/kgetcred.1|fe1affdd466f39ccae2fdc533eec0de632c094e7180f6a71d0b4ac79f8f8bacb|fe1affdd466f39ccae2fdc533eec0de632c094e7180f6a71d0b4ac79f8f8bacb|ae77177087c655fc883075af4f425b37e032cd05
crypto/heimdal/kuser/kimpersonate.8|man8/kimpersonate.8|ca3627854d50f60f2b9c005fb4d6dc25269ad189d738f89fa94d7e49686c4402|ca3627854d50f60f2b9c005fb4d6dc25269ad189d738f89fa94d7e49686c4402|ae77177087c655fc883075af4f425b37e032cd05
crypto/heimdal/kuser/kinit.1|man1/kinit.1|b16d1e28b292e9922311022ee9d6f2a2877297c8c8dac310310209757cf153fd|b16d1e28b292e9922311022ee9d6f2a2877297c8c8dac310310209757cf153fd|ae77177087c655fc883075af4f425b37e032cd05
crypto/heimdal/kuser/klist.1|man1/klist.1|e697742463d74c9ea321a730a4c16a9163ab7e4e5d357330396de843bae3de38|e697742463d74c9ea321a730a4c16a9163ab7e4e5d357330396de843bae3de38|ae77177087c655fc883075af4f425b37e032cd05
crypto/heimdal/kuser/kswitch.1|man1/kswitch.1|6f78afac5c7bdf35732ad5b7d3bc28dd8b62bb4554f88e415c22964e57dbb07d|6f78afac5c7bdf35732ad5b7d3bc28dd8b62bb4554f88e415c22964e57dbb07d|ae77177087c655fc883075af4f425b37e032cd05
crypto/heimdal/lib/kadm5/iprop-log.8|man8/iprop-log.8|1a90edb2fabe7868ea4c89141dde259d6de6c77ac5968de0a35d1095a6c01b66|1a90edb2fabe7868ea4c89141dde259d6de6c77ac5968de0a35d1095a6c01b66|ae77177087c655fc883075af4f425b37e032cd05
crypto/heimdal/lib/kadm5/iprop.8|man8/iprop.8|a61bf1fcb84d376504f7ab12ab7cd211cc7a6691f95f7442876b6f0898c042b0|a61bf1fcb84d376504f7ab12ab7cd211cc7a6691f95f7442876b6f0898c042b0|ae77177087c655fc883075af4f425b37e032cd05
crypto/heimdal/lib/krb5/kerberos.8|man8/kerberos.8|10a914576fbb27fff46716ee25f0fde1d1729b678c8a41649a1c4de4049ec60d|10a914576fbb27fff46716ee25f0fde1d1729b678c8a41649a1c4de4049ec60d|80ba60f64394fab3cda10d5921af896ed1c57c5f
crypto/heimdal/lib/krb5/verify_krb5_conf.8|man8/verify_krb5_conf.8|93ffe849e795236fe52fa1b77e47bf95d380c7e7ec61fd53c4a474c835d84306|93ffe849e795236fe52fa1b77e47bf95d380c7e7ec61fd53c4a474c835d84306|ae77177087c655fc883075af4f425b37e032cd05
crypto/heimdal/tools/krb5-config.1|man1/krb5-config.1|86ddcdef5c768d75e2e34538de1b20733ca54387941d9bf0c01099eeeadc8872|86ddcdef5c768d75e2e34538de1b20733ca54387941d9bf0c01099eeeadc8872|ae77177087c655fc883075af4f425b37e032cd05
crypto/openssh/contrib/ssh-copy-id.1|man1/ssh-copy-id.1|ab85a3d3a7267eba91744582ec53ec5bd778188469bf3bd5900013bdac5ee990|ab85a3d3a7267eba91744582ec53ec5bd778188469bf3bd5900013bdac5ee990|802386cd37f638eec9606cb10d3dd03c8f1d6c17
crypto/openssh/scp.1|man1/scp.1|523f2172219534a3c56cbe9f723323695ff28e8c92882f386eb752d9152c3187|523f2172219534a3c56cbe9f723323695ff28e8c92882f386eb752d9152c3187|7ca599aa613955a939284292f0993b59b0d9fef3
crypto/openssh/sftp-server.8|man8/sftp-server.8|0ad9fa901005a1fdd7feaf4366d4f925bc7a1497b8db6a7199eba6f2126f16ce|0ad9fa901005a1fdd7feaf4366d4f925bc7a1497b8db6a7199eba6f2126f16ce|19261079b74319502c6ffa1249920079f0f69a72
crypto/openssh/sftp.1|man1/sftp.1|bccb8b8020cd5522e3923a98e305d5122fc5b280a3ffe90ea380a1fbc13ccd6f|bccb8b8020cd5522e3923a98e305d5122fc5b280a3ffe90ea380a1fbc13ccd6f|7ca599aa613955a939284292f0993b59b0d9fef3
crypto/openssh/ssh-add.1|man1/ssh-add.1|95bb8424ae31516ac4684fb66c8bd88bff35db0fec9d4a11087c0e12f6fb15c1|95bb8424ae31516ac4684fb66c8bd88bff35db0fec9d4a11087c0e12f6fb15c1|ff2fd01609cc10bcdc87ebe4de42efaf7ffe2ee9
crypto/openssh/ssh-agent.1|man1/ssh-agent.1|fe34e417ac5cf28fd713a3482d1cb6b48d24634351a3cc9f3e066ab3338c2627|fe34e417ac5cf28fd713a3482d1cb6b48d24634351a3cc9f3e066ab3338c2627|7ca599aa613955a939284292f0993b59b0d9fef3
crypto/openssh/ssh-keygen.1|man1/ssh-keygen.1|8cd8a50f9b0fae62564c84a9614062e00e7c9d63dbc4ce347e73067a8dfefd32|8cd8a50f9b0fae62564c84a9614062e00e7c9d63dbc4ce347e73067a8dfefd32|7ca599aa613955a939284292f0993b59b0d9fef3
crypto/openssh/ssh-keyscan.1|man1/ssh-keyscan.1|971142d8a06dc83f334a76f42bc50ba3d488976e238de3ff67f0f679e98744fe|971142d8a06dc83f334a76f42bc50ba3d488976e238de3ff67f0f679e98744fe|ff2fd01609cc10bcdc87ebe4de42efaf7ffe2ee9
crypto/openssh/ssh-keysign.8|man8/ssh-keysign.8|daa9b36c220f9c700718d2af0f8e3b9beb41f379f7cf9ddb0e84ce0f1ab940bb|daa9b36c220f9c700718d2af0f8e3b9beb41f379f7cf9ddb0e84ce0f1ab940bb|ff2fd01609cc10bcdc87ebe4de42efaf7ffe2ee9
crypto/openssh/ssh-pkcs11-helper.8|man8/ssh-pkcs11-helper.8|9d81e0a7c54656fb44dadc4ad8265566fa51979d377281a192cb936af71e7a2b|9d81e0a7c54656fb44dadc4ad8265566fa51979d377281a192cb936af71e7a2b|38a52bd3b5cac3da6f7f6eef3dd050e6aa08ebb3
crypto/openssh/ssh-sk-helper.8|man8/ssh-sk-helper.8|8f2bd8a60120f2fc140f68da58c368393ad2b25ff70b48580fe99a80fab2301a|8f2bd8a60120f2fc140f68da58c368393ad2b25ff70b48580fe99a80fab2301a|38a52bd3b5cac3da6f7f6eef3dd050e6aa08ebb3
crypto/openssh/ssh.1|man1/ssh.1|42dc1f5fa0f9c4c7aef03f76e53b168158fe5a358e4836a358e5a495cce8f62d|42dc1f5fa0f9c4c7aef03f76e53b168158fe5a358e4836a358e5a495cce8f62d|5ef98cb7a74b0dc5d23fee22fbb6ff3d19fc1c9b
crypto/openssh/sshd.8|man8/sshd.8|eaa2f984d116257aee31f02a303c7f41ad3e302d41cd9695323ae45793123a60|eaa2f984d116257aee31f02a303c7f41ad3e302d41cd9695323ae45793123a60|5ef98cb7a74b0dc5d23fee22fbb6ff3d19fc1c9b
lib/geom/cache/gcache.8|man8/gcache.8|a3cc20c2375fcf3d5ce5ace4e962bf9623a4d143ff02c32c4ef2bc0ec6a67290|a3cc20c2375fcf3d5ce5ace4e962bf9623a4d143ff02c32c4ef2bc0ec6a67290|30c821ac04c1facc5bfcd59c5f4effc741ab6f96
lib/geom/concat/gconcat.8|man8/gconcat.8|7a0fd6bd46738025965afe6b02e0d19308e87bdd761d4194e2c069b38e8b28df|7a0fd6bd46738025965afe6b02e0d19308e87bdd761d4194e2c069b38e8b28df|fa9896e082a1046ff4fbc75fcba4d18d1f2efc19
lib/geom/eli/geli.8|man8/geli.8|af40bd77b2e93d6d2eb0cea13a3e5f5d638d516e37e96bb6896560c569dcb108|af40bd77b2e93d6d2eb0cea13a3e5f5d638d516e37e96bb6896560c569dcb108|30c821ac04c1facc5bfcd59c5f4effc741ab6f96
lib/geom/journal/gjournal.8|man8/gjournal.8|b64980c4a429f4a3d66addbceeee9c59cf30b9f06943b6b7753d00d5df9fd678|b64980c4a429f4a3d66addbceeee9c59cf30b9f06943b6b7753d00d5df9fd678|fa9896e082a1046ff4fbc75fcba4d18d1f2efc19
lib/geom/label/glabel.8|man8/glabel.8|f0c5d92f0c17addb16dec35505713775f7b5f18a86576597800de5566f41b476|f0c5d92f0c17addb16dec35505713775f7b5f18a86576597800de5566f41b476|b11568083f09f48caf11d78d25ab58fc65793bcf
lib/geom/mirror/gmirror.8|man8/gmirror.8|6f1fb329d112a86bc041721d8f7db0f70639e02ec7c3bf9d28583efd42ed3341|6f1fb329d112a86bc041721d8f7db0f70639e02ec7c3bf9d28583efd42ed3341|fa9896e082a1046ff4fbc75fcba4d18d1f2efc19
lib/geom/mountver/gmountver.8|man8/gmountver.8|3d1af36e753fc69410a3ed1cee797cdd95bc2b6581c1b179a68925e2c979bb5a|3d1af36e753fc69410a3ed1cee797cdd95bc2b6581c1b179a68925e2c979bb5a|fa9896e082a1046ff4fbc75fcba4d18d1f2efc19
lib/geom/multipath/gmultipath.8|man8/gmultipath.8|3554b7959090cbda867b2ce81cfba34a35bf799bddce20ae3618b637cb8a3f21|3554b7959090cbda867b2ce81cfba34a35bf799bddce20ae3618b637cb8a3f21|fa9896e082a1046ff4fbc75fcba4d18d1f2efc19
lib/geom/nop/gnop.8|man8/gnop.8|d10a067059fea0c3e33c5654511c6d7ccd95b08f94eb5fe31c2adbaf51f8c4b4|d10a067059fea0c3e33c5654511c6d7ccd95b08f94eb5fe31c2adbaf51f8c4b4|fa9896e082a1046ff4fbc75fcba4d18d1f2efc19
lib/geom/part/gpart.8|man8/gpart.8|9566f4a6b1cb33aafe52013780c3f525d5b48947b26cddb526d8713d68a9f00e|9566f4a6b1cb33aafe52013780c3f525d5b48947b26cddb526d8713d68a9f00e|179d779c6427fe0d8a9eedc83c43746e723b187c
lib/geom/raid/graid.8|man8/graid.8|b83a94a8819099e6ae167d5cee126ef10e25305cbd24058c1e461399c293a9a9|b83a94a8819099e6ae167d5cee126ef10e25305cbd24058c1e461399c293a9a9|fa9896e082a1046ff4fbc75fcba4d18d1f2efc19
lib/geom/raid3/graid3.8|man8/graid3.8|23d1025a795f3fb7c40d648e4af17a5ecd27eff0dbecdf9d7631a2d7190c02c8|23d1025a795f3fb7c40d648e4af17a5ecd27eff0dbecdf9d7631a2d7190c02c8|fa9896e082a1046ff4fbc75fcba4d18d1f2efc19
lib/geom/shsec/gshsec.8|man8/gshsec.8|cb0f1193aef28882f7fee1dae115f504b809eb67d00959f2d1e3f8144c817435|cb0f1193aef28882f7fee1dae115f504b809eb67d00959f2d1e3f8144c817435|d31dc797db78d5ff2b4bc571cffc0ee36fde5f9a
lib/geom/stripe/gstripe.8|man8/gstripe.8|da01b2806505bedbfa9884676e91d07988432f7a55a545d208e1c79a4becdb04|da01b2806505bedbfa9884676e91d07988432f7a55a545d208e1c79a4becdb04|fa9896e082a1046ff4fbc75fcba4d18d1f2efc19
lib/geom/union/gunion.8|man8/gunion.8|ae50e2f8187ff24ae42553155b8195ebbee9af98ee6a08b64320d2d5818afd0f|ae50e2f8187ff24ae42553155b8195ebbee9af98ee6a08b64320d2d5818afd0f|fa9896e082a1046ff4fbc75fcba4d18d1f2efc19
lib/geom/virstor/gvirstor.8|man8/gvirstor.8|ad9d948cadc770f053ab1f75849b93e36f207bb0340eacabdae2c104588c382d|ad9d948cadc770f053ab1f75849b93e36f207bb0340eacabdae2c104588c382d|fa9896e082a1046ff4fbc75fcba4d18d1f2efc19
lib/libpam/modules/pam_chroot/pam_chroot.8|man8/pam_chroot.8|fdbed8ab6c8c469822e19566f54e147dd1c0e63461f4ab0206c662f83910e4fe|fdbed8ab6c8c469822e19566f54e147dd1c0e63461f4ab0206c662f83910e4fe|ddf4df54a7d3bf3df2cf929307e677acf86b06e2
lib/libpam/modules/pam_deny/pam_deny.8|man8/pam_deny.8|2ed7e670987b0fbd3a59102380d2247e8284c44a961e61a79c2df3bba3290c48|2ed7e670987b0fbd3a59102380d2247e8284c44a961e61a79c2df3bba3290c48|ddf4df54a7d3bf3df2cf929307e677acf86b06e2
lib/libpam/modules/pam_echo/pam_echo.8|man8/pam_echo.8|7ea3efe33aaaba19890e59c7ebb151f06ed0c5773ada2c6d0727e76da616d0be|7ea3efe33aaaba19890e59c7ebb151f06ed0c5773ada2c6d0727e76da616d0be|ddf4df54a7d3bf3df2cf929307e677acf86b06e2
lib/libpam/modules/pam_exec/pam_exec.8|man8/pam_exec.8|b5c6b94d0097012802a7eb327357dab7ced03b167c8e3bd741b71041ae31daf7|b5c6b94d0097012802a7eb327357dab7ced03b167c8e3bd741b71041ae31daf7|ddf4df54a7d3bf3df2cf929307e677acf86b06e2
lib/libpam/modules/pam_ftpusers/pam_ftpusers.8|man8/pam_ftpusers.8|8a9eacb7e1f11c0afa4bdf9554a230bec7549a64c3db9283ba4990db928ff073|8a9eacb7e1f11c0afa4bdf9554a230bec7549a64c3db9283ba4990db928ff073|ddf4df54a7d3bf3df2cf929307e677acf86b06e2
lib/libpam/modules/pam_group/pam_group.8|man8/pam_group.8|d1d9616489ce14fba87d6cddefb114236af88cbd74b43f5eb4015ca4069b846f|d1d9616489ce14fba87d6cddefb114236af88cbd74b43f5eb4015ca4069b846f|ddf4df54a7d3bf3df2cf929307e677acf86b06e2
lib/libpam/modules/pam_guest/pam_guest.8|man8/pam_guest.8|58d2768c100f1637bc33f35619cd6e5459c9ad1d600984b35ae5cd614e0257c6|58d2768c100f1637bc33f35619cd6e5459c9ad1d600984b35ae5cd614e0257c6|ddf4df54a7d3bf3df2cf929307e677acf86b06e2
lib/libpam/modules/pam_krb5/pam_krb5.8|man8/pam_krb5.8|8f5ef7119a29c740aaceb72d1ab4b8fee51d8d416b2c4d2e8502070b1923b106|8f5ef7119a29c740aaceb72d1ab4b8fee51d8d416b2c4d2e8502070b1923b106|ddf4df54a7d3bf3df2cf929307e677acf86b06e2
lib/libpam/modules/pam_ksu/pam_ksu.8|man8/pam_ksu.8|29a63f25df7ccfc144061d4e7dd9e3f294fb4620ec7673ba2cd99d2f7eeca826|29a63f25df7ccfc144061d4e7dd9e3f294fb4620ec7673ba2cd99d2f7eeca826|ddf4df54a7d3bf3df2cf929307e677acf86b06e2
lib/libpam/modules/pam_lastlog/pam_lastlog.8|man8/pam_lastlog.8|a389714e523bcf8acc4f543c734ab7104d916b675780072c463cf0689826c9d5|a389714e523bcf8acc4f543c734ab7104d916b675780072c463cf0689826c9d5|ddf4df54a7d3bf3df2cf929307e677acf86b06e2
lib/libpam/modules/pam_login_access/pam_login_access.8|man8/pam_login_access.8|e7dd87da1df1c0623ea8b7f241f6d080869eaf0fbd2719351db1571c97783cf1|e7dd87da1df1c0623ea8b7f241f6d080869eaf0fbd2719351db1571c97783cf1|fa9896e082a1046ff4fbc75fcba4d18d1f2efc19
lib/libpam/modules/pam_nologin/pam_nologin.8|man8/pam_nologin.8|64b4170a204ad16dd6060428b58d4037977c5bb9c3024321c7a38087c6feee8b|64b4170a204ad16dd6060428b58d4037977c5bb9c3024321c7a38087c6feee8b|ddf4df54a7d3bf3df2cf929307e677acf86b06e2
lib/libpam/modules/pam_passwdqc/pam_passwdqc.8|man8/pam_passwdqc.8|e79377252871f67420135bfcebb104516603fc9f66ad20043d054411fa359851|e79377252871f67420135bfcebb104516603fc9f66ad20043d054411fa359851|ddf4df54a7d3bf3df2cf929307e677acf86b06e2
lib/libpam/modules/pam_permit/pam_permit.8|man8/pam_permit.8|a31f66d529a7131219c8c74d9f614140c0a6b46a0286b47393ef772cb6ac20c7|a31f66d529a7131219c8c74d9f614140c0a6b46a0286b47393ef772cb6ac20c7|ddf4df54a7d3bf3df2cf929307e677acf86b06e2
lib/libpam/modules/pam_radius/pam_radius.8|man8/pam_radius.8|2cbff43bb4980daef61e9cb7754fe0bd25205d67452bc85c187991d673de5cb1|2cbff43bb4980daef61e9cb7754fe0bd25205d67452bc85c187991d673de5cb1|ddf4df54a7d3bf3df2cf929307e677acf86b06e2
lib/libpam/modules/pam_rhosts/pam_rhosts.8|man8/pam_rhosts.8|59a100bb57022aee741f5cb22180dc718a591b581a4e6b42457c5bc4125aebfc|59a100bb57022aee741f5cb22180dc718a591b581a4e6b42457c5bc4125aebfc|ddf4df54a7d3bf3df2cf929307e677acf86b06e2
lib/libpam/modules/pam_rootok/pam_rootok.8|man8/pam_rootok.8|882fd97b585029432056c19573119e357f267730af6cd6f0e3a9f9b882b56cc5|882fd97b585029432056c19573119e357f267730af6cd6f0e3a9f9b882b56cc5|ddf4df54a7d3bf3df2cf929307e677acf86b06e2
lib/libpam/modules/pam_securetty/pam_securetty.8|man8/pam_securetty.8|ad6110fa926bdba3aee5d615dcd5eb9c5b8790e3713e3e7928e98c46823ff131|ad6110fa926bdba3aee5d615dcd5eb9c5b8790e3713e3e7928e98c46823ff131|ddf4df54a7d3bf3df2cf929307e677acf86b06e2
lib/libpam/modules/pam_self/pam_self.8|man8/pam_self.8|41a673e3bcc90ed37665e9f0f4722d1573464a35e16765bdf3da0ddb2b02bbe0|41a673e3bcc90ed37665e9f0f4722d1573464a35e16765bdf3da0ddb2b02bbe0|ddf4df54a7d3bf3df2cf929307e677acf86b06e2
lib/libpam/modules/pam_ssh/pam_ssh.8|man8/pam_ssh.8|0bc1fdf3754f827deb985a61e85322b1eb94b662d9eff9ba509f98c1b22fd85b|0bc1fdf3754f827deb985a61e85322b1eb94b662d9eff9ba509f98c1b22fd85b|ddf4df54a7d3bf3df2cf929307e677acf86b06e2
lib/libpam/modules/pam_tacplus/pam_tacplus.8|man8/pam_tacplus.8|199ae05da8e1f635e564a558a012189b7a747673f95e72bdcae50a265de6f5be|199ae05da8e1f635e564a558a012189b7a747673f95e72bdcae50a265de6f5be|fa9896e082a1046ff4fbc75fcba4d18d1f2efc19
lib/libpam/modules/pam_unix/pam_unix.8|man8/pam_unix.8|a9d4bd09d705d437153828a67f85fbe4c2f762bc9d6957d461216bd8350c8cc3|a9d4bd09d705d437153828a67f85fbe4c2f762bc9d6957d461216bd8350c8cc3|ddf4df54a7d3bf3df2cf929307e677acf86b06e2
lib/libpam/modules/pam_xdg/pam_xdg.8|man8/pam_xdg.8|091f9e31bf381aafb085fb7eeb295c215072836e727bd69c4e5d05db30eb3317|091f9e31bf381aafb085fb7eeb295c215072836e727bd69c4e5d05db30eb3317|0961446b2382ab9aad9fe2a94029ee39d3ea5082
lib/nss_tacplus/nss_tacplus.8|man8/nss_tacplus.8|fa675874a086aee7163a7aaaed922c45e511c96601828b68a0ee304828455df8|fa675874a086aee7163a7aaaed922c45e511c96601828b68a0ee304828455df8|246aec9a3ce305272f35e6416910024f602a03c1
libexec/bootpd/bootpd.8|man8/bootpd.8|72986a1b5e488968ee90b01ac452738b1fb4751e2b40bc904d2f9f4a7a6fd58f|72986a1b5e488968ee90b01ac452738b1fb4751e2b40bc904d2f9f4a7a6fd58f|fa9896e082a1046ff4fbc75fcba4d18d1f2efc19
libexec/bootpd/tools/bootpef/bootpef.8|man8/bootpef.8|af0c2e1b6f449fbfa48ccf1054b5854faf718d35c2584a3d55852492fb313f81|af0c2e1b6f449fbfa48ccf1054b5854faf718d35c2584a3d55852492fb313f81|b2c76c41be32f904179efed29c0ca04d53f3996c
libexec/bootpd/tools/bootptest/bootptest.8|man8/bootptest.8|c4f952c739257f1913acfac2990c3461380c539db924ee322b024e542b3e67eb|c4f952c739257f1913acfac2990c3461380c539db924ee322b024e542b3e67eb|b2c76c41be32f904179efed29c0ca04d53f3996c
libexec/comsat/comsat.8|man8/comsat.8|6c390013d58ab07c8bb2d1e3915cf5143bf172bf85f60c73f7996db133cb39d9|6c390013d58ab07c8bb2d1e3915cf5143bf172bf85f60c73f7996db133cb39d9|b2c76c41be32f904179efed29c0ca04d53f3996c
libexec/fingerd/fingerd.8|man8/fingerd.8|7bb58f77b9862c4a08892c6d1e0a029497c251cfc1226adddc4a9d98b4ec7169|7bb58f77b9862c4a08892c6d1e0a029497c251cfc1226adddc4a9d98b4ec7169|b2c76c41be32f904179efed29c0ca04d53f3996c
libexec/flua/flua.1|man1/flua.1|d8e9c5c46a093fa994e9cc4f2b71eb72237924e519539726ee9baca30e28a73a|d8e9c5c46a093fa994e9cc4f2b71eb72237924e519539726ee9baca30e28a73a|c02b45a75b73b2b4c31f7827920722659cb7b636
libexec/ftpd/ftpd.8|man8/ftpd.8|b291e094cce14ce5c995cfcbed74d410f738f60420fe9edfd58d9c92a46e7416|b291e094cce14ce5c995cfcbed74d410f738f60420fe9edfd58d9c92a46e7416|e5fadc41b48045d8978993d6c4ac72c64542b470
libexec/getty/getty.8|man8/getty.8|872bb6ee580e68a66ccafca13d54bdb96f590d5eb3c9d7c6f66e1d9eb3c40cdf|872bb6ee580e68a66ccafca13d54bdb96f590d5eb3c9d7c6f66e1d9eb3c40cdf|b2c76c41be32f904179efed29c0ca04d53f3996c
libexec/makewhatis.local/makewhatis.local.8|man8/makewhatis.local.8|cd09044d62cc89681b5fa37946605829ae599352b7c2a51d391b7cc5373db749|cd09044d62cc89681b5fa37946605829ae599352b7c2a51d391b7cc5373db749|fa9896e082a1046ff4fbc75fcba4d18d1f2efc19
libexec/mknetid/mknetid.8|man8/mknetid.8|0bd08d9d62ba69b29591898869f06f33c1c6914f0869cbe88051e5d26646ff7f|0bd08d9d62ba69b29591898869f06f33c1c6914f0869cbe88051e5d26646ff7f|fa9896e082a1046ff4fbc75fcba4d18d1f2efc19
libexec/phttpget/phttpget.8|man8/phttpget.8|562e4cd944a2a8db7b504fed09bb3cc29b51f787c342ae4cef4cf4bbd55ea524|562e4cd944a2a8db7b504fed09bb3cc29b51f787c342ae4cef4cf4bbd55ea524|9f06e6c9907ae13dd1153958e0bc923097590d10
libexec/pppoed/pppoed.8|man8/pppoed.8|0e249d8cecfb3526352f7564d3ad534f32dc59cc0942c0201418a046691b2c1b|0e249d8cecfb3526352f7564d3ad534f32dc59cc0942c0201418a046691b2c1b|fa9896e082a1046ff4fbc75fcba4d18d1f2efc19
libexec/rbootd/rbootd.8|man8/rbootd.8|34bae35f0d82bab8e432e9239fb8e2691486317a7963cce2d62685b75211d61f|34bae35f0d82bab8e432e9239fb8e2691486317a7963cce2d62685b75211d61f|b2c76c41be32f904179efed29c0ca04d53f3996c
libexec/revnetgroup/revnetgroup.8|man8/revnetgroup.8|d0647ad0e7476b3bb40f82c5456d5e8aa18285cadb6a756b63706a061b852a7d|d0647ad0e7476b3bb40f82c5456d5e8aa18285cadb6a756b63706a061b852a7d|fa9896e082a1046ff4fbc75fcba4d18d1f2efc19
libexec/rpc.rquotad/rpc.rquotad.8|man8/rpc.rquotad.8|190617a7f1f624a58b16b7cb877441bd997dc5e482869c48bdda854bace22373|190617a7f1f624a58b16b7cb877441bd997dc5e482869c48bdda854bace22373|fa9896e082a1046ff4fbc75fcba4d18d1f2efc19
libexec/rpc.rstatd/rpc.rstatd.8|man8/rpc.rstatd.8|98f4bd873f3eb16c597b5d76ba62bb12dab90d37e4e68caad183f72cc45b86ae|98f4bd873f3eb16c597b5d76ba62bb12dab90d37e4e68caad183f72cc45b86ae|fa9896e082a1046ff4fbc75fcba4d18d1f2efc19
libexec/rpc.rusersd/rpc.rusersd.8|man8/rpc.rusersd.8|6cc5f53de4d46c3067b3f6dece6b0b584cad1c346d81d0a2ad0a744d322048c2|6cc5f53de4d46c3067b3f6dece6b0b584cad1c346d81d0a2ad0a744d322048c2|fa9896e082a1046ff4fbc75fcba4d18d1f2efc19
libexec/rpc.rwalld/rpc.rwalld.8|man8/rpc.rwalld.8|413d15e2f7063cb06e14f1a3ec88b0737dbcb7c10de45e7000cc3780b05af340|413d15e2f7063cb06e14f1a3ec88b0737dbcb7c10de45e7000cc3780b05af340|fa9896e082a1046ff4fbc75fcba4d18d1f2efc19
libexec/rpc.sprayd/rpc.sprayd.8|man8/rpc.sprayd.8|5b02e5ba28ea26824f54f77f8bc60aa66f1d7e3483622e36b27eeecd0922251f|5b02e5ba28ea26824f54f77f8bc60aa66f1d7e3483622e36b27eeecd0922251f|fa9896e082a1046ff4fbc75fcba4d18d1f2efc19
libexec/rtld-elf/rtld.1|man1/rtld.1|6456d3b739e66baef2033577e40e6c920d29db2076fea64da4e1eb5412aecbdf|6456d3b739e66baef2033577e40e6c920d29db2076fea64da4e1eb5412aecbdf|dcdc0d71671536faa0919b2ccb996ff5173ce2a4
libexec/save-entropy/save-entropy.8|man8/save-entropy.8|f0eb5ecad1645fbce3d27e39d150e60ab4388bad28488f3dfaff19943f9d4ffb|f0eb5ecad1645fbce3d27e39d150e60ab4388bad28488f3dfaff19943f9d4ffb|227f81c8bd0f60176519276839b24b468afce0bc
libexec/talkd/talkd.8|man8/talkd.8|97c170902b9f460faf60830920c41e223adc82fbf37cf7a872b0b4fb08960f0e|97c170902b9f460faf60830920c41e223adc82fbf37cf7a872b0b4fb08960f0e|b2c76c41be32f904179efed29c0ca04d53f3996c
libexec/tftpd/tftpd.8|man8/tftpd.8|daa0feccef0bcdbe21d8daa78f52668f63a81db09c1b4184b0ef8eaa76516662|daa0feccef0bcdbe21d8daa78f52668f63a81db09c1b4184b0ef8eaa76516662|b837ead1d46ff7ae8f715b18277929d8579496c7
libexec/ypxfr/ypxfr.8|man8/ypxfr.8|6f7951261961f6d093ee09ed001770f0a2065f7ebe46aafbef234beedc618990|6f7951261961f6d093ee09ed001770f0a2065f7ebe46aafbef234beedc618990|fa9896e082a1046ff4fbc75fcba4d18d1f2efc19
sbin/adjkerntz/adjkerntz.8|man8/adjkerntz.8|fd6c32b6dd2a3ba772d70c2048d8b91293112eb991066299122ff225bbaa526e|fd6c32b6dd2a3ba772d70c2048d8b91293112eb991066299122ff225bbaa526e|fa9896e082a1046ff4fbc75fcba4d18d1f2efc19
sbin/bectl/bectl.8|man8/bectl.8|c23dd6e2e2adb2b5ac69d7722539cbf36f620adeef57155fc24d959740fa1fda|c23dd6e2e2adb2b5ac69d7722539cbf36f620adeef57155fc24d959740fa1fda|f24211ef601aa2fd8fe43b09cdc663cf181e7ff1
sbin/bsdlabel/bsdlabel.8|man8/bsdlabel.8|92a0cdab0a77202ca06eebd6df33d98ffe2417fb788f4f13813b9f1c2997b7eb|92a0cdab0a77202ca06eebd6df33d98ffe2417fb788f4f13813b9f1c2997b7eb|bf4972a48d2ed8762d6aba91573e762c985998a8
sbin/camcontrol/camcontrol.8|man8/camcontrol.8|d8f22f4cff03db4dc20a5e24b10df07456a2a1d918c834cab150c794bd7717b7|d8f22f4cff03db4dc20a5e24b10df07456a2a1d918c834cab150c794bd7717b7|74c8530c214cbc6eb01af00f12aa1d204c65ab26
sbin/ccdconfig/ccdconfig.8|man8/ccdconfig.8|1cf810338aa77f5ba55c72af5dc371bccdec3a8b2931f24251ee343251e87ce7|1cf810338aa77f5ba55c72af5dc371bccdec3a8b2931f24251ee343251e87ce7|55cb3a33d9200544b2b6578b7b6c40825daaea5a
sbin/clri/clri.8|man8/clri.8|440fd749ae1a60acef06342e0c3c8cca2140d0bdd2fa4d96a01bf1bf8d0af687|440fd749ae1a60acef06342e0c3c8cca2140d0bdd2fa4d96a01bf1bf8d0af687|b2c76c41be32f904179efed29c0ca04d53f3996c
sbin/comcontrol/comcontrol.8|man8/comcontrol.8|7c5a723900c5f482631f9af8a8bb182936c96d8c5e9541959f4d5f2f8f098c36|7c5a723900c5f482631f9af8a8bb182936c96d8c5e9541959f4d5f2f8f098c36|ddf4df54a7d3bf3df2cf929307e677acf86b06e2
sbin/conscontrol/conscontrol.8|man8/conscontrol.8|6d7fc9c6efd1c650e327570d5b82c7a3915855ec1fb88cae49ff711095887de2|6d7fc9c6efd1c650e327570d5b82c7a3915855ec1fb88cae49ff711095887de2|95c2807925052f6a0938ac51757ef6a97a340835
sbin/ddb/ddb.8|man8/ddb.8|98bbd44b40bedb8cfeee64e93ae1067b21912e7c9857707d45a9accc3735a2ff|98bbd44b40bedb8cfeee64e93ae1067b21912e7c9857707d45a9accc3735a2ff|fa9896e082a1046ff4fbc75fcba4d18d1f2efc19
sbin/decryptcore/decryptcore.8|man8/decryptcore.8|2d1c1c5e2d8472c13ed0fd6fbbed286748588681383c58aa8610dadddcc400a0|2d1c1c5e2d8472c13ed0fd6fbbed286748588681383c58aa8610dadddcc400a0|fa9896e082a1046ff4fbc75fcba4d18d1f2efc19
sbin/devd/devd.8|man8/devd.8|5972c216ffb9a049ae594bbdf5768c036222cb9dd383b21e82283f884066a743|5972c216ffb9a049ae594bbdf5768c036222cb9dd383b21e82283f884066a743|fa9896e082a1046ff4fbc75fcba4d18d1f2efc19
sbin/devfs/devfs.8|man8/devfs.8|1175c99529a45fa4c3ad75f365c222bfc406d1442b9a63fcfe90d81f282e2391|1175c99529a45fa4c3ad75f365c222bfc406d1442b9a63fcfe90d81f282e2391|fa9896e082a1046ff4fbc75fcba4d18d1f2efc19
sbin/devmatch/devmatch.8|man8/devmatch.8|ce3c943858fd76eb43ae99cbdf56f063ebedc74cf26f3f25cc7d09a6629d72d0|ce3c943858fd76eb43ae99cbdf56f063ebedc74cf26f3f25cc7d09a6629d72d0|fa9896e082a1046ff4fbc75fcba4d18d1f2efc19
sbin/dhclient/dhclient-script.8|man8/dhclient-script.8|171597fc8c87595c3bb0198b0de5cd39abecee4b8bbe0530c7aa7a4eaddca818|171597fc8c87595c3bb0198b0de5cd39abecee4b8bbe0530c7aa7a4eaddca818|fa9896e082a1046ff4fbc75fcba4d18d1f2efc19
sbin/dhclient/dhclient.8|man8/dhclient.8|268a2bfe2abbe81b5c50d5fca96f77088582213d7e9cdca81f903900b3616428|268a2bfe2abbe81b5c50d5fca96f77088582213d7e9cdca81f903900b3616428|fca891c011cc7c817c2622aa59c4e80c52fe674f
sbin/dmesg/dmesg.8|man8/dmesg.8|d3182cec459494e7ad4634ee8ddbac3401a4d43aef5ee53ea367c038bcac07b2|d3182cec459494e7ad4634ee8ddbac3401a4d43aef5ee53ea367c038bcac07b2|6ceab1c42853c42d7a1aca018ffbd58b65c94081
sbin/dump/dump.8|man8/dump.8|8b945017441c78ea6b737a91b02b5b6602fb6700f62fbb12a31a4c567420dad4|8b945017441c78ea6b737a91b02b5b6602fb6700f62fbb12a31a4c567420dad4|b2c76c41be32f904179efed29c0ca04d53f3996c
sbin/dumpfs/dumpfs.8|man8/dumpfs.8|55c92180c9a774420fb101cdc8e573d386c3b6fa2a663fce74f918281859d101|55c92180c9a774420fb101cdc8e573d386c3b6fa2a663fce74f918281859d101|b2c76c41be32f904179efed29c0ca04d53f3996c
sbin/dumpon/dumpon.8|man8/dumpon.8|c641de735353628e766457676e8f2909431bdec5e37416b76a482d95b6fe238f|c641de735353628e766457676e8f2909431bdec5e37416b76a482d95b6fe238f|7c8717183536b99f455d6fefefb762f1d7e6f030
sbin/etherswitchcfg/etherswitchcfg.8|man8/etherswitchcfg.8|a6d73a54d0a327393cae8eed4436a13d6b09ff100ae0f589450a2ee9e0b38c01|a6d73a54d0a327393cae8eed4436a13d6b09ff100ae0f589450a2ee9e0b38c01|fa9896e082a1046ff4fbc75fcba4d18d1f2efc19
sbin/fdisk/fdisk.8|man8/fdisk.8|e0c6e9e92308b9289655c79c5c8829f6fa799f6c6edcc020512ce9569bfe05e0|e0c6e9e92308b9289655c79c5c8829f6fa799f6c6edcc020512ce9569bfe05e0|f6736196721420caff102724b461e3a5211cfa09
sbin/ffsinfo/ffsinfo.8|man8/ffsinfo.8|4c73a34591a600c680880a26985f4d2af5c945a9cbfd171b70fdfce4582682b1|4c73a34591a600c680880a26985f4d2af5c945a9cbfd171b70fdfce4582682b1|435a5f94fbc09959c0a4e48b1e81a50fcfd45673
sbin/fsck/fsck.8|man8/fsck.8|0f5ac6ffa47a746bab421225143d91827768f730448ab0971cf6b5129761a9f2|0f5ac6ffa47a746bab421225143d91827768f730448ab0971cf6b5129761a9f2|fa9896e082a1046ff4fbc75fcba4d18d1f2efc19
sbin/fsck_ffs/fsck_ffs.8|man8/fsck_ffs.8|776df4405f9e9e1cc620a1d8e8480414cb7e9f6f5777f9737fe5eb7a7660794a|776df4405f9e9e1cc620a1d8e8480414cb7e9f6f5777f9737fe5eb7a7660794a|0c0d524e5e6cf5deafb24c6be2c3e6461272e055
sbin/fsck_msdosfs/fsck_msdosfs.8|man8/fsck_msdosfs.8|a369baaa376c4aec95f0fae51c0bbaf562a310068a807c567f256bee298d63c1|a369baaa376c4aec95f0fae51c0bbaf562a310068a807c567f256bee298d63c1|a516440afdd342fef9925680d890117d6d9024ed
sbin/fsdb/fsdb.8|man8/fsdb.8|21ecd76b7e76eb753618247ab3037a130166242a499f9248761ef7eb32526d0f|21ecd76b7e76eb753618247ab3037a130166242a499f9248761ef7eb32526d0f|fa9896e082a1046ff4fbc75fcba4d18d1f2efc19
sbin/fsirand/fsirand.8|man8/fsirand.8|a31a77f45b74a550d6535572b03da16fa41e1cf9893b7cde89e37a3148a9179a|a31a77f45b74a550d6535572b03da16fa41e1cf9893b7cde89e37a3148a9179a|b2c76c41be32f904179efed29c0ca04d53f3996c
sbin/gbde/gbde.8|man8/gbde.8|7cfef312451f6efda64f04a8031fc7b8cbb2ec89246cd65792c31410e32a2000|7cfef312451f6efda64f04a8031fc7b8cbb2ec89246cd65792c31410e32a2000|fa9896e082a1046ff4fbc75fcba4d18d1f2efc19
sbin/geom/core/geom.8|man8/geom.8|24217d2ec0a1175cb09be9c0b68a42504cec13db18e3d8f830ec944e7f431629|24217d2ec0a1175cb09be9c0b68a42504cec13db18e3d8f830ec944e7f431629|76df3f6f3680556c777e2e13565c9e217c12d5b1
sbin/ggate/ggatec/ggatec.8|man8/ggatec.8|a8d2c4c3d6b75e5cb18664ceb9249894a7e25594b831131cb6c21a304109a22b|a8d2c4c3d6b75e5cb18664ceb9249894a7e25594b831131cb6c21a304109a22b|30c821ac04c1facc5bfcd59c5f4effc741ab6f96
sbin/ggate/ggated/ggated.8|man8/ggated.8|ad9dc40ea2293485b1ee682628650eb405a6ca2846548a2a0bc6e5bc9f85da09|ad9dc40ea2293485b1ee682628650eb405a6ca2846548a2a0bc6e5bc9f85da09|30c821ac04c1facc5bfcd59c5f4effc741ab6f96
sbin/ggate/ggatel/ggatel.8|man8/ggatel.8|84cc8b6070c4a643f211f70bf9a37e4c89ffe3e46837b8be60520822e5e59132|84cc8b6070c4a643f211f70bf9a37e4c89ffe3e46837b8be60520822e5e59132|fa9896e082a1046ff4fbc75fcba4d18d1f2efc19
sbin/growfs/growfs.8|man8/growfs.8|4c89ad34f8a5b819f31520d9a0d2311d1d63c3c07313ad531050b81a89dd0543|4c89ad34f8a5b819f31520d9a0d2311d1d63c3c07313ad531050b81a89dd0543|75f6087bf6bbbfdb270664c81e942b341a3e543f
sbin/gvinum/gvinum.8|man8/gvinum.8|9c61fc8420d31af2c495e4e2cd552691c2794c131a879a76e37481d07cfa2e1d|9c61fc8420d31af2c495e4e2cd552691c2794c131a879a76e37481d07cfa2e1d|dec497a9fcbfcf264bbdcacaebb1d32cb31f4676
sbin/hastctl/hastctl.8|man8/hastctl.8|8a12442fdf6a796c7d7c6366bd08afa907cc7ba03601a5298a552b67e12a075f|8a12442fdf6a796c7d7c6366bd08afa907cc7ba03601a5298a552b67e12a075f|f06d322e9d925ab56a4aa8210a67637d4d341ab6
sbin/hastd/hastd.8|man8/hastd.8|4360e98117bc7b43170083805c144a3b50a97e79d860ff0607b61db2022d1a50|4360e98117bc7b43170083805c144a3b50a97e79d860ff0607b61db2022d1a50|f06d322e9d925ab56a4aa8210a67637d4d341ab6
sbin/ifconfig/ifconfig.8|man8/ifconfig.8|cd6562bee36324f6e9ce6131d54b999de87145e1d54b7b7798838b096f111f9e|cd6562bee36324f6e9ce6131d54b999de87145e1d54b7b7798838b096f111f9e|e71477916c62d65baf17200cfb3f85ec7de0aa65
sbin/init/init.8|man8/init.8|2dadd7a24e0c749de86b8b876a9c43bbd36a01e14e475d5611fa3719bdad3c42|2dadd7a24e0c749de86b8b876a9c43bbd36a01e14e475d5611fa3719bdad3c42|c0bd4ec70b196b919c09b04af71230596af23fcd
sbin/ipf/ipf/ipf.8|man8/ipf.8|c90b469fb5ab8782b0b1ba849d46ea9e905f61d089b611e51585f6c723708514|c90b469fb5ab8782b0b1ba849d46ea9e905f61d089b611e51585f6c723708514|260a432417372b2348d66b40791c942ba5be4d75
sbin/ipf/ipfs/ipfs.8|man8/ipfs.8|53ebdbb4d9cd2325dfa4a637365bddf4810fae4399442a5cb8af838fc873bc00|53ebdbb4d9cd2325dfa4a637365bddf4810fae4399442a5cb8af838fc873bc00|b2c76c41be32f904179efed29c0ca04d53f3996c
sbin/ipf/ipfstat/ipfstat.8|man8/ipfstat.8|378e5dba2863c0a3a8a214bd7a47925026121167ff9401584beb58e8e5e7dd39|378e5dba2863c0a3a8a214bd7a47925026121167ff9401584beb58e8e5e7dd39|b2c76c41be32f904179efed29c0ca04d53f3996c
sbin/ipf/ipftest/ipftest.1|man1/ipftest.1|c0313faab0b54b5a4668cd23e91a677aa227470b02b24301c842f1c66921b7a6|c0313faab0b54b5a4668cd23e91a677aa227470b02b24301c842f1c66921b7a6|b2c76c41be32f904179efed29c0ca04d53f3996c
sbin/ipf/ipmon/ipmon.8|man8/ipmon.8|b692e04fbe45a3f4a4689529ddc5f76e055f0187058e062383b24c8a68496913|b692e04fbe45a3f4a4689529ddc5f76e055f0187058e062383b24c8a68496913|b2c76c41be32f904179efed29c0ca04d53f3996c
sbin/ipf/ipnat/ipnat.1|man1/ipnat.1|2c0c464e76cfd5a5fa79099ee146c8b54c216fc1d91a87be75f0ec9496336428|2c0c464e76cfd5a5fa79099ee146c8b54c216fc1d91a87be75f0ec9496336428|41edb306f05651fcaf6c74f9e3557f59f80292e1
sbin/ipf/ipnat/ipnat.8|man8/ipnat.8|5b9fcdbba93e093c9950a348dd0e8ffabc26f72c539adb1e947a26e4d067ffdb|5b9fcdbba93e093c9950a348dd0e8ffabc26f72c539adb1e947a26e4d067ffdb|b2c76c41be32f904179efed29c0ca04d53f3996c
sbin/ipf/ippool/ippool.8|man8/ippool.8|82717387dc97a7d6aa79ad9642e395dd055c1c9ac21d43155b972ae48619ff17|82717387dc97a7d6aa79ad9642e395dd055c1c9ac21d43155b972ae48619ff17|a2e72a2f471fb4f36b95ce032ab35451322f8f5b
sbin/ipf/ipscan/ipscan.8|man8/ipscan.8|1ea79b85dcd6f0376c9fbca762429a5d848ffce2144bcc96be82e43e56bc31b3|1ea79b85dcd6f0376c9fbca762429a5d848ffce2144bcc96be82e43e56bc31b3|b2c76c41be32f904179efed29c0ca04d53f3996c
sbin/ipf/ipsend/ipresend.1|man1/ipresend.1|b11d9b9e43cc989e4b5b917d2daa1f12000150a2e7a9d02fd833e2f34412b105|b11d9b9e43cc989e4b5b917d2daa1f12000150a2e7a9d02fd833e2f34412b105|b2c76c41be32f904179efed29c0ca04d53f3996c
sbin/ipf/ipsend/ipsend.1|man1/ipsend.1|4899a9d58b28f8420123ea040da224f12ab647bca7c9122e2c4d895be388eb09|4899a9d58b28f8420123ea040da224f12ab647bca7c9122e2c4d895be388eb09|b2c76c41be32f904179efed29c0ca04d53f3996c
sbin/ipf/ipsend/iptest.1|man1/iptest.1|9f974eac6b77ac40198952db0ec0941cd4808cde80cf59a14f158f0f0f0e1784|9f974eac6b77ac40198952db0ec0941cd4808cde80cf59a14f158f0f0f0e1784|b2c76c41be32f904179efed29c0ca04d53f3996c
sbin/ipfw/ipfw.8|man8/ipfw.8|249f394e44cde8894fe6d2924578808092243aed1269893b02b9f58ff6515b8c|249f394e44cde8894fe6d2924578808092243aed1269893b02b9f58ff6515b8c|d2e63a09519364f9a9e328666302b28d7ee95c47
sbin/ipfw15/ipfw.8|man8/ipfw.8|5c4ea5f64705f506c70d8fb09c9db787b97de9487206598f77c63f83e204de01|5c4ea5f64705f506c70d8fb09c9db787b97de9487206598f77c63f83e204de01|704ec5e68c44f08d83f3b0daa315c6143338863f
sbin/kldconfig/kldconfig.8|man8/kldconfig.8|ff6631d7bfd66ba81069a75c618c0a224fc0cc14f0ecd0052bc376480ac897fa|ff6631d7bfd66ba81069a75c618c0a224fc0cc14f0ecd0052bc376480ac897fa|fa9896e082a1046ff4fbc75fcba4d18d1f2efc19
sbin/kldload/kldload.8|man8/kldload.8|8a7e8ff42813dc4fc5bc0502d73838e23975eb2633cf09a5ef130ec2b5f3ed35|8a7e8ff42813dc4fc5bc0502d73838e23975eb2633cf09a5ef130ec2b5f3ed35|3d6778d84eaa06b6c48b41f006f10147b2149ba8
sbin/kldstat/kldstat.8|man8/kldstat.8|12531d1b7571e7f14a9af7c673a070121228153aaa7d71f772ebb7b996273f72|12531d1b7571e7f14a9af7c673a070121228153aaa7d71f772ebb7b996273f72|02816415a34aee8092c155ce53bec21126e2eb7f
sbin/kldunload/kldunload.8|man8/kldunload.8|4a2d5497e7ff81ab6bc9f2e07d20164d294f048d1635af8b2bd693e7d08fbc16|4a2d5497e7ff81ab6bc9f2e07d20164d294f048d1635af8b2bd693e7d08fbc16|fa9896e082a1046ff4fbc75fcba4d18d1f2efc19
sbin/ldconfig/ldconfig.8|man8/ldconfig.8|5e3d2c054bfcab23221bd47d74f3773633e00cfbd42f58b90cf98cf20f456391|5e3d2c054bfcab23221bd47d74f3773633e00cfbd42f58b90cf98cf20f456391|ef3ed0726f2230e38df76a32a3b9ff145147af65
sbin/md5/md5.1|man1/md5.1|9b0f58b20150077078ef2656fd1ee8a453bb3bbad630c1194b2a91563f661a87|9b0f58b20150077078ef2656fd1ee8a453bb3bbad630c1194b2a91563f661a87|69588094a11287d48bea2f9e0ebf1968f35e09c6
sbin/mdconfig/mdconfig.8|man8/mdconfig.8|676189e4da3b16c088d0453acd648e2c6e3399a8a72ef27e3b5053c946f5ed43|676189e4da3b16c088d0453acd648e2c6e3399a8a72ef27e3b5053c946f5ed43|fa9896e082a1046ff4fbc75fcba4d18d1f2efc19
sbin/mdmfs/mdmfs.8|man8/mdmfs.8|8bd786bcd0a95e0d912004f99f5d7088046cf7bfef6123c891ae8bacc8bb8f9d|8bd786bcd0a95e0d912004f99f5d7088046cf7bfef6123c891ae8bacc8bb8f9d|7f1fc5dbc694d5a22f2a1e4207591809416e3c0a
sbin/mknod/mknod.8|man8/mknod.8|393bb34b00acd9ea4e0dfe92d19ea0bbb2e25e4487abe25f4a28c7c980032dd8|393bb34b00acd9ea4e0dfe92d19ea0bbb2e25e4487abe25f4a28c7c980032dd8|b2c76c41be32f904179efed29c0ca04d53f3996c
sbin/mksnap_ffs/mksnap_ffs.8|man8/mksnap_ffs.8|0d8d6f18098f4e4c65629561a1b2c72ab2d4c098a03842084cd5247ef2400879|0d8d6f18098f4e4c65629561a1b2c72ab2d4c098a03842084cd5247ef2400879|aa1a1e7dc42f954832a63c340de61f771b27278e
sbin/mount/mount.8|man8/mount.8|55a378c18fd9c0de6a8dbefbe5cab53eac732cfb3ed48c8c49e3d43be4edd122|55a378c18fd9c0de6a8dbefbe5cab53eac732cfb3ed48c8c49e3d43be4edd122|d9112ce561d2565832fd8114e7532f21f6ea2c09
sbin/mount_cd9660/mount_cd9660.8|man8/mount_cd9660.8|3ad86b6e52de3787fa33b3d07d4bb88b7c42305f12671e646defeff4f4260da0|3ad86b6e52de3787fa33b3d07d4bb88b7c42305f12671e646defeff4f4260da0|18a9da18ad2caf1c99a4002678573a43352092e4
sbin/mount_fusefs/mount_fusefs.8|man8/mount_fusefs.8|7db3658f83e58048d6b98b31c5578ee4da04c49248769cb73a4c1ed5db7c05e0|7db3658f83e58048d6b98b31c5578ee4da04c49248769cb73a4c1ed5db7c05e0|fa9896e082a1046ff4fbc75fcba4d18d1f2efc19
sbin/mount_msdosfs/mount_msdosfs.8|man8/mount_msdosfs.8|ede2205c6afa013987a5e4f56b18596cd05640dc37d9525cb417fbe5d01b6b76|ede2205c6afa013987a5e4f56b18596cd05640dc37d9525cb417fbe5d01b6b76|a516440afdd342fef9925680d890117d6d9024ed
sbin/mount_nfs/mount_nfs.8|man8/mount_nfs.8|54159727301b782bb16689f6b58ef6875b18017600f6c74ed233f75dd95a2cb9|54159727301b782bb16689f6b58ef6875b18017600f6c74ed233f75dd95a2cb9|0a9808eb751f42ef1568ada2a8a93deab1f8cd66
sbin/mount_nullfs/mount_nullfs.8|man8/mount_nullfs.8|de8a1568790dd9b390b6a17c7391bd2660adecacf74f1c57be6420c9129ba853|de8a1568790dd9b390b6a17c7391bd2660adecacf74f1c57be6420c9129ba853|a714ea2827b889f834b18f5f24384f39474611e5
sbin/mount_udf/mount_udf.8|man8/mount_udf.8|4e4672a3685ada5ceed53f29aab65e9f1ea7de08a05f1616bf9071c76d2a18b2|4e4672a3685ada5ceed53f29aab65e9f1ea7de08a05f1616bf9071c76d2a18b2|e2b376fdf0578f58d55e296477dd0e64a2f966e5
sbin/mount_unionfs/mount_unionfs.8|man8/mount_unionfs.8|ea3bf84b799d59b19c8c66a247fe64ae13edc3b1cd3ada909854da0284b73cc5|ea3bf84b799d59b19c8c66a247fe64ae13edc3b1cd3ada909854da0284b73cc5|b2c76c41be32f904179efed29c0ca04d53f3996c
sbin/natd/natd.8|man8/natd.8|ebb5b472782d7b52a42671c7801cea1c9e66d5e3810076c20bc2083cdc42235d|ebb5b472782d7b52a42671c7801cea1c9e66d5e3810076c20bc2083cdc42235d|b2c76c41be32f904179efed29c0ca04d53f3996c
sbin/newfs/newfs.8|man8/newfs.8|729ccd528c708c162df38dcbc9f879114dc3aca6e7cb576811d9123ba3edc8a2|729ccd528c708c162df38dcbc9f879114dc3aca6e7cb576811d9123ba3edc8a2|94c236b7d806d676d485d0c55a1924af417e70d1
sbin/newfs_msdos/newfs_msdos.8|man8/newfs_msdos.8|7aabc2e10ffda2c64a366e1eb2b0faa9707a0cb75f10d2c3bb9ef372b12b1f3f|7aabc2e10ffda2c64a366e1eb2b0faa9707a0cb75f10d2c3bb9ef372b12b1f3f|a516440afdd342fef9925680d890117d6d9024ed
sbin/nfsiod/nfsiod.8|man8/nfsiod.8|fad89e70338fb785576c57faedacedd896a54f55dc2d2ab28f8c517466baa15c|fad89e70338fb785576c57faedacedd896a54f55dc2d2ab28f8c517466baa15c|b2c76c41be32f904179efed29c0ca04d53f3996c
sbin/nos-tun/nos-tun.8|man8/nos-tun.8|40d130515521b89fd40a282850442272f0b9c10e80c8818129eeb3933189ddb6|40d130515521b89fd40a282850442272f0b9c10e80c8818129eeb3933189ddb6|fa9896e082a1046ff4fbc75fcba4d18d1f2efc19
sbin/nvmecontrol/nvmecontrol.8|man8/nvmecontrol.8|30c3cecba87f44953eeb24f8e15fb8d0e045a19c7eea7b35d6a52dd37c694c15|30c3cecba87f44953eeb24f8e15fb8d0e045a19c7eea7b35d6a52dd37c694c15|260a432417372b2348d66b40791c942ba5be4d75
sbin/pfctl/pfctl.8|man8/pfctl.8|412a2d4b1d139bcf9e2c13fed2292262f39c09b0d28f7ddca9b71e9a5decd4c4|412a2d4b1d139bcf9e2c13fed2292262f39c09b0d28f7ddca9b71e9a5decd4c4|30b9d8a73721ed762aaf02244e9429ed5fac7142
sbin/pfilctl/pfilctl.8|man8/pfilctl.8|390698e5672f0f491970e29fd9247882db0df4df9e28c28ce7fdabe33e0df235|390698e5672f0f491970e29fd9247882db0df4df9e28c28ce7fdabe33e0df235|fa9896e082a1046ff4fbc75fcba4d18d1f2efc19
sbin/ping/ping.8|man8/ping.8|02e262285a3e3ba80372ba8ff21bd4531a302857d6654688ca3498c6c8886ace|02e262285a3e3ba80372ba8ff21bd4531a302857d6654688ca3498c6c8886ace|a409ba2e30d517841e8d6aafafd472f59fa50b63
sbin/quotacheck/quotacheck.8|man8/quotacheck.8|f518d373923b58e3406593e61aa064e8e65ce3592c7006f3bcf431efca9f3a91|f518d373923b58e3406593e61aa064e8e65ce3592c7006f3bcf431efca9f3a91|b2c76c41be32f904179efed29c0ca04d53f3996c
sbin/rcorder/rcorder.8|man8/rcorder.8|3dbf34ff5f9a879fe8987569a2f3e0f37b230626362797dea7632abfddf3359b|3dbf34ff5f9a879fe8987569a2f3e0f37b230626362797dea7632abfddf3359b|fa9896e082a1046ff4fbc75fcba4d18d1f2efc19
sbin/reboot/boot_i386.8|man8/boot_i386.8|6f3a72d1d587de1847240ae1a797d72636098de088f5ef4dd0dcd90594e0aa38|6f3a72d1d587de1847240ae1a797d72636098de088f5ef4dd0dcd90594e0aa38|96743bfb95431f396e71d35eb92258122233334f
sbin/reboot/nextboot.8|man8/nextboot.8|f74b03e161ed4444707e0adfde032d94bce45c27afbfa5d8e2726d30fe50588a|f74b03e161ed4444707e0adfde032d94bce45c27afbfa5d8e2726d30fe50588a|fa9896e082a1046ff4fbc75fcba4d18d1f2efc19
sbin/reboot/reboot.8|man8/reboot.8|4dc4ab046a8395ee1b8e6e6c22517361004acc55293d2a089037d35061dafeb3|4dc4ab046a8395ee1b8e6e6c22517361004acc55293d2a089037d35061dafeb3|b2c76c41be32f904179efed29c0ca04d53f3996c
sbin/recoverdisk/recoverdisk.1|man1/recoverdisk.1|58ceccd79ef9498ad7038030a81b811b4d65ddc0423d477a0952adc2621084c2|58ceccd79ef9498ad7038030a81b811b4d65ddc0423d477a0952adc2621084c2|fa9896e082a1046ff4fbc75fcba4d18d1f2efc19
sbin/restore/restore.8|man8/restore.8|6383fff12c3a283ee14041cd12357d29c7661584d5207e8c4a3c8a7732142c3e|6383fff12c3a283ee14041cd12357d29c7661584d5207e8c4a3c8a7732142c3e|b2c76c41be32f904179efed29c0ca04d53f3996c
sbin/route/route.8|man8/route.8|54851caec2392d17970ffee3e8d9a6c8e7a399e8010119711e1cbef45d7cf87e|54851caec2392d17970ffee3e8d9a6c8e7a399e8010119711e1cbef45d7cf87e|b2c76c41be32f904179efed29c0ca04d53f3996c
sbin/routed/routed.8|man8/routed.8|cdbe311d242a20f2dd2b61302b7208b1493cfb064392ebb78bd27f3a81acdacc|cdbe311d242a20f2dd2b61302b7208b1493cfb064392ebb78bd27f3a81acdacc|d350c18f98fd41e773a4856bff268f4f8060b21e
sbin/routed/rtquery/rtquery.8|man8/rtquery.8|1c849eb5295315dfb31fe653a23f15d44d94294fe49bc0420a1f85d2ad49b1ac|1c849eb5295315dfb31fe653a23f15d44d94294fe49bc0420a1f85d2ad49b1ac|d350c18f98fd41e773a4856bff268f4f8060b21e
sbin/savecore/savecore.8|man8/savecore.8|cc1f4b58485d9477b668d765ca40a3101c02a8f812ecdf42c5e04886d6b5f83d|cc1f4b58485d9477b668d765ca40a3101c02a8f812ecdf42c5e04886d6b5f83d|b2c76c41be32f904179efed29c0ca04d53f3996c
sbin/setkey/setkey.8|man8/setkey.8|55570ef247ab5b6b842c5fb47b5ceae2905033a443b8a7532628b28e3926c108|55570ef247ab5b6b842c5fb47b5ceae2905033a443b8a7532628b28e3926c108|51224d6d2e1dfca2a7c20b8b10423e4a6d0ad819
sbin/shutdown/shutdown.8|man8/shutdown.8|27d81d9d84dccb9f98234bf453a336e94dafb6705d00c5308e321f50e87a1dc4|27d81d9d84dccb9f98234bf453a336e94dafb6705d00c5308e321f50e87a1dc4|16f17042683bca6ae46d668bcc30e416f88cc42a
sbin/swapon/swapon.8|man8/swapon.8|d0e514a863dd5cfc475bab05b41e5539e5ee4d7ebddd5522b4b7eee018a8ff21|d0e514a863dd5cfc475bab05b41e5539e5ee4d7ebddd5522b4b7eee018a8ff21|b2c76c41be32f904179efed29c0ca04d53f3996c
sbin/sysctl/sysctl.8|man8/sysctl.8|a6af20ccfdd6c036144f2f81911f0f6322eec8b01addad25f10ccf66c748fe76|a6af20ccfdd6c036144f2f81911f0f6322eec8b01addad25f10ccf66c748fe76|8d5d7e2ba3a685a9ebe7aa578c6b76adf8fe4c2e
sbin/tunefs/tunefs.8|man8/tunefs.8|eceabd1a9389054520a5af355d237b1bc771762720b5b576ace5dff1c5a67680|eceabd1a9389054520a5af355d237b1bc771762720b5b576ace5dff1c5a67680|c514f8dbeab813c996d426de2aedceb669c4fa2a
sbin/umount/umount.8|man8/umount.8|2c00de440b997bb2d867adb9619037a5cd1031c8ee822aba325b58e3bc2456f6|2c00de440b997bb2d867adb9619037a5cd1031c8ee822aba325b58e3bc2456f6|ddf4df54a7d3bf3df2cf929307e677acf86b06e2
sbin/veriexec/veriexec.8|man8/veriexec.8|5065ee0dd1b61ec31d31452af6cff0b6443ae4fedd24af682302415c6d73b8dc|5065ee0dd1b61ec31d31452af6cff0b6443ae4fedd24af682302415c6d73b8dc|fa9896e082a1046ff4fbc75fcba4d18d1f2efc19
sbin/zfsbootcfg/zfsbootcfg.8|man8/zfsbootcfg.8|947e36300de17a025086af0b5882dd2833206bedb3d6526bf3ed9a5fc4b39bfe|947e36300de17a025086af0b5882dd2833206bedb3d6526bf3ed9a5fc4b39bfe|fa9896e082a1046ff4fbc75fcba4d18d1f2efc19
secure/usr.bin/openssl/man/CA.pl.1|man1/CA.pl.1|954398e790da16d9d3627ca53c45cd04abe0fa263679fba16aa4727aa2ee0c69|954398e790da16d9d3627ca53c45cd04abe0fa263679fba16aa4727aa2ee0c69|2ccc24409759cf1f7fb0d67ef429da9dd40f6ff8
secure/usr.bin/openssl/man/openssl-asn1parse.1|man1/openssl-asn1parse.1|d6dc0092cde9d9d18d28b9f2852f7a9b835566409e2c36fe732c78d6760b5eb6|d6dc0092cde9d9d18d28b9f2852f7a9b835566409e2c36fe732c78d6760b5eb6|2ccc24409759cf1f7fb0d67ef429da9dd40f6ff8
secure/usr.bin/openssl/man/openssl-ca.1|man1/openssl-ca.1|f627135fd7deb0b5185cf732f0ae27aa6a0ee1c6b492052275d836d8ed1222d6|f627135fd7deb0b5185cf732f0ae27aa6a0ee1c6b492052275d836d8ed1222d6|2ccc24409759cf1f7fb0d67ef429da9dd40f6ff8
secure/usr.bin/openssl/man/openssl-ciphers.1|man1/openssl-ciphers.1|f71af5cff5ef2c13ea8ba253bdff588b8c7446899bcf2493b840c56040096eda|f71af5cff5ef2c13ea8ba253bdff588b8c7446899bcf2493b840c56040096eda|2ccc24409759cf1f7fb0d67ef429da9dd40f6ff8
secure/usr.bin/openssl/man/openssl-cmds.1|man1/openssl-cmds.1|4b9c6365f396d16b816cb5ed92a61e57b71ec0b0ad9878ba303d6c591a3b8382|4b9c6365f396d16b816cb5ed92a61e57b71ec0b0ad9878ba303d6c591a3b8382|2ccc24409759cf1f7fb0d67ef429da9dd40f6ff8
secure/usr.bin/openssl/man/openssl-cmp.1|man1/openssl-cmp.1|3607d41ae0f726a162cab21c8cd397af0255d5e08fea69d28c887f2f700fe353|3607d41ae0f726a162cab21c8cd397af0255d5e08fea69d28c887f2f700fe353|2ccc24409759cf1f7fb0d67ef429da9dd40f6ff8
secure/usr.bin/openssl/man/openssl-cms.1|man1/openssl-cms.1|25e3fd92bc554bd9c7a50dababe9a5e21c5a7396c169fb4b8598908325105182|25e3fd92bc554bd9c7a50dababe9a5e21c5a7396c169fb4b8598908325105182|2ccc24409759cf1f7fb0d67ef429da9dd40f6ff8
secure/usr.bin/openssl/man/openssl-crl.1|man1/openssl-crl.1|b729a231109b87b66699882a46142be5da5c44d06808a4a4f01f1daa360f454e|b729a231109b87b66699882a46142be5da5c44d06808a4a4f01f1daa360f454e|2ccc24409759cf1f7fb0d67ef429da9dd40f6ff8
secure/usr.bin/openssl/man/openssl-crl2pkcs7.1|man1/openssl-crl2pkcs7.1|1234d2e25f4d4d7a944781c6c5591fd9e14f00a210d812e12f50e3c84debe8b1|1234d2e25f4d4d7a944781c6c5591fd9e14f00a210d812e12f50e3c84debe8b1|2ccc24409759cf1f7fb0d67ef429da9dd40f6ff8
secure/usr.bin/openssl/man/openssl-dgst.1|man1/openssl-dgst.1|22911158daa9292d51230c05c1b1afd940350681183d57d57026bc486c62f70d|22911158daa9292d51230c05c1b1afd940350681183d57d57026bc486c62f70d|2ccc24409759cf1f7fb0d67ef429da9dd40f6ff8
secure/usr.bin/openssl/man/openssl-dhparam.1|man1/openssl-dhparam.1|216a28399192d041f1176a93e7194189aed90775a740f8dcdb2679d676030975|216a28399192d041f1176a93e7194189aed90775a740f8dcdb2679d676030975|2ccc24409759cf1f7fb0d67ef429da9dd40f6ff8
secure/usr.bin/openssl/man/openssl-dsa.1|man1/openssl-dsa.1|33fed91ed9433683139b706c913a76cbebd3632c0cb7c9b7c79f9384efb56ec9|33fed91ed9433683139b706c913a76cbebd3632c0cb7c9b7c79f9384efb56ec9|2ccc24409759cf1f7fb0d67ef429da9dd40f6ff8
secure/usr.bin/openssl/man/openssl-dsaparam.1|man1/openssl-dsaparam.1|7a9be65b1f2ef52f67e5d7e1ec66c82ec5f02acccdcee096c36ed7f911f1efe3|7a9be65b1f2ef52f67e5d7e1ec66c82ec5f02acccdcee096c36ed7f911f1efe3|2ccc24409759cf1f7fb0d67ef429da9dd40f6ff8
secure/usr.bin/openssl/man/openssl-ec.1|man1/openssl-ec.1|3d99c5311283f56ceb2745febb81b8cf0176e5a14498a5f645ed333048475c55|3d99c5311283f56ceb2745febb81b8cf0176e5a14498a5f645ed333048475c55|2ccc24409759cf1f7fb0d67ef429da9dd40f6ff8
secure/usr.bin/openssl/man/openssl-ecparam.1|man1/openssl-ecparam.1|9db8f8069552d982c06c3dcc71ab26c5142ccae393dfd2d93668a1d644c9cda5|9db8f8069552d982c06c3dcc71ab26c5142ccae393dfd2d93668a1d644c9cda5|2ccc24409759cf1f7fb0d67ef429da9dd40f6ff8
secure/usr.bin/openssl/man/openssl-enc.1|man1/openssl-enc.1|e50ef2ab50a8ea7a518cc940bfe6542978da3224d8f6048895ab7db00cf11e29|e50ef2ab50a8ea7a518cc940bfe6542978da3224d8f6048895ab7db00cf11e29|2ccc24409759cf1f7fb0d67ef429da9dd40f6ff8
secure/usr.bin/openssl/man/openssl-engine.1|man1/openssl-engine.1|746aa07d7a05f3f3c8ed50e1d405e5d68f32f719b94f469fdcd8cbcfd75e26df|746aa07d7a05f3f3c8ed50e1d405e5d68f32f719b94f469fdcd8cbcfd75e26df|2ccc24409759cf1f7fb0d67ef429da9dd40f6ff8
secure/usr.bin/openssl/man/openssl-errstr.1|man1/openssl-errstr.1|fe70a49039212b640356cd55338965d5ebec7d29fc77a78028d9b4ac803db961|fe70a49039212b640356cd55338965d5ebec7d29fc77a78028d9b4ac803db961|2ccc24409759cf1f7fb0d67ef429da9dd40f6ff8
secure/usr.bin/openssl/man/openssl-fipsinstall.1|man1/openssl-fipsinstall.1|27957a913b9e7bcc6c7e9336c7424fa79af0bd39e4441de6df1534b4fbf41724|27957a913b9e7bcc6c7e9336c7424fa79af0bd39e4441de6df1534b4fbf41724|2ccc24409759cf1f7fb0d67ef429da9dd40f6ff8
secure/usr.bin/openssl/man/openssl-format-options.1|man1/openssl-format-options.1|688b5786d4e48e5a3084640062e1072ef6295257dc58ac48c65e9e0382604408|688b5786d4e48e5a3084640062e1072ef6295257dc58ac48c65e9e0382604408|2ccc24409759cf1f7fb0d67ef429da9dd40f6ff8
secure/usr.bin/openssl/man/openssl-gendsa.1|man1/openssl-gendsa.1|5e957551f4078c0e538ae32f88d6feced083b9906cd09fe439a6b90f35d652e2|5e957551f4078c0e538ae32f88d6feced083b9906cd09fe439a6b90f35d652e2|2ccc24409759cf1f7fb0d67ef429da9dd40f6ff8
secure/usr.bin/openssl/man/openssl-genpkey.1|man1/openssl-genpkey.1|53852f14cbeeb4da061fe1cfb91169be8a7085224222beedd19f6ca4bcf998ee|53852f14cbeeb4da061fe1cfb91169be8a7085224222beedd19f6ca4bcf998ee|2ccc24409759cf1f7fb0d67ef429da9dd40f6ff8
secure/usr.bin/openssl/man/openssl-genrsa.1|man1/openssl-genrsa.1|aec2a9294db73a112ba66396f3a704909a6ba2230b27e29abc13e45afb230b78|aec2a9294db73a112ba66396f3a704909a6ba2230b27e29abc13e45afb230b78|2ccc24409759cf1f7fb0d67ef429da9dd40f6ff8
secure/usr.bin/openssl/man/openssl-info.1|man1/openssl-info.1|31e0dda03af144122424d599c0a3a627f172e43da18714a6d69a79d7004be440|31e0dda03af144122424d599c0a3a627f172e43da18714a6d69a79d7004be440|2ccc24409759cf1f7fb0d67ef429da9dd40f6ff8
secure/usr.bin/openssl/man/openssl-kdf.1|man1/openssl-kdf.1|2f2c9626290c4b8638197f9c6f2b1cad791acfb0b8f973eba6ffbb477e8aa288|2f2c9626290c4b8638197f9c6f2b1cad791acfb0b8f973eba6ffbb477e8aa288|2ccc24409759cf1f7fb0d67ef429da9dd40f6ff8
secure/usr.bin/openssl/man/openssl-list.1|man1/openssl-list.1|7d156192e3dd590f061301ab689ffa976afef0bbc7463afd806c56060f1e6468|7d156192e3dd590f061301ab689ffa976afef0bbc7463afd806c56060f1e6468|2ccc24409759cf1f7fb0d67ef429da9dd40f6ff8
secure/usr.bin/openssl/man/openssl-mac.1|man1/openssl-mac.1|0a14641aa85fd58a88de0a947389ef75b5a6a5517c954d56e3290b0ea0625cb6|0a14641aa85fd58a88de0a947389ef75b5a6a5517c954d56e3290b0ea0625cb6|2ccc24409759cf1f7fb0d67ef429da9dd40f6ff8
secure/usr.bin/openssl/man/openssl-namedisplay-options.1|man1/openssl-namedisplay-options.1|26af642a40ab7695c34be2ad2219ef7a20c7292f5c597b43908afa75a06e1fc3|26af642a40ab7695c34be2ad2219ef7a20c7292f5c597b43908afa75a06e1fc3|2ccc24409759cf1f7fb0d67ef429da9dd40f6ff8
secure/usr.bin/openssl/man/openssl-nseq.1|man1/openssl-nseq.1|5d6b40478701df07c18bd3f09aec3833ba01a8926a469e78fcf38ea6e4b26f7b|5d6b40478701df07c18bd3f09aec3833ba01a8926a469e78fcf38ea6e4b26f7b|2ccc24409759cf1f7fb0d67ef429da9dd40f6ff8
secure/usr.bin/openssl/man/openssl-ocsp.1|man1/openssl-ocsp.1|614998478f3a3ebfa2a12e3f5bf946c3b5dab774f1b31b11980f1876a869e72f|614998478f3a3ebfa2a12e3f5bf946c3b5dab774f1b31b11980f1876a869e72f|2ccc24409759cf1f7fb0d67ef429da9dd40f6ff8
secure/usr.bin/openssl/man/openssl-passphrase-options.1|man1/openssl-passphrase-options.1|05255b241e867c015b8b344277f1da3d7ff5b4622b65606c37ee6b4df242b62a|05255b241e867c015b8b344277f1da3d7ff5b4622b65606c37ee6b4df242b62a|2ccc24409759cf1f7fb0d67ef429da9dd40f6ff8
secure/usr.bin/openssl/man/openssl-passwd.1|man1/openssl-passwd.1|da8512302e5b0a3de34314c5649dfadabe2107e87165c537cdbc644d6165f12a|da8512302e5b0a3de34314c5649dfadabe2107e87165c537cdbc644d6165f12a|2ccc24409759cf1f7fb0d67ef429da9dd40f6ff8
secure/usr.bin/openssl/man/openssl-pkcs12.1|man1/openssl-pkcs12.1|2b6f3bf3ee7fd485246678b4d41a4049c5f2aee38b12ed17948c153c7b62aaf5|2b6f3bf3ee7fd485246678b4d41a4049c5f2aee38b12ed17948c153c7b62aaf5|2ccc24409759cf1f7fb0d67ef429da9dd40f6ff8
secure/usr.bin/openssl/man/openssl-pkcs7.1|man1/openssl-pkcs7.1|238ab6564a161aaf9541b8acd554058b87203cbf3c7461e6cd364e5ca40ff8f8|238ab6564a161aaf9541b8acd554058b87203cbf3c7461e6cd364e5ca40ff8f8|2ccc24409759cf1f7fb0d67ef429da9dd40f6ff8
secure/usr.bin/openssl/man/openssl-pkcs8.1|man1/openssl-pkcs8.1|ad78e11ccdae2d4a56dc468fd80ef550222487dd0f89464068361d79eaa75643|ad78e11ccdae2d4a56dc468fd80ef550222487dd0f89464068361d79eaa75643|2ccc24409759cf1f7fb0d67ef429da9dd40f6ff8
secure/usr.bin/openssl/man/openssl-pkey.1|man1/openssl-pkey.1|8618e7b192aa20e268c1d4a2a6fa7edc1fbe42af571cd46cc4b989264af4a907|8618e7b192aa20e268c1d4a2a6fa7edc1fbe42af571cd46cc4b989264af4a907|2ccc24409759cf1f7fb0d67ef429da9dd40f6ff8
secure/usr.bin/openssl/man/openssl-pkeyparam.1|man1/openssl-pkeyparam.1|02d12906009cd08f98f981b6b906fba65e5afd435e8cdb38b376b3f6908f766f|02d12906009cd08f98f981b6b906fba65e5afd435e8cdb38b376b3f6908f766f|2ccc24409759cf1f7fb0d67ef429da9dd40f6ff8
secure/usr.bin/openssl/man/openssl-pkeyutl.1|man1/openssl-pkeyutl.1|ca2bab65afe4afefa3b287645bff6dce297b7aa72cd36a4efd6c3c8f588ce5a3|ca2bab65afe4afefa3b287645bff6dce297b7aa72cd36a4efd6c3c8f588ce5a3|2ccc24409759cf1f7fb0d67ef429da9dd40f6ff8
secure/usr.bin/openssl/man/openssl-prime.1|man1/openssl-prime.1|6e9d1ebf43c032e66d6ac210562e3861767dc4c14b798d6ddb056cbd35938d62|6e9d1ebf43c032e66d6ac210562e3861767dc4c14b798d6ddb056cbd35938d62|2ccc24409759cf1f7fb0d67ef429da9dd40f6ff8
secure/usr.bin/openssl/man/openssl-rand.1|man1/openssl-rand.1|ef5b7b7982731b96b604ffe8f5fbce851442d33bdea2dfbccd309efac9235a43|ef5b7b7982731b96b604ffe8f5fbce851442d33bdea2dfbccd309efac9235a43|2ccc24409759cf1f7fb0d67ef429da9dd40f6ff8
secure/usr.bin/openssl/man/openssl-rehash.1|man1/openssl-rehash.1|f64cf989d93cb35dc295ee61c0262b8b62fe1d6a77c724cdc5791ab6c6645296|f64cf989d93cb35dc295ee61c0262b8b62fe1d6a77c724cdc5791ab6c6645296|2ccc24409759cf1f7fb0d67ef429da9dd40f6ff8
secure/usr.bin/openssl/man/openssl-req.1|man1/openssl-req.1|0a4f6fc89dfb8445fabae9e6a0f386d1cb9c1edc2768451c469b3e8edba1fe1a|0a4f6fc89dfb8445fabae9e6a0f386d1cb9c1edc2768451c469b3e8edba1fe1a|2ccc24409759cf1f7fb0d67ef429da9dd40f6ff8
secure/usr.bin/openssl/man/openssl-rsa.1|man1/openssl-rsa.1|2e1280fef05be2496456ca51409bf5cd23271c1b717829924df668504e25cf3a|2e1280fef05be2496456ca51409bf5cd23271c1b717829924df668504e25cf3a|2ccc24409759cf1f7fb0d67ef429da9dd40f6ff8
secure/usr.bin/openssl/man/openssl-rsautl.1|man1/openssl-rsautl.1|5a952c47b043aecda2c1492cde45f6195fdb10ca50961eb53485a9c21fec1dbe|5a952c47b043aecda2c1492cde45f6195fdb10ca50961eb53485a9c21fec1dbe|2ccc24409759cf1f7fb0d67ef429da9dd40f6ff8
secure/usr.bin/openssl/man/openssl-s_client.1|man1/openssl-s_client.1|626c3848683c96bb6a1ca2e3226580f0ee280ec9d434ee517e8a107a40281fb3|626c3848683c96bb6a1ca2e3226580f0ee280ec9d434ee517e8a107a40281fb3|2ccc24409759cf1f7fb0d67ef429da9dd40f6ff8
secure/usr.bin/openssl/man/openssl-s_server.1|man1/openssl-s_server.1|b1baa326fe1f4ab40a2e5cf0f35c0b9e2e858a810694ae5a1366437e81ad99b3|b1baa326fe1f4ab40a2e5cf0f35c0b9e2e858a810694ae5a1366437e81ad99b3|2ccc24409759cf1f7fb0d67ef429da9dd40f6ff8
secure/usr.bin/openssl/man/openssl-s_time.1|man1/openssl-s_time.1|ccc3e771740df664305199a08c26f2606e56386497132a6647af2ccd0779218e|ccc3e771740df664305199a08c26f2606e56386497132a6647af2ccd0779218e|2ccc24409759cf1f7fb0d67ef429da9dd40f6ff8
secure/usr.bin/openssl/man/openssl-sess_id.1|man1/openssl-sess_id.1|597b453b6be981413e47821eb5ea94fe6682f04071e9d9c1a4be0be4eadb67de|597b453b6be981413e47821eb5ea94fe6682f04071e9d9c1a4be0be4eadb67de|2ccc24409759cf1f7fb0d67ef429da9dd40f6ff8
secure/usr.bin/openssl/man/openssl-smime.1|man1/openssl-smime.1|38d4283364cd2041f592e14d1bd33ca9f18dba9b260d6ae3f09bcca4673ffe07|38d4283364cd2041f592e14d1bd33ca9f18dba9b260d6ae3f09bcca4673ffe07|2ccc24409759cf1f7fb0d67ef429da9dd40f6ff8
secure/usr.bin/openssl/man/openssl-speed.1|man1/openssl-speed.1|0999473c4ac66fde64da8731be7eeae5d0c56a0a434418878e069563390701f4|0999473c4ac66fde64da8731be7eeae5d0c56a0a434418878e069563390701f4|2ccc24409759cf1f7fb0d67ef429da9dd40f6ff8
secure/usr.bin/openssl/man/openssl-spkac.1|man1/openssl-spkac.1|d2a4b3ffca682712229914409ee132678748e2bfaf296c8ce487e08d7a1d9442|d2a4b3ffca682712229914409ee132678748e2bfaf296c8ce487e08d7a1d9442|2ccc24409759cf1f7fb0d67ef429da9dd40f6ff8
secure/usr.bin/openssl/man/openssl-srp.1|man1/openssl-srp.1|8d9327822aef000555127f80991b6f503210c00451e3793077ad3e06637de1e0|8d9327822aef000555127f80991b6f503210c00451e3793077ad3e06637de1e0|2ccc24409759cf1f7fb0d67ef429da9dd40f6ff8
secure/usr.bin/openssl/man/openssl-storeutl.1|man1/openssl-storeutl.1|cdd5852e228a9133d63516d47852a903411e10f814b7332faef25ef57d9ad6de|cdd5852e228a9133d63516d47852a903411e10f814b7332faef25ef57d9ad6de|2ccc24409759cf1f7fb0d67ef429da9dd40f6ff8
secure/usr.bin/openssl/man/openssl-ts.1|man1/openssl-ts.1|4921934d9c85202f23438201d76e9f944f2281338cb20bdb79050b625589dfa9|4921934d9c85202f23438201d76e9f944f2281338cb20bdb79050b625589dfa9|2ccc24409759cf1f7fb0d67ef429da9dd40f6ff8
secure/usr.bin/openssl/man/openssl-verification-options.1|man1/openssl-verification-options.1|7cd91eda2675d40ec40933da426f70f002ccf581c9c03d2e49e132683026ecea|7cd91eda2675d40ec40933da426f70f002ccf581c9c03d2e49e132683026ecea|2ccc24409759cf1f7fb0d67ef429da9dd40f6ff8
secure/usr.bin/openssl/man/openssl-verify.1|man1/openssl-verify.1|08d7d26a8d56a47aaad5244a9ab26682e21ff0be8dfd260774a0d2cc5179c285|08d7d26a8d56a47aaad5244a9ab26682e21ff0be8dfd260774a0d2cc5179c285|2ccc24409759cf1f7fb0d67ef429da9dd40f6ff8
secure/usr.bin/openssl/man/openssl-version.1|man1/openssl-version.1|9ea742a9df12606070ff1472141e3197c0b1f14788c78888b9abc3d733eef1ad|9ea742a9df12606070ff1472141e3197c0b1f14788c78888b9abc3d733eef1ad|2ccc24409759cf1f7fb0d67ef429da9dd40f6ff8
secure/usr.bin/openssl/man/openssl-x509.1|man1/openssl-x509.1|163adbda1735cb1b93abe0d3e22f07c01eeef862e3c6b8561286c9298e86c1b2|163adbda1735cb1b93abe0d3e22f07c01eeef862e3c6b8561286c9298e86c1b2|2ccc24409759cf1f7fb0d67ef429da9dd40f6ff8
secure/usr.bin/openssl/man/openssl.1|man1/openssl.1|1ffba042bd6fdb85e9ec3c3a32908c09b98d2011d2bbec1396f788a0e1267dc1|1ffba042bd6fdb85e9ec3c3a32908c09b98d2011d2bbec1396f788a0e1267dc1|2ccc24409759cf1f7fb0d67ef429da9dd40f6ff8
secure/usr.bin/openssl/man/tsget.1|man1/tsget.1|3d212190e2ed9f40c87fca97106b08e677c829c8671ecc2d32d1b3ebe01bfb95|3d212190e2ed9f40c87fca97106b08e677c829c8671ecc2d32d1b3ebe01bfb95|2ccc24409759cf1f7fb0d67ef429da9dd40f6ff8
share/examples/ipfilter/mkfilters.1|man1/mkfilters.1|5870d60dd4a97a5307c7627419c0bf58ecb777eb0c16735aecd72254916241df|5870d60dd4a97a5307c7627419c0bf58ecb777eb0c16735aecd72254916241df|b2c76c41be32f904179efed29c0ca04d53f3996c
share/examples/mdoc/example.1|man1/example.1|6a3f64f581b1adff6c9181b51f8c0865fbfe3b722725cb20709be4bd4767f2b4|6a3f64f581b1adff6c9181b51f8c0865fbfe3b722725cb20709be4bd4767f2b4|a0cb72d141ff4d2aada1620c898a9236535a945c
share/examples/scsi_target/scsi_target.8|man8/scsi_target.8|9083270226e7a84c9386cbecbbd39af7561822b5a27c4c7e84ded82c71586dbd|9083270226e7a84c9386cbecbbd39af7561822b5a27c4c7e84ded82c71586dbd|fa9896e082a1046ff4fbc75fcba4d18d1f2efc19
share/man/man1/builtin.1|man1/builtin.1|a173918a8261b46e66edbb32611ae4b3917a4d89bc5611c83c0622add89ed5a0|a173918a8261b46e66edbb32611ae4b3917a4d89bc5611c83c0622add89ed5a0|b98efcdb6210e1a38cda7725b873e3dd5f98a1f2
share/man/man1/intro.1|man1/intro.1|f359e2f958d4ada38e59536ad381377fad89a6b6661c1490ba9f7d4ff5c4b6b0|f359e2f958d4ada38e59536ad381377fad89a6b6661c1490ba9f7d4ff5c4b6b0|b2c76c41be32f904179efed29c0ca04d53f3996c
share/man/man8/beinstall.8|man8/beinstall.8|b92ac7ca3adbf47835285f6d736168d78e806a191ba1cfabbc4853e9decea258|b92ac7ca3adbf47835285f6d736168d78e806a191ba1cfabbc4853e9decea258|fa9896e082a1046ff4fbc75fcba4d18d1f2efc19
share/man/man8/crash.8|man8/crash.8|df049993c01f99ff0fe4d3b68d13d35c33872d7a206a99c2d1b0fa2d8ab47d50|df049993c01f99ff0fe4d3b68d13d35c33872d7a206a99c2d1b0fa2d8ab47d50|4f2140aa96773ac6f9d4f63290d79b4b9a6d48bf
share/man/man8/diskless.8|man8/diskless.8|8ac547549578642bcfb9acd7ee09580738dce1e1abc02d24d2ac5e888dd8dc81|8ac547549578642bcfb9acd7ee09580738dce1e1abc02d24d2ac5e888dd8dc81|c3a0e8fe09c5bbe42577b9567015f5f542b1f9bc
share/man/man8/intro.8|man8/intro.8|45384f4f7abfa130f3a021952de95e03c20d262aa9710caa23cdd4f96330476f|45384f4f7abfa130f3a021952de95e03c20d262aa9710caa23cdd4f96330476f|b2c76c41be32f904179efed29c0ca04d53f3996c
share/man/man8/nanobsd.8|man8/nanobsd.8|f30b9c3936a0baf52322ce91d9034fffa24d565618a213f1816324007d6ced52|f30b9c3936a0baf52322ce91d9034fffa24d565618a213f1816324007d6ced52|a15c821b8416cd7103fb25632eff0e6f28c345a2
share/man/man8/rc.8|man8/rc.8|fc1ba4a085ed33ea651f14f61a5ebaf4a05f8aa8a7a8ac3ab34715d6f9f7bf0e|fc1ba4a085ed33ea651f14f61a5ebaf4a05f8aa8a7a8ac3ab34715d6f9f7bf0e|d09b42a876bbd3a03edd8443976d0ad55a864e2e
share/man/man8/rc.subr.8|man8/rc.subr.8|a03ee2b0998bb71bb8d296bd143e610df10161628f849d6378bc4274ff7ef922|a03ee2b0998bb71bb8d296bd143e610df10161628f849d6378bc4274ff7ef922|51dbdd1d8634bf0d5af2a3d5a521a6576cc93a37
share/man/man8/rescue.8|man8/rescue.8|079fb7518f1e9207ed01dafca7bd7841935010d12664ab9eb8ac21605d1f79cd|079fb7518f1e9207ed01dafca7bd7841935010d12664ab9eb8ac21605d1f79cd|fa9896e082a1046ff4fbc75fcba4d18d1f2efc19
share/man/man8/uefi.8|man8/uefi.8|0c8ae64031f717943e887c6b27ef7adf6c75d6ecdbae2de49b1a79063fc62508|0c8ae64031f717943e887c6b27ef7adf6c75d6ecdbae2de49b1a79063fc62508|d01bbdf4572bd8e8e709f6c0020e7352f7727cff
share/man/man8/yp.8|man8/yp.8|a49fb9de055eb31aa273f644b2cd1601ac4e3612bd23d514c6c0a45a522e9e4b|a49fb9de055eb31aa273f644b2cd1601ac4e3612bd23d514c6c0a45a522e9e4b|b2c76c41be32f904179efed29c0ca04d53f3996c
stand/efi/gptboot/gptboot.efi.8|man8/gptboot.efi.8|0be75c82097f5be3698863a195cd7f98bf82cfed667e3c20d705847459b53bdf|0be75c82097f5be3698863a195cd7f98bf82cfed667e3c20d705847459b53bdf|fa9896e082a1046ff4fbc75fcba4d18d1f2efc19
stand/forth/beastie.4th.8|man8/beastie.4th.8|fb5ef33447ff5011074fcdf817a325e7e0c89542bf8796256e07f498a832b2e6|fb5ef33447ff5011074fcdf817a325e7e0c89542bf8796256e07f498a832b2e6|fa9896e082a1046ff4fbc75fcba4d18d1f2efc19
stand/forth/brand.4th.8|man8/brand.4th.8|dbbc61d41354b06d0dadbbec68def5267e7808c2e29324c059b3a730e36de196|dbbc61d41354b06d0dadbbec68def5267e7808c2e29324c059b3a730e36de196|fa9896e082a1046ff4fbc75fcba4d18d1f2efc19
stand/forth/check-password.4th.8|man8/check-password.4th.8|a7cc044aec235e4ed001e13eff6a4eac0a343bb350a79474f8d3690e035872ce|a7cc044aec235e4ed001e13eff6a4eac0a343bb350a79474f8d3690e035872ce|fa9896e082a1046ff4fbc75fcba4d18d1f2efc19
stand/forth/color.4th.8|man8/color.4th.8|ecdce2760a63765ebd913bb9b72780eb9cdf53cd1759a27c583c48ee74c8b88a|ecdce2760a63765ebd913bb9b72780eb9cdf53cd1759a27c583c48ee74c8b88a|fa9896e082a1046ff4fbc75fcba4d18d1f2efc19
stand/forth/delay.4th.8|man8/delay.4th.8|c25e66519c96ccdc8736c4e658c82d5d8febd23562b7d2117ba2e85467f467ce|c25e66519c96ccdc8736c4e658c82d5d8febd23562b7d2117ba2e85467f467ce|fa9896e082a1046ff4fbc75fcba4d18d1f2efc19
stand/forth/loader.4th.8|man8/loader.4th.8|6581710d31a3105d66c7b573f0b272ddc7079632512537a0cea3ab2f8bb0917f|6581710d31a3105d66c7b573f0b272ddc7079632512537a0cea3ab2f8bb0917f|fa9896e082a1046ff4fbc75fcba4d18d1f2efc19
stand/forth/menu.4th.8|man8/menu.4th.8|0fbca4a722f69be525232b6f9b35c1e0a0b2975dc97a69c842f9732cbb4b8992|0fbca4a722f69be525232b6f9b35c1e0a0b2975dc97a69c842f9732cbb4b8992|3463f0d85a02ab5c50c9ad06f5b7e3e0c52e2b44
stand/forth/menusets.4th.8|man8/menusets.4th.8|137dc2d69e922c86c7ca6438d6652e2b577b10b77149d34423400c5559dfdf92|137dc2d69e922c86c7ca6438d6652e2b577b10b77149d34423400c5559dfdf92|fa9896e082a1046ff4fbc75fcba4d18d1f2efc19
stand/forth/version.4th.8|man8/version.4th.8|8df6dcf57d860f17af36e03cc3ae0a805d5e7b1c4dca010afb75269dbf451ab2|8df6dcf57d860f17af36e03cc3ae0a805d5e7b1c4dca010afb75269dbf451ab2|fa9896e082a1046ff4fbc75fcba4d18d1f2efc19
stand/i386/cdboot/cdboot.8|man8/cdboot.8|f4ccb012b34de58967ab5f86ab5c9c40d68ede8e6da12f8cf6ef71f28ad19fb2|f4ccb012b34de58967ab5f86ab5c9c40d68ede8e6da12f8cf6ef71f28ad19fb2|d659366cc62a70b4863bddf226f6209d13ab65c0
stand/i386/gptboot/gptboot.8|man8/gptboot.8|421ba7a89516304ef5d0a67dfd364c3994125a28f2ddb222b0cc37afa3684755|421ba7a89516304ef5d0a67dfd364c3994125a28f2ddb222b0cc37afa3684755|fa9896e082a1046ff4fbc75fcba4d18d1f2efc19
stand/i386/gptzfsboot/gptzfsboot.8|man8/gptzfsboot.8|91e814aba4cc73dd1588eedc1b2a952a1106126b8e77ccc321ef46b6091c476c|91e814aba4cc73dd1588eedc1b2a952a1106126b8e77ccc321ef46b6091c476c|fa9896e082a1046ff4fbc75fcba4d18d1f2efc19
stand/i386/isoboot/isoboot.8|man8/isoboot.8|aed58509e42111b20d98e5e037820639a5d28f79c6fb98c6112bc4b1251de68e|aed58509e42111b20d98e5e037820639a5d28f79c6fb98c6112bc4b1251de68e|fa9896e082a1046ff4fbc75fcba4d18d1f2efc19
stand/i386/pxeldr/pxeboot.8|man8/pxeboot.8|d64a9c07493a9c9e53c7e56ab6a6e754c0d436edc1bea55757cddd4163111a51|d64a9c07493a9c9e53c7e56ab6a6e754c0d436edc1bea55757cddd4163111a51|b8d3541f146944355560de6832d40791d247d8cd
stand/i386/zfsboot/zfsboot.8|man8/zfsboot.8|c2e0809e6f514e66a31095b05d9cfb72882b11c0d3322d8d3bbdaaa77ebce487|c2e0809e6f514e66a31095b05d9cfb72882b11c0d3322d8d3bbdaaa77ebce487|fa9896e082a1046ff4fbc75fcba4d18d1f2efc19
stand/lua/cli.lua.8|man8/cli.lua.8|cb0dc80cbf0f541532785e81c8aa8ca2dff5647780feac1b0694f6857139ab2c|cb0dc80cbf0f541532785e81c8aa8ca2dff5647780feac1b0694f6857139ab2c|5f6144238c540b72291b9595c89193034eb6a004
stand/lua/color.lua.8|man8/color.lua.8|b92e796399d2beb18dda6699f1f27c5718cfa5b1fed988eb9ac82883a8a9b5bb|b92e796399d2beb18dda6699f1f27c5718cfa5b1fed988eb9ac82883a8a9b5bb|651102873e96174e4e799d4e06538e1d841e182a
stand/lua/config.lua.8|man8/config.lua.8|d014546bbbd4e2d99baafc7a41eccbbac198d3b9df74486f3aa8958397b38093|d014546bbbd4e2d99baafc7a41eccbbac198d3b9df74486f3aa8958397b38093|5705569f3c00fdaedfa7c0ced2d1c51c8d3d2370
stand/lua/core.lua.8|man8/core.lua.8|f4216ad3391da8bbceb34b770b1ccfc04dd829f3f8bf543084d785260d725595|f4216ad3391da8bbceb34b770b1ccfc04dd829f3f8bf543084d785260d725595|bddfcbd9bbc68fe11ce53954b7f82584cd5ee40b
stand/lua/drawer.lua.8|man8/drawer.lua.8|53132dca98d5797ff17b887ecb59175cfb8b9eccb6913e84dcaebc3c261fe184|53132dca98d5797ff17b887ecb59175cfb8b9eccb6913e84dcaebc3c261fe184|651102873e96174e4e799d4e06538e1d841e182a
stand/lua/gfx.lua.8|man8/gfx.lua.8|70268b6b2a36937f3ff7f68737067a8d7d1bf0a6be6c04ed69eb8f82d343949d|70268b6b2a36937f3ff7f68737067a8d7d1bf0a6be6c04ed69eb8f82d343949d|651102873e96174e4e799d4e06538e1d841e182a
stand/lua/hook.lua.8|man8/hook.lua.8|322bc34091e5111e72fe47a419dce7de607a5f7d6a7d94336798e397221e02c4|322bc34091e5111e72fe47a419dce7de607a5f7d6a7d94336798e397221e02c4|651102873e96174e4e799d4e06538e1d841e182a
stand/lua/loader.lua.8|man8/loader.lua.8|0fcd23c71ef09fa73070c41ad2229f0c7f04882a7684fb00979b3ee824db286f|0fcd23c71ef09fa73070c41ad2229f0c7f04882a7684fb00979b3ee824db286f|5705569f3c00fdaedfa7c0ced2d1c51c8d3d2370
stand/lua/menu.lua.8|man8/menu.lua.8|449398d08076cd89da5ef2a58f4c0ca4ecb70ea6ac567a4d7bf8e88088484445|449398d08076cd89da5ef2a58f4c0ca4ecb70ea6ac567a4d7bf8e88088484445|651102873e96174e4e799d4e06538e1d841e182a
stand/lua/password.lua.8|man8/password.lua.8|237d9f89462f0c91fb7508a34f81afe185b91e080b78cdc0c3cc5904c4970e1c|237d9f89462f0c91fb7508a34f81afe185b91e080b78cdc0c3cc5904c4970e1c|651102873e96174e4e799d4e06538e1d841e182a
stand/lua/screen.lua.8|man8/screen.lua.8|0a5c161ab6eba1f71892df01b624f5268d5ee1952fe03a409dfcec60c27539e1|0a5c161ab6eba1f71892df01b624f5268d5ee1952fe03a409dfcec60c27539e1|651102873e96174e4e799d4e06538e1d841e182a
stand/man/boot1.efi.8|man8/boot1.efi.8|ac1bc3334d9115465136baf7d6125bc56ec13cbe841253ce5fa1e04e9ed39f2a|ac1bc3334d9115465136baf7d6125bc56ec13cbe841253ce5fa1e04e9ed39f2a|2f5bea924d08a6528dc6c25b2932105f7f235a3a
stand/man/loader.8|man8/loader.8|3805c320b222cebfcac35e714a46d3c86d1c97de8d7ac82842e0afbbaeb0a0e7|3805c320b222cebfcac35e714a46d3c86d1c97de8d7ac82842e0afbbaeb0a0e7|bddfcbd9bbc68fe11ce53954b7f82584cd5ee40b
stand/man/loader.efi.8|man8/loader.efi.8|c0c0e2325b84dab868ac708f916d059995346b9ef9b971a04621307ed2ecd811|c0c0e2325b84dab868ac708f916d059995346b9ef9b971a04621307ed2ecd811|dcffbdf28aabf628fc7135f2239f9c8add5e6b9e
stand/man/loader_4th.8|man8/loader_4th.8|52395fc91c5aa17bfade61b33c5fd1c1cfca34efd60078f6fa38411afa9d44bf|52395fc91c5aa17bfade61b33c5fd1c1cfca34efd60078f6fa38411afa9d44bf|2f5bea924d08a6528dc6c25b2932105f7f235a3a
stand/man/loader_lua.8|man8/loader_lua.8|19cb6bf79c793e935171cd9b2d7051f28a692538ffe98bc4450b9fbc031154b5|19cb6bf79c793e935171cd9b2d7051f28a692538ffe98bc4450b9fbc031154b5|2f5bea924d08a6528dc6c25b2932105f7f235a3a
stand/man/loader_simp.8|man8/loader_simp.8|8a2686e826b559cfad82de8036dc6d290d841c3e1cd5b65a09acc851b9206737|8a2686e826b559cfad82de8036dc6d290d841c3e1cd5b65a09acc851b9206737|9f0e2b6e318304b2dd6ded00d2f0d0f70f32ee7c
sys/contrib/openzfs/man/man1/arcstat.1|man1/arcstat.1|2a2b76162e08ee02f51279fd886c5dd9bf85ef156d5aef541e310d8732453c8b|2a2b76162e08ee02f51279fd886c5dd9bf85ef156d5aef541e310d8732453c8b|15f0b8c309dea1dcb14d3e374686576ff68ac43f
sys/contrib/openzfs/man/man1/cstyle.1|man1/cstyle.1|4cd81f4802fee44766d298e91e337d04e29dcc03434bebb2bf6ee742252c0699|4cd81f4802fee44766d298e91e337d04e29dcc03434bebb2bf6ee742252c0699|271171e0d97b88ba2a7c3bf750c9672b484c1c13
sys/contrib/openzfs/man/man1/raidz_test.1|man1/raidz_test.1|0e98bf2b3c984917336deea5b918f93f21ea97bf85759ef9120d4da744464451|0e98bf2b3c984917336deea5b918f93f21ea97bf85759ef9120d4da744464451|271171e0d97b88ba2a7c3bf750c9672b484c1c13
sys/contrib/openzfs/man/man1/test-runner.1|man1/test-runner.1|6c2483f2c2362bc426d90f464f0eabfe633cea721a100e62d5a8fe2f594255af|6c2483f2c2362bc426d90f464f0eabfe633cea721a100e62d5a8fe2f594255af|bb2d13b686e3ccf6c3ccb36209dfb7dcc108b182
sys/contrib/openzfs/man/man1/zhack.1|man1/zhack.1|fecea6eccf13a4bf49eecc560498b74a0815e92c8f0aa579d16ecde39529c861|fecea6eccf13a4bf49eecc560498b74a0815e92c8f0aa579d16ecde39529c861|e639e0d27cc863ba1b8de20e861e6b5d9b922a8e
sys/contrib/openzfs/man/man1/ztest.1|man1/ztest.1|35ca782fa32e82358dc8b3191753a07c380fc8095adc0faed615947037078533|35ca782fa32e82358dc8b3191753a07c380fc8095adc0faed615947037078533|bb2d13b686e3ccf6c3ccb36209dfb7dcc108b182
sys/contrib/openzfs/man/man1/zvol_wait.1|man1/zvol_wait.1|017efac1cedaea32bd5f0cf769e858a5656f5ab098a86fb80c2f02e7aefcdcbc|017efac1cedaea32bd5f0cf769e858a5656f5ab098a86fb80c2f02e7aefcdcbc|1603881667360c015f6685131f2f25474fa67a72
sys/contrib/openzfs/man/man8/fsck.zfs.8|man8/fsck.zfs.8|9099685c991ba5b3ffeec904a656f2bb2d4ef11a145fd0a6b54327b22330df75|9099685c991ba5b3ffeec904a656f2bb2d4ef11a145fd0a6b54327b22330df75|bb2d13b686e3ccf6c3ccb36209dfb7dcc108b182
sys/contrib/openzfs/man/man8/mount.zfs.8|man8/mount.zfs.8|dbef160a68d67cff31a7d9ecb359a86caa3b77de6f164061259cbda710708a2c|dbef160a68d67cff31a7d9ecb359a86caa3b77de6f164061259cbda710708a2c|271171e0d97b88ba2a7c3bf750c9672b484c1c13
sys/contrib/openzfs/man/man8/vdev_id.8|man8/vdev_id.8|98094fb22944673c5af6526a58e82c0e68879ba5b50c58ecedcd56e9a0d6c74e|98094fb22944673c5af6526a58e82c0e68879ba5b50c58ecedcd56e9a0d6c74e|bb2d13b686e3ccf6c3ccb36209dfb7dcc108b182
sys/contrib/openzfs/man/man8/zdb.8|man8/zdb.8|7fd3a7bfd0c0c58e680b036842380a3fd7fad915479856466a53463753d7f0c7|7fd3a7bfd0c0c58e680b036842380a3fd7fad915479856466a53463753d7f0c7|2ec8b69480708185a273254e4e254140eb2ce633
sys/contrib/openzfs/man/man8/zfs-allow.8|man8/zfs-allow.8|b6085072da9b3517d235860867296f258d8d55cc7fedc6c7760b28a2080b66d3|b6085072da9b3517d235860867296f258d8d55cc7fedc6c7760b28a2080b66d3|bb2d13b686e3ccf6c3ccb36209dfb7dcc108b182
sys/contrib/openzfs/man/man8/zfs-bookmark.8|man8/zfs-bookmark.8|a2f307053738de5aebd532cce4617d385562fcd56d567f28289626c29bd29fc9|a2f307053738de5aebd532cce4617d385562fcd56d567f28289626c29bd29fc9|271171e0d97b88ba2a7c3bf750c9672b484c1c13
sys/contrib/openzfs/man/man8/zfs-clone.8|man8/zfs-clone.8|6b9b213ce60576c280159fa0c678401a58bf73cdd30b335814d2567f938a4d36|6b9b213ce60576c280159fa0c678401a58bf73cdd30b335814d2567f938a4d36|271171e0d97b88ba2a7c3bf750c9672b484c1c13
sys/contrib/openzfs/man/man8/zfs-create.8|man8/zfs-create.8|4b10213eeaa0210adc8aeb8d60306bbcd18e7f446196c020b27ddb852720ba36|4b10213eeaa0210adc8aeb8d60306bbcd18e7f446196c020b27ddb852720ba36|4e8d558c9d1cf3e7e424e3fb123b01979c3d57f2
sys/contrib/openzfs/man/man8/zfs-destroy.8|man8/zfs-destroy.8|9ec75862f1c51b5cca8b49d12d2ae4eb5c93b02eaeefa5ea16b12b7c93c75938|9ec75862f1c51b5cca8b49d12d2ae4eb5c93b02eaeefa5ea16b12b7c93c75938|271171e0d97b88ba2a7c3bf750c9672b484c1c13
sys/contrib/openzfs/man/man8/zfs-diff.8|man8/zfs-diff.8|9c354b21ba41cf3b03471009fa2a33539e72df3bdf7d9fd00e035b7498911739|9c354b21ba41cf3b03471009fa2a33539e72df3bdf7d9fd00e035b7498911739|271171e0d97b88ba2a7c3bf750c9672b484c1c13
sys/contrib/openzfs/man/man8/zfs-hold.8|man8/zfs-hold.8|4515c9a175e60b35b74ba5b2e988a95743786b7bac2414c7a513d0f3588f063a|4515c9a175e60b35b74ba5b2e988a95743786b7bac2414c7a513d0f3588f063a|dbd5678dca91abcefe8d046aa2f9b66497a95ffb
sys/contrib/openzfs/man/man8/zfs-jail.8|man8/zfs-jail.8|72d19dd01894d4d4e7525d97f870d3b9adf4b5206fde507645c308dc379b74bb|72d19dd01894d4d4e7525d97f870d3b9adf4b5206fde507645c308dc379b74bb|bb2d13b686e3ccf6c3ccb36209dfb7dcc108b182
sys/contrib/openzfs/man/man8/zfs-list.8|man8/zfs-list.8|cf4150fb0dc6657c47df20f6ed8d57ea4623d5f6cbbebe3d5445af7af2bc91da|cf4150fb0dc6657c47df20f6ed8d57ea4623d5f6cbbebe3d5445af7af2bc91da|81be5a55d9bb8717e280433cd8927dfe9bf9b814
sys/contrib/openzfs/man/man8/zfs-load-key.8|man8/zfs-load-key.8|c6cacb2e046ef0c439cc498d11cb840b9d0c96d32febbc5b90cb9893d828ff83|c6cacb2e046ef0c439cc498d11cb840b9d0c96d32febbc5b90cb9893d828ff83|bb2d13b686e3ccf6c3ccb36209dfb7dcc108b182
sys/contrib/openzfs/man/man8/zfs-mount.8|man8/zfs-mount.8|de415757c50e10f9169482485cf8a195d2af185b9eedf198c3f9a2508e0a23aa|de415757c50e10f9169482485cf8a195d2af185b9eedf198c3f9a2508e0a23aa|9a5f0cb5b639f8e0435103d44b17eb8a352af990
sys/contrib/openzfs/man/man8/zfs-program.8|man8/zfs-program.8|bf2cb99102bca799b333a03d21f04a9d61558fbf32906d32b03f4cba164d7732|bf2cb99102bca799b333a03d21f04a9d61558fbf32906d32b03f4cba164d7732|c7046f76c2c027b00c0e6ba57cfd28f1a78f5e23
sys/contrib/openzfs/man/man8/zfs-project.8|man8/zfs-project.8|680880b81b8611f434d6a9aca56919fd9b67dc8c401c5e67996326d4b21167ed|680880b81b8611f434d6a9aca56919fd9b67dc8c401c5e67996326d4b21167ed|bb2d13b686e3ccf6c3ccb36209dfb7dcc108b182
sys/contrib/openzfs/man/man8/zfs-promote.8|man8/zfs-promote.8|7d721f1fed1294ced8ccad11b0632ccebf631685d9799e698383a292c6437e58|7d721f1fed1294ced8ccad11b0632ccebf631685d9799e698383a292c6437e58|bb2d13b686e3ccf6c3ccb36209dfb7dcc108b182
sys/contrib/openzfs/man/man8/zfs-receive.8|man8/zfs-receive.8|41afec29424e1e3cac44f9c4077a5514ad58ece45983428a8e9c9854ab20eff7|41afec29424e1e3cac44f9c4077a5514ad58ece45983428a8e9c9854ab20eff7|2a58b312b62f908ec92311d1bd8536dbaeb8e55b
sys/contrib/openzfs/man/man8/zfs-rename.8|man8/zfs-rename.8|b3e7e73fe299a5715921fd497328cfb9220d162e5dcf5dace7602768fc1973f7|b3e7e73fe299a5715921fd497328cfb9220d162e5dcf5dace7602768fc1973f7|271171e0d97b88ba2a7c3bf750c9672b484c1c13
sys/contrib/openzfs/man/man8/zfs-rollback.8|man8/zfs-rollback.8|5a0143dab792974e417d5b0963274fe57d6fd7fe6eb4393f26747d1f43d88358|5a0143dab792974e417d5b0963274fe57d6fd7fe6eb4393f26747d1f43d88358|271171e0d97b88ba2a7c3bf750c9672b484c1c13
sys/contrib/openzfs/man/man8/zfs-send.8|man8/zfs-send.8|8fd9ac6daa40f3ec83fc22b49972686c7192a3827d0555a6d489113d6c5f0e5e|8fd9ac6daa40f3ec83fc22b49972686c7192a3827d0555a6d489113d6c5f0e5e|f789381671a3f97496d496d8f996a67eaa8b1a33
sys/contrib/openzfs/man/man8/zfs-set.8|man8/zfs-set.8|58532c587f4d23efa32cb9504d203d96cb9f2173bf82b551904757a80d2c8756|58532c587f4d23efa32cb9504d203d96cb9f2173bf82b551904757a80d2c8756|a21cb0234b896d8e524840d8b06927f5e8ee1b13
sys/contrib/openzfs/man/man8/zfs-share.8|man8/zfs-share.8|9f2d22e1e56501e6ec288795edfe685a6bec716caf2ed86b90652ff211db3097|9f2d22e1e56501e6ec288795edfe685a6bec716caf2ed86b90652ff211db3097|271171e0d97b88ba2a7c3bf750c9672b484c1c13
sys/contrib/openzfs/man/man8/zfs-snapshot.8|man8/zfs-snapshot.8|8fea5513ed8a51c1578d6fe87457353cad73ee4318ad33f53533ec0e91a75873|8fea5513ed8a51c1578d6fe87457353cad73ee4318ad33f53533ec0e91a75873|271171e0d97b88ba2a7c3bf750c9672b484c1c13
sys/contrib/openzfs/man/man8/zfs-upgrade.8|man8/zfs-upgrade.8|fbf1c0d39c583597c18a4e6292a412834194178cceaaef330c8034c46465cd9e|fbf1c0d39c583597c18a4e6292a412834194178cceaaef330c8034c46465cd9e|271171e0d97b88ba2a7c3bf750c9672b484c1c13
sys/contrib/openzfs/man/man8/zfs-userspace.8|man8/zfs-userspace.8|7b303a492a9963641e120d785daee7c5febdbee6848ed17d2801552976560c35|7b303a492a9963641e120d785daee7c5febdbee6848ed17d2801552976560c35|bb2d13b686e3ccf6c3ccb36209dfb7dcc108b182
sys/contrib/openzfs/man/man8/zfs-wait.8|man8/zfs-wait.8|e2e296a4caa7da65f6f511ba93ea7e0b43e47ac9fd2239ae6cc15aeb01286c39|e2e296a4caa7da65f6f511ba93ea7e0b43e47ac9fd2239ae6cc15aeb01286c39|271171e0d97b88ba2a7c3bf750c9672b484c1c13
sys/contrib/openzfs/man/man8/zfs-zone.8|man8/zfs-zone.8|da55ddc9c88f19bc41f20851992bd6df2f558e34d991c8000ffdfaa03150f358|da55ddc9c88f19bc41f20851992bd6df2f558e34d991c8000ffdfaa03150f358|271171e0d97b88ba2a7c3bf750c9672b484c1c13
sys/contrib/openzfs/man/man8/zfs.8|man8/zfs.8|aee628e51a94a7f43c12a1afd80d35692726d20dd5dd8cad296111f463846c23|aee628e51a94a7f43c12a1afd80d35692726d20dd5dd8cad296111f463846c23|2a58b312b62f908ec92311d1bd8536dbaeb8e55b
sys/contrib/openzfs/man/man8/zfs_ids_to_path.8|man8/zfs_ids_to_path.8|7261142f87df9388f45b2b9373d802a342eac962ec03c4324d32c482f6ad5ad1|7261142f87df9388f45b2b9373d802a342eac962ec03c4324d32c482f6ad5ad1|271171e0d97b88ba2a7c3bf750c9672b484c1c13
sys/contrib/openzfs/man/man8/zgenhostid.8|man8/zgenhostid.8|b1fa7f4a0058cf10cfa9cb012356d9dc5e2ef19ee518fe7343ba1e554d308099|b1fa7f4a0058cf10cfa9cb012356d9dc5e2ef19ee518fe7343ba1e554d308099|271171e0d97b88ba2a7c3bf750c9672b484c1c13
sys/contrib/openzfs/man/man8/zinject.8|man8/zinject.8|ae94c6316f0551e296bb3a7785aa10722ff2b9647cbcbc1695d7aa79be8703b0|ae94c6316f0551e296bb3a7785aa10722ff2b9647cbcbc1695d7aa79be8703b0|9a5f0cb5b639f8e0435103d44b17eb8a352af990
sys/contrib/openzfs/man/man8/zpool-add.8|man8/zpool-add.8|0124298b348a83682cdf1769aafd036a5f83c6be4ac7398fb06a18246c419cb3|0124298b348a83682cdf1769aafd036a5f83c6be4ac7398fb06a18246c419cb3|9a5f0cb5b639f8e0435103d44b17eb8a352af990
sys/contrib/openzfs/man/man8/zpool-attach.8|man8/zpool-attach.8|2a4331ead39df0f90f07c61f012be55e4ad615e12b445a185e4939354616dd7d|2a4331ead39df0f90f07c61f012be55e4ad615e12b445a185e4939354616dd7d|271171e0d97b88ba2a7c3bf750c9672b484c1c13
sys/contrib/openzfs/man/man8/zpool-checkpoint.8|man8/zpool-checkpoint.8|dea8ce53f8344bcdb2f6c5b9803491ef861e5838a1adb7f11029714f2fe3fe5c|dea8ce53f8344bcdb2f6c5b9803491ef861e5838a1adb7f11029714f2fe3fe5c|271171e0d97b88ba2a7c3bf750c9672b484c1c13
sys/contrib/openzfs/man/man8/zpool-clear.8|man8/zpool-clear.8|01a1e46a942f4d91931976edac65cb0f3ea457523251e600b2ab5fb74014f0de|01a1e46a942f4d91931976edac65cb0f3ea457523251e600b2ab5fb74014f0de|9a5f0cb5b639f8e0435103d44b17eb8a352af990
sys/contrib/openzfs/man/man8/zpool-create.8|man8/zpool-create.8|3ec57fd8143175f98a1afc876ff325caf82daa159d7490fd8b47435a8825b067|3ec57fd8143175f98a1afc876ff325caf82daa159d7490fd8b47435a8825b067|7b5e687355afe772894661db63d1d4466751d806
sys/contrib/openzfs/man/man8/zpool-destroy.8|man8/zpool-destroy.8|0f995e89834362a1a6cdb92e392ba104dbeb055327dadf93af4ac3a11c884c79|0f995e89834362a1a6cdb92e392ba104dbeb055327dadf93af4ac3a11c884c79|271171e0d97b88ba2a7c3bf750c9672b484c1c13
sys/contrib/openzfs/man/man8/zpool-detach.8|man8/zpool-detach.8|e046b892bea921b70a3d4a10060d1778f52e2c7bcdcd8e7c207a4c6136671695|e046b892bea921b70a3d4a10060d1778f52e2c7bcdcd8e7c207a4c6136671695|271171e0d97b88ba2a7c3bf750c9672b484c1c13
sys/contrib/openzfs/man/man8/zpool-events.8|man8/zpool-events.8|51a3a1961e321c1440e486a435aeecf3654440ca591fc4ce550208f4af4fca57|51a3a1961e321c1440e486a435aeecf3654440ca591fc4ce550208f4af4fca57|f789381671a3f97496d496d8f996a67eaa8b1a33
sys/contrib/openzfs/man/man8/zpool-export.8|man8/zpool-export.8|3179e4b2115f640eecd0471b3bae8f794fbe998d09c2ef039952630a9e49f810|3179e4b2115f640eecd0471b3bae8f794fbe998d09c2ef039952630a9e49f810|bb2d13b686e3ccf6c3ccb36209dfb7dcc108b182
sys/contrib/openzfs/man/man8/zpool-get.8|man8/zpool-get.8|4abbc6ea97a60eb3cf81a8e6647b4efecb36cdc2053ed72f84c588aec530b212|4abbc6ea97a60eb3cf81a8e6647b4efecb36cdc2053ed72f84c588aec530b212|271171e0d97b88ba2a7c3bf750c9672b484c1c13
sys/contrib/openzfs/man/man8/zpool-history.8|man8/zpool-history.8|0046ba04acdf67e44d45aab9f1c44bbf3c8e64e7e9d6357f560ee667529f44a5|0046ba04acdf67e44d45aab9f1c44bbf3c8e64e7e9d6357f560ee667529f44a5|271171e0d97b88ba2a7c3bf750c9672b484c1c13
sys/contrib/openzfs/man/man8/zpool-import.8|man8/zpool-import.8|cb6da0f10bd20ee4267d8f25981d8b87849c3d783c4478a4a280dfb42e62fac5|cb6da0f10bd20ee4267d8f25981d8b87849c3d783c4478a4a280dfb42e62fac5|271171e0d97b88ba2a7c3bf750c9672b484c1c13
sys/contrib/openzfs/man/man8/zpool-initialize.8|man8/zpool-initialize.8|14b30ecfceabd227ab0796e363deaa9b963c22d79d1f2575fc796e254c087bd6|14b30ecfceabd227ab0796e363deaa9b963c22d79d1f2575fc796e254c087bd6|c0a83fe074a375c66ca669bfe1f128fe12b9f377
sys/contrib/openzfs/man/man8/zpool-iostat.8|man8/zpool-iostat.8|442ce95dfcf27a578a01ab1fe8219dc5905f24eedb5ed2104125202c2d7be00a|442ce95dfcf27a578a01ab1fe8219dc5905f24eedb5ed2104125202c2d7be00a|81be5a55d9bb8717e280433cd8927dfe9bf9b814
sys/contrib/openzfs/man/man8/zpool-labelclear.8|man8/zpool-labelclear.8|20940255c19bf7e5e456e278d7a603650cfc53fab0a2f1844b65e7f7fc0e407b|20940255c19bf7e5e456e278d7a603650cfc53fab0a2f1844b65e7f7fc0e407b|271171e0d97b88ba2a7c3bf750c9672b484c1c13
sys/contrib/openzfs/man/man8/zpool-list.8|man8/zpool-list.8|76df6ba14043c18246ceb6ede8464b9861029f2a90132e3fa6a7a9c9a5fdc226|76df6ba14043c18246ceb6ede8464b9861029f2a90132e3fa6a7a9c9a5fdc226|81be5a55d9bb8717e280433cd8927dfe9bf9b814
sys/contrib/openzfs/man/man8/zpool-offline.8|man8/zpool-offline.8|bf7f762da502bb4d729efb1f3835908408fdb73589b3ec9d91838d9248d20f97|bf7f762da502bb4d729efb1f3835908408fdb73589b3ec9d91838d9248d20f97|81be5a55d9bb8717e280433cd8927dfe9bf9b814
sys/contrib/openzfs/man/man8/zpool-reguid.8|man8/zpool-reguid.8|d37f126d40f6915cea87d1ec62da1f23d8cca0d5a60a492dd98acdbdb7787a05|d37f126d40f6915cea87d1ec62da1f23d8cca0d5a60a492dd98acdbdb7787a05|271171e0d97b88ba2a7c3bf750c9672b484c1c13
sys/contrib/openzfs/man/man8/zpool-remove.8|man8/zpool-remove.8|667bc3b7e1aaeeb18302d664dd1d6f0150a00bf2fd18b76c58e0193df0c7b882|667bc3b7e1aaeeb18302d664dd1d6f0150a00bf2fd18b76c58e0193df0c7b882|bb2d13b686e3ccf6c3ccb36209dfb7dcc108b182
sys/contrib/openzfs/man/man8/zpool-reopen.8|man8/zpool-reopen.8|1abfeabee2ba42948063e85219a43402cde2a0f21c998b90b0335b6ced3d883c|1abfeabee2ba42948063e85219a43402cde2a0f21c998b90b0335b6ced3d883c|271171e0d97b88ba2a7c3bf750c9672b484c1c13
sys/contrib/openzfs/man/man8/zpool-replace.8|man8/zpool-replace.8|34cc196cbd470a05a1d3ddecc34cd67b20e59738ceec1a1ecb56d5484ee36cce|34cc196cbd470a05a1d3ddecc34cd67b20e59738ceec1a1ecb56d5484ee36cce|271171e0d97b88ba2a7c3bf750c9672b484c1c13
sys/contrib/openzfs/man/man8/zpool-resilver.8|man8/zpool-resilver.8|31bb3304da10fab5d826b31a20622047596180f7cac59ab50cefe69199c4ef6f|31bb3304da10fab5d826b31a20622047596180f7cac59ab50cefe69199c4ef6f|bb2d13b686e3ccf6c3ccb36209dfb7dcc108b182
sys/contrib/openzfs/man/man8/zpool-scrub.8|man8/zpool-scrub.8|33b97cb36745c1a083474981f696647a8342a16fa4b07a92bd99ac24a020aa98|33b97cb36745c1a083474981f696647a8342a16fa4b07a92bd99ac24a020aa98|0a97523d467443fa54171ef7a399b1c9043eac75
sys/contrib/openzfs/man/man8/zpool-split.8|man8/zpool-split.8|9fa25ea1044d573c32873ccd083462c7368f65201175ceb14cb09c9bcdee0c72|9fa25ea1044d573c32873ccd083462c7368f65201175ceb14cb09c9bcdee0c72|bb2d13b686e3ccf6c3ccb36209dfb7dcc108b182
sys/contrib/openzfs/man/man8/zpool-status.8|man8/zpool-status.8|b376233f6ad44a6e79b0ee9a33bb72cceec141c345e5b84815494f708e5a15fb|b376233f6ad44a6e79b0ee9a33bb72cceec141c345e5b84815494f708e5a15fb|9a5f0cb5b639f8e0435103d44b17eb8a352af990
sys/contrib/openzfs/man/man8/zpool-sync.8|man8/zpool-sync.8|b4c794a6b55003161f56a02540305b8e4465c2113bf3f2f87a177a84258ae639|b4c794a6b55003161f56a02540305b8e4465c2113bf3f2f87a177a84258ae639|271171e0d97b88ba2a7c3bf750c9672b484c1c13
sys/contrib/openzfs/man/man8/zpool-trim.8|man8/zpool-trim.8|ead79ba9d4724ad926746ce73ee9f6bc0fbe8e4e9e588fb1df90373d952fea1a|ead79ba9d4724ad926746ce73ee9f6bc0fbe8e4e9e588fb1df90373d952fea1a|271171e0d97b88ba2a7c3bf750c9672b484c1c13
sys/contrib/openzfs/man/man8/zpool-upgrade.8|man8/zpool-upgrade.8|4a050b333805a86459c9dcd67c2a281a4dc332cc4f08883fd7d6071f7a267c0c|4a050b333805a86459c9dcd67c2a281a4dc332cc4f08883fd7d6071f7a267c0c|bb2d13b686e3ccf6c3ccb36209dfb7dcc108b182
sys/contrib/openzfs/man/man8/zpool-wait.8|man8/zpool-wait.8|f1bf728d187470eff5577b15a3276b66e39da2c051d526b71533272b70d56d0b|f1bf728d187470eff5577b15a3276b66e39da2c051d526b71533272b70d56d0b|81be5a55d9bb8717e280433cd8927dfe9bf9b814
sys/contrib/openzfs/man/man8/zpool.8|man8/zpool.8|65cf7fcdfbbb3ce3332a9b7cf0329bc5c0470dd823e7e434624afe2336075552|65cf7fcdfbbb3ce3332a9b7cf0329bc5c0470dd823e7e434624afe2336075552|81be5a55d9bb8717e280433cd8927dfe9bf9b814
sys/contrib/openzfs/man/man8/zpool_influxdb.8|man8/zpool_influxdb.8|9115b101c4d237ab006cc3e6cc336007ecd5d350039ccef0145d3d842606ae5e|9115b101c4d237ab006cc3e6cc336007ecd5d350039ccef0145d3d842606ae5e|3ff01b231dfa83d518854c63e7c9cd1debd1139e
sys/contrib/openzfs/man/man8/zstream.8|man8/zstream.8|4a9b10d0ecf0dec8fedc8d9618ec14815a5caee4175cc4003678f9351de3602f|4a9b10d0ecf0dec8fedc8d9618ec14815a5caee4175cc4003678f9351de3602f|dbd5678dca91abcefe8d046aa2f9b66497a95ffb
sys/contrib/zstd/programs/zstd.1|man1/zstd.1|7d16c39bb3d7d907e5de1cc0063bdce1ad110d6cc0b879af7139bf6bddca4653|7d16c39bb3d7d907e5de1cc0063bdce1ad110d6cc0b879af7139bf6bddca4653|5ff13fbc199bdf5f0572845351c68ee5ca828e71
sys/contrib/zstd/programs/zstdgrep.1|man1/zstdgrep.1|870be6672462bfa01463ccb19000d51eb37f0cf042c0b40174c9422c92559203|870be6672462bfa01463ccb19000d51eb37f0cf042c0b40174c9422c92559203|5ff13fbc199bdf5f0572845351c68ee5ca828e71
sys/contrib/zstd/programs/zstdless.1|man1/zstdless.1|b81683a9415ae75649f4f65a3d3db0b550245802956867eeac53bb6a24e9b841|b81683a9415ae75649f4f65a3d3db0b550245802956867eeac53bb6a24e9b841|5ff13fbc199bdf5f0572845351c68ee5ca828e71
tools/tools/ath/athrd/athrd.1|man1/athrd.1|d941c1b035e44c8412f6fa61ee180cbc40052800d4aaf7ce5aa0f31cbbc5c7aa|d941c1b035e44c8412f6fa61ee180cbc40052800d4aaf7ce5aa0f31cbbc5c7aa|fa9896e082a1046ff4fbc75fcba4d18d1f2efc19
tools/tools/ether_reflect/ether_reflect.1|man1/ether_reflect.1|eec1622d2c01ee8bc7a261356758b7bec8942c5b928429530e1b3417eee8fb51|eec1622d2c01ee8bc7a261356758b7bec8942c5b928429530e1b3417eee8fb51|ddf4df54a7d3bf3df2cf929307e677acf86b06e2
tools/tools/fixwhite/fixwhite.1|man1/fixwhite.1|bbce68df307b6dd0ba23197397660380f18958fae65ae806cff11a7458fce0dd|bbce68df307b6dd0ba23197397660380f18958fae65ae806cff11a7458fce0dd|fa9896e082a1046ff4fbc75fcba4d18d1f2efc19
tools/tools/git/git-arc.1|man1/git-arc.1|13ef52c5ee62f4cd108339ebd5e180174f4a93be753d0dc4e7ab2b061e154916|13ef52c5ee62f4cd108339ebd5e180174f4a93be753d0dc4e7ab2b061e154916|a3e8efd45a42d5c4c1bde45ba7f636a840dc6e44
tools/tools/ioat/ioatcontrol.8|man8/ioatcontrol.8|5d4f0688ca748ab754ef53a173ea37f8add1f374de8fd88c1f169a6d28b15e95|5d4f0688ca748ab754ef53a173ea37f8add1f374de8fd88c1f169a6d28b15e95|fa9896e082a1046ff4fbc75fcba4d18d1f2efc19
tools/tools/makeroot/makeroot.8|man8/makeroot.8|f502e887a318b952fd43426f7f0d78e9e780736c8ce0da992cf9635975325559|f502e887a318b952fd43426f7f0d78e9e780736c8ce0da992cf9635975325559|fa9896e082a1046ff4fbc75fcba4d18d1f2efc19
tools/tools/mcgrab/mcgrab.1|man1/mcgrab.1|4b3c8e1e7ae79299cd895a32a3df7418d040e4059ebd7aac3fa3a84c7bc13fbf|4b3c8e1e7ae79299cd895a32a3df7418d040e4059ebd7aac3fa3a84c7bc13fbf|fa9896e082a1046ff4fbc75fcba4d18d1f2efc19
tools/tools/mctest/mctest.1|man1/mctest.1|dd3bb5edfe4dfd3c28803fabb1b734def26919200a9d2c4aa6d6dff40a89f0c5|dd3bb5edfe4dfd3c28803fabb1b734def26919200a9d2c4aa6d6dff40a89f0c5|fa9896e082a1046ff4fbc75fcba4d18d1f2efc19
tools/tools/netmap/bridge.8|man8/bridge.8|f1620f63bf485d8a6a8db329f914ddcef469c6e58a85fe74dee170d96696e296|f1620f63bf485d8a6a8db329f914ddcef469c6e58a85fe74dee170d96696e296|fa9896e082a1046ff4fbc75fcba4d18d1f2efc19
tools/tools/netmap/lb.8|man8/lb.8|d4bb3e67b2367cbe933116d078336c9858d662dd8fed07b08a937978f9141198|d4bb3e67b2367cbe933116d078336c9858d662dd8fed07b08a937978f9141198|fa9896e082a1046ff4fbc75fcba4d18d1f2efc19
tools/tools/netmap/nmreplay.8|man8/nmreplay.8|027cb798ad4265efb9c1776365cc09f031a98ebdb8c95da1d38031d10b22d049|027cb798ad4265efb9c1776365cc09f031a98ebdb8c95da1d38031d10b22d049|fa9896e082a1046ff4fbc75fcba4d18d1f2efc19
tools/tools/netmap/pkt-gen.8|man8/pkt-gen.8|3c4c749df8cbd4ef6f0e680a3822148f358b5543d43bf658ba99d3d018fa2c79|3c4c749df8cbd4ef6f0e680a3822148f358b5543d43bf658ba99d3d018fa2c79|fa9896e082a1046ff4fbc75fcba4d18d1f2efc19
tools/tools/vimage/vimage.8|man8/vimage.8|5238129eb692054801102725bbd130398996f38624c937989370db4a03a7aa3a|5238129eb692054801102725bbd130398996f38624c937989370db4a03a7aa3a|fa9896e082a1046ff4fbc75fcba4d18d1f2efc19
usr.bin/apply/apply.1|man1/apply.1|a7b630445aacf832bec5972fd1100eabea5971d0c7eb68f617cc336cb610c87e|a7b630445aacf832bec5972fd1100eabea5971d0c7eb68f617cc336cb610c87e|21783b3b8a758dd3915d57b589670c0f53e5cd22
usr.bin/ar/ar.1|man1/ar.1|7d68cf4cbc2444d26c3bda6fbb5169204445f23777cbed374454b6860ee8a493|7d68cf4cbc2444d26c3bda6fbb5169204445f23777cbed374454b6860ee8a493|fa9896e082a1046ff4fbc75fcba4d18d1f2efc19
usr.bin/asa/asa.1|man1/asa.1|c72e850cad5e0de39d471473d820477639adfffc97e573cb29a59ecc76b367fb|c72e850cad5e0de39d471473d820477639adfffc97e573cb29a59ecc76b367fb|f5f07b9c891253187fedff27228f54eca66ffd31
usr.bin/awk/awk.1|man1/awk.1|37b2a8b72772874073bb910f3792b09c4fb630589fd3eb47d1a2c40dc49a0da9|37b2a8b72772874073bb910f3792b09c4fb630589fd3eb47d1a2c40dc49a0da9|d09fad5ca58f5cb56973b248fb43ec7eaa6c64e5
usr.bin/backlight/backlight.8|man8/backlight.8|a50be2a611d1916be13f53cd857798cc444fa5d23e1cde734cb27c0a6af17dcd|a50be2a611d1916be13f53cd857798cc444fa5d23e1cde734cb27c0a6af17dcd|fa9896e082a1046ff4fbc75fcba4d18d1f2efc19
usr.bin/basename/basename.1|man1/basename.1|d68468aafd9e05f4ad9398e174774dbf19337a5b6d7f2ab999f06c008d74486e|d68468aafd9e05f4ad9398e174774dbf19337a5b6d7f2ab999f06c008d74486e|b2c76c41be32f904179efed29c0ca04d53f3996c
usr.bin/bc/bc.1|man1/bc.1|7475efb494ef8c7792c1324cb714ffb690676e299a5a649936557d854163a1b2|7475efb494ef8c7792c1324cb714ffb690676e299a5a649936557d854163a1b2|b2c76c41be32f904179efed29c0ca04d53f3996c
usr.bin/beep/beep.1|man1/beep.1|847c315d0b350759b068b12b39c99de7386d796fee78355a7689ff2e95229d29|847c315d0b350759b068b12b39c99de7386d796fee78355a7689ff2e95229d29|4c10ec9bd43feb86394dc2dc1c16f1c15d4b0285
usr.bin/biff/biff.1|man1/biff.1|1eb9628862353e0c122d1f0a58a4c2c84602afd8cb0eb51287948a4bddf6ac7c|1eb9628862353e0c122d1f0a58a4c2c84602afd8cb0eb51287948a4bddf6ac7c|b2c76c41be32f904179efed29c0ca04d53f3996c
usr.bin/bintrans/bintrans.1|man1/bintrans.1|f6592a358a3ac962673b1d5bf80000ec0386bf876f464b3fc3a19779d3e9eb8d|f6592a358a3ac962673b1d5bf80000ec0386bf876f464b3fc3a19779d3e9eb8d|279d6c5173ffb4f47c37f97ca54948628ce6650c
usr.bin/bluetooth/bthost/bthost.1|man1/bthost.1|878c03fc307dd4c7333cf30716423396b745efc33f2917872395857c8b099ca1|878c03fc307dd4c7333cf30716423396b745efc33f2917872395857c8b099ca1|b2c76c41be32f904179efed29c0ca04d53f3996c
usr.bin/bluetooth/btsockstat/btsockstat.1|man1/btsockstat.1|6ea1ef382e99aee7929f00a35e03ab0df41b703f8993f458fef2443f01a47966|6ea1ef382e99aee7929f00a35e03ab0df41b703f8993f458fef2443f01a47966|b2c76c41be32f904179efed29c0ca04d53f3996c
usr.bin/bluetooth/rfcomm_sppd/rfcomm_sppd.1|man1/rfcomm_sppd.1|dacaf67ff3aaedeab7ddddf1945935470c4ec373c190470c91cc68ea67f1ab9e|dacaf67ff3aaedeab7ddddf1945935470c4ec373c190470c91cc68ea67f1ab9e|b2c76c41be32f904179efed29c0ca04d53f3996c
usr.bin/brandelf/brandelf.1|man1/brandelf.1|fbe7a585037b174b5efc50ffa7a9618e06f7148d7f0dce48382d9374bbeb2b43|fbe7a585037b174b5efc50ffa7a9618e06f7148d7f0dce48382d9374bbeb2b43|fa9896e082a1046ff4fbc75fcba4d18d1f2efc19
usr.bin/bsdiff/bsdiff/bsdiff.1|man1/bsdiff.1|20930091df3bb27a7408274ef8381fe462d91eabd1899b3d79602cd038f0452f|20930091df3bb27a7408274ef8381fe462d91eabd1899b3d79602cd038f0452f|fa9896e082a1046ff4fbc75fcba4d18d1f2efc19
usr.bin/bsdiff/bspatch/bspatch.1|man1/bspatch.1|4c75e802364aa0b235fffcc31d13f7f06dff3a55c98f81568bcd49c5feb0eed5|4c75e802364aa0b235fffcc31d13f7f06dff3a55c98f81568bcd49c5feb0eed5|fa9896e082a1046ff4fbc75fcba4d18d1f2efc19
usr.bin/c89/c89.1|man1/c89.1|ca91803a833837818a3d8019b085d80a4e8bfe50f645e45149b42d27582b0f83|ca91803a833837818a3d8019b085d80a4e8bfe50f645e45149b42d27582b0f83|fa9896e082a1046ff4fbc75fcba4d18d1f2efc19
usr.bin/c99/c99.1|man1/c99.1|76286415a0b83fffa03612072ae08913933af839720ebace11c87605afdf4499|76286415a0b83fffa03612072ae08913933af839720ebace11c87605afdf4499|b2c76c41be32f904179efed29c0ca04d53f3996c
usr.bin/calendar/calendar.1|man1/calendar.1|3bf3160f59815973a0438018bfedbfef78ac5dcec1b7729a39cdbbb4cba1b853|3bf3160f59815973a0438018bfedbfef78ac5dcec1b7729a39cdbbb4cba1b853|bcfe05c6b6835d359025fb27f064c6aab537e7b4
usr.bin/cap_mkdb/cap_mkdb.1|man1/cap_mkdb.1|9eb612772e568a8b42a476a4008a5dd87ca329c3e80c8a9df37d228f9cf28c58|9eb612772e568a8b42a476a4008a5dd87ca329c3e80c8a9df37d228f9cf28c58|b2c76c41be32f904179efed29c0ca04d53f3996c
usr.bin/chat/chat.8|man8/chat.8|6bd313522534a13bd8874bb90a9cbeb6e3c448049843fca77f9e8b8371e57e69|6bd313522534a13bd8874bb90a9cbeb6e3c448049843fca77f9e8b8371e57e69|b2c76c41be32f904179efed29c0ca04d53f3996c
usr.bin/chkey/chkey.1|man1/chkey.1|b3743758476530a7efd7ae94acd6b848919b07d0d1685b8033b0c077a7b5c7fa|b3743758476530a7efd7ae94acd6b848919b07d0d1685b8033b0c077a7b5c7fa|9197c04a251bc531ee5fca8e11cf7b64237a42f3
usr.bin/chpass/chpass.1|man1/chpass.1|63bdda0a40d40a77f497e871b75685d24a9b3d30612ca51b35bf6e0b08628c72|63bdda0a40d40a77f497e871b75685d24a9b3d30612ca51b35bf6e0b08628c72|21783b3b8a758dd3915d57b589670c0f53e5cd22
usr.bin/cksum/cksum.1|man1/cksum.1|4f807a91a7e8417c8fa01074f6258087066d2c9f7c56b38e4416c5d2fa10e312|4f807a91a7e8417c8fa01074f6258087066d2c9f7c56b38e4416c5d2fa10e312|b2c76c41be32f904179efed29c0ca04d53f3996c
usr.bin/clang/bugpoint/bugpoint.1|man1/bugpoint.1|84e3a11b37f4fa7d7b8cc3fb675d57ebd3c4b9cf2d74962224de4ca46264f010|84e3a11b37f4fa7d7b8cc3fb675d57ebd3c4b9cf2d74962224de4ca46264f010|a324c34037ef2e1101962fca4ad0c021253288e1
usr.bin/clang/clang/clang.1|man1/clang.1|ecd67e68e0ff6a1bdbfae38854e0586ea6a06dfd4429cd635361fcfdf983d24f|ecd67e68e0ff6a1bdbfae38854e0586ea6a06dfd4429cd635361fcfdf983d24f|a324c34037ef2e1101962fca4ad0c021253288e1
usr.bin/clang/llc/llc.1|man1/llc.1|73ea918f4447372bb83979e36e9eb8c01f025a895401c055a5466e052e24a6e5|73ea918f4447372bb83979e36e9eb8c01f025a895401c055a5466e052e24a6e5|a324c34037ef2e1101962fca4ad0c021253288e1
usr.bin/clang/lldb-server/lldb-server.1|man1/lldb-server.1|841194ee11a142714ba191f64c2ba761da7408d6c1e1ceb591af9db1f58d2fe0|841194ee11a142714ba191f64c2ba761da7408d6c1e1ceb591af9db1f58d2fe0|b2c76c41be32f904179efed29c0ca04d53f3996c
usr.bin/clang/lldb/lldb.1|man1/lldb.1|d902419c105b1e4ce888ac828a939a489b7999d7e59d02cd70c429f23d8d6a16|d902419c105b1e4ce888ac828a939a489b7999d7e59d02cd70c429f23d8d6a16|b2c76c41be32f904179efed29c0ca04d53f3996c
usr.bin/clang/lli/lli.1|man1/lli.1|2473bdcf6d8a5197b41ca8c9c110db4e50c36882e520cdfe2c25f5fcfd3d2747|2473bdcf6d8a5197b41ca8c9c110db4e50c36882e520cdfe2c25f5fcfd3d2747|a324c34037ef2e1101962fca4ad0c021253288e1
usr.bin/clang/llvm-ar/llvm-ar.1|man1/llvm-ar.1|33239376c714a6e6030ae376aa115004c09fe95df22123009a8a4c28c510feb7|33239376c714a6e6030ae376aa115004c09fe95df22123009a8a4c28c510feb7|a324c34037ef2e1101962fca4ad0c021253288e1
usr.bin/clang/llvm-ar/llvm-ranlib.1|man1/llvm-ranlib.1|f403843d05171c19ed5089976c674b024fac3908aa67ef17e939ecedd80a3b0b|f403843d05171c19ed5089976c674b024fac3908aa67ef17e939ecedd80a3b0b|a324c34037ef2e1101962fca4ad0c021253288e1
usr.bin/clang/llvm-as/llvm-as.1|man1/llvm-as.1|d4a42ffae902fd9028d33c041c727634bbacd4fea24e08681286e1733f1bff50|d4a42ffae902fd9028d33c041c727634bbacd4fea24e08681286e1733f1bff50|a324c34037ef2e1101962fca4ad0c021253288e1
usr.bin/clang/llvm-bcanalyzer/llvm-bcanalyzer.1|man1/llvm-bcanalyzer.1|f9724ebe78b16c9d51638c278c98f8a778c5718c8f5dc6a00ef1120314b79614|f9724ebe78b16c9d51638c278c98f8a778c5718c8f5dc6a00ef1120314b79614|a324c34037ef2e1101962fca4ad0c021253288e1
usr.bin/clang/llvm-cov/llvm-cov.1|man1/llvm-cov.1|6f4c2adca5f5567b35cecf0e026cdacc0c48cdac9062d1de865fd246099c8b6d|6f4c2adca5f5567b35cecf0e026cdacc0c48cdac9062d1de865fd246099c8b6d|a324c34037ef2e1101962fca4ad0c021253288e1
usr.bin/clang/llvm-cxxfilt/llvm-cxxfilt.1|man1/llvm-cxxfilt.1|9edfa5ecc2e60c11722e4ae671cbad146ace7d97b5fbf3ba23d00e225068db26|9edfa5ecc2e60c11722e4ae671cbad146ace7d97b5fbf3ba23d00e225068db26|a324c34037ef2e1101962fca4ad0c021253288e1
usr.bin/clang/llvm-diff/llvm-diff.1|man1/llvm-diff.1|77f77a558849d72ff231f563e53434c3fd5c5feb415bdc63606860fec32df735|77f77a558849d72ff231f563e53434c3fd5c5feb415bdc63606860fec32df735|a324c34037ef2e1101962fca4ad0c021253288e1
usr.bin/clang/llvm-dis/llvm-dis.1|man1/llvm-dis.1|a3fe8f24710c8d73daaa0d7fce40909f0185136a2f0c6805442c67c377595e37|a3fe8f24710c8d73daaa0d7fce40909f0185136a2f0c6805442c67c377595e37|a324c34037ef2e1101962fca4ad0c021253288e1
usr.bin/clang/llvm-dwarfdump/llvm-dwarfdump.1|man1/llvm-dwarfdump.1|4681e202005dff6097f6ebde0951ea29856f36c2d7c5f51d93db2292300c9174|4681e202005dff6097f6ebde0951ea29856f36c2d7c5f51d93db2292300c9174|a324c34037ef2e1101962fca4ad0c021253288e1
usr.bin/clang/llvm-dwarfutil/llvm-dwarfutil.1|man1/llvm-dwarfutil.1|0ad9f480264d37758a0de0c312831652764658d668ca3e6eccd782b4c8299718|0ad9f480264d37758a0de0c312831652764658d668ca3e6eccd782b4c8299718|a324c34037ef2e1101962fca4ad0c021253288e1
usr.bin/clang/llvm-extract/llvm-extract.1|man1/llvm-extract.1|616c524b3a23d14379345227695e1fa1ab2e52451383736abe6fdae09622da84|616c524b3a23d14379345227695e1fa1ab2e52451383736abe6fdae09622da84|a324c34037ef2e1101962fca4ad0c021253288e1
usr.bin/clang/llvm-link/llvm-link.1|man1/llvm-link.1|0d5673e2b54c76e7365cb8c6d30ebb5db2f37678c0192672c6599a69203a1327|0d5673e2b54c76e7365cb8c6d30ebb5db2f37678c0192672c6599a69203a1327|a324c34037ef2e1101962fca4ad0c021253288e1
usr.bin/clang/llvm-mca/llvm-mca.1|man1/llvm-mca.1|ec64b554388703b52d201427e901384ffe35a128a97a68fe55c7a6954e37db31|ec64b554388703b52d201427e901384ffe35a128a97a68fe55c7a6954e37db31|a324c34037ef2e1101962fca4ad0c021253288e1
usr.bin/clang/llvm-nm/llvm-nm.1|man1/llvm-nm.1|f8ed69744186c9dc90ed5ef17ba391d3f727f284d7d4d428993f48462f7521d3|f8ed69744186c9dc90ed5ef17ba391d3f727f284d7d4d428993f48462f7521d3|a324c34037ef2e1101962fca4ad0c021253288e1
usr.bin/clang/llvm-objcopy/llvm-objcopy.1|man1/llvm-objcopy.1|37fa5b8e9a6f6a4c550eeabcd300c4e6c0aa61deaa8340bf9bbbde21ca82a837|37fa5b8e9a6f6a4c550eeabcd300c4e6c0aa61deaa8340bf9bbbde21ca82a837|a324c34037ef2e1101962fca4ad0c021253288e1
usr.bin/clang/llvm-objdump/llvm-objdump.1|man1/llvm-objdump.1|46fe79545128ee632ad66c3d42e3268dc480508924bbca99c9b256dfc2109925|46fe79545128ee632ad66c3d42e3268dc480508924bbca99c9b256dfc2109925|a324c34037ef2e1101962fca4ad0c021253288e1
usr.bin/clang/llvm-pdbutil/llvm-pdbutil.1|man1/llvm-pdbutil.1|33957d20d83266d5186052ad08530a566dd752bfe60a35e4715d16f2d53885b6|33957d20d83266d5186052ad08530a566dd752bfe60a35e4715d16f2d53885b6|a324c34037ef2e1101962fca4ad0c021253288e1
usr.bin/clang/llvm-profdata/llvm-profdata.1|man1/llvm-profdata.1|840f6cf8e91b3ac15068a18a536b7266eb408a844147fa4c62ef91db87fcbcee|840f6cf8e91b3ac15068a18a536b7266eb408a844147fa4c62ef91db87fcbcee|a324c34037ef2e1101962fca4ad0c021253288e1
usr.bin/clang/llvm-readobj/llvm-readelf.1|man1/llvm-readelf.1|84609e1897e6bb856ee8c2c82dff9ff22a0d2d72e30a9b1ac2b9ff9426f28814|84609e1897e6bb856ee8c2c82dff9ff22a0d2d72e30a9b1ac2b9ff9426f28814|a324c34037ef2e1101962fca4ad0c021253288e1
usr.bin/clang/llvm-readobj/llvm-readobj.1|man1/llvm-readobj.1|79d68619e2ae948e7d95c511d70dfc26e305210c60b1025b7877be9452322743|79d68619e2ae948e7d95c511d70dfc26e305210c60b1025b7877be9452322743|a324c34037ef2e1101962fca4ad0c021253288e1
usr.bin/clang/llvm-size/llvm-size.1|man1/llvm-size.1|a65ad5aadefe83f7850becbbca87aef5d95a89a3b2b97e2d2000eee77dac3c6b|a65ad5aadefe83f7850becbbca87aef5d95a89a3b2b97e2d2000eee77dac3c6b|a324c34037ef2e1101962fca4ad0c021253288e1
usr.bin/clang/llvm-strings/llvm-strings.1|man1/llvm-strings.1|516595acc6cd990f6d82125c352689501214bcd5d3a0e97e7c78cc7b5e1a301d|516595acc6cd990f6d82125c352689501214bcd5d3a0e97e7c78cc7b5e1a301d|a324c34037ef2e1101962fca4ad0c021253288e1
usr.bin/clang/llvm-symbolizer/llvm-addr2line.1|man1/llvm-addr2line.1|884a11e4eab1727a597ac8a93228ee3f69d050111f082941755679c328156604|884a11e4eab1727a597ac8a93228ee3f69d050111f082941755679c328156604|a324c34037ef2e1101962fca4ad0c021253288e1
usr.bin/clang/llvm-symbolizer/llvm-symbolizer.1|man1/llvm-symbolizer.1|8e9624aee0b83b4a0d2c37ee5373355d648c4b481e5a179d3851789f7a785671|8e9624aee0b83b4a0d2c37ee5373355d648c4b481e5a179d3851789f7a785671|a324c34037ef2e1101962fca4ad0c021253288e1
usr.bin/clang/opt/opt.1|man1/opt.1|baefa16920d11e4b72cf865384d0cdfd6df4e649d8cab57da8f249b379e70f04|baefa16920d11e4b72cf865384d0cdfd6df4e649d8cab57da8f249b379e70f04|a324c34037ef2e1101962fca4ad0c021253288e1
usr.bin/cmp/cmp.1|man1/cmp.1|8faa25b5288461b94c8af5394559aabce0566d89930fa6436b2cdd797f851950|8faa25b5288461b94c8af5394559aabce0566d89930fa6436b2cdd797f851950|b2c76c41be32f904179efed29c0ca04d53f3996c
usr.bin/col/col.1|man1/col.1|350abdfdbc376c6b5fa1f4926be2afe07a85842d91f69b58aca28a6d8b17b67e|350abdfdbc376c6b5fa1f4926be2afe07a85842d91f69b58aca28a6d8b17b67e|b2c76c41be32f904179efed29c0ca04d53f3996c
usr.bin/colrm/colrm.1|man1/colrm.1|2d4334c74ad816a92b7f35d7783e7f51f1233bf284623d706c601f4aa5d6b8c0|2d4334c74ad816a92b7f35d7783e7f51f1233bf284623d706c601f4aa5d6b8c0|b2c76c41be32f904179efed29c0ca04d53f3996c
usr.bin/column/column.1|man1/column.1|6b70eef6f99ca00f65cd00216c65aa3dcfdb2175f1b7a49509e64f617b728ff6|6b70eef6f99ca00f65cd00216c65aa3dcfdb2175f1b7a49509e64f617b728ff6|e5081477e6b3a7f9533c57b2bf68b6ee305614b2
usr.bin/comm/comm.1|man1/comm.1|d590484fe320c62e633ebec707869933093aa155c18ab9ff682c15198cb2cdd5|d590484fe320c62e633ebec707869933093aa155c18ab9ff682c15198cb2cdd5|b2c76c41be32f904179efed29c0ca04d53f3996c
usr.bin/compress/compress.1|man1/compress.1|e1bc78d1d33cc3a593993e558a5d46cea0f77687e2b304b6aa8da3dd0236cc67|e1bc78d1d33cc3a593993e558a5d46cea0f77687e2b304b6aa8da3dd0236cc67|b2c76c41be32f904179efed29c0ca04d53f3996c
usr.bin/csplit/csplit.1|man1/csplit.1|031bf8027bcc852090b187eba3d854d8c84d4150bb10d22611075452c5972c10|031bf8027bcc852090b187eba3d854d8c84d4150bb10d22611075452c5972c10|fa9896e082a1046ff4fbc75fcba4d18d1f2efc19
usr.bin/ctags/ctags.1|man1/ctags.1|6dda65aa8e652d55e2995ee54563e139497653c8b753877a4cadc9890b373c11|6dda65aa8e652d55e2995ee54563e139497653c8b753877a4cadc9890b373c11|b2c76c41be32f904179efed29c0ca04d53f3996c
usr.bin/ctlstat/ctlstat.8|man8/ctlstat.8|d4d65080c3619ecddc6e916e49d9f38467629d79f2e802a107d5599f80745019|d4d65080c3619ecddc6e916e49d9f38467629d79f2e802a107d5599f80745019|b2c76c41be32f904179efed29c0ca04d53f3996c
usr.bin/cut/cut.1|man1/cut.1|f52fc71bcdfa7419b26bcec5401295e8ff285753e74286ed5ecb2de65a7d1a02|f52fc71bcdfa7419b26bcec5401295e8ff285753e74286ed5ecb2de65a7d1a02|6b1ae329e2a2559b90233ac9718bb39aba9a0221
usr.bin/dc/dc.1|man1/dc.1|74c139f8ef11491f98b6d3873b9343d054f7fa2baa339127ac8e627d23a0ee73|74c139f8ef11491f98b6d3873b9343d054f7fa2baa339127ac8e627d23a0ee73|b2c76c41be32f904179efed29c0ca04d53f3996c
usr.bin/diff/diff.1|man1/diff.1|7bae935808e5a4c3bcdb341e23e0b098a8de848b406184f81d7d66bd9244b46e|7bae935808e5a4c3bcdb341e23e0b098a8de848b406184f81d7d66bd9244b46e|45fc37334d077d635dbfdd13f5e085513bf09d49
usr.bin/diff3/diff3.1|man1/diff3.1|9a01208e03daa0b1fa80785c0faa36b76ea0e20cb299dfdd236e705efa9884f0|9a01208e03daa0b1fa80785c0faa36b76ea0e20cb299dfdd236e705efa9884f0|b2c76c41be32f904179efed29c0ca04d53f3996c
usr.bin/dpv/dpv.1|man1/dpv.1|d4f33c0e620d75101d4df6e278e472873da092d7f8d2253f6529ac1f314c7bc8|d4f33c0e620d75101d4df6e278e472873da092d7f8d2253f6529ac1f314c7bc8|fa9896e082a1046ff4fbc75fcba4d18d1f2efc19
usr.bin/dtc/dtc.1|man1/dtc.1|3881423736a2a31303ca3b30e02fb9a8dd542c17a606e7730e686dfc0ca22bbd|3881423736a2a31303ca3b30e02fb9a8dd542c17a606e7730e686dfc0ca22bbd|fa9896e082a1046ff4fbc75fcba4d18d1f2efc19
usr.bin/du/du.1|man1/du.1|5c4da53b24401cae2d7522b0e2e2047f6e9e977b471813dd9094ae7bf329ca82|5c4da53b24401cae2d7522b0e2e2047f6e9e977b471813dd9094ae7bf329ca82|887114a9e1aec877a44ddb7ce1eb4319ee1b19bf
usr.bin/elfctl/elfctl.1|man1/elfctl.1|ed2101c8acd2598af5888a4b7aa2bcbfcee34356b8345e625f82a0f7dd7d67e8|ed2101c8acd2598af5888a4b7aa2bcbfcee34356b8345e625f82a0f7dd7d67e8|c5e3af9013efa1fe015eed0f580c6742f8a5ad8a
usr.bin/elfdump/elfdump.1|man1/elfdump.1|a7c8514ecc3f19ab1bd2747bb1f6ff16df348374fa1acbe85ee1e38ed10009a9|a7c8514ecc3f19ab1bd2747bb1f6ff16df348374fa1acbe85ee1e38ed10009a9|fa9896e082a1046ff4fbc75fcba4d18d1f2efc19
usr.bin/enigma/enigma.1|man1/enigma.1|8ffdd458e9aaaadb2d2ea0a9cc632f57e2f4a38251987da6173b3f926ff6703f|8ffdd458e9aaaadb2d2ea0a9cc632f57e2f4a38251987da6173b3f926ff6703f|fa9896e082a1046ff4fbc75fcba4d18d1f2efc19
usr.bin/env/env.1|man1/env.1|5ec323474a038162350cbee7f913d86f10156d1a3a1704045251a43795b9f8d2|5ec323474a038162350cbee7f913d86f10156d1a3a1704045251a43795b9f8d2|08e8554c4a39352da36f63794ef7d2b441a37238
usr.bin/etdump/etdump.1|man1/etdump.1|607b55c7d48cd6bdf23a8618456c5947403d5958b7fd03b0b71458a41f2a3969|607b55c7d48cd6bdf23a8618456c5947403d5958b7fd03b0b71458a41f2a3969|4c02b6589e8231f0247a6daf83170b1f329aac00
usr.bin/expand/expand.1|man1/expand.1|4eb9ddd6a6bb88b70879577cef92ce56b012ecd119710771dcede63e41ff93ed|4eb9ddd6a6bb88b70879577cef92ce56b012ecd119710771dcede63e41ff93ed|0d230c89f5b39b06730bb43aa6e0cd0482dbd64a
usr.bin/false/false.1|man1/false.1|3c76664091739d905a58083d3974f1397f1b4da99c2043c3ec23b3910c22c26f|3c76664091739d905a58083d3974f1397f1b4da99c2043c3ec23b3910c22c26f|b2c76c41be32f904179efed29c0ca04d53f3996c
usr.bin/fetch/fetch.1|man1/fetch.1|631ea7523f4375c753ea1c516f6cbf59e3e7a91dc6c480b04a2a65d81d99ed29|631ea7523f4375c753ea1c516f6cbf59e3e7a91dc6c480b04a2a65d81d99ed29|29564d956bc2e2248d0e10b44471435bb96b7ad9
usr.bin/file2c/file2c.1|man1/file2c.1|9b9e8de13cbc93c9b1721b9f564b9fed434cd6ed4df181f7a2e8a1df9f6708b6|9b9e8de13cbc93c9b1721b9f564b9fed434cd6ed4df181f7a2e8a1df9f6708b6|fa9896e082a1046ff4fbc75fcba4d18d1f2efc19
usr.bin/find/find.1|man1/find.1|1f4bd8c9a9e64ca27bfcb8d0f34ac10398a7f558de828ea35772c5cfaf31924e|1f4bd8c9a9e64ca27bfcb8d0f34ac10398a7f558de828ea35772c5cfaf31924e|d4824d1d50407c29d9c1d162219cf678a3cca10f
usr.bin/finger/finger.1|man1/finger.1|2d2a4e416f0dbd12400901d854d1269194b52f2ccb4eb901b3bd2cb820fc76dd|2d2a4e416f0dbd12400901d854d1269194b52f2ccb4eb901b3bd2cb820fc76dd|b2c76c41be32f904179efed29c0ca04d53f3996c
usr.bin/fmt/fmt.1|man1/fmt.1|d740e77d725f501f669407b1fc49a514d8df34f116834df0761fd7be20592853|d740e77d725f501f669407b1fc49a514d8df34f116834df0761fd7be20592853|b2c76c41be32f904179efed29c0ca04d53f3996c
usr.bin/fold/fold.1|man1/fold.1|a97f605943f5752c196e119d578b5e47769d775b75251a08117d3c3186d95adb|a97f605943f5752c196e119d578b5e47769d775b75251a08117d3c3186d95adb|b2c76c41be32f904179efed29c0ca04d53f3996c
usr.bin/fortune/strfile/strfile.8|man8/strfile.8|3a526b74d25ab62410bcd34582cdc84ec1da47d419d1949717c3eb922a12627f|3a526b74d25ab62410bcd34582cdc84ec1da47d419d1949717c3eb922a12627f|b2c76c41be32f904179efed29c0ca04d53f3996c
usr.bin/from/from.1|man1/from.1|9103398fcf2736ced47a25bfdfdcdfdee1bff53e7684deca4ab1b130b938419c|9103398fcf2736ced47a25bfdfdcdfdee1bff53e7684deca4ab1b130b938419c|b2c76c41be32f904179efed29c0ca04d53f3996c
usr.bin/fstat/fstat.1|man1/fstat.1|5752abbb3466253bd3af9270737f65ccf327fed39c7528bd7a5e1c282e17df59|5752abbb3466253bd3af9270737f65ccf327fed39c7528bd7a5e1c282e17df59|9ce6e243d62a231dff1619dc3a7663cb9ee4e209
usr.bin/fstat/fuser.1|man1/fuser.1|1f3794cd8e68177c6f7114d16b691938328372db6fb90c7074ae14a020d19bcc|1f3794cd8e68177c6f7114d16b691938328372db6fb90c7074ae14a020d19bcc|fa9896e082a1046ff4fbc75fcba4d18d1f2efc19
usr.bin/fsync/fsync.1|man1/fsync.1|f035690260d29abf0239cbb2634919bfa2b2354a671977df2cf080d637cd8fa9|f035690260d29abf0239cbb2634919bfa2b2354a671977df2cf080d637cd8fa9|fa9896e082a1046ff4fbc75fcba4d18d1f2efc19
usr.bin/gcore/gcore.1|man1/gcore.1|53c2a1e7d56662b8b261d6753a74980b38e61d755869009ed935a8c21ae9de53|53c2a1e7d56662b8b261d6753a74980b38e61d755869009ed935a8c21ae9de53|b2c76c41be32f904179efed29c0ca04d53f3996c
usr.bin/gencat/gencat.1|man1/gencat.1|6d86fb32d3103fac19e1f2a4283086d0c7d2a7f4241594abb34c929ca8c4f588|6d86fb32d3103fac19e1f2a4283086d0c7d2a7f4241594abb34c929ca8c4f588|fa9896e082a1046ff4fbc75fcba4d18d1f2efc19
usr.bin/genl/genl.1|man1/genl.1|8971ef60e6573918e84e110b11a4dd6096b837bfb25125e742d352a681f46566|8971ef60e6573918e84e110b11a4dd6096b837bfb25125e742d352a681f46566|9c72da889424ced8cfd906f834b7d35c4403437c
usr.bin/getaddrinfo/getaddrinfo.1|man1/getaddrinfo.1|5a4305d38a6b2912ade2ed63ad7594915638c59197e9085d444c3b7d1877bdba|5a4305d38a6b2912ade2ed63ad7594915638c59197e9085d444c3b7d1877bdba|b2c76c41be32f904179efed29c0ca04d53f3996c
usr.bin/getconf/getconf.1|man1/getconf.1|8dd67123fe64bea72a85a3ab3bf5c46a97254dcdf5b9ccdaf4404b282da6f9a8|8dd67123fe64bea72a85a3ab3bf5c46a97254dcdf5b9ccdaf4404b282da6f9a8|fa9896e082a1046ff4fbc75fcba4d18d1f2efc19
usr.bin/getent/getent.1|man1/getent.1|210dbdf0dd63f805093a246d260e8d23eb748e6dc6484a818ad5858b39256a28|210dbdf0dd63f805093a246d260e8d23eb748e6dc6484a818ad5858b39256a28|fa9896e082a1046ff4fbc75fcba4d18d1f2efc19
usr.bin/getopt/getopt.1|man1/getopt.1|c2fcdc4b96b26777b26ad6fa71dad90b49a34023ec6edb14468cdd2df87fdf22|c2fcdc4b96b26777b26ad6fa71dad90b49a34023ec6edb14468cdd2df87fdf22|b2c76c41be32f904179efed29c0ca04d53f3996c
usr.bin/gprof/gprof.1|man1/gprof.1|75efc971741d9873753561c78c6451af0969d57b0976bf269a6779a9a0639edd|75efc971741d9873753561c78c6451af0969d57b0976bf269a6779a9a0639edd|b2c76c41be32f904179efed29c0ca04d53f3996c
usr.bin/grep/grep.1|man1/grep.1|a240be6291e719181e1f0cfed23094452971d280908cad4320f652e5397871da|a240be6291e719181e1f0cfed23094452971d280908cad4320f652e5397871da|b2c76c41be32f904179efed29c0ca04d53f3996c
usr.bin/grep/zgrep.1|man1/zgrep.1|d2bdfb84bcb91af086907c9e6c9ec099fba4d86c32f640ad3400123ee4bbb15e|d2bdfb84bcb91af086907c9e6c9ec099fba4d86c32f640ad3400123ee4bbb15e|582882558ce9e894e467aed31571f67aa8ae7e65
usr.bin/gzip/gzexe.1|man1/gzexe.1|80a6eb5e8bff4cd531e7263884be06ab31fd0a47834c91a61eb696cf190c9c7c|80a6eb5e8bff4cd531e7263884be06ab31fd0a47834c91a61eb696cf190c9c7c|fa9896e082a1046ff4fbc75fcba4d18d1f2efc19
usr.bin/gzip/gzip.1|man1/gzip.1|63be9ec8e6bb7eccdc9171c5be5ce34836504cf975a8841620ba34ea899493b1|63be9ec8e6bb7eccdc9171c5be5ce34836504cf975a8841620ba34ea899493b1|ddf4df54a7d3bf3df2cf929307e677acf86b06e2
usr.bin/gzip/zdiff.1|man1/zdiff.1|871716e288ad894155b7ffc04923384143e97573338b6a0bf900f0e4a4647c20|871716e288ad894155b7ffc04923384143e97573338b6a0bf900f0e4a4647c20|fa9896e082a1046ff4fbc75fcba4d18d1f2efc19
usr.bin/gzip/zforce.1|man1/zforce.1|51a31e4721592d0c6f255eeaf3b5819ffe38f87351be31ad2c94cbec221d5d72|51a31e4721592d0c6f255eeaf3b5819ffe38f87351be31ad2c94cbec221d5d72|fa9896e082a1046ff4fbc75fcba4d18d1f2efc19
usr.bin/gzip/zmore.1|man1/zmore.1|36c74e30440d6a32611ce7a383d1a7eaafcc3ccd2ece5e7fb49ad21e5ed8c06f|36c74e30440d6a32611ce7a383d1a7eaafcc3ccd2ece5e7fb49ad21e5ed8c06f|fa9896e082a1046ff4fbc75fcba4d18d1f2efc19
usr.bin/gzip/znew.1|man1/znew.1|f4ecc8dbfcca077876bd36ea5b154fff0d1ba45f8f802131f2932a90d6ab7b96|f4ecc8dbfcca077876bd36ea5b154fff0d1ba45f8f802131f2932a90d6ab7b96|fa9896e082a1046ff4fbc75fcba4d18d1f2efc19
usr.bin/head/head.1|man1/head.1|ba9373847fb61b12aaeec754934d01da92fd8c4c4abcc8a00e48c1e78aeaa1f1|ba9373847fb61b12aaeec754934d01da92fd8c4c4abcc8a00e48c1e78aeaa1f1|b2c76c41be32f904179efed29c0ca04d53f3996c
usr.bin/hesinfo/hesinfo.1|man1/hesinfo.1|8935d0176a0dcac2fb5d548512a55946e3ecc0cb332f752e5285dec29d19d0c3|8935d0176a0dcac2fb5d548512a55946e3ecc0cb332f752e5285dec29d19d0c3|fa9896e082a1046ff4fbc75fcba4d18d1f2efc19
usr.bin/hexdump/hexdump.1|man1/hexdump.1|54a33ec27ba0f1effdc0ec894dc3d4fdc676701c921ddf096d577c7f0082aac6|54a33ec27ba0f1effdc0ec894dc3d4fdc676701c921ddf096d577c7f0082aac6|b2c76c41be32f904179efed29c0ca04d53f3996c
usr.bin/hexdump/od.1|man1/od.1|9f17615af9effa8b0d2f527747a36f1c2318bdb96e36128221703d827360a79b|9f17615af9effa8b0d2f527747a36f1c2318bdb96e36128221703d827360a79b|b2c76c41be32f904179efed29c0ca04d53f3996c
usr.bin/iconv/iconv.1|man1/iconv.1|d449af41d18bb7d01afd0fae00e812de9d17ddc4980a53c40807a7e9e47172c0|d449af41d18bb7d01afd0fae00e812de9d17ddc4980a53c40807a7e9e47172c0|b2c76c41be32f904179efed29c0ca04d53f3996c
usr.bin/id/groups.1|man1/groups.1|4207ca6e2000e68c39dc37c6242320bcb063510912ef4f7a5382af065d571fa4|4207ca6e2000e68c39dc37c6242320bcb063510912ef4f7a5382af065d571fa4|b2c76c41be32f904179efed29c0ca04d53f3996c
usr.bin/id/id.1|man1/id.1|14fe77e53be2f3b0952f522ce3a8c7aca25745e27151abe2f502dbffd4660a4c|14fe77e53be2f3b0952f522ce3a8c7aca25745e27151abe2f502dbffd4660a4c|c071bcda44b792d8abc36d1315a9b4152c5cbda2
usr.bin/id/whoami.1|man1/whoami.1|3ab1961f5e23ea8971ee411ccbf6e361f8463b0fe02674da28a903af103bd32c|3ab1961f5e23ea8971ee411ccbf6e361f8463b0fe02674da28a903af103bd32c|b2c76c41be32f904179efed29c0ca04d53f3996c
usr.bin/ident/ident.1|man1/ident.1|451d1ad7cd49d3821da1f02983c2a48ad3171addfea553d8e4dee585bb7a26f1|451d1ad7cd49d3821da1f02983c2a48ad3171addfea553d8e4dee585bb7a26f1|fa9896e082a1046ff4fbc75fcba4d18d1f2efc19
usr.bin/indent/indent.1|man1/indent.1|c2bcdf967ab5040f2cedb5fb2201d19ca3d23eabcf6d91d402fccc1b27b47b20|c2bcdf967ab5040f2cedb5fb2201d19ca3d23eabcf6d91d402fccc1b27b47b20|b2c76c41be32f904179efed29c0ca04d53f3996c
usr.bin/ipcrm/ipcrm.1|man1/ipcrm.1|5cc2db0ecc59f74c2582ff76cc6fdba45bae153a2d64acf7279180d751259f7f|5cc2db0ecc59f74c2582ff76cc6fdba45bae153a2d64acf7279180d751259f7f|fa9896e082a1046ff4fbc75fcba4d18d1f2efc19
usr.bin/ipcs/ipcs.1|man1/ipcs.1|03fc20346656da92fa54112b77ae4be3713a2442330a4c420af16018511daf4f|03fc20346656da92fa54112b77ae4be3713a2442330a4c420af16018511daf4f|fa9896e082a1046ff4fbc75fcba4d18d1f2efc19
usr.bin/iscsictl/iscsictl.8|man8/iscsictl.8|8c3ea9bbb9c4fadb250365f96851d64f43ba81fa66df232da3412c0e14e5df46|8c3ea9bbb9c4fadb250365f96851d64f43ba81fa66df232da3412c0e14e5df46|fa9896e082a1046ff4fbc75fcba4d18d1f2efc19
usr.bin/join/join.1|man1/join.1|9602ccdb53ea857555b87d793cd13425f4d262c96e434a85e37db9e50bb7b2b6|9602ccdb53ea857555b87d793cd13425f4d262c96e434a85e37db9e50bb7b2b6|b2c76c41be32f904179efed29c0ca04d53f3996c
usr.bin/jot/jot.1|man1/jot.1|a8d1144351909a5311f911aeb4b6b6366db47c44b8e885a751eb1cfefcdf131e|a8d1144351909a5311f911aeb4b6b6366db47c44b8e885a751eb1cfefcdf131e|b2c76c41be32f904179efed29c0ca04d53f3996c
usr.bin/kdump/kdump.1|man1/kdump.1|1d345e0b173b03cc69d9151c5c9cd5b0bc4f92d064ef4bdf88544ca21a57aff0|1d345e0b173b03cc69d9151c5c9cd5b0bc4f92d064ef4bdf88544ca21a57aff0|b2c76c41be32f904179efed29c0ca04d53f3996c
usr.bin/keylogin/keylogin.1|man1/keylogin.1|7b29bcd95bb565c551d93f0fad19dde0b3785757e8d339ab0f36542feec88c5a|7b29bcd95bb565c551d93f0fad19dde0b3785757e8d339ab0f36542feec88c5a|9197c04a251bc531ee5fca8e11cf7b64237a42f3
usr.bin/keylogout/keylogout.1|man1/keylogout.1|de3121b3a2c387ab76466e7a717225c65f2e23467c6c71de93b4c308ebdd2b21|de3121b3a2c387ab76466e7a717225c65f2e23467c6c71de93b4c308ebdd2b21|9197c04a251bc531ee5fca8e11cf7b64237a42f3
usr.bin/killall/killall.1|man1/killall.1|a716bf1425953d5a96a423ce8085828f3b4e033a42dbaecc3cc302ae651f5838|a716bf1425953d5a96a423ce8085828f3b4e033a42dbaecc3cc302ae651f5838|fa9896e082a1046ff4fbc75fcba4d18d1f2efc19
usr.bin/ktrace/ktrace.1|man1/ktrace.1|c6788781136a67de9ed31af0458ccfa850ebce1eaa7851a87462241ae332af88|c6788781136a67de9ed31af0458ccfa850ebce1eaa7851a87462241ae332af88|0325afa639424ba3960b5487867d07b19c3995b1
usr.bin/ktrdump/ktrdump.8|man8/ktrdump.8|168bd03dc170c4e19d5c1de72597aba32cac78569c4f1c6e20bc8059d9cdb0f2|168bd03dc170c4e19d5c1de72597aba32cac78569c4f1c6e20bc8059d9cdb0f2|fa9896e082a1046ff4fbc75fcba4d18d1f2efc19
usr.bin/lam/lam.1|man1/lam.1|7984f8b3ea81b6a840e2812823fabf6795b4a43b57afefa0e083536e2dc3c2ab|7984f8b3ea81b6a840e2812823fabf6795b4a43b57afefa0e083536e2dc3c2ab|b2c76c41be32f904179efed29c0ca04d53f3996c
usr.bin/last/last.1|man1/last.1|0c46b8fba26b0bdf636d109a721f0b1878b8e78e1c0959636be5fc77125c6ff3|0c46b8fba26b0bdf636d109a721f0b1878b8e78e1c0959636be5fc77125c6ff3|b2c76c41be32f904179efed29c0ca04d53f3996c
usr.bin/lastcomm/lastcomm.1|man1/lastcomm.1|287fa7ce3aca443f6dd22d2744c3b4f4ecf5d640c6db9b5fd57100787d690595|287fa7ce3aca443f6dd22d2744c3b4f4ecf5d640c6db9b5fd57100787d690595|b2c76c41be32f904179efed29c0ca04d53f3996c
usr.bin/ldd/ldd.1|man1/ldd.1|5b3229930d4248b3a2b745539f73a9dbc9bbaba97aea7439bbbff4ff4dbe28ab|5b3229930d4248b3a2b745539f73a9dbc9bbaba97aea7439bbbff4ff4dbe28ab|b2c76c41be32f904179efed29c0ca04d53f3996c
usr.bin/leave/leave.1|man1/leave.1|3a59a9fe7a3dfc5285115a9fc3f4390a2d14bdcaee4e07d7d18b267f21e8f1b0|3a59a9fe7a3dfc5285115a9fc3f4390a2d14bdcaee4e07d7d18b267f21e8f1b0|b2c76c41be32f904179efed29c0ca04d53f3996c
usr.bin/lex/lex.1|man1/lex.1|d177dcf640e6b7b51b0211659f5a4c0304c4fae728f51a08980c2531523b1ed5|d177dcf640e6b7b51b0211659f5a4c0304c4fae728f51a08980c2531523b1ed5|b2c76c41be32f904179efed29c0ca04d53f3996c
usr.bin/limits/limits.1|man1/limits.1|175fe46b1bc248e410aae0b064ed5344fa25ccab3dc63993c92699ce4b42973e|175fe46b1bc248e410aae0b064ed5344fa25ccab3dc63993c92699ce4b42973e|25902860b2707ab840543eadb3d4e6bcdd8fee01
usr.bin/locale/locale.1|man1/locale.1|754db07196edf193f32b3244c0d3cc4dc8f85d809cc5d2d78af86c78e03fcb19|754db07196edf193f32b3244c0d3cc4dc8f85d809cc5d2d78af86c78e03fcb19|fa9896e082a1046ff4fbc75fcba4d18d1f2efc19
usr.bin/localedef/localedef.1|man1/localedef.1|26128779c45dec707dda17e8a966b44ffd2603dff53594565a410d76aee5a53c|26128779c45dec707dda17e8a966b44ffd2603dff53594565a410d76aee5a53c|03fb545e27ef01db821a0cdc0d40035225a2d5ac
usr.bin/locate/locate/locate.1|man1/locate.1|5f70846c646f24acbfa970680f7c6870539bb7482f60d689deaa7590345c8e53|5f70846c646f24acbfa970680f7c6870539bb7482f60d689deaa7590345c8e53|b2c76c41be32f904179efed29c0ca04d53f3996c
usr.bin/locate/locate/locate.updatedb.8|man8/locate.updatedb.8|33e7e7e7a2899088d88a9e48b0470aeab71aa5874c1e59a2173f0b697d859a0d|33e7e7e7a2899088d88a9e48b0470aeab71aa5874c1e59a2173f0b697d859a0d|fa9896e082a1046ff4fbc75fcba4d18d1f2efc19
usr.bin/lock/lock.1|man1/lock.1|1de65cb58b9a967c7a514f192233fd7c8bd4d0a13e9d0b7d845f069ab20faa82|1de65cb58b9a967c7a514f192233fd7c8bd4d0a13e9d0b7d845f069ab20faa82|b2c76c41be32f904179efed29c0ca04d53f3996c
usr.bin/lockf/lockf.1|man1/lockf.1|a5fc99f83c2aca9fe8b7c1e76620b3f29640e25a5fcc2ad5d6ae470cd1bcddfc|a5fc99f83c2aca9fe8b7c1e76620b3f29640e25a5fcc2ad5d6ae470cd1bcddfc|63b86eb6fa935ecf94b9a0f1842b56a223f151be
usr.bin/logger/logger.1|man1/logger.1|48c24ccff98dad68160314653019fc17bcc7743f5c5c983ca918edeebb6f4240|48c24ccff98dad68160314653019fc17bcc7743f5c5c983ca918edeebb6f4240|b2c76c41be32f904179efed29c0ca04d53f3996c
usr.bin/login/login.1|man1/login.1|92c0a2b5d888c5d3d16e2022a3d7262fd195bdd8b5a218380880035f22dc7d9e|92c0a2b5d888c5d3d16e2022a3d7262fd195bdd8b5a218380880035f22dc7d9e|b2c76c41be32f904179efed29c0ca04d53f3996c
usr.bin/logins/logins.1|man1/logins.1|7fd6f2e5d75a2cd223ac8fe32da869429f2be7aed903d62a57bd8121cf2e3b95|7fd6f2e5d75a2cd223ac8fe32da869429f2be7aed903d62a57bd8121cf2e3b95|e738085b94631f90e21a49852538ac95974baf44
usr.bin/logname/logname.1|man1/logname.1|0dc06e92e0c4710c1311f4e500a6e1a65a47730841e01f3bbc701d1913428451|0dc06e92e0c4710c1311f4e500a6e1a65a47730841e01f3bbc701d1913428451|b2c76c41be32f904179efed29c0ca04d53f3996c
usr.bin/look/look.1|man1/look.1|c3f1b008a3a89265ce8dc26b90b5f72504dc3e2a1248475e1c57a9d45e4f9983|c3f1b008a3a89265ce8dc26b90b5f72504dc3e2a1248475e1c57a9d45e4f9983|4f7562588931ab0b7822c15ba1b6e36ab54cebed
usr.bin/lorder/lorder.1|man1/lorder.1|6380082b944dffbe2999e3ca0870b07b978bb4ee07cbf6c14954527f588b3432|6380082b944dffbe2999e3ca0870b07b978bb4ee07cbf6c14954527f588b3432|d85ea7e79b30dd51281f2fb8a457e5eccc3fc47e
usr.bin/lsvfs/lsvfs.1|man1/lsvfs.1|da21842d83c62ef71e73e1397a0b1995a1c2789ac31335994a2c95092d33e422|da21842d83c62ef71e73e1397a0b1995a1c2789ac31335994a2c95092d33e422|b2c76c41be32f904179efed29c0ca04d53f3996c
usr.bin/m4/m4.1|man1/m4.1|113b276cb91766c9cf9f4827aa24f5861ff176966bee0d1ea83e048d58717b34|113b276cb91766c9cf9f4827aa24f5861ff176966bee0d1ea83e048d58717b34|fa9896e082a1046ff4fbc75fcba4d18d1f2efc19
usr.bin/mail/mail.1|man1/mail.1|73a52f2250fc3f6a6d512ff5690755cb1577c7a13aaae33b6a78e2e0d247e0b2|73a52f2250fc3f6a6d512ff5690755cb1577c7a13aaae33b6a78e2e0d247e0b2|b2c76c41be32f904179efed29c0ca04d53f3996c
usr.bin/man/man.1|man1/man.1|07e495719df47c1a5d7169a6cf2dfc7503cf00e2544c68c1ad7d959fa0b6a9fd|07e495719df47c1a5d7169a6cf2dfc7503cf00e2544c68c1ad7d959fa0b6a9fd|61735a4f685bb1a1d2a787d79e1541ed017a5ca5
usr.bin/man/manpath.1|man1/manpath.1|b20a065672fd4d0a53dc46a72bb59e97d7343f1d2a9077fee72bc86b41a57827|b20a065672fd4d0a53dc46a72bb59e97d7343f1d2a9077fee72bc86b41a57827|babcb8291085b81a1ea9a912a163c3ecd42de7d7
usr.bin/mdo/mdo.1|man1/mdo.1|cfe1a8cffb96fd71e49b3ebbc50d11818ddf133ca125c8d8a0d7b6223669575c|cfe1a8cffb96fd71e49b3ebbc50d11818ddf133ca125c8d8a0d7b6223669575c|2fb72649b5e47f7d2bd4e32822a4b5b2c2f23130
usr.bin/mesg/mesg.1|man1/mesg.1|6e14f95eb4c140cb58ef8a200c3ef1a1b7655d1973f739bda2e25351e69ebf34|6e14f95eb4c140cb58ef8a200c3ef1a1b7655d1973f739bda2e25351e69ebf34|b2c76c41be32f904179efed29c0ca04d53f3996c
usr.bin/mididump/mididump.1|man1/mididump.1|2d9622eb92dd5b31666a0f7f7a6dd8de6a53a96c8d36fe86a084abee5001ebe2|2d9622eb92dd5b31666a0f7f7a6dd8de6a53a96c8d36fe86a084abee5001ebe2|9a26b661ac5bed21364d89bb58e2836099ccce93
usr.bin/ministat/ministat.1|man1/ministat.1|03b9a562069057b520d4b953c265f6e9e157133c69f304fb6c448a97a467c8d6|03b9a562069057b520d4b953c265f6e9e157133c69f304fb6c448a97a467c8d6|65e155b918f9a46a4160242a1a9d83c0d9e017d7
usr.bin/mkcsmapper/mkcsmapper.1|man1/mkcsmapper.1|132a7c5ab73571cfa1eee5e2df14c10334cca8feabc62bfbaff90ea558d0b656|132a7c5ab73571cfa1eee5e2df14c10334cca8feabc62bfbaff90ea558d0b656|fa9896e082a1046ff4fbc75fcba4d18d1f2efc19
usr.bin/mkdep/mkdep.1|man1/mkdep.1|f6e4bae11b1509fb197d218e51bbc47bb8dd4d9532dd5edbe9f3148f46ff4bab|f6e4bae11b1509fb197d218e51bbc47bb8dd4d9532dd5edbe9f3148f46ff4bab|b2c76c41be32f904179efed29c0ca04d53f3996c
usr.bin/mkesdb/mkesdb.1|man1/mkesdb.1|28583086075aa2fb30ca0166287b865ff2cbd8f19ad7baa9bff2d489b83f84bc|28583086075aa2fb30ca0166287b865ff2cbd8f19ad7baa9bff2d489b83f84bc|fa9896e082a1046ff4fbc75fcba4d18d1f2efc19
usr.bin/mkfifo/mkfifo.1|man1/mkfifo.1|81ad2f1685b5fe3d60421bf806abe8146ea0b43323612fbc57290b6ae69e9fbb|81ad2f1685b5fe3d60421bf806abe8146ea0b43323612fbc57290b6ae69e9fbb|b2c76c41be32f904179efed29c0ca04d53f3996c
usr.bin/mkimg/mkimg.1|man1/mkimg.1|775b5ce874a0afcc2a0057f07e59d86fa0044ad73a05892d5525ab0156e5279f|775b5ce874a0afcc2a0057f07e59d86fa0044ad73a05892d5525ab0156e5279f|37908be664c9d07c7695f17f066c968ea7b5aaca
usr.bin/mkstr/mkstr.1|man1/mkstr.1|a8ae166b1f6dc5e2f59610e78d4588a510f55ab90f4658bbed5da661c322734f|a8ae166b1f6dc5e2f59610e78d4588a510f55ab90f4658bbed5da661c322734f|b2c76c41be32f904179efed29c0ca04d53f3996c
usr.bin/mktemp/mktemp.1|man1/mktemp.1|a50a272932c5cd6ba5ed47e03fbc4caa2fc8cb253f5a9343f9c798a567048c67|a50a272932c5cd6ba5ed47e03fbc4caa2fc8cb253f5a9343f9c798a567048c67|08a2145902a71b4533f840f02a69dbdb63cb891e
usr.bin/mkuzip/mkuzip.8|man8/mkuzip.8|93ad57f1258de6b9e6e1ddd06456ec6bab1fe585cc852b93eebe7029581af0fd|93ad57f1258de6b9e6e1ddd06456ec6bab1fe585cc852b93eebe7029581af0fd|fa9896e082a1046ff4fbc75fcba4d18d1f2efc19
usr.bin/msgs/msgs.1|man1/msgs.1|d83bcf9ad4e68a8db95b1f1936516395dd93b52d6ac0e9911dfdeea6fa6ea6a2|d83bcf9ad4e68a8db95b1f1936516395dd93b52d6ac0e9911dfdeea6fa6ea6a2|ddf4df54a7d3bf3df2cf929307e677acf86b06e2
usr.bin/mt/mt.1|man1/mt.1|7ed67b1e6ee20a1c5c781ebb7a7db369b1146a725bdc73f4d94c9fdfc15da350|7ed67b1e6ee20a1c5c781ebb7a7db369b1146a725bdc73f4d94c9fdfc15da350|5f55c59cbab5b06a2fcb272b345ce94c48c01c1c
usr.bin/ncal/ncal.1|man1/ncal.1|a06ed5b71d2d36853d26a14a0f2213a10ee4b7437b0caeb0008ba15956a4ddc9|a06ed5b71d2d36853d26a14a0f2213a10ee4b7437b0caeb0008ba15956a4ddc9|9503fb867a4395378efcf132cbb838f8372e8e70
usr.bin/netstat/netstat.1|man1/netstat.1|4e504be90749613349b18bb06e767556329c09f1359508f92091881cc2057acd|4e504be90749613349b18bb06e767556329c09f1359508f92091881cc2057acd|58a0b5d619962966408bb05a34b5ecb9e7fd4807
usr.bin/newgrp/newgrp.1|man1/newgrp.1|f23336e3874113b5ff683e0a97afe5cf1936fc7a03eee7819a71ceb4e106381f|f23336e3874113b5ff683e0a97afe5cf1936fc7a03eee7819a71ceb4e106381f|fa9896e082a1046ff4fbc75fcba4d18d1f2efc19
usr.bin/newkey/newkey.8|man8/newkey.8|802e6b5416be38a16da0cddc7aad06930ab592c34ba9d067270618085c5247d0|802e6b5416be38a16da0cddc7aad06930ab592c34ba9d067270618085c5247d0|9197c04a251bc531ee5fca8e11cf7b64237a42f3
usr.bin/nfsstat/nfsstat.1|man1/nfsstat.1|872f08377a0dcbacb56fc2619062a79f85fe053be63fa4e3fa1dc679be4dd897|872f08377a0dcbacb56fc2619062a79f85fe053be63fa4e3fa1dc679be4dd897|d741d23133be4770f4b870bd6d056080f1857c89
usr.bin/nice/nice.1|man1/nice.1|75e3f4e7f7d3f108bf95570c5edaa93a2f7023d80d9229e0147340d19a9a15e9|75e3f4e7f7d3f108bf95570c5edaa93a2f7023d80d9229e0147340d19a9a15e9|b2c76c41be32f904179efed29c0ca04d53f3996c
usr.bin/nl/nl.1|man1/nl.1|0247654ea4837c810564d93265284e416ff9fef7d2f8642bc92d01c181e29f7a|0247654ea4837c810564d93265284e416ff9fef7d2f8642bc92d01c181e29f7a|b2c76c41be32f904179efed29c0ca04d53f3996c
usr.bin/nohup/nohup.1|man1/nohup.1|55602d08e0d7060ff6cadb0a908e6adaecb05fa492cdaa4c5970d3f5245dc2de|55602d08e0d7060ff6cadb0a908e6adaecb05fa492cdaa4c5970d3f5245dc2de|b2c76c41be32f904179efed29c0ca04d53f3996c
usr.bin/pagesize/pagesize.1|man1/pagesize.1|d6fc8693339f8d1aed00691dd90641373a616953dc6f9f24e0ff840cae89401c|d6fc8693339f8d1aed00691dd90641373a616953dc6f9f24e0ff840cae89401c|b2c76c41be32f904179efed29c0ca04d53f3996c
usr.bin/passwd/passwd.1|man1/passwd.1|2837fe0915fdb44214604c67be653b50a984335b1be614dbc3d559377faad201|2837fe0915fdb44214604c67be653b50a984335b1be614dbc3d559377faad201|b2c76c41be32f904179efed29c0ca04d53f3996c
usr.bin/paste/paste.1|man1/paste.1|edefb4f6a0ce8a82fafb496b48cc806c4df85e2749c149b33fd942a7818b7a8a|edefb4f6a0ce8a82fafb496b48cc806c4df85e2749c149b33fd942a7818b7a8a|b2c76c41be32f904179efed29c0ca04d53f3996c
usr.bin/patch/patch.1|man1/patch.1|d856252fef5fec3a0ad16d077ca621eef45c99272c547825022040dc91d7bdcc|d856252fef5fec3a0ad16d077ca621eef45c99272c547825022040dc91d7bdcc|b2c76c41be32f904179efed29c0ca04d53f3996c
usr.bin/pathchk/pathchk.1|man1/pathchk.1|b24268dc4018cb8ffcf117582ebc874bc4be30cfc92918e9c17bbb23d0662b3b|b24268dc4018cb8ffcf117582ebc874bc4be30cfc92918e9c17bbb23d0662b3b|fa9896e082a1046ff4fbc75fcba4d18d1f2efc19
usr.bin/perror/perror.1|man1/perror.1|77a4c08f8d8628f70360bc456f6580d24611f22685874cfb7abd22435519a99c|77a4c08f8d8628f70360bc456f6580d24611f22685874cfb7abd22435519a99c|fa9896e082a1046ff4fbc75fcba4d18d1f2efc19
usr.bin/posixmqcontrol/posixmqcontrol.1|man1/posixmqcontrol.1|92f683f9faa6c00ae6db14dd63b6fa20259a448333aadfa8bb0fef702b9a052c|92f683f9faa6c00ae6db14dd63b6fa20259a448333aadfa8bb0fef702b9a052c|2072a2276f6044d319837f2ef3ec37b7c4180859
usr.bin/posixshmcontrol/posixshmcontrol.1|man1/posixshmcontrol.1|ab4d920536c6850f2362717ae04fbac565cb2a9566608b85d58a86d1358e8409|ab4d920536c6850f2362717ae04fbac565cb2a9566608b85d58a86d1358e8409|ef3ed0726f2230e38df76a32a3b9ff145147af65
usr.bin/pr/pr.1|man1/pr.1|95067762fffc04b6e7d0a37ade4fd5128a26308c013d40766a5575ae4d75a6bb|95067762fffc04b6e7d0a37ade4fd5128a26308c013d40766a5575ae4d75a6bb|b2c76c41be32f904179efed29c0ca04d53f3996c
usr.bin/printenv/printenv.1|man1/printenv.1|5cf23a5dd2c0efcb4aab94e0602eba945f5aa8a020046cd3baa72764bc5bd60f|5cf23a5dd2c0efcb4aab94e0602eba945f5aa8a020046cd3baa72764bc5bd60f|b2c76c41be32f904179efed29c0ca04d53f3996c
usr.bin/printf/printf.1|man1/printf.1|b6da339f3f834543477288518ee7d7167061906e0542f88242d5874e1bd20f47|b6da339f3f834543477288518ee7d7167061906e0542f88242d5874e1bd20f47|b2c76c41be32f904179efed29c0ca04d53f3996c
usr.bin/proccontrol/proccontrol.1|man1/proccontrol.1|00c5fe2b20798821a97d05dcad4029ab827f29d0c13a301d3a35abb9917f3d59|00c5fe2b20798821a97d05dcad4029ab827f29d0c13a301d3a35abb9917f3d59|ef3ed0726f2230e38df76a32a3b9ff145147af65
usr.bin/procstat/procstat.1|man1/procstat.1|51cbbed3bd3f712bc479b942e85393330dc7723fc2c6115e216f371f39ec9ba4|51cbbed3bd3f712bc479b942e85393330dc7723fc2c6115e216f371f39ec9ba4|7d914975a6ab45c5e1b2a11a864b0bcb136b90ab
usr.bin/protect/protect.1|man1/protect.1|7a8133e7af7c1937b4b601c1d71478553d4dafe4460e04a842bed47518ebff76|7a8133e7af7c1937b4b601c1d71478553d4dafe4460e04a842bed47518ebff76|fa9896e082a1046ff4fbc75fcba4d18d1f2efc19
usr.bin/quota/quota.1|man1/quota.1|3d99b5e3a85b9fa1b45e382e77a989d4fb2d392ff3577c5bbb107aec86a068ca|3d99b5e3a85b9fa1b45e382e77a989d4fb2d392ff3577c5bbb107aec86a068ca|b2c76c41be32f904179efed29c0ca04d53f3996c
usr.bin/rctl/rctl.8|man8/rctl.8|562c8c91b74ce096ae0808d858b6b449d24f1243d37e2f4ee43b7a7d0520a394|562c8c91b74ce096ae0808d858b6b449d24f1243d37e2f4ee43b7a7d0520a394|fa9896e082a1046ff4fbc75fcba4d18d1f2efc19
usr.bin/renice/renice.8|man8/renice.8|2af8d157c3291906c00239d24e5a74d01ad029c8cb58976b676091e1e3338c8c|2af8d157c3291906c00239d24e5a74d01ad029c8cb58976b676091e1e3338c8c|b2c76c41be32f904179efed29c0ca04d53f3996c
usr.bin/resizewin/resizewin.1|man1/resizewin.1|b139433654741688b7c3f8d551a6f50cf3a6a1b81b826796d4ff7246cb91937d|b139433654741688b7c3f8d551a6f50cf3a6a1b81b826796d4ff7246cb91937d|3cedc5a9f14b7ccd93448141ceb37434dfd15009
usr.bin/rev/rev.1|man1/rev.1|a6fce881bd2f380486979c9b34800c399e3c9f4d1d84461d9b62751e1e72a3b3|a6fce881bd2f380486979c9b34800c399e3c9f4d1d84461d9b62751e1e72a3b3|b2c76c41be32f904179efed29c0ca04d53f3996c
usr.bin/revoke/revoke.1|man1/revoke.1|a58ec30b886540acdabbd5b3a687d84ac7cabc236f0629bca374b7699dc17455|a58ec30b886540acdabbd5b3a687d84ac7cabc236f0629bca374b7699dc17455|fa9896e082a1046ff4fbc75fcba4d18d1f2efc19
usr.bin/rpcgen/rpcgen.1|man1/rpcgen.1|e8e3bdf749131b30e1e26ddd5aec5598e802b0c6e6ec138a23965cedf4f1ce50|e8e3bdf749131b30e1e26ddd5aec5598e802b0c6e6ec138a23965cedf4f1ce50|b2c76c41be32f904179efed29c0ca04d53f3996c
usr.bin/rpcinfo/rpcinfo.8|man8/rpcinfo.8|af3162bed07ef386ac56e4ead6c45056e7fb31a1115e4c41076a116a1242abe0|af3162bed07ef386ac56e4ead6c45056e7fb31a1115e4c41076a116a1242abe0|b2c76c41be32f904179efed29c0ca04d53f3996c
usr.bin/rs/rs.1|man1/rs.1|3568e66e09d9cc73c6f444bf775cfd624c195ccbbc863c8f345ac324ae76cdfe|3568e66e09d9cc73c6f444bf775cfd624c195ccbbc863c8f345ac324ae76cdfe|b2c76c41be32f904179efed29c0ca04d53f3996c
usr.bin/rup/rup.1|man1/rup.1|14044f9a44bc1aa2837789718b04fba6a734bd9b6078b793d0088a2852f0ac0b|14044f9a44bc1aa2837789718b04fba6a734bd9b6078b793d0088a2852f0ac0b|fa9896e082a1046ff4fbc75fcba4d18d1f2efc19
usr.bin/ruptime/ruptime.1|man1/ruptime.1|f99509df3ba1a84d6646e13815c48395b82580e75305f2e0539ffc162a55ef0b|f99509df3ba1a84d6646e13815c48395b82580e75305f2e0539ffc162a55ef0b|b2c76c41be32f904179efed29c0ca04d53f3996c
usr.bin/rusers/rusers.1|man1/rusers.1|3005d3e74dadcf60da02a763aa05a0abb668e90140ffdbf2342d23433d08f773|3005d3e74dadcf60da02a763aa05a0abb668e90140ffdbf2342d23433d08f773|b2c76c41be32f904179efed29c0ca04d53f3996c
usr.bin/rwall/rwall.1|man1/rwall.1|db53acac5e241234c74c0c210d426d2b5b0e2f8132700509fc527e101acfaf77|db53acac5e241234c74c0c210d426d2b5b0e2f8132700509fc527e101acfaf77|b2c76c41be32f904179efed29c0ca04d53f3996c
usr.bin/rwho/rwho.1|man1/rwho.1|b95a29ec642b030a53b35d5bfaba65ce552d98e1380790bda346b8e2c4582d57|b95a29ec642b030a53b35d5bfaba65ce552d98e1380790bda346b8e2c4582d57|b2c76c41be32f904179efed29c0ca04d53f3996c
usr.bin/script/script.1|man1/script.1|c150130d6702af74bc662acd196aff9013909b2782070c6628de3713c2cbb33a|c150130d6702af74bc662acd196aff9013909b2782070c6628de3713c2cbb33a|21783b3b8a758dd3915d57b589670c0f53e5cd22
usr.bin/sdiff/sdiff.1|man1/sdiff.1|ef19c631299bef0821fcc8d4574d33eb28ed5ee6cd906439b9b66ddc9e6144ea|ef19c631299bef0821fcc8d4574d33eb28ed5ee6cd906439b9b66ddc9e6144ea|1fadced1c8695631b363bc56a06123bd8111d9bf
usr.bin/sed/sed.1|man1/sed.1|25a26285b3377cd804c1c96ae96b0f4d083041f9717d75507a7f91965f24c3a4|25a26285b3377cd804c1c96ae96b0f4d083041f9717d75507a7f91965f24c3a4|9ade902dfef25337c6832eac48ba08a37e5d3f54
usr.bin/seq/seq.1|man1/seq.1|178f5c1e9afb0bcdd2f98ffce15cfb6ea7ec2805e0261890c58e42fa1be7f978|178f5c1e9afb0bcdd2f98ffce15cfb6ea7ec2805e0261890c58e42fa1be7f978|3f5262eb0b2230e68314b6a7368800110b6ce9f9
usr.bin/shar/shar.1|man1/shar.1|8f76d57171312353e4d2f941463d2aa219a9da282f73adcbb6da7b2e9ef2367c|8f76d57171312353e4d2f941463d2aa219a9da282f73adcbb6da7b2e9ef2367c|4ce976c56fcb7a6687d956244f8ef7b37ca38025
usr.bin/showmount/showmount.8|man8/showmount.8|16687ce36766fed22493276cc18627b5b4beb4251650973ddd82816757894af3|16687ce36766fed22493276cc18627b5b4beb4251650973ddd82816757894af3|b2c76c41be32f904179efed29c0ca04d53f3996c
usr.bin/sockstat/sockstat.1|man1/sockstat.1|76b64d932cd3076cdf185e39a7d7c42c07591cec1a04f5a93540a51641bd7fbe|76b64d932cd3076cdf185e39a7d7c42c07591cec1a04f5a93540a51641bd7fbe|f7a7c2026ccb13f1ae76d1b0b3a2c60faa99e320
usr.bin/soelim/soelim.1|man1/soelim.1|7d21fc1daea03b0d80454acf00c5f2ccf541e22b1bbacc059bc8d8d6530d9e19|7d21fc1daea03b0d80454acf00c5f2ccf541e22b1bbacc059bc8d8d6530d9e19|fa9896e082a1046ff4fbc75fcba4d18d1f2efc19
usr.bin/split/split.1|man1/split.1|19097154ce40750e7c6ac871e9600dffada72f9e532893a288e2051fa595150b|19097154ce40750e7c6ac871e9600dffada72f9e532893a288e2051fa595150b|b2c76c41be32f904179efed29c0ca04d53f3996c
usr.bin/ssh-copy-id/ssh-copy-id.1|man1/ssh-copy-id.1|de80042818b96948cf2902a2708c9c7f80352285fb1089d8d773b60968a63928|de80042818b96948cf2902a2708c9c7f80352285fb1089d8d773b60968a63928|fa9896e082a1046ff4fbc75fcba4d18d1f2efc19
usr.bin/stat/stat.1|man1/stat.1|8fddf005364f5418a7198ca1bb07884efa83e4d8c34be370620b1dcd38ba071d|8fddf005364f5418a7198ca1bb07884efa83e4d8c34be370620b1dcd38ba071d|12f8971ee6b60ecdbfae2ff1f1b936f27d573880
usr.bin/stdbuf/stdbuf.1|man1/stdbuf.1|fb8b8f35240c48a5269aa42d12653e529781577c6b9d45cda9b1d834e589f125|fb8b8f35240c48a5269aa42d12653e529781577c6b9d45cda9b1d834e589f125|fa9896e082a1046ff4fbc75fcba4d18d1f2efc19
usr.bin/su/su.1|man1/su.1|c7f1e1a86988a5a89735f93284e89fe9d0b7180dcc12b891f6a6d2101ffec44d|c7f1e1a86988a5a89735f93284e89fe9d0b7180dcc12b891f6a6d2101ffec44d|b2c76c41be32f904179efed29c0ca04d53f3996c
usr.bin/systat/systat.1|man1/systat.1|4a406704de0da95bef670e44c96179b3f7d427f1f976d4d8b77f4ab1368f9573|4a406704de0da95bef670e44c96179b3f7d427f1f976d4d8b77f4ab1368f9573|b2c76c41be32f904179efed29c0ca04d53f3996c
usr.bin/tabs/tabs.1|man1/tabs.1|76fde693007ef41f5a7c8290888f24b42a582965620d863da580d58250a0b2b9|76fde693007ef41f5a7c8290888f24b42a582965620d863da580d58250a0b2b9|fa9896e082a1046ff4fbc75fcba4d18d1f2efc19
usr.bin/tail/tail.1|man1/tail.1|f7f2588e046aefd852ebdc5e8db80b1f336f11ce6dc99b4178cbf5b0e59d2b8a|f7f2588e046aefd852ebdc5e8db80b1f336f11ce6dc99b4178cbf5b0e59d2b8a|b46a05cfa6a7194a63a0ef196c6914b3fd2109b6
usr.bin/talk/talk.1|man1/talk.1|f4eb80975cf0705a3c3be2af63751b41ea1a8f3ebf9eeb299324fb2f078c6fe6|f4eb80975cf0705a3c3be2af63751b41ea1a8f3ebf9eeb299324fb2f078c6fe6|b2c76c41be32f904179efed29c0ca04d53f3996c
usr.bin/tcopy/tcopy.1|man1/tcopy.1|48ee1aada0d6c59b9318014ec357d1c4912aa840bf202cdad3713c7bbf857b27|48ee1aada0d6c59b9318014ec357d1c4912aa840bf202cdad3713c7bbf857b27|b2c76c41be32f904179efed29c0ca04d53f3996c
usr.bin/tee/tee.1|man1/tee.1|4e03baafe4bda39b4efd55f7eba8d846d7da81ef50b03b9ae433fdfea0f29ec5|4e03baafe4bda39b4efd55f7eba8d846d7da81ef50b03b9ae433fdfea0f29ec5|09e0a909fb07615ed97c8648a24b541840bc1fa7
usr.bin/tftp/tftp.1|man1/tftp.1|67c8043dd9b4520c0b860034894b225afb3854b36eca0c54391f1054f3ccaf1e|67c8043dd9b4520c0b860034894b225afb3854b36eca0c54391f1054f3ccaf1e|b2c76c41be32f904179efed29c0ca04d53f3996c
usr.bin/time/time.1|man1/time.1|1124ac9513a90b03b3920f0f6faa65867d18f463dbafdf0ef329f7ea5a57957e|1124ac9513a90b03b3920f0f6faa65867d18f463dbafdf0ef329f7ea5a57957e|b2c76c41be32f904179efed29c0ca04d53f3996c
usr.bin/tip/tip/cu.1|man1/cu.1|a31f61c21ba6e8ebea3c2f35623227fa68f2f4f9be2b4d5f55b7dd9763fd1751|a31f61c21ba6e8ebea3c2f35623227fa68f2f4f9be2b4d5f55b7dd9763fd1751|267717c5dbd977a7896b06367e65f254938eb902
usr.bin/tip/tip/tip.1|man1/tip.1|0678bb70fedf58d0136208f931c910f540129a06d7f9762e9e549409f29bd0f2|0678bb70fedf58d0136208f931c910f540129a06d7f9762e9e549409f29bd0f2|b2c76c41be32f904179efed29c0ca04d53f3996c
usr.bin/top/top.1|man1/top.1|fdf7dee5468465c7dc1d856c25c98705f2ca8f6bfad02489b4f603210d7673e3|fdf7dee5468465c7dc1d856c25c98705f2ca8f6bfad02489b4f603210d7673e3|1093a068eac69844c866a3c535f748f34197e169
usr.bin/touch/touch.1|man1/touch.1|3a0306d52105b7ad4bc1d1b6f064b4cb538ade10f3ea0f5e190077ee35f2a077|3a0306d52105b7ad4bc1d1b6f064b4cb538ade10f3ea0f5e190077ee35f2a077|b2c76c41be32f904179efed29c0ca04d53f3996c
usr.bin/tr/tr.1|man1/tr.1|0da6a2fab98c0e903eddf1bcc69ff2e3d71ac5ac2064cf14bef55063f82a3810|0da6a2fab98c0e903eddf1bcc69ff2e3d71ac5ac2064cf14bef55063f82a3810|b2c76c41be32f904179efed29c0ca04d53f3996c
usr.bin/true/true.1|man1/true.1|5ed9dc6d88f041d0c0d5a3063c435ebbdefa0b2d2442e87c34f1e22ce6d6abfd|5ed9dc6d88f041d0c0d5a3063c435ebbdefa0b2d2442e87c34f1e22ce6d6abfd|b2c76c41be32f904179efed29c0ca04d53f3996c
usr.bin/truncate/truncate.1|man1/truncate.1|5aa264cc1e3a1a49a1040849d51830b4eb0a3ff9a40df3ba2f3d01987391efeb|5aa264cc1e3a1a49a1040849d51830b4eb0a3ff9a40df3ba2f3d01987391efeb|8c79b9db2bcc76bce8a1cd8e950bce806d70edcb
usr.bin/truss/truss.1|man1/truss.1|2e0f2cc5b7895f99f7683936dc5bc7afe68c74442048c8453375214d461211e0|2e0f2cc5b7895f99f7683936dc5bc7afe68c74442048c8453375214d461211e0|c2b1623bb97e5e2df8447892d22bc64250982f0d
usr.bin/tsort/tsort.1|man1/tsort.1|8da100f146d6a4955b0a7677bcc3943d71c7bd6039256f5e382600e229431f04|8da100f146d6a4955b0a7677bcc3943d71c7bd6039256f5e382600e229431f04|b2c76c41be32f904179efed29c0ca04d53f3996c
usr.bin/tty/tty.1|man1/tty.1|f96dde71e90ae19b58ab2c111957e25878fcc5aaa22b99f3337779145c53de32|f96dde71e90ae19b58ab2c111957e25878fcc5aaa22b99f3337779145c53de32|b2c76c41be32f904179efed29c0ca04d53f3996c
usr.bin/ul/ul.1|man1/ul.1|a1e0dadee6134ca33a96aa2a4cf2404cee9c3870dd4648910154f486f8fcb64d|a1e0dadee6134ca33a96aa2a4cf2404cee9c3870dd4648910154f486f8fcb64d|b2c76c41be32f904179efed29c0ca04d53f3996c
usr.bin/uname/uname.1|man1/uname.1|d5023a497349beaff7fa91ec231acea21a0603aa2a6b92de3c5a465620883334|d5023a497349beaff7fa91ec231acea21a0603aa2a6b92de3c5a465620883334|b2c76c41be32f904179efed29c0ca04d53f3996c
usr.bin/uniq/uniq.1|man1/uniq.1|3c9a2d613b0f7f64f1f003b3c7800a18619b39fa01124b773417907d23a2c125|3c9a2d613b0f7f64f1f003b3c7800a18619b39fa01124b773417907d23a2c125|efefeefd43837e24c1ccb42eb67dd8906b7852ad
usr.bin/units/units.1|man1/units.1|bade8a6e7e47fbfde5cf8179a3e495a655c642c3ac6b00a8f3aa7942f7a1d3a5|bade8a6e7e47fbfde5cf8179a3e495a655c642c3ac6b00a8f3aa7942f7a1d3a5|b2c76c41be32f904179efed29c0ca04d53f3996c
usr.bin/usbhidaction/usbhidaction.1|man1/usbhidaction.1|31f671384863ecad9681e157fb4ae5d27423c267c37ddec67569ad8c147b05fb|31f671384863ecad9681e157fb4ae5d27423c267c37ddec67569ad8c147b05fb|b2c76c41be32f904179efed29c0ca04d53f3996c
usr.bin/usbhidctl/usbhidctl.1|man1/usbhidctl.1|065c24dba83e69d46ae1c8ebfc5302caab636b5b523afc2cb0e56de0154c1981|065c24dba83e69d46ae1c8ebfc5302caab636b5b523afc2cb0e56de0154c1981|b2c76c41be32f904179efed29c0ca04d53f3996c
usr.bin/users/users.1|man1/users.1|7082ea0c7d418586ef5d014c93bacfc09977adf95afefe7e053a76c946242960|7082ea0c7d418586ef5d014c93bacfc09977adf95afefe7e053a76c946242960|b2c76c41be32f904179efed29c0ca04d53f3996c
usr.bin/vgrind/vgrind.1|man1/vgrind.1|8dd7fbc3f8997d17a96229203ae245fabad66b02bee0948ad1cef9d7e18237bf|8dd7fbc3f8997d17a96229203ae245fabad66b02bee0948ad1cef9d7e18237bf|b2c76c41be32f904179efed29c0ca04d53f3996c
usr.bin/vmstat/vmstat.8|man8/vmstat.8|5278b4a1178542d01a0a5c2fa4c0fa78eb688a7d52cf816e4035411f88897945|5278b4a1178542d01a0a5c2fa4c0fa78eb688a7d52cf816e4035411f88897945|b2c76c41be32f904179efed29c0ca04d53f3996c
usr.bin/vtfontcvt/vtfontcvt.8|man8/vtfontcvt.8|403f059937c480c07c8986e0d9f3d31f49c16fe4d2c4b9a41618e1ae4fd7ea1e|403f059937c480c07c8986e0d9f3d31f49c16fe4d2c4b9a41618e1ae4fd7ea1e|fa9896e082a1046ff4fbc75fcba4d18d1f2efc19
usr.bin/w/uptime.1|man1/uptime.1|9d1d287f1665fec4b768045d5f33a3e4da4a1b152eb2848f89f34c9355766dcb|9d1d287f1665fec4b768045d5f33a3e4da4a1b152eb2848f89f34c9355766dcb|65ce9cefee56a15c8361ee5d5154064e11d629a7
usr.bin/w/w.1|man1/w.1|a8989037ded11d9e8371b3c6992a22065c76a2da5478e919a3cfaa71b822e62e|a8989037ded11d9e8371b3c6992a22065c76a2da5478e919a3cfaa71b822e62e|65ce9cefee56a15c8361ee5d5154064e11d629a7
usr.bin/wall/wall.1|man1/wall.1|4530bc5db8405404a0a0ad99aa24d71e73c60a62826f827b900c1123e663930e|4530bc5db8405404a0a0ad99aa24d71e73c60a62826f827b900c1123e663930e|b2c76c41be32f904179efed29c0ca04d53f3996c
usr.bin/wc/wc.1|man1/wc.1|848a77652e47506345f082779c0c05095084854e5985a77f2b0c95c6d6ef1f18|848a77652e47506345f082779c0c05095084854e5985a77f2b0c95c6d6ef1f18|e1eb82fb18446995359cffcb66162ec1f462ed88
usr.bin/what/what.1|man1/what.1|6320e11776cd629281883021d5e4eb9631ef8fca2fb0f2d8e2b5b3356826fdd9|6320e11776cd629281883021d5e4eb9631ef8fca2fb0f2d8e2b5b3356826fdd9|fa9896e082a1046ff4fbc75fcba4d18d1f2efc19
usr.bin/whereis/whereis.1|man1/whereis.1|76026a3b9c49a0f87ee519497642aec952c8122019ee7ac14c40817003131add|76026a3b9c49a0f87ee519497642aec952c8122019ee7ac14c40817003131add|fa9896e082a1046ff4fbc75fcba4d18d1f2efc19
usr.bin/which/which.1|man1/which.1|6137a50fb0fdca8ac8fd07805b15f4c5888c3a890e6e22f3587680f254e2dc61|6137a50fb0fdca8ac8fd07805b15f4c5888c3a890e6e22f3587680f254e2dc61|fa9896e082a1046ff4fbc75fcba4d18d1f2efc19
usr.bin/who/who.1|man1/who.1|47b7ca4539b17d91ac697922eb6276c1e6be23c040b1913248b7f42bdad26d50|47b7ca4539b17d91ac697922eb6276c1e6be23c040b1913248b7f42bdad26d50|b2c76c41be32f904179efed29c0ca04d53f3996c
usr.bin/whois/whois.1|man1/whois.1|96cdce495a62e6d5da90be5726433e16e6874df89dc672ac55a0bad8e42f550c|96cdce495a62e6d5da90be5726433e16e6874df89dc672ac55a0bad8e42f550c|b2c76c41be32f904179efed29c0ca04d53f3996c
usr.bin/write/write.1|man1/write.1|d1e2c1af04df74658ced36fe258d5161d4f740a928b941dfc43dcde5febaca12|d1e2c1af04df74658ced36fe258d5161d4f740a928b941dfc43dcde5febaca12|b2c76c41be32f904179efed29c0ca04d53f3996c
usr.bin/xargs/xargs.1|man1/xargs.1|076ca0303c5d06d26ed0502e451952f3f0ee23c1b520cca6e93e5954ca7e70aa|076ca0303c5d06d26ed0502e451952f3f0ee23c1b520cca6e93e5954ca7e70aa|b2c76c41be32f904179efed29c0ca04d53f3996c
usr.bin/xinstall/install.1|man1/install.1|75463e53c6c00516745ff0d7ce7002675743872c9537b4875215747894ecd45d|75463e53c6c00516745ff0d7ce7002675743872c9537b4875215747894ecd45d|eaf2b738b99caa531c467acc33ca8813fbd1b89b
usr.bin/xstr/xstr.1|man1/xstr.1|a38a3d316c15fd7f89594ea1caea5609ea601f9524225f6ac5eff545b4b1898a|a38a3d316c15fd7f89594ea1caea5609ea601f9524225f6ac5eff545b4b1898a|b2c76c41be32f904179efed29c0ca04d53f3996c
usr.bin/yes/yes.1|man1/yes.1|5a3a5b5e0321a6644c2f261102682485face6e67144e450178d85e50bc3fb4d1|5a3a5b5e0321a6644c2f261102682485face6e67144e450178d85e50bc3fb4d1|b2c76c41be32f904179efed29c0ca04d53f3996c
usr.bin/ypcat/ypcat.1|man1/ypcat.1|03e74b26e40fddf25cae4c1c0d509d064bc8ed5bd10debc5850c278e3bded651|03e74b26e40fddf25cae4c1c0d509d064bc8ed5bd10debc5850c278e3bded651|fa9896e082a1046ff4fbc75fcba4d18d1f2efc19
usr.bin/ypmatch/ypmatch.1|man1/ypmatch.1|4d9f95fba317c7e503c0c55254752172f77fcd8a56da84fa7afbcaea865312c4|4d9f95fba317c7e503c0c55254752172f77fcd8a56da84fa7afbcaea865312c4|fa9896e082a1046ff4fbc75fcba4d18d1f2efc19
usr.bin/ypwhich/ypwhich.1|man1/ypwhich.1|85a4b74abea18c45cb883ce2c5bc98281430a2fb348ffeca81434594dd71dbba|85a4b74abea18c45cb883ce2c5bc98281430a2fb348ffeca81434594dd71dbba|fa9896e082a1046ff4fbc75fcba4d18d1f2efc19
usr.sbin/ac/ac.8|man8/ac.8|9a754f150f64808283569992eff72bf16c67b3796b10da59ff6b81fc25abfce7|9a754f150f64808283569992eff72bf16c67b3796b10da59ff6b81fc25abfce7|fa9896e082a1046ff4fbc75fcba4d18d1f2efc19
usr.sbin/accton/accton.8|man8/accton.8|a4f2305972208aa591775b9dc7e5394a45dfea9f9f6e7d999f458c3d2c27b162|a4f2305972208aa591775b9dc7e5394a45dfea9f9f6e7d999f458c3d2c27b162|b2c76c41be32f904179efed29c0ca04d53f3996c
usr.sbin/acpi/acpiconf/acpiconf.8|man8/acpiconf.8|16805e9c24714666860c3baf908fd4ac6a6e48df56895a71c5c7a7cd66233f6c|16805e9c24714666860c3baf908fd4ac6a6e48df56895a71c5c7a7cd66233f6c|e738085b94631f90e21a49852538ac95974baf44
usr.sbin/acpi/acpidb/acpidb.8|man8/acpidb.8|76f68a1b4ce0f3d9207c885702b2aab7c5dd7a1cd28e1a97862c55a5bb27db54|76f68a1b4ce0f3d9207c885702b2aab7c5dd7a1cd28e1a97862c55a5bb27db54|fa9896e082a1046ff4fbc75fcba4d18d1f2efc19
usr.sbin/acpi/acpidump/acpidump.8|man8/acpidump.8|ccfd0e5043febac7d9825a28877ef6c71065f6b320444a80035b6bf5ae6d8443|ccfd0e5043febac7d9825a28877ef6c71065f6b320444a80035b6bf5ae6d8443|fa9896e082a1046ff4fbc75fcba4d18d1f2efc19
usr.sbin/acpi/iasl/iasl.8|man8/iasl.8|f7aba9d5ca18a5720e22aea73114004bbd1cf58267abe9f29eb824cd614e4111|f7aba9d5ca18a5720e22aea73114004bbd1cf58267abe9f29eb824cd614e4111|fa9896e082a1046ff4fbc75fcba4d18d1f2efc19
usr.sbin/adduser/adduser.8|man8/adduser.8|0da143893a43a44d2d2a1e72763eda3416c0d322be208dcadf42983ff7a3d1dd|0da143893a43a44d2d2a1e72763eda3416c0d322be208dcadf42983ff7a3d1dd|21783b3b8a758dd3915d57b589670c0f53e5cd22
usr.sbin/adduser/rmuser.8|man8/rmuser.8|7576f043b18db638061a9990bf197455caee13b14fd7c1cf299a5c8515dd65f1|7576f043b18db638061a9990bf197455caee13b14fd7c1cf299a5c8515dd65f1|fa9896e082a1046ff4fbc75fcba4d18d1f2efc19
usr.sbin/apm/apm.8|man8/apm.8|1780374f0900ed95ab1559d90400a24b5e997e4972444f3f022277d453e4907d|1780374f0900ed95ab1559d90400a24b5e997e4972444f3f022277d453e4907d|f2164d231f4f33f93cea9cd13b80a444a69c8f6f
usr.sbin/apmd/apmd.8|man8/apmd.8|c7520b651194677beb6c931df4ddd02f26a67013e34b5114b26248318d402fb7|c7520b651194677beb6c931df4ddd02f26a67013e34b5114b26248318d402fb7|b2c76c41be32f904179efed29c0ca04d53f3996c
usr.sbin/arp/arp.8|man8/arp.8|eec1aee974b2256b906078af70ee19395e3ff7c2b6b93d06f9cd4c61c21ef35a|eec1aee974b2256b906078af70ee19395e3ff7c2b6b93d06f9cd4c61c21ef35a|3bcb5b7adc77085580817b2543d3e6a4cdffb94b
usr.sbin/autofs/automount.8|man8/automount.8|f85fecee572cbe3c6cc041d62f94adbf70ac33b3fe19881d032370e30650b78a|f85fecee572cbe3c6cc041d62f94adbf70ac33b3fe19881d032370e30650b78a|c957e35ccbe9cd8d1deb5903df21347bc4649da8
usr.sbin/autofs/automountd.8|man8/automountd.8|1fb415ef5fc7fe8c9b0934d1cc696181f83e81fa6016295090563594f6316fd9|1fb415ef5fc7fe8c9b0934d1cc696181f83e81fa6016295090563594f6316fd9|c957e35ccbe9cd8d1deb5903df21347bc4649da8
usr.sbin/autofs/autounmountd.8|man8/autounmountd.8|6f02d934b9d2861307069119f8eaa3138f1458c54775a630ab7c8d2516f7b0a3|6f02d934b9d2861307069119f8eaa3138f1458c54775a630ab7c8d2516f7b0a3|c957e35ccbe9cd8d1deb5903df21347bc4649da8
usr.sbin/bhyve/bhyve.8|man8/bhyve.8|3abb4bcf9492b4fcedcb7b728d631e9fe737ddf958abd7d4e5131ae59f71c626|3abb4bcf9492b4fcedcb7b728d631e9fe737ddf958abd7d4e5131ae59f71c626|1987f9cb625b6fe560df902131f88c899a8e4d88
usr.sbin/bhyvectl/bhyvectl.8|man8/bhyvectl.8|ed4710326ebc3ddc62486e300dc8afe08bb37429dcb81eb01e38e18bc5d38800|ed4710326ebc3ddc62486e300dc8afe08bb37429dcb81eb01e38e18bc5d38800|b59d777bc7af2ac815d78a4408120e96e7ec8319
usr.sbin/bhyveload/bhyveload.8|man8/bhyveload.8|39848a49f48b217e165bd4f510f3c6d71c84c10cf6e4430570e5ff89e41bcd74|39848a49f48b217e165bd4f510f3c6d71c84c10cf6e4430570e5ff89e41bcd74|dee3902d1edac299d2258b007f245dd91d43d02c
usr.sbin/binmiscctl/binmiscctl.8|man8/binmiscctl.8|dc7870f8319cae4a5413463bac624489eec801f875f4edd06fc929dcae022a90|dc7870f8319cae4a5413463bac624489eec801f875f4edd06fc929dcae022a90|7d7c17b7f6389bc718389d0259543ec7cabffcf5
usr.sbin/bluetooth/ath3kfw/ath3kfw.8|man8/ath3kfw.8|d8d1c963de50ad5a1ad9c728c463fb9b0d68b997e0f7186a460255a4e4a939da|d8d1c963de50ad5a1ad9c728c463fb9b0d68b997e0f7186a460255a4e4a939da|bfa2d8e6ba22870dc2f0363962c7788e43bdb497
usr.sbin/bluetooth/bcmfw/bcmfw.8|man8/bcmfw.8|bdaa8e450b1aab49609962403e1c9f7384a37a1dd68e811dea37f9f02cd415c1|bdaa8e450b1aab49609962403e1c9f7384a37a1dd68e811dea37f9f02cd415c1|bfa2d8e6ba22870dc2f0363962c7788e43bdb497
usr.sbin/bluetooth/bluetooth-config/bluetooth-config.8|man8/bluetooth-config.8|a64a19e09799cf959c7a6f4ae49a5d2b4d9a649ce7b1ba7e4d52f4058500d253|a64a19e09799cf959c7a6f4ae49a5d2b4d9a649ce7b1ba7e4d52f4058500d253|fa9896e082a1046ff4fbc75fcba4d18d1f2efc19
usr.sbin/bluetooth/bthidcontrol/bthidcontrol.8|man8/bthidcontrol.8|064664215b2d54034a7df0700aad78a36fa5e2bb197742cb803183237f5e090c|064664215b2d54034a7df0700aad78a36fa5e2bb197742cb803183237f5e090c|b2c76c41be32f904179efed29c0ca04d53f3996c
usr.sbin/bluetooth/bthidd/bthidd.8|man8/bthidd.8|ad9e70289953455a7feda81e189a0857fe7d7a82709fbf790d05e4030be0feb0|ad9e70289953455a7feda81e189a0857fe7d7a82709fbf790d05e4030be0feb0|b2c76c41be32f904179efed29c0ca04d53f3996c
usr.sbin/bluetooth/btpand/btpand.8|man8/btpand.8|0b968cc4e8196be91cdb52f335a513a8880dfc0ae7876a637476361ca95979d8|0b968cc4e8196be91cdb52f335a513a8880dfc0ae7876a637476361ca95979d8|b2c76c41be32f904179efed29c0ca04d53f3996c
usr.sbin/bluetooth/hccontrol/hccontrol.8|man8/hccontrol.8|0d6ac43121f8df2a0887100b804ec7bee1cb59285cd2e82d22c008273ac4edbf|0d6ac43121f8df2a0887100b804ec7bee1cb59285cd2e82d22c008273ac4edbf|b2c76c41be32f904179efed29c0ca04d53f3996c
usr.sbin/bluetooth/hcsecd/hcsecd.8|man8/hcsecd.8|5e56bb78ab694f12b3e75bb31c24fbe92fea4dae58801e25410615b2d3100677|5e56bb78ab694f12b3e75bb31c24fbe92fea4dae58801e25410615b2d3100677|b2c76c41be32f904179efed29c0ca04d53f3996c
usr.sbin/bluetooth/iwmbtfw/iwmbtfw.8|man8/iwmbtfw.8|b5769ca8f211d88701e299ade701984bcf89c6b5f989911e9134e20868e9e6fa|b5769ca8f211d88701e299ade701984bcf89c6b5f989911e9134e20868e9e6fa|bfa2d8e6ba22870dc2f0363962c7788e43bdb497
usr.sbin/bluetooth/l2control/l2control.8|man8/l2control.8|0a2e8a0a83caace401d293de051f50c27a0c12f0d92fbef8187a74afcf591163|0a2e8a0a83caace401d293de051f50c27a0c12f0d92fbef8187a74afcf591163|b2c76c41be32f904179efed29c0ca04d53f3996c
usr.sbin/bluetooth/l2ping/l2ping.8|man8/l2ping.8|f52c9f21d4856c1da7af55b7386233cc7ffc94f44da9126c51530f900c3bf171|f52c9f21d4856c1da7af55b7386233cc7ffc94f44da9126c51530f900c3bf171|b2c76c41be32f904179efed29c0ca04d53f3996c
usr.sbin/bluetooth/rfcomm_pppd/rfcomm_pppd.8|man8/rfcomm_pppd.8|56c6696e526dc2cee6c9ae52daed288e62231d9d332d778c5c049d3f15b2acea|56c6696e526dc2cee6c9ae52daed288e62231d9d332d778c5c049d3f15b2acea|b2c76c41be32f904179efed29c0ca04d53f3996c
usr.sbin/bluetooth/rtlbtfw/rtlbtfw.8|man8/rtlbtfw.8|cb60530f95949ed394e7f8af580e3140d429689fcf8b91416f37d41c4eee1da8|cb60530f95949ed394e7f8af580e3140d429689fcf8b91416f37d41c4eee1da8|bfa2d8e6ba22870dc2f0363962c7788e43bdb497
usr.sbin/bluetooth/sdpcontrol/sdpcontrol.8|man8/sdpcontrol.8|bbd08346c3acc2bb32ee55d7dcedb060ae34506339338ea6a2ab60a3fb3ab539|bbd08346c3acc2bb32ee55d7dcedb060ae34506339338ea6a2ab60a3fb3ab539|b2c76c41be32f904179efed29c0ca04d53f3996c
usr.sbin/bluetooth/sdpd/sdpd.8|man8/sdpd.8|966c8d36a0ce037d8024d422c28b733be106be00576839593763857af14f18ac|966c8d36a0ce037d8024d422c28b733be106be00576839593763857af14f18ac|b2c76c41be32f904179efed29c0ca04d53f3996c
usr.sbin/boot0cfg/boot0cfg.8|man8/boot0cfg.8|2c77940b806831a1cc40f861ca33c46f74fe8c47b171adc6c59cd7d481095708|2c77940b806831a1cc40f861ca33c46f74fe8c47b171adc6c59cd7d481095708|8c15c141db928c42314f2d6d972c022de20df757
usr.sbin/bootparamd/bootparamd/bootparamd.8|man8/bootparamd.8|6c5be00aa298d79c86fd16c0f4c124ac44917c46c541e4c27e473f3777ef246b|6c5be00aa298d79c86fd16c0f4c124ac44917c46c541e4c27e473f3777ef246b|b2c76c41be32f904179efed29c0ca04d53f3996c
usr.sbin/boottrace/boottrace.8|man8/boottrace.8|0ac9345635fcba9022994a684b8ad243a3be40902a4a78b7a7e31c6a9f141170|0ac9345635fcba9022994a684b8ad243a3be40902a4a78b7a7e31c6a9f141170|4d846d260e2b9a3d4d0a701462568268cbfe7a5b
usr.sbin/bsdconfig/bsdconfig.8|man8/bsdconfig.8|f47365a5bdbdc2d359d4214d0d5b3875560ff9bd23449222ce3630c78955e8ac|f47365a5bdbdc2d359d4214d0d5b3875560ff9bd23449222ce3630c78955e8ac|fa9896e082a1046ff4fbc75fcba4d18d1f2efc19
usr.sbin/bsdinstall/bsdinstall.8|man8/bsdinstall.8|f663fdb712edf6ab50007f2349e6bfe090d197dec02f3d98cd78f81413541f77|f663fdb712edf6ab50007f2349e6bfe090d197dec02f3d98cd78f81413541f77|0dec63d3777254b37aac93e36a35044ff10e5f5f
usr.sbin/bsdinstall/partedit/sade.8|man8/sade.8|24412bafe251debf16902d2b1c06c97197a25ac3e7714b78bf8e052e9fa93023|24412bafe251debf16902d2b1c06c97197a25ac3e7714b78bf8e052e9fa93023|fa9896e082a1046ff4fbc75fcba4d18d1f2efc19
usr.sbin/bsnmpd/tools/bsnmptools/bsnmpget.1|man1/bsnmpget.1|e2f709972b3c0213be16bc2d92be4ec8440a6bec4e6ed102f9a75c5c49898601|e2f709972b3c0213be16bc2d92be4ec8440a6bec4e6ed102f9a75c5c49898601|fa9896e082a1046ff4fbc75fcba4d18d1f2efc19
usr.sbin/btxld/btxld.8|man8/btxld.8|f1001aea8c5d78fb6738d8c3f5a69fc3324bac2b734648b2f8eef9bf3c4c0b9b|f1001aea8c5d78fb6738d8c3f5a69fc3324bac2b734648b2f8eef9bf3c4c0b9b|fa9896e082a1046ff4fbc75fcba4d18d1f2efc19
usr.sbin/camdd/camdd.8|man8/camdd.8|1c6dd3d751f3ac42502fde7977dbdb1dff89707b4bf6cd41c8eae65adc03025b|1c6dd3d751f3ac42502fde7977dbdb1dff89707b4bf6cd41c8eae65adc03025b|fa9896e082a1046ff4fbc75fcba4d18d1f2efc19
usr.sbin/cdcontrol/cdcontrol.1|man1/cdcontrol.1|570e8c3e55f4bc5de94318ceca8af3ca925610f25379bba5dfd46a92356e30c2|570e8c3e55f4bc5de94318ceca8af3ca925610f25379bba5dfd46a92356e30c2|b2c76c41be32f904179efed29c0ca04d53f3996c
usr.sbin/certctl/certctl.8|man8/certctl.8|e3eae518687cbc7006dd06a1fffe0980cd707e9d068fcbdc9f4732a346a2f9f8|e3eae518687cbc7006dd06a1fffe0980cd707e9d068fcbdc9f4732a346a2f9f8|986c43bd80e750937d02966883b3182ded828c97
usr.sbin/chkgrp/chkgrp.8|man8/chkgrp.8|8ccdf3230c9b382e4b9f6c57f8decaf912a8f958fd209893f961524dc9d5e51a|8ccdf3230c9b382e4b9f6c57f8decaf912a8f958fd209893f961524dc9d5e51a|e738085b94631f90e21a49852538ac95974baf44
usr.sbin/chown/chgrp.1|man1/chgrp.1|27f20bc86cd143daa860c3f2f8f6c1e5d46ed11d352315e17201ff6c62e73762|27f20bc86cd143daa860c3f2f8f6c1e5d46ed11d352315e17201ff6c62e73762|b2c76c41be32f904179efed29c0ca04d53f3996c
usr.sbin/chown/chown.8|man8/chown.8|e902d9cc373c6fa150821e39857b8cdd5afca9b113800e5ec348cf48fa41fe34|e902d9cc373c6fa150821e39857b8cdd5afca9b113800e5ec348cf48fa41fe34|b2c76c41be32f904179efed29c0ca04d53f3996c
usr.sbin/chroot/chroot.8|man8/chroot.8|7ba11a84d107bde3bc47edfa3791651d7840971ca1ac0c015978a9c208112590|7ba11a84d107bde3bc47edfa3791651d7840971ca1ac0c015978a9c208112590|e11d172209e2c7406ff934d64503ac4ea64b8d31
usr.sbin/ckdist/ckdist.1|man1/ckdist.1|4943e4b07a59c0680a6be88acd4cbf0ac9abae5ea14a801b599be386fb584b42|4943e4b07a59c0680a6be88acd4cbf0ac9abae5ea14a801b599be386fb584b42|fa9896e082a1046ff4fbc75fcba4d18d1f2efc19
usr.sbin/clear_locks/clear_locks.8|man8/clear_locks.8|40766bbc19bd3a5ee0deef8c994b218c6b71ab34d3dab59e12071cce190137af|40766bbc19bd3a5ee0deef8c994b218c6b71ab34d3dab59e12071cce190137af|fa9896e082a1046ff4fbc75fcba4d18d1f2efc19
usr.sbin/config/config.8|man8/config.8|411325f4fbccf06fd2153994732fe4805c71a4f1272ba6ee04d626d813f82b54|411325f4fbccf06fd2153994732fe4805c71a4f1272ba6ee04d626d813f82b54|b2c76c41be32f904179efed29c0ca04d53f3996c
usr.sbin/cpucontrol/cpucontrol.8|man8/cpucontrol.8|f69d92bb72d0d3fea1d57a5e81bdb39e7b9ab77362459c8f713e9fb7714ad62b|f69d92bb72d0d3fea1d57a5e81bdb39e7b9ab77362459c8f713e9fb7714ad62b|fa9896e082a1046ff4fbc75fcba4d18d1f2efc19
usr.sbin/crashinfo/crashinfo.8|man8/crashinfo.8|f3c91aa1c4e242277aeb6c40bf68fef8333593214d71ede1946cb33827d1552d|f3c91aa1c4e242277aeb6c40bf68fef8333593214d71ede1946cb33827d1552d|fa9896e082a1046ff4fbc75fcba4d18d1f2efc19
usr.sbin/cron/cron/cron.8|man8/cron.8|3af5547e3f67420e43e5fce28c2b1d1648211f61184592f82e88927b1b445ac6|3af5547e3f67420e43e5fce28c2b1d1648211f61184592f82e88927b1b445ac6|10b44bf791c9bb77dd2a9a2d9c510e671cefec50
usr.sbin/cron/crontab/crontab.1|man1/crontab.1|b920120d24516114cff5b1d679a79a829f114fbe925a9d76fc8d7cbfeda76a40|b920120d24516114cff5b1d679a79a829f114fbe925a9d76fc8d7cbfeda76a40|fe590ffe40f49fe09d8275fbf29f0d46c5b99dc7
usr.sbin/crunch/crunchgen/crunchgen.1|man1/crunchgen.1|6782679c253bc7f51c803dec434073aa6f8267ce1b697a465e9919f4ff74ac03|6782679c253bc7f51c803dec434073aa6f8267ce1b697a465e9919f4ff74ac03|b2c76c41be32f904179efed29c0ca04d53f3996c
usr.sbin/crunch/crunchide/crunchide.1|man1/crunchide.1|a90d1b6586f45791295262c1ae6f9348e2448032bcc55bbb341c4e204bdf9a42|a90d1b6586f45791295262c1ae6f9348e2448032bcc55bbb341c4e204bdf9a42|b2c76c41be32f904179efed29c0ca04d53f3996c
usr.sbin/ctladm/ctladm.8|man8/ctladm.8|ff643f44f50d3bcb905db78baec75d0ea5b74ef2b099991669e140c3b52a8a56|ff643f44f50d3bcb905db78baec75d0ea5b74ef2b099991669e140c3b52a8a56|239fd18c6ce457d854f8c0739734820d439f1350
usr.sbin/ctld/ctld.8|man8/ctld.8|4d471b71e5beac46282cf4f5f3922850e479cfbf51a8a8066ddda1104749e2e8|4d471b71e5beac46282cf4f5f3922850e479cfbf51a8a8066ddda1104749e2e8|fa9896e082a1046ff4fbc75fcba4d18d1f2efc19
usr.sbin/cxgbetool/cxgbetool.8|man8/cxgbetool.8|8e08e472bc745c3521b57756480bf0cbbe6499d18114ba7860db49216f143bfe|8e08e472bc745c3521b57756480bf0cbbe6499d18114ba7860db49216f143bfe|d7207388cc58243bd4a3cf69a24dd1e0054f10d3
usr.sbin/daemon/daemon.8|man8/daemon.8|b8823fe285570cb678ef1b3c84339fd0f2e1ec880d9d4223b3289d24d1e04f9c|b8823fe285570cb678ef1b3c84339fd0f2e1ec880d9d4223b3289d24d1e04f9c|21f5c8438851ed2a8ac9251a42648999f8b36439
usr.sbin/dconschat/dconschat.8|man8/dconschat.8|8d74076671a37b5dfd80e90ff0fa631d42bde709f4db712d2547430b85f0b9cb|8d74076671a37b5dfd80e90ff0fa631d42bde709f4db712d2547430b85f0b9cb|62cb0f71377927be918435fd15b0022a0890e457
usr.sbin/devctl/devctl.8|man8/devctl.8|8e4830f87e2bc560f61e8c8ba0cf10f7bf5cfd17cfecd9b636b09b26be3d956a|8e4830f87e2bc560f61e8c8ba0cf10f7bf5cfd17cfecd9b636b09b26be3d956a|fa9896e082a1046ff4fbc75fcba4d18d1f2efc19
usr.sbin/devinfo/devinfo.8|man8/devinfo.8|a3092118dc7221da6ba2123706ef11b0c7d0b267d9b2f42c171797968ef96a3e|a3092118dc7221da6ba2123706ef11b0c7d0b267d9b2f42c171797968ef96a3e|fa9896e082a1046ff4fbc75fcba4d18d1f2efc19
usr.sbin/diskinfo/diskinfo.8|man8/diskinfo.8|2bfbd638adfb77156c13bbcac23d199f78ab157038e9aa882a0a9012742ab309|2bfbd638adfb77156c13bbcac23d199f78ab157038e9aa882a0a9012742ab309|4bcf7485ee125f5cf1bbaf90c3fcd44cbdc69285
usr.sbin/dumpcis/dumpcis.8|man8/dumpcis.8|fa496821bb5c367f3b7b84911933bff8abf12f3a3fe71ca2885d3beb91c5e7be|fa496821bb5c367f3b7b84911933bff8abf12f3a3fe71ca2885d3beb91c5e7be|0002b1d651c8e33b5ab5bed34fe503b85e585d59
usr.sbin/edquota/edquota.8|man8/edquota.8|ef61eea486948209215e2d75815bac61b9efd11487d3365b3d63ed3ca5747305|ef61eea486948209215e2d75815bac61b9efd11487d3365b3d63ed3ca5747305|b2c76c41be32f904179efed29c0ca04d53f3996c
usr.sbin/efibootmgr/efibootmgr.8|man8/efibootmgr.8|03725d95016f76e8352b9889671547b7c1bec3e99e8a12bb414b07334e19f971|03725d95016f76e8352b9889671547b7c1bec3e99e8a12bb414b07334e19f971|55243172c19047530f9377505e8b759caff17925
usr.sbin/efidp/efidp.8|man8/efidp.8|c2bfa2dd4b545c48856fc0afcff1ebb00011223190d3d16ca404a8ef30a5fbcc|c2bfa2dd4b545c48856fc0afcff1ebb00011223190d3d16ca404a8ef30a5fbcc|fa9896e082a1046ff4fbc75fcba4d18d1f2efc19
usr.sbin/efitable/efitable.8|man8/efitable.8|f45ed2c1d52fbd40bd78ef28ed0c5ea10d34f53efd32feb34e8d45bab827f491|f45ed2c1d52fbd40bd78ef28ed0c5ea10d34f53efd32feb34e8d45bab827f491|42bbc08948fddc9982ab34531298f504471eb7c1
usr.sbin/efivar/efivar.8|man8/efivar.8|580f217ffdebac9358808e7ce171502abf8fb7716a6ab93f2755c74d440a1b7b|580f217ffdebac9358808e7ce171502abf8fb7716a6ab93f2755c74d440a1b7b|fa9896e082a1046ff4fbc75fcba4d18d1f2efc19
usr.sbin/efiwake/efiwake.8|man8/efiwake.8|e125c40a812f36b02468c10905a9e5fdde2bfee7cb5d475c28eb4d883a26937d|e125c40a812f36b02468c10905a9e5fdde2bfee7cb5d475c28eb4d883a26937d|4d846d260e2b9a3d4d0a701462568268cbfe7a5b
usr.sbin/etcupdate/etcupdate.8|man8/etcupdate.8|44c68545f3cc5d91dec5af01fd4ea0119fb395a198674b54a915b1056fad7fdd|44c68545f3cc5d91dec5af01fd4ea0119fb395a198674b54a915b1056fad7fdd|81df9a1045c3e1778c551fcd62125e0b5d2b76f2
usr.sbin/extattr/rmextattr.8|man8/rmextattr.8|8b875ff43e60fba837c7f11b26d43f3ddf21c6cd9f626054591992b851abc091|8b875ff43e60fba837c7f11b26d43f3ddf21c6cd9f626054591992b851abc091|fa9896e082a1046ff4fbc75fcba4d18d1f2efc19
usr.sbin/extattrctl/extattrctl.8|man8/extattrctl.8|dea177c70c5fd0f9e59763f744bb42c4d9dfabc9c440c78301cb665b51757c45|dea177c70c5fd0f9e59763f744bb42c4d9dfabc9c440c78301cb665b51757c45|fa9896e082a1046ff4fbc75fcba4d18d1f2efc19
usr.sbin/fdcontrol/fdcontrol.8|man8/fdcontrol.8|6f9a41b2a44409a8ec92886edbac580b788b816e03c6096c242ade12769e8b36|6f9a41b2a44409a8ec92886edbac580b788b816e03c6096c242ade12769e8b36|fa9896e082a1046ff4fbc75fcba4d18d1f2efc19
usr.sbin/fdformat/fdformat.8|man8/fdformat.8|d8038847a86509f85cccf9d7872988b6fc47730cbd309521f2a60fa4f510b912|d8038847a86509f85cccf9d7872988b6fc47730cbd309521f2a60fa4f510b912|fa9896e082a1046ff4fbc75fcba4d18d1f2efc19
usr.sbin/fdread/fdread.1|man1/fdread.1|9686c5dfac87d203a2f0a4dd096ace6c1674b0dcdb6d5c368c313c018064458f|9686c5dfac87d203a2f0a4dd096ace6c1674b0dcdb6d5c368c313c018064458f|fa9896e082a1046ff4fbc75fcba4d18d1f2efc19
usr.sbin/fdwrite/fdwrite.1|man1/fdwrite.1|9fe93f512ab75b0b72392460adb96607d840f831f9516c50a4fb8fcafb3faac7|9fe93f512ab75b0b72392460adb96607d840f831f9516c50a4fb8fcafb3faac7|fa9896e082a1046ff4fbc75fcba4d18d1f2efc19
usr.sbin/fifolog/fifolog_create/fifolog.1|man1/fifolog.1|5811731529e826b0d5366033c19f14c533ab6f03c41f336090ac99aa4dec2bb8|5811731529e826b0d5366033c19f14c533ab6f03c41f336090ac99aa4dec2bb8|fa9896e082a1046ff4fbc75fcba4d18d1f2efc19
usr.sbin/flowctl/flowctl.8|man8/flowctl.8|27bf54270b1f2d80b047937867d3ffa219e11aed58b0ca08964a7921a0acab7e|27bf54270b1f2d80b047937867d3ffa219e11aed58b0ca08964a7921a0acab7e|fa9896e082a1046ff4fbc75fcba4d18d1f2efc19
usr.sbin/freebsd-update/freebsd-update.8|man8/freebsd-update.8|6aefc5fec1dd32c1062678f970d0f6271025b358a8cf2db088c77c29e3497927|6aefc5fec1dd32c1062678f970d0f6271025b358a8cf2db088c77c29e3497927|e18ba5c5555a52e5603f0ce1f76b63f1ffe4b645
usr.sbin/fstyp/fstyp.8|man8/fstyp.8|80811ead93e1a87eab12084524511cdfc15861b47b26138db3e5d90b15e0a78f|80811ead93e1a87eab12084524511cdfc15861b47b26138db3e5d90b15e0a78f|fa9896e082a1046ff4fbc75fcba4d18d1f2efc19
usr.sbin/fwcontrol/fwcontrol.8|man8/fwcontrol.8|5d4b3d921b1c094b46762230bfe7b7dc6d5e00f508aa663599eba2773f6da588|5d4b3d921b1c094b46762230bfe7b7dc6d5e00f508aa663599eba2773f6da588|fa9896e082a1046ff4fbc75fcba4d18d1f2efc19
usr.sbin/fwget/fwget.8|man8/fwget.8|df05da454ba57bc643ced73084b61f78313d82a0c0dbf12ccba1cecf643854bd|df05da454ba57bc643ced73084b61f78313d82a0c0dbf12ccba1cecf643854bd|6d85340e0cf8df7bb240012e3085694686d76f94
usr.sbin/getfmac/getfmac.8|man8/getfmac.8|19e2181679e0f43042fd512256cc47f29969b2e941c1b6b3e9a4a3b4e9bb9552|19e2181679e0f43042fd512256cc47f29969b2e941c1b6b3e9a4a3b4e9bb9552|fa9896e082a1046ff4fbc75fcba4d18d1f2efc19
usr.sbin/getpmac/getpmac.8|man8/getpmac.8|b5c51c7f0e4892215c567a10dc87c707a8eaa3a4a7d1ac0d6bda10a65045c6ce|b5c51c7f0e4892215c567a10dc87c707a8eaa3a4a7d1ac0d6bda10a65045c6ce|fa9896e082a1046ff4fbc75fcba4d18d1f2efc19
usr.sbin/gpioctl/gpioctl.8|man8/gpioctl.8|3ce561db8e6c9d5a288eaf8fa4083b727d97660df80596a4f36eaf4ad5da606e|3ce561db8e6c9d5a288eaf8fa4083b727d97660df80596a4f36eaf4ad5da606e|fa9896e082a1046ff4fbc75fcba4d18d1f2efc19
usr.sbin/gssd/gssd.8|man8/gssd.8|42bae1e3100dbe8b6e85552f99d60d08f725cd148616f50cf35c981055959ec8|42bae1e3100dbe8b6e85552f99d60d08f725cd148616f50cf35c981055959ec8|cdffbea57c0d4dc1e76cb1e2d170b7f174c53d24
usr.sbin/gstat/gstat.8|man8/gstat.8|878475df70f2c34fd32d78ec9a1d78337eab97657925f82ac5ad7554caed28be|878475df70f2c34fd32d78ec9a1d78337eab97657925f82ac5ad7554caed28be|1ff76f6ddefa66d9b37c6781943db143f0e2d29c
usr.sbin/i2c/i2c.8|man8/i2c.8|5f8f3832f6bd8e3e805a9a90d61d6a42254dd7f62d3c1b6b42943fb358e4b796|5f8f3832f6bd8e3e805a9a90d61d6a42254dd7f62d3c1b6b42943fb358e4b796|ddf4df54a7d3bf3df2cf929307e677acf86b06e2
usr.sbin/ifmcstat/ifmcstat.8|man8/ifmcstat.8|673d50014247a9fb492445383b9c2adc7bca4a7205c5286858bf1c419ad968b1|673d50014247a9fb492445383b9c2adc7bca4a7205c5286858bf1c419ad968b1|fa9896e082a1046ff4fbc75fcba4d18d1f2efc19
usr.sbin/inetd/inetd.8|man8/inetd.8|9b4ba4239343f1d8c7e998b1f7bf826ead3b90cc4e84a424f7f3d3ec17063c94|9b4ba4239343f1d8c7e998b1f7bf826ead3b90cc4e84a424f7f3d3ec17063c94|c9171aec42a5a039380f987f214e19a4c7256abd
usr.sbin/iostat/iostat.8|man8/iostat.8|ac54f0bdc2fb5891ecbc2fbb8e8af14bebbeddd2679bb993ea651ccd070f9cc5|ac54f0bdc2fb5891ecbc2fbb8e8af14bebbeddd2679bb993ea651ccd070f9cc5|2abf4ce4d799d84112402867229c7d5bb4f81a90
usr.sbin/iovctl/iovctl.8|man8/iovctl.8|5e13fb238981c19678f0ee8457c53a0bb59f6774a4521dc94067564665292689|5e13fb238981c19678f0ee8457c53a0bb59f6774a4521dc94067564665292689|7f5315a47cd1419e0ac53c0b70ef86e08d4a32b1
usr.sbin/ip6addrctl/ip6addrctl.8|man8/ip6addrctl.8|fad8b354e5577e8d25d549256af49c99c8c146066d0652f79fac0f3e6e0aa806|fad8b354e5577e8d25d549256af49c99c8c146066d0652f79fac0f3e6e0aa806|b709f7b38cc4e99fa5cfef6613773a6848ed31c6
usr.sbin/ipfwpcap/ipfwpcap.8|man8/ipfwpcap.8|e27ea13791887038c821be64702119c0181b34fd2da822165dde35be2cba3b9b|e27ea13791887038c821be64702119c0181b34fd2da822165dde35be2cba3b9b|fa9896e082a1046ff4fbc75fcba4d18d1f2efc19
usr.sbin/iscsid/iscsid.8|man8/iscsid.8|24edd6b405f7e46feb6eb7031cf709993ee35bcdba831d6554fa4732ff94da68|24edd6b405f7e46feb6eb7031cf709993ee35bcdba831d6554fa4732ff94da68|fa9896e082a1046ff4fbc75fcba4d18d1f2efc19
usr.sbin/jail/jail.8|man8/jail.8|245151fd248487e59f84b00c97cd5608ff401468a8e6f1f6a0390d19686b4edf|245151fd248487e59f84b00c97cd5608ff401468a8e6f1f6a0390d19686b4edf|cf16565eb92924e213fae3fa393ef8b7cb1c3dd7
usr.sbin/jexec/jexec.8|man8/jexec.8|722cde8f734e59488bb6a9c5ef4c450d794a6dd6f38d24a5e073463934d832a0|722cde8f734e59488bb6a9c5ef4c450d794a6dd6f38d24a5e073463934d832a0|0d6ed98ef318eb6b31857387a708f9da6e2fcb1d
usr.sbin/jls/jls.8|man8/jls.8|3f15f0f6145f12c789fccb229dcd0579cfe8ce110c934cb815fc89cb245428da|3f15f0f6145f12c789fccb229dcd0579cfe8ce110c934cb815fc89cb245428da|6260b7d09a0c52a823caab4cfabc61ff5503bd11
usr.sbin/kbdcontrol/kbdcontrol.1|man1/kbdcontrol.1|5c4de88201762b4beb043bea003384200b772d4ebf37a0e796d32dcb94e972db|5c4de88201762b4beb043bea003384200b772d4ebf37a0e796d32dcb94e972db|735f676b91a5c8cebecc26672927e28880629876
usr.sbin/kbdmap/kbdmap.1|man1/kbdmap.1|9ac4fed87be252a3ec0360c2ddda0ea1425621c7e44f0bda9edc630b06955a3a|9ac4fed87be252a3ec0360c2ddda0ea1425621c7e44f0bda9edc630b06955a3a|735f676b91a5c8cebecc26672927e28880629876
usr.sbin/keyserv/keyserv.8|man8/keyserv.8|dc7794556ddea600f853fde138d5e063d39599f1e37c967ef7c85419a2451d3b|dc7794556ddea600f853fde138d5e063d39599f1e37c967ef7c85419a2451d3b|9197c04a251bc531ee5fca8e11cf7b64237a42f3
usr.sbin/kldxref/kldxref.8|man8/kldxref.8|79e7cf4053fd1d6e2605e412b5822a12c2274ab2efd53bc87ee52156c563edad|79e7cf4053fd1d6e2605e412b5822a12c2274ab2efd53bc87ee52156c563edad|e738085b94631f90e21a49852538ac95974baf44
usr.sbin/lastlogin/lastlogin.8|man8/lastlogin.8|036b6c10b6868df80c718d131df08b4fa1ba225dc08557d2c796aa785d2b1a01|036b6c10b6868df80c718d131df08b4fa1ba225dc08557d2c796aa785d2b1a01|ddf4df54a7d3bf3df2cf929307e677acf86b06e2
usr.sbin/lpr/chkprintcap/chkprintcap.8|man8/chkprintcap.8|5391cada3ea14a2d1de85d1c4cb4229e1b4d839edecddb671b3b6ae621d119c7|5391cada3ea14a2d1de85d1c4cb4229e1b4d839edecddb671b3b6ae621d119c7|b734006cafa1915922de2a6a3a0aee9969d28d04
usr.sbin/lpr/lp/lp.1|man1/lp.1|41449fdb164f687c51fd2e0014bf9eb8193c46dd6c1467b90b24c23dfb9f51f6|41449fdb164f687c51fd2e0014bf9eb8193c46dd6c1467b90b24c23dfb9f51f6|b734006cafa1915922de2a6a3a0aee9969d28d04
usr.sbin/lpr/lpc/lpc.8|man8/lpc.8|d36f4acca7eae00eb31f0e3192bf539079872422731a61273f7e69b41d5ab3f8|d36f4acca7eae00eb31f0e3192bf539079872422731a61273f7e69b41d5ab3f8|b734006cafa1915922de2a6a3a0aee9969d28d04
usr.sbin/lpr/lpd/lpd.8|man8/lpd.8|9feed3ff677f0ec366535ede48dfa6d02aa3a57e05305ba89f29e1185431d01a|9feed3ff677f0ec366535ede48dfa6d02aa3a57e05305ba89f29e1185431d01a|5f10e369a13af824de5244c12f4e7216a9d0750e
usr.sbin/lpr/lpq/lpq.1|man1/lpq.1|95e4df190bf76680742a18a16938b9e9d1262dbbcd45a9ecd82c18785cffb9b9|95e4df190bf76680742a18a16938b9e9d1262dbbcd45a9ecd82c18785cffb9b9|b734006cafa1915922de2a6a3a0aee9969d28d04
usr.sbin/lpr/lpr/lpr.1|man1/lpr.1|543f7d41076794dce96b07dffe97f09575c5c0f547e753396e647cd8eebeb38c|543f7d41076794dce96b07dffe97f09575c5c0f547e753396e647cd8eebeb38c|b734006cafa1915922de2a6a3a0aee9969d28d04
usr.sbin/lpr/lprm/lprm.1|man1/lprm.1|915bacbe5cb95787bff3e687842c4ac3e522ef06e0e244a872b85b17d83e3a8d|915bacbe5cb95787bff3e687842c4ac3e522ef06e0e244a872b85b17d83e3a8d|b734006cafa1915922de2a6a3a0aee9969d28d04
usr.sbin/lpr/lptest/lptest.1|man1/lptest.1|dde2d52db99180b231d8e72a73fe204b3e2e0627182fea8ab38a3a2c7dec77cb|dde2d52db99180b231d8e72a73fe204b3e2e0627182fea8ab38a3a2c7dec77cb|b734006cafa1915922de2a6a3a0aee9969d28d04
usr.sbin/lpr/pac/pac.8|man8/pac.8|aed44107d314aeefc42546ff92deb1d401cfd277e612ac217fc9231e4aadeb45|aed44107d314aeefc42546ff92deb1d401cfd277e612ac217fc9231e4aadeb45|b734006cafa1915922de2a6a3a0aee9969d28d04
usr.sbin/lptcontrol/lptcontrol.8|man8/lptcontrol.8|fda5a3b286431ec841e1790242bc444dd4a640d8c9e2559070dd8971a8e50f3f|fda5a3b286431ec841e1790242bc444dd4a640d8c9e2559070dd8971a8e50f3f|fa9896e082a1046ff4fbc75fcba4d18d1f2efc19
usr.sbin/mailwrapper/mailwrapper.8|man8/mailwrapper.8|0b4f91c88bc197e0f487b546b3a63f7a7ca767c670c16416afc0f3e6ef703a5e|0b4f91c88bc197e0f487b546b3a63f7a7ca767c670c16416afc0f3e6ef703a5e|ddf4df54a7d3bf3df2cf929307e677acf86b06e2
usr.sbin/makefs/makefs.8|man8/makefs.8|1aed471d720b3fa316f4aa4341449883b1df515bfcf4299111b28e10428a3e58|1aed471d720b3fa316f4aa4341449883b1df515bfcf4299111b28e10428a3e58|506203ae99e62b791d2f0fcb465cf5e080579824
usr.sbin/manctl/manctl.8|man8/manctl.8|566eade2496c81c2cea60074600bc212d754491ee169a1464b7ec4426797447a|566eade2496c81c2cea60074600bc212d754491ee169a1464b7ec4426797447a|fa9896e082a1046ff4fbc75fcba4d18d1f2efc19
usr.sbin/memcontrol/memcontrol.8|man8/memcontrol.8|c2e071bced7c1408bee4a80875b86b4a78cd627c2ad9db9db955161ff9c2a2f2|c2e071bced7c1408bee4a80875b86b4a78cd627c2ad9db9db955161ff9c2a2f2|fa9896e082a1046ff4fbc75fcba4d18d1f2efc19
usr.sbin/mergemaster/mergemaster.8|man8/mergemaster.8|0f232cbf655990dcf94585d8522a5a6d4f3af263a6e3e8fae7b07fc8cf7fb68a|0f232cbf655990dcf94585d8522a5a6d4f3af263a6e3e8fae7b07fc8cf7fb68a|c0e5d8f9bda7907c83901d25d1d123a5b180443f
usr.sbin/mfiutil/mfiutil.8|man8/mfiutil.8|e7538f6a2a0cac7ad46f059c47cac84c912a33d27485863d27162900c610cc27|e7538f6a2a0cac7ad46f059c47cac84c912a33d27485863d27162900c610cc27|6e790449df11840d064e0f88ec3fc27698e5af1b
usr.sbin/mixer/mixer.8|man8/mixer.8|ee0b51d0f0f9d47365a508cfa586e773343326c6614a1fde20c871a1051b8a9d|ee0b51d0f0f9d47365a508cfa586e773343326c6614a1fde20c871a1051b8a9d|65324bdd2c7e3fe16e7e347e810fc9a0b827fddb
usr.sbin/mld6query/mld6query.8|man8/mld6query.8|3112bf13b1a8466374688e94c3a3918d42ad87ca674edaf471e94f3efc708a61|3112bf13b1a8466374688e94c3a3918d42ad87ca674edaf471e94f3efc708a61|fa9896e082a1046ff4fbc75fcba4d18d1f2efc19
usr.sbin/mlx5tool/mlx5tool.8|man8/mlx5tool.8|392480e0ef0f2d38473f98a5746dc432691ac1f334c8598f1131f89cd7e3aab6|392480e0ef0f2d38473f98a5746dc432691ac1f334c8598f1131f89cd7e3aab6|9a15a1fef95e96ce2434adc76835c862a9e336ce
usr.sbin/mlxcontrol/mlxcontrol.8|man8/mlxcontrol.8|a7d719589f0ac12707120da4030f03e8bfe256c8f2a5536ae4efeb9eac4b0b5d|a7d719589f0ac12707120da4030f03e8bfe256c8f2a5536ae4efeb9eac4b0b5d|fa9896e082a1046ff4fbc75fcba4d18d1f2efc19
usr.sbin/mountd/mountd.8|man8/mountd.8|2c9437fed2a2c44c74b4bcc5e6131c6393373814d000a11a4a033806e170d9e4|2c9437fed2a2c44c74b4bcc5e6131c6393373814d000a11a4a033806e170d9e4|3ac1af1c0f07dbef049d42830732979ee35b3618
usr.sbin/moused/moused.8|man8/moused.8|d8304d813c7cd807346cd257a6cd605085c5a017aa98594a2c8b6eb8ab6db82b|d8304d813c7cd807346cd257a6cd605085c5a017aa98594a2c8b6eb8ab6db82b|95c2807925052f6a0938ac51757ef6a97a340835
usr.sbin/mpsutil/mpsutil.8|man8/mpsutil.8|4beb37388c42c3363625db33bc84b45da1ec12f95e49b5fd437860dac49885d1|4beb37388c42c3363625db33bc84b45da1ec12f95e49b5fd437860dac49885d1|fa9896e082a1046ff4fbc75fcba4d18d1f2efc19
usr.sbin/mptable/mptable.1|man1/mptable.1|0cb0efc2436b699ec0cb3d2ee0e1e6a61cc40fc3865542724de4bafd7f6c647d|0cb0efc2436b699ec0cb3d2ee0e1e6a61cc40fc3865542724de4bafd7f6c647d|fa9896e082a1046ff4fbc75fcba4d18d1f2efc19
usr.sbin/mptutil/mptutil.8|man8/mptutil.8|e0de0d0afba09d6e8f287c152d2a1501742f0cf7902f13d6b6978ac48191e930|e0de0d0afba09d6e8f287c152d2a1501742f0cf7902f13d6b6978ac48191e930|5dd58282db165cf9ccc05bf78f44a5d406654ca8
usr.sbin/mtest/mtest.8|man8/mtest.8|fea5ee6f1971fd2f24f815b9a42f153d196a831827c07e4c275d10e3c8cfffba|fea5ee6f1971fd2f24f815b9a42f153d196a831827c07e4c275d10e3c8cfffba|fa9896e082a1046ff4fbc75fcba4d18d1f2efc19
usr.sbin/ndp/ndp.8|man8/ndp.8|05fef5045c49a2ea5512e79850c69e39e5d03e1a5d04f9c2bca066890a063303|05fef5045c49a2ea5512e79850c69e39e5d03e1a5d04f9c2bca066890a063303|fa9896e082a1046ff4fbc75fcba4d18d1f2efc19
usr.sbin/newsyslog/newsyslog.8|man8/newsyslog.8|b8c6a96ddfc99c15770526906110403fa9ea852d5ca032c7895d63440534129a|b8c6a96ddfc99c15770526906110403fa9ea852d5ca032c7895d63440534129a|b2c76c41be32f904179efed29c0ca04d53f3996c
usr.sbin/nfscbd/nfscbd.8|man8/nfscbd.8|2b6b0047012248086e37c9df1f1d86b0fcaa26ef1f2b5ed3d1f357ff3be63f98|2b6b0047012248086e37c9df1f1d86b0fcaa26ef1f2b5ed3d1f357ff3be63f98|fa9896e082a1046ff4fbc75fcba4d18d1f2efc19
usr.sbin/nfsd/nfsd.8|man8/nfsd.8|6aca425512852cb1c5e1c566493b77771d30f6983986267f478e142bb702c86f|6aca425512852cb1c5e1c566493b77771d30f6983986267f478e142bb702c86f|ab5ec8ccbcf0f1b470690742e2049bb4534b4eae
usr.sbin/nfsdumpstate/nfsdumpstate.8|man8/nfsdumpstate.8|fa2b097e46158bd44a0ca487059cb98387e03e395aac3bb180cb67c2c76580fe|fa2b097e46158bd44a0ca487059cb98387e03e395aac3bb180cb67c2c76580fe|fa9896e082a1046ff4fbc75fcba4d18d1f2efc19
usr.sbin/nfsrevoke/nfsrevoke.8|man8/nfsrevoke.8|c9393615ba4f7e94a3bbabede9d21ae6237c3504c9075b59016f28441594deba|c9393615ba4f7e94a3bbabede9d21ae6237c3504c9075b59016f28441594deba|fa9896e082a1046ff4fbc75fcba4d18d1f2efc19
usr.sbin/nfsuserd/nfsuserd.8|man8/nfsuserd.8|e27515dc2231c8cc5f0aa6986cd2cf0c5c480764b815f8ec1d382d842c8676eb|e27515dc2231c8cc5f0aa6986cd2cf0c5c480764b815f8ec1d382d842c8676eb|fa9896e082a1046ff4fbc75fcba4d18d1f2efc19
usr.sbin/ngctl/ngctl.8|man8/ngctl.8|35dc1b85ce309e19c6aeb71b27dafbc7862a8bcc2f3e1ef72c6b0da09abfedc5|35dc1b85ce309e19c6aeb71b27dafbc7862a8bcc2f3e1ef72c6b0da09abfedc5|04911babef1b22cb4ff9cff08a34ec1e6bf80d45
usr.sbin/nghook/nghook.8|man8/nghook.8|52d5aed2e04d086281988ef1efe9a293fcecfef4b0c3672dbd8967ecabd654ff|52d5aed2e04d086281988ef1efe9a293fcecfef4b0c3672dbd8967ecabd654ff|3b593364a92e1316c80f65550a78a5fe40e9f8c7
usr.sbin/nologin/nologin.8|man8/nologin.8|3e4168af2c45e36ef77c29d38909e810b50317fcebf17edffc799cc60c057a47|3e4168af2c45e36ef77c29d38909e810b50317fcebf17edffc799cc60c057a47|b2c76c41be32f904179efed29c0ca04d53f3996c
usr.sbin/nscd/nscd.8|man8/nscd.8|1596512242a2aa3be0cd5795d84986671163e5b427e2e3ae94d2bd15b6b14380|1596512242a2aa3be0cd5795d84986671163e5b427e2e3ae94d2bd15b6b14380|fa9896e082a1046ff4fbc75fcba4d18d1f2efc19
usr.sbin/ntp/doc/ntp-keygen.8|man8/ntp-keygen.8|9d4a9734fd4174687f17ed54e3bcca83c41af523e17931e6fce60306f70b4ddb|9d4a9734fd4174687f17ed54e3bcca83c41af523e17931e6fce60306f70b4ddb|4bb56e2a6520efd3472589b4bf70ebc0669e3be6
usr.sbin/ntp/doc/ntpd.8|man8/ntpd.8|a3f987eb93eb348774e52d0b53515f56c297f238b6d53d498ebc2b68a3f3cdf4|a3f987eb93eb348774e52d0b53515f56c297f238b6d53d498ebc2b68a3f3cdf4|4bb56e2a6520efd3472589b4bf70ebc0669e3be6
usr.sbin/ntp/doc/ntpdate.8|man8/ntpdate.8|911bf1040136209513792f3b499ab2ae86fb33b3a16a6626ebb0649a0831a0c1|911bf1040136209513792f3b499ab2ae86fb33b3a16a6626ebb0649a0831a0c1|fa9896e082a1046ff4fbc75fcba4d18d1f2efc19
usr.sbin/ntp/doc/ntpdc.8|man8/ntpdc.8|50e5448676a68a8e817a069f8fb34e103d2aeaecefb9368a5fffddc91218696d|50e5448676a68a8e817a069f8fb34e103d2aeaecefb9368a5fffddc91218696d|fa9896e082a1046ff4fbc75fcba4d18d1f2efc19
usr.sbin/ntp/doc/ntpq.8|man8/ntpq.8|e90da11c84dd98d550c26789646fd8673f8ad204db8e6afdb31d86d17e979669|e90da11c84dd98d550c26789646fd8673f8ad204db8e6afdb31d86d17e979669|4bb56e2a6520efd3472589b4bf70ebc0669e3be6
usr.sbin/ntp/doc/ntptime.8|man8/ntptime.8|80e1792b3fdda885b7f2932907cba29f4b56e1573b42fcb2a12b54ea207f140a|80e1792b3fdda885b7f2932907cba29f4b56e1573b42fcb2a12b54ea207f140a|fa9896e082a1046ff4fbc75fcba4d18d1f2efc19
usr.sbin/ntp/doc/ntptrace.8|man8/ntptrace.8|c701810548e87fd0f7b3c9f64f6658c328565d7a01cd28dcc4373451c1168170|c701810548e87fd0f7b3c9f64f6658c328565d7a01cd28dcc4373451c1168170|fa9896e082a1046ff4fbc75fcba4d18d1f2efc19
usr.sbin/ntp/doc/sntp.8|man8/sntp.8|5654e36b28c8bba1ceca37ffcbd3152f200dd23905c20601695d70ec583e5062|5654e36b28c8bba1ceca37ffcbd3152f200dd23905c20601695d70ec583e5062|4bb56e2a6520efd3472589b4bf70ebc0669e3be6
usr.sbin/nvram/nvram.8|man8/nvram.8|cb26e6a9ccc9213f352c14f382d39e74b4d3cb1f8af3ea7721eda3db87fdf7f7|cb26e6a9ccc9213f352c14f382d39e74b4d3cb1f8af3ea7721eda3db87fdf7f7|91be2282781d5437403b1bc96798f9e29eaad2f8
usr.sbin/ofwdump/ofwdump.8|man8/ofwdump.8|a6485f8c04febe91095b70eef81a0f54ed5caa260b27401124dad8773ad70551|a6485f8c04febe91095b70eef81a0f54ed5caa260b27401124dad8773ad70551|fa9896e082a1046ff4fbc75fcba4d18d1f2efc19
usr.sbin/pciconf/pciconf.8|man8/pciconf.8|469b0b0a758afcd8a94f0a922dcbcb599d94bccfa2d28d679bb90d41678eb14a|469b0b0a758afcd8a94f0a922dcbcb599d94bccfa2d28d679bb90d41678eb14a|3fb4073c4c8cd1f7f4706bc7750a7551f3ae08aa
usr.sbin/periodic/periodic.8|man8/periodic.8|dd8b7c8e3b040a82c7c4dd9b11c7e1d9e804ce99093808fad686b621a6a30145|dd8b7c8e3b040a82c7c4dd9b11c7e1d9e804ce99093808fad686b621a6a30145|fa9896e082a1046ff4fbc75fcba4d18d1f2efc19
usr.sbin/pmcannotate/pmcannotate.8|man8/pmcannotate.8|df25b048905d7c1b76348d3ec950628d87b07fb96424d851e91430874f24308a|df25b048905d7c1b76348d3ec950628d87b07fb96424d851e91430874f24308a|067de34b8e10448307fa402db6e83ff413f95e78
usr.sbin/pmccontrol/pmccontrol.8|man8/pmccontrol.8|50ad2ab9f08980596b6d14dea7fa1844123a0610c5c02c139179314a93b29a55|50ad2ab9f08980596b6d14dea7fa1844123a0610c5c02c139179314a93b29a55|fa9896e082a1046ff4fbc75fcba4d18d1f2efc19
usr.sbin/pmcstat/pmcstat.8|man8/pmcstat.8|d39ae5a9f83a6b65751d7921fb0cf82386cbf3c64b8c9dea2b8eec98481e4b0d|d39ae5a9f83a6b65751d7921fb0cf82386cbf3c64b8c9dea2b8eec98481e4b0d|fa9896e082a1046ff4fbc75fcba4d18d1f2efc19
usr.sbin/pmcstudy/pmcstudy.8|man8/pmcstudy.8|18270ea83ea8330aa87bfb4b44a40356c80ba86a9af8f1f7f0b6fb3c2192f7f0|18270ea83ea8330aa87bfb4b44a40356c80ba86a9af8f1f7f0b6fb3c2192f7f0|fa9896e082a1046ff4fbc75fcba4d18d1f2efc19
usr.sbin/pnfsdscopymr/pnfsdscopymr.8|man8/pnfsdscopymr.8|acaad16566eff28d9648ce08324fe66d7dfc29a1ff805f6dbd202ea1090f94c7|acaad16566eff28d9648ce08324fe66d7dfc29a1ff805f6dbd202ea1090f94c7|fa9896e082a1046ff4fbc75fcba4d18d1f2efc19
usr.sbin/pnfsdsfile/pnfsdsfile.8|man8/pnfsdsfile.8|98f096c9b5a70913f9f1eab1dfe0c27948f2c0fdf0f18e33d965d0af6003f7e4|98f096c9b5a70913f9f1eab1dfe0c27948f2c0fdf0f18e33d965d0af6003f7e4|fa9896e082a1046ff4fbc75fcba4d18d1f2efc19
usr.sbin/pnfsdskill/pnfsdskill.8|man8/pnfsdskill.8|db5afe3346cdd71283c6ad38a98ced1cf84b662005aa24064ee7b0ea6c40ef17|db5afe3346cdd71283c6ad38a98ced1cf84b662005aa24064ee7b0ea6c40ef17|6136631124c08c24ff1d07c493fd07f1ff059ed5
usr.sbin/powerd/powerd.8|man8/powerd.8|f86b5b81d654f4c43b881e8651af3d45da36e492e1a4e6a3ef8b8567c5abc16f|f86b5b81d654f4c43b881e8651af3d45da36e492e1a4e6a3ef8b8567c5abc16f|fa9896e082a1046ff4fbc75fcba4d18d1f2efc19
usr.sbin/ppp/ppp.8|man8/ppp.8|84520bd2e6ed531b0001c4e719da6251453a435c6d11590b93863f4a8d46b4fd|84520bd2e6ed531b0001c4e719da6251453a435c6d11590b93863f4a8d46b4fd|e3a0e41c22853166ed2f47e3f7859da6220be97c
usr.sbin/pppctl/pppctl.8|man8/pppctl.8|cc593dca1b373ab964ebe56a659912e53d952f25f8a2f1425f0af5079cdc07e7|cc593dca1b373ab964ebe56a659912e53d952f25f8a2f1425f0af5079cdc07e7|b2c76c41be32f904179efed29c0ca04d53f3996c
usr.sbin/prometheus_sysctl_exporter/prometheus_sysctl_exporter.8|man8/prometheus_sysctl_exporter.8|89def5cd43363b510a5d4f4a9ee4594f9fea79f1486392708893af6ab63d297c|89def5cd43363b510a5d4f4a9ee4594f9fea79f1486392708893af6ab63d297c|1cfebc97445cdc72e1a01236c92732042205146e
usr.sbin/pstat/pstat.8|man8/pstat.8|908606ba1551d8f1b26f6922e44889335131076226fb36954470c29633809137|908606ba1551d8f1b26f6922e44889335131076226fb36954470c29633809137|b2c76c41be32f904179efed29c0ca04d53f3996c
usr.sbin/pw/pw.8|man8/pw.8|2bd3042aa9717331b06d1fa4a6b95167405853031c96c0f66c20fadf1c2d36a0|2bd3042aa9717331b06d1fa4a6b95167405853031c96c0f66c20fadf1c2d36a0|8f8a9adb14c764d4fdfc6f43363a8f58451aec70
usr.sbin/pwd_mkdb/pwd_mkdb.8|man8/pwd_mkdb.8|dca26afcead4c8b2233f21e72ce45bb1e7b8bbb2136d0f6b704c0032fc0c1357|dca26afcead4c8b2233f21e72ce45bb1e7b8bbb2136d0f6b704c0032fc0c1357|7d7c17b7f6389bc718389d0259543ec7cabffcf5
usr.sbin/pwm/pwm.8|man8/pwm.8|160fe7f2f0ea93d68f37cefed6dabdc77296998082d11f45432e93d8e9572e33|160fe7f2f0ea93d68f37cefed6dabdc77296998082d11f45432e93d8e9572e33|fa9896e082a1046ff4fbc75fcba4d18d1f2efc19
usr.sbin/quot/quot.8|man8/quot.8|b3f7a776123af6d1bbb5b1870304563f4d4c2f8a2a161f4b6fe93041b086fcda|b3f7a776123af6d1bbb5b1870304563f4d4c2f8a2a161f4b6fe93041b086fcda|179fa1d81c73ab7ef231e17da73f230e4f8ee5a2
usr.sbin/quotaon/quotaon.8|man8/quotaon.8|6bcbb7c3abbdea6a3481a17db921481760193fe2998fed42f3e931972ef611a3|6bcbb7c3abbdea6a3481a17db921481760193fe2998fed42f3e931972ef611a3|b2c76c41be32f904179efed29c0ca04d53f3996c
usr.sbin/rarpd/rarpd.8|man8/rarpd.8|1acb340491d4725c57648ad17e1d274c378d357c53a17455112d8585971620d9|1acb340491d4725c57648ad17e1d274c378d357c53a17455112d8585971620d9|fa9896e082a1046ff4fbc75fcba4d18d1f2efc19
usr.sbin/repquota/repquota.8|man8/repquota.8|aa612bf6a6c538a8f62b736bf337ffe3586c75b96b6d7c0bfcea0d945c6a06e8|aa612bf6a6c538a8f62b736bf337ffe3586c75b96b6d7c0bfcea0d945c6a06e8|b2c76c41be32f904179efed29c0ca04d53f3996c
usr.sbin/rip6query/rip6query.8|man8/rip6query.8|d0c51e1a351be432c25d77a52229f1cd6af8ad132b1b8fa744646cf3a4ff2988|d0c51e1a351be432c25d77a52229f1cd6af8ad132b1b8fa744646cf3a4ff2988|d350c18f98fd41e773a4856bff268f4f8060b21e
usr.sbin/rmt/rmt.8|man8/rmt.8|64075ecd02f86d2e3878d1ea846ca11052b3cedd79a5363dac835352587b0577|64075ecd02f86d2e3878d1ea846ca11052b3cedd79a5363dac835352587b0577|b2c76c41be32f904179efed29c0ca04d53f3996c
usr.sbin/route6d/route6d.8|man8/route6d.8|e03e4372ad6541d63e6c4dc7c1701365557e6a2bb2a0bae054171c141d439836|e03e4372ad6541d63e6c4dc7c1701365557e6a2bb2a0bae054171c141d439836|d350c18f98fd41e773a4856bff268f4f8060b21e
usr.sbin/rpc.lockd/rpc.lockd.8|man8/rpc.lockd.8|bfb2d8daed5918dd0db7e850f9d2c83754c50b9ad3301192930137280b45b5d8|bfb2d8daed5918dd0db7e850f9d2c83754c50b9ad3301192930137280b45b5d8|cd7dc8deefbce5dc3b5aaab611bbee7af6eccf62
usr.sbin/rpc.statd/rpc.statd.8|man8/rpc.statd.8|ccf9a63ae9709ef5a46ab9afb0e31cb8d54c26eb980259af8aff992fe321232c|ccf9a63ae9709ef5a46ab9afb0e31cb8d54c26eb980259af8aff992fe321232c|fa9896e082a1046ff4fbc75fcba4d18d1f2efc19
usr.sbin/rpc.tlsclntd/rpc.tlsclntd.8|man8/rpc.tlsclntd.8|d61a02467c969d73bb37f5fe4a91724228ad4300558d9509c0b5a65ffe5798de|d61a02467c969d73bb37f5fe4a91724228ad4300558d9509c0b5a65ffe5798de|ddf4df54a7d3bf3df2cf929307e677acf86b06e2
usr.sbin/rpc.tlsservd/rpc.tlsservd.8|man8/rpc.tlsservd.8|f94adbb17ad98ab5d908099f6d381e9d8e3e39fc4d05e4b4aac3f70b557bdde9|f94adbb17ad98ab5d908099f6d381e9d8e3e39fc4d05e4b4aac3f70b557bdde9|fa9896e082a1046ff4fbc75fcba4d18d1f2efc19
usr.sbin/rpc.umntall/rpc.umntall.8|man8/rpc.umntall.8|4f09371db42c8e0e332aa11d93aa3c610bf538e1513f44501371caccd9690bb0|4f09371db42c8e0e332aa11d93aa3c610bf538e1513f44501371caccd9690bb0|fa9896e082a1046ff4fbc75fcba4d18d1f2efc19
usr.sbin/rpc.yppasswdd/rpc.yppasswdd.8|man8/rpc.yppasswdd.8|a95016b58560f386cb1951dbcb5c68c379643470064c3af8e608e52091505a85|a95016b58560f386cb1951dbcb5c68c379643470064c3af8e608e52091505a85|fa9896e082a1046ff4fbc75fcba4d18d1f2efc19
usr.sbin/rpc.ypxfrd/rpc.ypxfrd.8|man8/rpc.ypxfrd.8|520e0821f3d8a3979f10aa4bc1c7f8d6b133223cb6f4e357245b443b2d1818e7|520e0821f3d8a3979f10aa4bc1c7f8d6b133223cb6f4e357245b443b2d1818e7|fa9896e082a1046ff4fbc75fcba4d18d1f2efc19
usr.sbin/rpcbind/rpcbind.8|man8/rpcbind.8|77f5e66f283513273b4d73775bdb63b9f0ba76534d81a4a9bd84bc3043e3dc03|77f5e66f283513273b4d73775bdb63b9f0ba76534d81a4a9bd84bc3043e3dc03|b2c76c41be32f904179efed29c0ca04d53f3996c
usr.sbin/rrenumd/rrenumd.8|man8/rrenumd.8|990f6ac764499c1ca86bed8856f40ddf1946be161f323ceaaf2d6c161d52f9fe|990f6ac764499c1ca86bed8856f40ddf1946be161f323ceaaf2d6c161d52f9fe|fa9896e082a1046ff4fbc75fcba4d18d1f2efc19
usr.sbin/rtadvctl/rtadvctl.8|man8/rtadvctl.8|e1f1871bf69d923715a6250368aff8a63edc190a1ad5288bc9140e87166ec65a|e1f1871bf69d923715a6250368aff8a63edc190a1ad5288bc9140e87166ec65a|fa9896e082a1046ff4fbc75fcba4d18d1f2efc19
usr.sbin/rtadvd/rtadvd.8|man8/rtadvd.8|4b08d8dac8f2cab398ffa954fb7e575403fcb32c1bc35881bca4ef8e2581304e|4b08d8dac8f2cab398ffa954fb7e575403fcb32c1bc35881bca4ef8e2581304e|fa9896e082a1046ff4fbc75fcba4d18d1f2efc19
usr.sbin/rtprio/rtprio.1|man1/rtprio.1|1f4cbf5c58da162f14ff74920a0b479282d90aeb59e8872a55b1bf934a4b1d7d|1f4cbf5c58da162f14ff74920a0b479282d90aeb59e8872a55b1bf934a4b1d7d|fa9896e082a1046ff4fbc75fcba4d18d1f2efc19
usr.sbin/rtsold/rtsold.8|man8/rtsold.8|714fdd4f18c98a81b868f2e161a2304452b7ffdb9d88a2b2a1831bc009116879|714fdd4f18c98a81b868f2e161a2304452b7ffdb9d88a2b2a1831bc009116879|fa9896e082a1046ff4fbc75fcba4d18d1f2efc19
usr.sbin/rwhod/rwhod.8|man8/rwhod.8|1e0f8cfcd268847a8083aca62b49ddf96a40ee3664b39aae77e12881eaa7b18f|1e0f8cfcd268847a8083aca62b49ddf96a40ee3664b39aae77e12881eaa7b18f|b2c76c41be32f904179efed29c0ca04d53f3996c
usr.sbin/sa/sa.8|man8/sa.8|66efd426f0d7c766f1cf2433221b8f3dea2ea13be9a4aba7bd52c4998ce983a4|66efd426f0d7c766f1cf2433221b8f3dea2ea13be9a4aba7bd52c4998ce983a4|fa9896e082a1046ff4fbc75fcba4d18d1f2efc19
usr.sbin/service/service.8|man8/service.8|802177c465195153c874e3dbb6ca6ad03e2987fcd1c0639138667b4770d51804|802177c465195153c874e3dbb6ca6ad03e2987fcd1c0639138667b4770d51804|bb3fd5897add9f407f30e288d5d52082953aa1e9
usr.sbin/services_mkdb/services_mkdb.8|man8/services_mkdb.8|952ebea6147100463e994356be62fe8e1941e285513b820a76471ab87b5a0e20|952ebea6147100463e994356be62fe8e1941e285513b820a76471ab87b5a0e20|fa9896e082a1046ff4fbc75fcba4d18d1f2efc19
usr.sbin/sesutil/sesutil.8|man8/sesutil.8|bf952fd9d5c41ef0a256dba53f97f59955d247aef0a558d31a738f10282fc593|bf952fd9d5c41ef0a256dba53f97f59955d247aef0a558d31a738f10282fc593|fa9896e082a1046ff4fbc75fcba4d18d1f2efc19
usr.sbin/setfib/setfib.1|man1/setfib.1|5d7e408f7d634e159e844477a846c42e92c64262590fb6accf0f97bf54f7907c|5d7e408f7d634e159e844477a846c42e92c64262590fb6accf0f97bf54f7907c|fa9896e082a1046ff4fbc75fcba4d18d1f2efc19
usr.sbin/setfmac/setfmac.8|man8/setfmac.8|406e6584b6c35373e872c520afa6234fe9754e3bfc12c0b848b5f6e3eaf105ee|406e6584b6c35373e872c520afa6234fe9754e3bfc12c0b848b5f6e3eaf105ee|fa9896e082a1046ff4fbc75fcba4d18d1f2efc19
usr.sbin/setfmac/setfsmac.8|man8/setfsmac.8|b25969b8885ca5b1a46ae5ee6c245664b2f5081ab644c7923bd0ca0889ada677|b25969b8885ca5b1a46ae5ee6c245664b2f5081ab644c7923bd0ca0889ada677|fa9896e082a1046ff4fbc75fcba4d18d1f2efc19
usr.sbin/setpmac/setpmac.8|man8/setpmac.8|1e4f2296cc886dc06527c48b382cf00363dd5d255e3620043c1d2b5523873935|1e4f2296cc886dc06527c48b382cf00363dd5d255e3620043c1d2b5523873935|fa9896e082a1046ff4fbc75fcba4d18d1f2efc19
usr.sbin/smbmsg/smbmsg.8|man8/smbmsg.8|74998dd2b60bd979ad7ef5268d278ad1a03bdbfcc75dfdc3768496e3abba4c05|74998dd2b60bd979ad7ef5268d278ad1a03bdbfcc75dfdc3768496e3abba4c05|fa9896e082a1046ff4fbc75fcba4d18d1f2efc19
usr.sbin/snapinfo/snapinfo.8|man8/snapinfo.8|808e8e6114897bb8e7302b5e96f8d195c20eb4c60dea801b1892b6b04195ce81|808e8e6114897bb8e7302b5e96f8d195c20eb4c60dea801b1892b6b04195ce81|fa9896e082a1046ff4fbc75fcba4d18d1f2efc19
usr.sbin/sndctl/sndctl.8|man8/sndctl.8|c8cfb0b3f05404dbbdf4bfaa43655e3a25e5c1f8445856213c41faf8757ccf83|c8cfb0b3f05404dbbdf4bfaa43655e3a25e5c1f8445856213c41faf8757ccf83|00988d12bc37b76197c774ef54a318f58999de2a
usr.sbin/spi/spi.8|man8/spi.8|a9debf1a43d0bbd8d75a62b86003e22f9ecee42706cb9c7ecd5cce7614a2ef83|a9debf1a43d0bbd8d75a62b86003e22f9ecee42706cb9c7ecd5cce7614a2ef83|fa9896e082a1046ff4fbc75fcba4d18d1f2efc19
usr.sbin/spkrtest/spkrtest.8|man8/spkrtest.8|3e033e11fac47ac8035ac9420b7abee83e3554f66c330b68983e9a2cc19aa578|3e033e11fac47ac8035ac9420b7abee83e3554f66c330b68983e9a2cc19aa578|fa9896e082a1046ff4fbc75fcba4d18d1f2efc19
usr.sbin/spray/spray.8|man8/spray.8|279e87e092144ad6fb837e0d78da824a993a04df252e87b56dc0a23feac52dff|279e87e092144ad6fb837e0d78da824a993a04df252e87b56dc0a23feac52dff|fa9896e082a1046ff4fbc75fcba4d18d1f2efc19
usr.sbin/syslogd/syslogd.8|man8/syslogd.8|ddd6b493d2c7c5f1679e6c032d4bda9667141e07eb82259e4ca3a141dd647b07|ddd6b493d2c7c5f1679e6c032d4bda9667141e07eb82259e4ca3a141dd647b07|7b4ef8bcaf8c38c056b83a690ea214a4c0c028c6
usr.sbin/sysrc/sysrc.8|man8/sysrc.8|1c0d7a87b2528c9106a8795a3dd4d0b2806d8b2588f735d764658fc442ca0840|1c0d7a87b2528c9106a8795a3dd4d0b2806d8b2588f735d764658fc442ca0840|920c94b71043012c5ebad1b68a7349d5e11eac0d
usr.sbin/tcpdrop/tcpdrop.8|man8/tcpdrop.8|095cb724cd5d9c6fcfda08b5a885c1bd3cfe4b948a81773d7819b62c4da30bf0|095cb724cd5d9c6fcfda08b5a885c1bd3cfe4b948a81773d7819b62c4da30bf0|fa9896e082a1046ff4fbc75fcba4d18d1f2efc19
usr.sbin/tcpsso/tcpsso.8|man8/tcpsso.8|94fe8741b2365029397ece4abab0e7d4b39d35b8a138e856b3f5caf4042e3ad3|94fe8741b2365029397ece4abab0e7d4b39d35b8a138e856b3f5caf4042e3ad3|5c4fd0b523f7c75b0d331025378ed7df12f0fc87
usr.sbin/traceroute/traceroute.8|man8/traceroute.8|169c4fd28b0a0190e27a79524890669ab1d38b0f6e8048359119f253b0d28691|169c4fd28b0a0190e27a79524890669ab1d38b0f6e8048359119f253b0d28691|9c3d1064e17e533094d6838209b3b3c8fe2b6e50
usr.sbin/traceroute6/traceroute6.8|man8/traceroute6.8|5d79ff3e992a6ff35dfdc14acbe4e80b882df36af3c63ff0fd83abacd1261e10|5d79ff3e992a6ff35dfdc14acbe4e80b882df36af3c63ff0fd83abacd1261e10|6b3d312f28b22280cfb668f35cbfe109ce026a0b
usr.sbin/trim/trim.8|man8/trim.8|ace778a131a1a878b4bedf7bef0b40eb7d92463fb3aed604bbc0f39576c817ca|ace778a131a1a878b4bedf7bef0b40eb7d92463fb3aed604bbc0f39576c817ca|f0a6e0a8dcf5a49b9df1f5c9314cb2755c97f5e5
usr.sbin/tzsetup/tzsetup.8|man8/tzsetup.8|2faa8cf7c88d70c55dd4cf72781e55d08656ae0a5568ee729dfd86d8cd512fbb|2faa8cf7c88d70c55dd4cf72781e55d08656ae0a5568ee729dfd86d8cd512fbb|06a6d0259fe5721bfb3b745b231ecf7cf3a5e28e
usr.sbin/uathload/uathload.8|man8/uathload.8|c67414b5c212dfe367a05b3196aededd18b1a07a2793ac81eef8e35ba35eecb2|c67414b5c212dfe367a05b3196aededd18b1a07a2793ac81eef8e35ba35eecb2|bfa2d8e6ba22870dc2f0363962c7788e43bdb497
usr.sbin/uefisign/uefisign.8|man8/uefisign.8|f61300af7e2f4aab8bcbbeeecccfd1f03fb84dbc11a890c01976fa80fbb32b98|f61300af7e2f4aab8bcbbeeecccfd1f03fb84dbc11a890c01976fa80fbb32b98|fa9896e082a1046ff4fbc75fcba4d18d1f2efc19
usr.sbin/ugidfw/ugidfw.8|man8/ugidfw.8|8dd2a1628181360ac0f71bc173ae358a5db1bf2cadc90615051463f76cd81d2f|8dd2a1628181360ac0f71bc173ae358a5db1bf2cadc90615051463f76cd81d2f|fa9896e082a1046ff4fbc75fcba4d18d1f2efc19
usr.sbin/uhsoctl/uhsoctl.1|man1/uhsoctl.1|da65f10cdd022fc7c27e559fada06c505e384ba17aedfdc2a870f0c8372af4b2|da65f10cdd022fc7c27e559fada06c505e384ba17aedfdc2a870f0c8372af4b2|fa9896e082a1046ff4fbc75fcba4d18d1f2efc19
usr.sbin/usbconfig/usbconfig.8|man8/usbconfig.8|3d9d96d2fd29d067386c15be96c0e799f8863f281325da28a6f48b8b63806df9|3d9d96d2fd29d067386c15be96c0e799f8863f281325da28a6f48b8b63806df9|7907a9276081e9b1ccac839af91fe096e6779e9f
usr.sbin/usbdump/usbdump.8|man8/usbdump.8|e716bb2bb311de29855f2796879195f3b0f1d4ecb9062275c5773e2b33ea0f3e|e716bb2bb311de29855f2796879195f3b0f1d4ecb9062275c5773e2b33ea0f3e|fa9896e082a1046ff4fbc75fcba4d18d1f2efc19
usr.sbin/utx/utx.8|man8/utx.8|b510b26fffa660ae5a73876ce559c8da9863e61da3f24ad174e0c9dab8c68cd5|b510b26fffa660ae5a73876ce559c8da9863e61da3f24ad174e0c9dab8c68cd5|fa9896e082a1046ff4fbc75fcba4d18d1f2efc19
usr.sbin/valectl/valectl.8|man8/valectl.8|9a4dd0c30d2ebc03b45f7343679eac205e357df2e33f935c62a80e54f76f6831|9a4dd0c30d2ebc03b45f7343679eac205e357df2e33f935c62a80e54f76f6831|fcfb9a7a033388d077c29e80db5fa3f6a9cf13f8
usr.sbin/vidcontrol/vidcontrol.1|man1/vidcontrol.1|e7abf5bee693925d861c97c8f668d616761dfec9b543b85e254d9115f2e632b5|e7abf5bee693925d861c97c8f668d616761dfec9b543b85e254d9115f2e632b5|0209906f101587346bd1dce1383d741123ce8b45
usr.sbin/vigr/vigr.8|man8/vigr.8|c60c0eade1afc6e85dda4770475e1024726095bce63d5fbc86de509d087fa881|c60c0eade1afc6e85dda4770475e1024726095bce63d5fbc86de509d087fa881|fa9896e082a1046ff4fbc75fcba4d18d1f2efc19
usr.sbin/vipw/vipw.8|man8/vipw.8|22151b75d7bc651aa3d83bdc3ad689d7f23d5c663292cd4441d9aa8f09cd1898|22151b75d7bc651aa3d83bdc3ad689d7f23d5c663292cd4441d9aa8f09cd1898|b2c76c41be32f904179efed29c0ca04d53f3996c
usr.sbin/wake/wake.8|man8/wake.8|292e0932792db4d922c7f2fa2d3779779b2494b47344301b888c3c919da0bd97|292e0932792db4d922c7f2fa2d3779779b2494b47344301b888c3c919da0bd97|fa9896e082a1046ff4fbc75fcba4d18d1f2efc19
usr.sbin/watch/watch.8|man8/watch.8|42417e84644c3c0b0cf5cb6d60bb8deade2494cd1746fe71d055c5d35ba67b4b|42417e84644c3c0b0cf5cb6d60bb8deade2494cd1746fe71d055c5d35ba67b4b|33cc7492d0440c37f6034dc24ed77e23ee14fc55
usr.sbin/watchdogd/watchdog.8|man8/watchdog.8|e593c621f82d8f4783cc6aceb6d7f91dff6a0267f8daaac46c6c08399df988f0|e593c621f82d8f4783cc6aceb6d7f91dff6a0267f8daaac46c6c08399df988f0|fa9896e082a1046ff4fbc75fcba4d18d1f2efc19
usr.sbin/watchdogd/watchdogd.8|man8/watchdogd.8|3e212bb714f6b70a320fa800baac5c9e600a89e07ae02d6e82e360724aa26a1a|3e212bb714f6b70a320fa800baac5c9e600a89e07ae02d6e82e360724aa26a1a|fa9896e082a1046ff4fbc75fcba4d18d1f2efc19
usr.sbin/wlandebug/wlandebug.8|man8/wlandebug.8|3d92fc59c4b0bf7a4b04be4ded6a73b915178bf06c147789ce7cfbcaa818a98f|3d92fc59c4b0bf7a4b04be4ded6a73b915178bf06c147789ce7cfbcaa818a98f|fa9896e082a1046ff4fbc75fcba4d18d1f2efc19
usr.sbin/wpa/hostapd/hostapd.8|man8/hostapd.8|8011d80b82eec43ff42ac2a08c24cdf3ca5b74e7de89b378d28108a1ee17e6b9|8011d80b82eec43ff42ac2a08c24cdf3ca5b74e7de89b378d28108a1ee17e6b9|fa9896e082a1046ff4fbc75fcba4d18d1f2efc19
usr.sbin/wpa/hostapd_cli/hostapd_cli.8|man8/hostapd_cli.8|945efddaf5468163500fe410c54d78ec9c9e86081ab6de900cfbb5835ea18a7b|945efddaf5468163500fe410c54d78ec9c9e86081ab6de900cfbb5835ea18a7b|fa9896e082a1046ff4fbc75fcba4d18d1f2efc19
usr.sbin/wpa/wpa_cli/wpa_cli.8|man8/wpa_cli.8|e4816f0173515d462c991930e161fc3faea859c5438e65e28251c4126434376a|e4816f0173515d462c991930e161fc3faea859c5438e65e28251c4126434376a|08b083932c6f4193ba108739fea1d2ce0619f10e
usr.sbin/wpa/wpa_passphrase/wpa_passphrase.8|man8/wpa_passphrase.8|6975e6f3a4d3539f752a6bf18dae965fd76798e1498dbe65076fc52aeb0fbcd9|6975e6f3a4d3539f752a6bf18dae965fd76798e1498dbe65076fc52aeb0fbcd9|fa9896e082a1046ff4fbc75fcba4d18d1f2efc19
usr.sbin/wpa/wpa_supplicant/wpa_supplicant.8|man8/wpa_supplicant.8|53ab0b7a4ff7e3e56c4e800b3701fd4a770c4c39ed796f72262beffe0c2609c3|53ab0b7a4ff7e3e56c4e800b3701fd4a770c4c39ed796f72262beffe0c2609c3|7965dbfd5b70ed787ad928cc3de44e19035b3e0b
usr.sbin/yp_mkdb/yp_mkdb.8|man8/yp_mkdb.8|deed6fffa65ac1a8313f87c4b2749b88e0269013a5d21dbb41516ca812e736df|deed6fffa65ac1a8313f87c4b2749b88e0269013a5d21dbb41516ca812e736df|fa9896e082a1046ff4fbc75fcba4d18d1f2efc19
usr.sbin/ypbind/ypbind.8|man8/ypbind.8|cc5ff337962bc9a82a11fea53d09b5293a4f580f384cd38b33df961938fad7de|cc5ff337962bc9a82a11fea53d09b5293a4f580f384cd38b33df961938fad7de|fa9896e082a1046ff4fbc75fcba4d18d1f2efc19
usr.sbin/ypldap/ypldap.8|man8/ypldap.8|adbf5901c7457680487788463962b523e5439b6d681779e56d1a736c00225e30|adbf5901c7457680487788463962b523e5439b6d681779e56d1a736c00225e30|b2c76c41be32f904179efed29c0ca04d53f3996c
usr.sbin/yppoll/yppoll.8|man8/yppoll.8|0dc1930aea544d62713d5245c2af7847b5e77f558122f6d90d363f32ac0a75ca|0dc1930aea544d62713d5245c2af7847b5e77f558122f6d90d363f32ac0a75ca|b2c76c41be32f904179efed29c0ca04d53f3996c
usr.sbin/yppush/yppush.8|man8/yppush.8|29970fbaa8fb38f3b07e6f628dee45875dd97b0c9dc7b08259ea604d7c733f70|29970fbaa8fb38f3b07e6f628dee45875dd97b0c9dc7b08259ea604d7c733f70|fa9896e082a1046ff4fbc75fcba4d18d1f2efc19
usr.sbin/ypserv/ypinit.8|man8/ypinit.8|8c73a2db64388bd306b72fe655123f9ffde4f29a1c2403d9d298c71d0d855e0d|8c73a2db64388bd306b72fe655123f9ffde4f29a1c2403d9d298c71d0d855e0d|fa9896e082a1046ff4fbc75fcba4d18d1f2efc19
usr.sbin/ypserv/ypserv.8|man8/ypserv.8|8a1bf2a862789cdd83de864d10aa6fb5a84e61178e4ae2e1daf3dc86f7d1f6ed|8a1bf2a862789cdd83de864d10aa6fb5a84e61178e4ae2e1daf3dc86f7d1f6ed|fa9896e082a1046ff4fbc75fcba4d18d1f2efc19
usr.sbin/ypset/ypset.8|man8/ypset.8|6b6f6d466d5a4929616ddfa658582fddead46a6a6c73589ed52dad0764e13c0d|6b6f6d466d5a4929616ddfa658582fddead46a6a6c73589ed52dad0764e13c0d|fa9896e082a1046ff4fbc75fcba4d18d1f2efc19
usr.sbin/zonectl/zonectl.8|man8/zonectl.8|5a52ebf90d91968d23d3abc6e9ff844f2b11792cd75a3ac23e3bbfbe3043906a|5a52ebf90d91968d23d3abc6e9ff844f2b11792cd75a3ac23e3bbfbe3043906a|fa9896e082a1046ff4fbc75fcba4d18d1f2efc19
usr.sbin/zzz/zzz.8|man8/zzz.8|7b8d86e70d508ca91ffe1574a6247699b4f67a29a5cbb4953130449266e9598e|7b8d86e70d508ca91ffe1574a6247699b4f67a29a5cbb4953130449266e9598e|fa9896e082a1046ff4fbc75fcba4d18d1f2efc19
